timestamp,edits_count,unique_editors,new_editors,mean_edit_size,revert_rate,bot_edit_share,hidden_user_share,editor_churn,z_edits_count,z_unique_editors,z_new_editors,z_mean_edit_size,z_revert_rate,z_editor_churn,is_baseline
2022-04-15 00:00:00+00:00,33.0,6.0,6.0,1128.969696969697,0.0,0.0,0.0,1.0,5.174707198652927,2.757793000771386,5.290015816203908,2.7240057080684448,-0.23560148255032973,3.1622239704244723,True
2022-04-16 00:00:00+00:00,5.0,3.0,2.0,114.25,0.0,0.2,0.0,0.6666666666666666,0.5584866712800676,1.2081637209587797,1.5771152433353073,0.07946168389533066,-0.23560148255032973,1.9802696689298633,True
2022-04-17 00:00:00+00:00,13.0,3.0,2.0,182.30769230769232,0.0,0.0,0.0,0.6666666666666666,1.877406821958027,1.2081637209587797,1.5771152433353073,0.2568324041334489,-0.23560148255032973,1.9802696689298633,True
2022-04-18 00:00:00+00:00,6.0,3.0,1.0,183.83333333333331,0.0,0.0,0.0,0.3333333333333333,0.7233516901148125,1.2081637209587797,0.6488901001181572,0.26080850203461414,-0.23560148255032973,0.798315367435254,True
2022-04-19 00:00:00+00:00,6.0,3.0,2.0,648.0,0.0,0.0,0.0,0.6666666666666666,0.7233516901148125,1.2081637209587797,1.5771152433353073,1.470511229023607,-0.23560148255032973,1.9802696689298633,True
2022-04-20 00:00:00+00:00,10.0,5.0,4.0,438.9,0.0,0.0,0.0,0.8,1.3828117654537924,2.2412499075005172,3.4335655297696075,0.9255586109696068,-0.23560148255032973,2.453051389527707,True
2022-04-21 00:00:00+00:00,36.0,7.0,5.0,226.33333333333331,0.0,0.0,0.0,0.7142857142857143,5.669302255157161,3.274336094042255,4.361790672986758,0.37157122928136216,-0.23560148255032973,2.1491202834290934,True
2022-04-22 00:00:00+00:00,33.0,21.0,17.0,488.1212121212121,0.1515151515151515,0.0,0.0,0.8095238095238095,5.174707198652927,10.505939399834418,15.500492391592557,1.0538380390386928,0.9057021319035984,2.486821512427553,True
2022-04-23 00:00:00+00:00,7.0,6.0,5.0,10.142857142857142,0.0,0.0,0.0,0.8333333333333334,0.8882167089495575,2.757793000771386,4.361790672986758,-0.19186045889817394,-0.23560148255032973,2.5712468196771683,True
2022-04-24 00:00:00+00:00,5.0,4.0,1.0,198.0,0.0,0.0,0.0,0.25,0.5584866712800676,1.7247068142296484,0.6488901001181572,0.2977294111168635,-0.23560148255032973,0.5028267920616017,True
2022-04-25 00:00:00+00:00,12.0,11.0,5.0,319.0,0.0833333333333333,0.0,0.0,0.4545454545454545,1.7125418031232822,5.340508467125729,4.361790672986758,0.613077411042899,0.3921155053993306,1.2281169316151117,True
2022-04-26 00:00:00+00:00,5.0,5.0,4.0,149.8,0.0,0.0,0.0,0.8,0.5584866712800676,2.2412499075005172,3.4335655297696075,0.17211144750996343,-0.23560148255032973,2.453051389527707,True
2022-04-27 00:00:00+00:00,5.0,3.0,0.0,1669.2,0.0,0.0,0.0,0.0,0.5584866712800676,1.2081637209587797,-0.2793350430989928,4.131944101126645,-0.23560148255032973,-0.3836389340593552,True
2022-04-28 00:00:00+00:00,16.0,8.0,3.0,637.8571428571429,0.0,0.125,0.0,0.375,2.372001878462262,3.7908791873131236,2.5053403865524575,1.4440770991596774,-0.23560148255032973,0.9460596551220802,True
2022-04-29 00:00:00+00:00,17.0,12.0,6.0,252.4705882352941,0.0,0.0,0.0,0.5,2.536866897297007,5.857051560396598,5.290015816203908,0.4396896677680588,-0.23560148255032973,1.3892925181825588,True
2022-04-30 00:00:00+00:00,20.0,17.0,16.0,64.05263157894737,0.05,0.05,0.0,0.9411764705882352,3.031461953801242,8.439767026750943,14.57226724837541,-0.05136178497350639,0.14102871021946667,2.9536437995724825,True
2022-05-01 00:00:00+00:00,27.0,11.0,10.0,130.14814814814815,0.5925925925925926,0.0,0.0,0.9090909090909092,4.185517085644457,5.340508467125729,9.002916389072508,0.12089514853207715,4.2281637650917006,2.8398727972895794,True
2022-05-02 00:00:00+00:00,9.0,5.0,2.0,251.0,0.1111111111111111,0.2222222222222222,0.0,0.4,1.2179467466190474,2.2412499075005172,1.5771152433353073,0.4358570474481022,0.601354501382551,1.034706227734176,True
2022-05-03 00:00:00+00:00,8.0,6.0,3.0,1717.625,0.0,0.0,0.0,0.5,1.0530817277843025,2.757793000771386,2.5053403865524575,4.258148455642498,-0.23560148255032973,1.3892925181825588,True
2022-05-04 00:00:00+00:00,5.0,3.0,2.0,263.0,0.0,0.2,0.0,0.6666666666666666,0.5584866712800676,1.2081637209587797,1.5771152433353073,0.46713122925894873,-0.23560148255032973,1.9802696689298633,True
2022-05-05 00:00:00+00:00,7.0,2.0,0.0,171.28571428571428,0.0,0.0,0.0,0.0,0.8882167089495575,0.6916206276879109,-0.2793350430989928,0.2281071254189076,-0.23560148255032973,-0.3836389340593552,True
2022-05-06 00:00:00+00:00,13.0,5.0,3.0,155.30769230769232,0.0,0.0,0.0,0.6,1.877406821958027,2.2412499075005172,2.5053403865524575,0.18646549505904428,-0.23560148255032973,1.7438788086309414,True
2022-05-07 00:00:00+00:00,62.0,4.0,2.0,186.96666666666667,0.0,0.032258064516129,0.0,0.5,9.955792744860531,1.7247068142296484,1.5771152433353073,0.2689745383963352,-0.23560148255032973,1.3892925181825588,True
2022-05-08 00:00:00+00:00,29.0,5.0,1.0,235.8571428571429,0.0,0.0344827586206896,0.0,0.2,4.515247123313947,2.2412499075005172,0.6488901001181572,0.39639200849631984,-0.23560148255032973,0.32553364683741043,True
2022-05-09 00:00:00+00:00,8.0,4.0,1.0,45.42857142857143,0.0,0.125,0.0,0.25,1.0530817277843025,1.7247068142296484,0.6488901001181572,-0.09989947190675624,-0.23560148255032973,0.5028267920616017,True
2022-05-10 00:00:00+00:00,14.0,6.0,1.0,945.1428571428572,0.0,0.0,0.0,0.1666666666666666,2.0422718407927722,2.757793000771386,0.6488901001181572,2.2449195405302826,-0.23560148255032973,0.20733821668794924,True
2022-05-11 00:00:00+00:00,49.0,8.0,3.0,522.2448979591836,0.0612244897959183,0.0,0.0,0.375,7.812547500008846,3.7908791873131236,2.5053403865524575,1.1427705686181033,0.22557834533105303,0.9460596551220802,True
2022-05-12 00:00:00+00:00,26.0,8.0,1.0,330.34615384615387,0.0384615384615384,0.0,0.0,0.125,4.020652066809712,3.7908791873131236,0.6488901001181572,0.6426475508961034,0.05411405034951318,0.05959392900112331,True
2022-05-13 00:00:00+00:00,19.0,8.0,3.0,234.52631578947367,0.0526315789473684,0.0,0.0,0.375,2.866596934966497,3.7908791873131236,2.5053403865524575,0.39292363119022955,0.1608513519441926,0.9460596551220802,True
2022-05-14 00:00:00+00:00,6.0,2.0,1.0,73.0,0.0,0.0,0.0,0.5,0.7233516901148125,0.6916206276879109,0.6488901001181572,-0.028043316079454175,-0.23560148255032973,1.3892925181825588,True
2022-05-15 00:00:00+00:00,12.0,3.0,0.0,180.08333333333334,0.0,0.0,0.0,0.0,1.7125418031232822,1.2081637209587797,-0.2793350430989928,0.25103532021872466,-0.23560148255032973,-0.3836389340593552,True
2022-05-16 00:00:00+00:00,29.0,9.0,3.0,322.0357142857143,0.0,0.0344827586206896,0.0,0.3333333333333333,4.515247123313947,4.3074222805839915,2.5053403865524575,0.6209890344176667,-0.23560148255032973,0.798315367435254,True
2022-05-17 00:00:00+00:00,22.0,8.0,4.0,112.27272727272728,0.0454545454545454,0.0,0.0,0.5,3.361191991470732,3.7908791873131236,3.4335655297696075,0.07430855166513438,0.10678960178584837,1.3892925181825588,True
2022-05-18 00:00:00+00:00,16.0,9.0,3.0,546.0,0.0,0.0,0.0,0.3333333333333333,2.372001878462262,4.3074222805839915,2.5053403865524575,1.204680683631412,-0.23560148255032973,0.798315367435254,True
2022-05-19 00:00:00+00:00,18.0,10.0,7.0,432.52941176470586,0.0,0.0555555555555555,0.0,0.7,2.701731916131752,4.82396537385486,6.218240959421058,0.9089556997435545,-0.23560148255032973,2.098465099079324,True
2022-05-20 00:00:00+00:00,8.0,4.0,0.0,1005.75,0.0,0.0,0.0,0.0,1.0530817277843025,1.7247068142296484,-0.2793350430989928,2.4028727742594684,-0.23560148255032973,-0.3836389340593552,True
2022-05-21 00:00:00+00:00,29.0,9.0,3.0,117.03448275862068,0.0,0.0,0.0,0.3333333333333333,4.515247123313947,4.3074222805839915,2.5053403865524575,0.08671855223218655,-0.23560148255032973,0.798315367435254,True
2022-05-22 00:00:00+00:00,8.0,5.0,3.0,419.875,0.0,0.0,0.0,0.6,1.0530817277843025,2.2412499075005172,2.5053403865524575,0.8759760018903273,-0.23560148255032973,1.7438788086309414,True
2022-05-23 00:00:00+00:00,9.0,7.0,4.0,137.11111111111111,0.0,0.0,0.0,0.5714285714285714,1.2179467466190474,3.274336094042255,3.4335655297696075,0.13904189600256833,-0.23560148255032973,1.6425684399314036,True
2022-05-24 00:00:00+00:00,12.0,5.0,3.0,245.75,0.0,0.0,0.0,0.6,1.7125418031232822,2.2412499075005172,2.5053403865524575,0.42217459290585685,-0.23560148255032973,1.7438788086309414,True
2022-05-25 00:00:00+00:00,28.0,10.0,4.0,541.0714285714286,0.0,0.0,0.0,0.4,4.350382104479202,4.82396537385486,3.4335655297696075,1.1918359303876713,-0.23560148255032973,1.034706227734176,True
2022-05-26 00:00:00+00:00,15.0,8.0,4.0,197.66666666666663,0.0,0.0,0.0,0.5,2.207136859627517,3.7908791873131236,3.4335655297696075,0.2968606838443399,-0.23560148255032973,1.3892925181825588,True
2022-05-27 00:00:00+00:00,9.0,5.0,2.0,124.0,0.0,0.1111111111111111,0.0,0.4,1.2179467466190474,2.2412499075005172,1.5771152433353073,0.10487195661664345,-0.23560148255032973,1.034706227734176,True
2022-05-28 00:00:00+00:00,18.0,5.0,2.0,487.5,0.0,0.0,0.0,0.4,2.701731916131752,2.2412499075005172,1.5771152433353073,1.052219047303535,-0.23560148255032973,1.034706227734176,True
2022-05-29 00:00:00+00:00,25.0,14.0,7.0,1327.625,0.0,0.04,0.0,0.5,3.855787047974967,6.890137746938335,6.218240959421058,3.2417375467899867,-0.23560148255032973,1.3892925181825588,False
2022-05-30 00:00:00+00:00,17.0,9.0,3.0,158.375,0.0,0.0588235294117647,0.0,0.3333333333333333,2.536866897297007,4.3074222805839915,2.5053403865524575,0.1944594565956308,-0.23560148255032973,0.798315367435254,False
2022-05-31 00:00:00+00:00,9.0,9.0,6.0,80.75,0.0,0.1111111111111111,0.0,0.6666666666666666,1.2179467466190474,4.3074222805839915,5.290015816203908,-0.007845406993282478,-0.23560148255032973,1.9802696689298633,False
2022-06-01 00:00:00+00:00,118.0,40.0,28.0,2518.846153846154,0.0508474576271186,0.0084745762711864,0.0,0.7,19.18823379960625,20.320258171980925,25.71096896698121,6.346276458649233,0.14741227280878488,2.098465099079324,False
2022-06-02 00:00:00+00:00,122.0,34.0,18.0,3679.0420168067226,0.0081967213114754,0.0245901639344262,0.0,0.5294117647058824,19.847693874945232,17.220999612355712,16.428717534809707,9.36995782151763,-0.17385882799790417,1.4935826036085538,False
2022-06-03 00:00:00+00:00,41.0,18.0,9.0,108.7948717948718,0.0,0.048780487804878,0.0,0.5,6.493627349330887,8.956310120021811,8.074691245855359,0.06524462795460931,-0.23560148255032973,1.3892925181825588,False
2022-06-04 00:00:00+00:00,73.0,9.0,4.0,273.9718309859155,0.0,0.0273972602739726,0.0,0.4444444444444444,11.769307952042727,4.3074222805839915,3.4335655297696075,0.4957258156798988,-0.23560148255032973,1.1923001346001239,False
2022-06-05 00:00:00+00:00,59.0,22.0,14.0,124.03508771929825,0.0677966101694915,0.0338983050847457,0.0338983050847457,0.6363636363636364,9.461197688356297,11.022482493105286,12.715816961941108,0.10496340159269855,0.27508352459515667,1.872819277884899,True
2022-06-06 00:00:00+00:00,78.0,14.0,6.0,239.6794871794872,0.0128205128205128,0.0,0.0,0.4285714285714285,12.593633046216452,6.890137746938335,5.290015816203908,0.4063537327697076,-0.1390296382503821,1.1360165964337137,True
2022-06-07 00:00:00+00:00,46.0,8.0,1.0,277.02222222222224,0.0217391304347826,0.0217391304347826,0.0,0.125,7.317952443504612,3.7908791873131236,0.6488901001181572,0.503675689856438,-0.07184922482433136,0.05959392900112331,True
2022-06-08 00:00:00+00:00,62.0,16.0,8.0,285.08474576271186,0.032258064516129,0.0483870967741935,0.0,0.5,9.955792744860531,7.923223933480073,7.146466102638208,0.5246880921113964,0.007385738591474114,1.3892925181825588,True
2022-06-09 00:00:00+00:00,27.0,9.0,4.0,366.14814814814815,0.037037037037037,0.0,0.0,0.4444444444444444,4.185517085644457,4.3074222805839915,3.4335655297696075,0.7359540574787249,0.04338384542729693,1.1923001346001239,True
2022-06-10 00:00:00+00:00,26.0,8.0,5.0,259.53846153846155,0.0,0.0,0.0,0.625,4.020652066809712,3.7908791873131236,4.361790672986758,0.4581098306596661,-0.23560148255032973,1.832525381243037,True
2022-06-11 00:00:00+00:00,35.0,12.0,2.0,757.875,0.1142857142857142,0.0857142857142857,0.0,0.1666666666666666,5.504437236322417,5.857051560396598,1.5771152433353073,1.7568654562291703,0.6252675294949185,0.20733821668794924,True
2022-06-12 00:00:00+00:00,28.0,9.0,4.0,347.5357142857143,0.1428571428571428,0.0,0.0,0.4444444444444444,4.350382104479202,4.3074222805839915,3.4335655297696075,0.6874466707657156,0.8404847825062308,1.1923001346001239,True
2022-06-13 00:00:00+00:00,26.0,9.0,2.0,3717.538461538461,0.2307692307692307,0.0,0.0,0.2222222222222222,4.020652066809712,4.3074222805839915,1.5771152433353073,9.470286555818596,1.5026917148487298,0.4043306002703843,True
2022-06-14 00:00:00+00:00,37.0,11.0,2.0,3373.542857142857,0.081081081081081,0.054054054054054,0.0,0.1818181818181818,5.834167273991906,5.340508467125729,1.5771152433353073,8.573771466318584,0.3751501814006908,0.2610634122104316,True
2022-06-15 00:00:00+00:00,30.0,15.0,6.0,353.56666666666666,0.0666666666666666,0.0,0.0,0.4,4.680112142148692,7.406680840209204,5.290015816203908,0.7031644292035875,0.2665721078093982,1.034706227734176,True
2022-06-16 00:00:00+00:00,49.0,16.0,5.0,1973.5208333333333,0.1020408163265306,0.0204081632653061,0.0,0.3125,7.812547500008846,7.923223933480073,4.361790672986758,4.925059523667893,0.5330315639186424,0.724443223591841,True
2022-06-17 00:00:00+00:00,42.0,10.0,4.0,210.73809523809524,0.1428571428571428,0.0,0.0,0.4,6.658492368165631,4.82396537385486,3.4335655297696075,0.33092720331686926,0.8404847825062308,1.034706227734176,True
2022-06-18 00:00:00+00:00,29.0,12.0,5.0,1231.4642857142858,0.2413793103448276,0.0344827586206896,0.0,0.4166666666666667,4.515247123313947,5.857051560396598,4.361790672986758,2.9911252416539624,1.5826132411659286,1.0938039428089066,True
2022-06-19 00:00:00+00:00,25.0,4.0,1.0,294.32,0.04,0.0,0.0,0.25,3.855787047974967,1.7247068142296484,0.6488901001181572,0.548756843785258,0.06570267166550738,0.5028267920616017,True
2022-06-20 00:00:00+00:00,28.0,11.0,1.0,525.3333333333334,0.0357142857142857,0.0357142857142857,0.0,0.0909090909090909,4.350382104479202,5.340508467125729,0.6488901001181572,1.150819592734954,0.03342008371381042,-0.061287760924461775,True
2022-06-21 00:00:00+00:00,14.0,8.0,0.0,1885.142857142857,0.2857142857142857,0.0,0.0,0.0,2.0422718407927722,3.7908791873131236,-0.2793350430989928,4.694730449046592,1.9165710475627922,-0.3836389340593552,True
2022-06-22 00:00:00+00:00,32.0,8.0,3.0,446.64516129032256,0.0625,0.03125,0.0,0.375,5.009842179818182,3.7908791873131236,2.5053403865524575,0.9457439094985968,0.23518625841191573,0.9460596551220802,True
2022-06-23 00:00:00+00:00,7.0,4.0,1.0,97.14285714285714,0.1428571428571428,0.0,0.0,0.25,0.8882167089495575,1.7247068142296484,0.6488901001181572,0.03487735923046317,0.8404847825062308,0.5028267920616017,True
2022-06-24 00:00:00+00:00,7.0,5.0,0.0,1223.2857142857142,0.2857142857142857,0.0,0.0,0.0,0.8882167089495575,2.2412499075005172,-0.2793350430989928,2.9698103975031174,1.9165710475627922,-0.3836389340593552,True
2022-06-25 00:00:00+00:00,5.0,5.0,1.0,1694.3333333333333,0.2,0.4,0.0,0.2,0.5584866712800676,2.2412499075005172,0.6488901001181572,4.197446137474917,1.2709192885288558,0.32553364683741043,True
2022-06-26 00:00:00+00:00,11.0,4.0,2.0,132.9090909090909,0.0909090909090909,0.0,0.0,0.5,1.5476767842885373,1.7247068142296484,1.5771152433353073,0.12809066735499916,0.4491806861220272,1.3892925181825588,True
2022-06-27 00:00:00+00:00,11.0,4.0,1.0,433.8181818181818,0.2727272727272727,0.0,0.0,0.25,1.5476767842885373,1.7247068142296484,0.6488901001181572,0.9123144688239531,1.818745023466741,0.5028267920616017,True
2022-06-28 00:00:00+00:00,10.0,4.0,0.0,166.0,0.0,0.0,0.0,0.0,1.3828117654537924,1.7247068142296484,-0.2793350430989928,0.2143315929546062,-0.23560148255032973,-0.3836389340593552,True
2022-06-29 00:00:00+00:00,41.0,11.0,5.0,285.7,0.073170731707317,0.024390243902439,0.0,0.4545454545454545,6.493627349330887,5.340508467125729,4.361790672986758,0.5262915565178,0.3155646532103473,1.2281169316151117,True
2022-06-30 00:00:00+00:00,25.0,6.0,0.0,65.68,0.12,0.0,0.0,0.0,3.855787047974967,2.757793000771386,-0.2793350430989928,-0.04712056698407052,0.6683109800971815,-0.3836389340593552,True
2022-07-01 00:00:00+00:00,6.0,4.0,0.0,86.0,0.0,0.0,0.0,0.0,0.7233516901148125,1.7247068142296484,-0.2793350430989928,0.0058370475489628645,-0.23560148255032973,-0.3836389340593552,True
2022-07-02 00:00:00+00:00,4.0,2.0,0.0,26.0,0.0,0.0,0.0,0.0,0.39362165244532255,0.6916206276879109,-0.2793350430989928,-0.15053386150526962,-0.23560148255032973,-0.3836389340593552,True
2022-07-03 00:00:00+00:00,8.0,5.0,1.0,194.875,0.125,0.0,0.0,0.2,1.0530817277843025,2.2412499075005172,0.6488901001181572,0.28958509293695556,0.7059739993741612,0.32553364683741043,True
2022-07-04 00:00:00+00:00,4.0,3.0,0.0,527.25,0.25,0.0,0.0,0.0,0.39362165244532255,1.2081637209587797,-0.2793350430989928,1.1558147745519642,1.647549481298652,-0.3836389340593552,True
2022-07-05 00:00:00+00:00,23.0,6.0,3.0,394.0434782608696,0.0869565217391304,0.0,0.0,0.5,3.526057010305477,2.757793000771386,2.5053403865524575,0.8086543596136275,0.41940754835366373,1.3892925181825588,True
2022-07-06 00:00:00+00:00,6.0,5.0,4.0,207.66666666666663,0.5,0.0,0.0,0.8,0.7233516901148125,2.2412499075005172,3.4335655297696075,0.3229225020200453,3.530700445147634,2.453051389527707,True
2022-07-07 00:00:00+00:00,1.0,1.0,1.0,51.0,0.0,0.0,0.0,1.0,-0.10097340405891236,0.17507753441704213,0.6488901001181572,-0.08537931606600609,-0.23560148255032973,3.1622239704244723,True
2022-07-08 00:00:00+00:00,3.0,2.0,0.0,910.6666666666666,0.3333333333333333,0.0,0.0,0.0,0.2287566336105776,0.6916206276879109,-0.2793350430989928,2.155068319772136,2.2752664692483124,-0.3836389340593552,True
2022-07-09 00:00:00+00:00,8.0,6.0,4.0,255.14285714285717,0.25,0.125,0.0,0.6666666666666666,1.0530817277843025,2.757793000771386,3.4335655297696075,0.4466540864066088,1.647549481298652,1.9802696689298633,True
2022-07-10 00:00:00+00:00,3.0,3.0,1.0,235.66666666666663,0.6666666666666666,0.0,0.0,0.3333333333333333,0.2287566336105776,1.2081637209587797,0.6488901001181572,0.3958955929120205,4.786134421046954,0.798315367435254,True
2022-07-11 00:00:00+00:00,1.0,1.0,0.0,0.0,0.0,1.0,0.0,0.0,-0.10097340405891236,0.17507753441704213,-0.2793350430989928,-0.2182945887621037,-0.23560148255032973,-0.3836389340593552,True
2022-07-12 00:00:00+00:00,1.0,1.0,1.0,11.0,0.0,0.0,0.0,1.0,-0.10097340405891236,0.17507753441704213,0.6488901001181572,-0.18962658876882774,-0.23560148255032973,3.1622239704244723,True
2022-07-13 00:00:00+00:00,12.0,3.0,1.0,999.5,0.1666666666666666,0.0,0.0,0.3333333333333333,1.7125418031232822,1.2081637209587797,0.6488901001181572,2.3865841378996526,1.019832493348991,0.798315367435254,True
2022-07-14 00:00:00+00:00,10.0,1.0,0.0,2865.9,0.0,0.0,0.0,0.0,1.3828117654537924,0.17507753441704213,-0.2793350430989928,7.250761882213311,-0.23560148255032973,-0.3836389340593552,True
2022-07-15 00:00:00+00:00,10.0,2.0,0.0,225.2,0.0,0.0,0.0,0.0,1.3828117654537924,0.6916206276879109,-0.2793350430989928,0.36861755655478223,-0.23560148255032973,-0.3836389340593552,True
2022-07-16 00:00:00+00:00,31.0,6.0,2.0,588.4516129032259,0.064516129032258,0.0,0.0,0.3333333333333333,4.8449771609834364,2.757793000771386,1.5771152433353073,1.315317305306342,0.25037295973327794,0.798315367435254,True
2022-07-17 00:00:00+00:00,4.0,2.0,1.0,131.0,0.0,0.0,0.0,0.5,0.39362165244532255,0.6916206276879109,0.6488901001181572,0.12311522933963723,-0.23560148255032973,1.3892925181825588,True
2022-07-18 00:00:00+00:00,10.0,2.0,0.0,146.9,0.1,0.0,0.0,0.0,1.3828117654537924,0.6916206276879109,-0.2793350430989928,0.16455352023900885,0.517658902989263,-0.3836389340593552,True
2022-07-19 00:00:00+00:00,32.0,5.0,1.0,691.71875,0.28125,0.0,0.0,0.2,5.009842179818182,2.2412499075005172,0.6488901001181572,1.5844502403605192,1.8829433517797747,0.32553364683741043,True
2022-07-20 00:00:00+00:00,3.0,2.0,0.0,62.333333333333336,0.0,0.0,0.0,0.0,0.2287566336105776,0.6916206276879109,-0.2793350430989928,-0.055842588800206615,-0.23560148255032973,-0.3836389340593552,True
2022-07-21 00:00:00+00:00,13.0,3.0,0.0,257.84615384615387,0.1538461538461538,0.0,0.0,0.0,1.877406821958027,1.2081637209587797,-0.2793350430989928,0.45369936912223907,0.9232606490490434,-0.3836389340593552,True
2022-07-22 00:00:00+00:00,2.0,2.0,0.0,116.0,0.0,0.5,0.0,0.0,0.06389161477583262,0.6916206276879109,-0.2793350430989928,0.08402250207607911,-0.23560148255032973,-0.3836389340593552,True
2022-07-23 00:00:00+00:00,13.0,3.0,1.0,151.07692307692307,0.0,0.0,0.0,0.3333333333333333,1.877406821958027,1.2081637209587797,0.6488901001181572,0.17543934121547655,-0.23560148255032973,0.798315367435254,True
2022-07-24 00:00:00+00:00,9.0,3.0,0.0,167.0,0.1111111111111111,0.0,0.0,0.0,1.2179467466190474,1.2081637209587797,-0.2793350430989928,0.21693777477217674,0.601354501382551,-0.3836389340593552,True
2022-07-25 00:00:00+00:00,10.0,6.0,2.0,268.9,0.4,0.0,0.0,0.3333333333333333,1.3828117654537924,2.757793000771386,1.5771152433353073,0.48250770198261483,2.777440059608041,0.798315367435254,True
2022-07-26 00:00:00+00:00,1.0,1.0,1.0,513.0,0.0,0.0,0.0,1.0,-0.10097340405891236,0.17507753441704213,0.6488901001181572,1.118676683651584,-0.23560148255032973,3.1622239704244723,True
2022-07-27 00:00:00+00:00,18.0,7.0,1.0,535.8235294117648,0.2777777777777778,0.0555555555555555,0.0,0.1428571428571428,2.701731916131752,3.274336094042255,0.6488901001181572,1.1781589510173118,1.8567884772818724,0.12291290943833429,True
2022-07-28 00:00:00+00:00,1.0,1.0,0.0,7.0,0.0,0.0,0.0,0.0,-0.10097340405891236,0.17507753441704213,-0.2793350430989928,-0.20005131603910992,-0.23560148255032973,-0.3836389340593552,True
2022-07-29 00:00:00+00:00,0.0,0.0,0.0,0.0,0.0,0.0,0.0,0.0,-0.26583842289365733,-0.3414655588538266,-0.2793350430989928,-0.2182945887621037,-0.23560148255032973,-0.3836389340593552,True
2022-07-30 00:00:00+00:00,1.0,1.0,1.0,19.0,0.0,0.0,0.0,1.0,-0.10097340405891236,0.17507753441704213,0.6488901001181572,-0.1687771342282634,-0.23560148255032973,3.1622239704244723,True
2022-07-31 00:00:00+00:00,0.0,0.0,0.0,0.0,0.0,0.0,0.0,0.0,-0.26583842289365733,-0.3414655588538266,-0.2793350430989928,-0.2182945887621037,-0.23560148255032973,-0.3836389340593552,True
2022-08-01 00:00:00+00:00,0.0,0.0,0.0,0.0,0.0,0.0,0.0,0.0,-0.26583842289365733,-0.3414655588538266,-0.2793350430989928,-0.2182945887621037,-0.23560148255032973,-0.3836389340593552,True
2022-08-02 00:00:00+00:00,0.0,0.0,0.0,0.0,0.0,0.0,0.0,0.0,-0.26583842289365733,-0.3414655588538266,-0.2793350430989928,-0.2182945887621037,-0.23560148255032973,-0.3836389340593552,True
2022-08-03 00:00:00+00:00,1.0,1.0,1.0,22.0,0.0,0.0,0.0,1.0,-0.10097340405891236,0.17507753441704213,0.6488901001181572,-0.1609585887755518,-0.23560148255032973,3.1622239704244723,True
2022-08-04 00:00:00+00:00,4.0,1.0,0.0,31.25,0.0,0.0,0.0,0.0,0.39362165244532255,0.17507753441704213,-0.2793350430989928,-0.13685140696302428,-0.23560148255032973,-0.3836389340593552,True
2022-08-05 00:00:00+00:00,3.0,1.0,0.0,2263.6666666666665,0.6666666666666666,0.0,0.0,0.0,0.2287566336105776,0.17507753441704213,-0.2793350430989928,5.681232318945078,4.786134421046954,-0.3836389340593552,True
2022-08-06 00:00:00+00:00,0.0,0.0,0.0,0.0,0.0,0.0,0.0,0.0,-0.26583842289365733,-0.3414655588538266,-0.2793350430989928,-0.2182945887621037,-0.23560148255032973,-0.3836389340593552,True
2022-08-07 00:00:00+00:00,1.0,1.0,0.0,0.0,0.0,0.0,0.0,0.0,-0.10097340405891236,0.17507753441704213,-0.2793350430989928,-0.2182945887621037,-0.23560148255032973,-0.3836389340593552,True
2022-08-08 00:00:00+00:00,2.0,2.0,2.0,31.0,0.5,0.0,0.0,1.0,0.06389161477583262,0.6916206276879109,1.5771152433353073,-0.13750295241741692,3.530700445147634,3.1622239704244723,True
2022-08-09 00:00:00+00:00,4.0,2.0,1.0,735.25,0.0,0.0,0.0,0.5,0.39362165244532255,0.6916206276879109,0.6488901001181572,1.6979005926066368,-0.23560148255032973,1.3892925181825588,True
2022-08-10 00:00:00+00:00,0.0,0.0,0.0,0.0,0.0,0.0,0.0,0.0,-0.26583842289365733,-0.3414655588538266,-0.2793350430989928,-0.2182945887621037,-0.23560148255032973,-0.3836389340593552,True
2022-08-11 00:00:00+00:00,3.0,3.0,1.0,174.5,0.0,0.3333333333333333,0.0,0.3333333333333333,0.2287566336105776,1.2081637209587797,0.6488901001181572,0.2364841384039558,-0.23560148255032973,0.798315367435254,True
2022-08-12 00:00:00+00:00,4.0,3.0,1.0,97.25,0.25,0.0,0.0,0.3333333333333333,0.39362165244532255,1.2081637209587797,0.6488901001181572,0.03515659299663146,1.647549481298652,0.798315367435254,True
2022-08-13 00:00:00+00:00,2.0,2.0,1.0,0.0,0.5,0.0,0.0,0.5,0.06389161477583262,0.6916206276879109,0.6488901001181572,-0.2182945887621037,3.530700445147634,1.3892925181825588,True
2022-08-14 00:00:00+00:00,1.0,1.0,1.0,4.0,0.0,0.0,0.0,1.0,-0.10097340405891236,0.17507753441704213,0.6488901001181572,-0.20786986149182154,-0.23560148255032973,3.1622239704244723,True
2022-08-15 00:00:00+00:00,0.0,0.0,0.0,0.0,0.0,0.0,0.0,0.0,-0.26583842289365733,-0.3414655588538266,-0.2793350430989928,-0.2182945887621037,-0.23560148255032973,-0.3836389340593552,True
2022-08-16 00:00:00+00:00,0.0,0.0,0.0,0.0,0.0,0.0,0.0,0.0,-0.26583842289365733,-0.3414655588538266,-0.2793350430989928,-0.2182945887621037,-0.23560148255032973,-0.3836389340593552,True
2022-08-17 00:00:00+00:00,2.0,1.0,0.0,7.0,0.0,0.0,0.0,0.0,0.06389161477583262,0.17507753441704213,-0.2793350430989928,-0.20005131603910992,-0.23560148255032973,-0.3836389340593552,True
2022-08-18 00:00:00+00:00,0.0,0.0,0.0,0.0,0.0,0.0,0.0,0.0,-0.26583842289365733,-0.3414655588538266,-0.2793350430989928,-0.2182945887621037,-0.23560148255032973,-0.3836389340593552,True
2022-08-19 00:00:00+00:00,0.0,0.0,0.0,0.0,0.0,0.0,0.0,0.0,-0.26583842289365733,-0.3414655588538266,-0.2793350430989928,-0.2182945887621037,-0.23560148255032973,-0.3836389340593552,True
2022-08-20 00:00:00+00:00,4.0,4.0,0.0,298.0,0.5,0.0,0.0,0.0,0.39362165244532255,1.7247068142296484,-0.2793350430989928,0.5583475928739177,3.530700445147634,-0.3836389340593552,True
2022-08-21 00:00:00+00:00,4.0,3.0,1.0,461.0,0.25,0.0,0.0,0.3333333333333333,0.39362165244532255,1.2081637209587797,0.6488901001181572,0.9831552291379159,1.647549481298652,0.798315367435254,True
2022-08-22 00:00:00+00:00,5.0,3.0,2.0,71.2,0.4,0.0,0.0,0.6666666666666666,0.5584866712800676,1.2081637209587797,1.5771152433353073,-0.032734443351081145,2.777440059608041,1.9802696689298633,True
2022-08-23 00:00:00+00:00,2.0,2.0,1.0,10.0,0.0,0.5,0.0,0.5,0.06389161477583262,0.6916206276879109,0.6488901001181572,-0.1922327705863983,-0.23560148255032973,1.3892925181825588,True
2022-08-24 00:00:00+00:00,0.0,0.0,0.0,0.0,0.0,0.0,0.0,0.0,-0.26583842289365733,-0.3414655588538266,-0.2793350430989928,-0.2182945887621037,-0.23560148255032973,-0.3836389340593552,True
2022-08-25 00:00:00+00:00,0.0,0.0,0.0,0.0,0.0,0.0,0.0,0.0,-0.26583842289365733,-0.3414655588538266,-0.2793350430989928,-0.2182945887621037,-0.23560148255032973,-0.3836389340593552,True
2022-08-26 00:00:00+00:00,0.0,0.0,0.0,0.0,0.0,0.0,0.0,0.0,-0.26583842289365733,-0.3414655588538266,-0.2793350430989928,-0.2182945887621037,-0.23560148255032973,-0.3836389340593552,True
2022-08-27 00:00:00+00:00,2.0,2.0,0.0,943.0,0.5,0.0,0.0,0.0,0.06389161477583262,0.6916206276879109,-0.2793350430989928,2.2393348652069167,3.530700445147634,-0.3836389340593552,True
2022-08-28 00:00:00+00:00,0.0,0.0,0.0,0.0,0.0,0.0,0.0,0.0,-0.26583842289365733,-0.3414655588538266,-0.2793350430989928,-0.2182945887621037,-0.23560148255032973,-0.3836389340593552,True
2022-08-29 00:00:00+00:00,1.0,1.0,0.0,15.0,0.0,0.0,0.0,0.0,-0.10097340405891236,0.17507753441704213,-0.2793350430989928,-0.17920186149854558,-0.23560148255032973,-0.3836389340593552,True
2022-08-30 00:00:00+00:00,2.0,2.0,1.0,1.5,0.0,0.0,0.0,0.5,0.06389161477583262,0.6916206276879109,0.6488901001181572,-0.2143853160357479,-0.23560148255032973,1.3892925181825588,True
2022-08-31 00:00:00+00:00,3.0,2.0,0.0,634.6666666666666,0.6666666666666666,0.0,0.0,0.0,0.2287566336105776,0.6916206276879109,-0.2793350430989928,1.4357621381226664,4.786134421046954,-0.3836389340593552,True
2022-09-01 00:00:00+00:00,0.0,0.0,0.0,0.0,0.0,0.0,0.0,0.0,-0.26583842289365733,-0.3414655588538266,-0.2793350430989928,-0.2182945887621037,-0.23560148255032973,-0.3836389340593552,True
2022-09-02 00:00:00+00:00,3.0,2.0,1.0,5.0,0.3333333333333333,0.0,0.0,0.5,0.2287566336105776,0.6916206276879109,0.6488901001181572,-0.205263679674251,2.2752664692483124,1.3892925181825588,True
2022-09-03 00:00:00+00:00,0.0,0.0,0.0,0.0,0.0,0.0,0.0,0.0,-0.26583842289365733,-0.3414655588538266,-0.2793350430989928,-0.2182945887621037,-0.23560148255032973,-0.3836389340593552,True
2022-09-04 00:00:00+00:00,1.0,1.0,1.0,59.0,0.0,0.0,0.0,1.0,-0.10097340405891236,0.17507753441704213,0.6488901001181572,-0.06452986152544175,-0.23560148255032973,3.1622239704244723,True
2022-09-05 00:00:00+00:00,2.0,1.0,0.0,718.0,0.0,0.0,0.0,0.0,0.06389161477583262,0.17507753441704213,-0.2793350430989928,1.652943956253545,-0.23560148255032973,-0.3836389340593552,True
2022-09-06 00:00:00+00:00,4.0,3.0,2.0,5044.0,0.25,0.0,0.0,0.6666666666666666,0.39362165244532255,1.2081637209587797,1.5771152433353073,12.927286499063708,1.647549481298652,1.9802696689298633,True
2022-09-07 00:00:00+00:00,0.0,0.0,0.0,0.0,0.0,0.0,0.0,0.0,-0.26583842289365733,-0.3414655588538266,-0.2793350430989928,-0.2182945887621037,-0.23560148255032973,-0.3836389340593552,True
2022-09-08 00:00:00+00:00,0.0,0.0,0.0,0.0,0.0,0.0,0.0,0.0,-0.26583842289365733,-0.3414655588538266,-0.2793350430989928,-0.2182945887621037,-0.23560148255032973,-0.3836389340593552,True
2022-09-09 00:00:00+00:00,0.0,0.0,0.0,0.0,0.0,0.0,0.0,0.0,-0.26583842289365733,-0.3414655588538266,-0.2793350430989928,-0.2182945887621037,-0.23560148255032973,-0.3836389340593552,True
2022-09-10 00:00:00+00:00,0.0,0.0,0.0,0.0,0.0,0.0,0.0,0.0,-0.26583842289365733,-0.3414655588538266,-0.2793350430989928,-0.2182945887621037,-0.23560148255032973,-0.3836389340593552,True
2022-09-11 00:00:00+00:00,1.0,1.0,0.0,3487.0,0.0,0.0,0.0,0.0,-0.10097340405891236,0.17507753441704213,-0.2793350430989928,8.869461409106375,-0.23560148255032973,-0.3836389340593552,True
2022-09-12 00:00:00+00:00,0.0,0.0,0.0,0.0,0.0,0.0,0.0,0.0,-0.26583842289365733,-0.3414655588538266,-0.2793350430989928,-0.2182945887621037,-0.23560148255032973,-0.3836389340593552,True
2022-09-13 00:00:00+00:00,0.0,0.0,0.0,0.0,0.0,0.0,0.0,0.0,-0.26583842289365733,-0.3414655588538266,-0.2793350430989928,-0.2182945887621037,-0.23560148255032973,-0.3836389340593552,True
2022-09-14 00:00:00+00:00,0.0,0.0,0.0,0.0,0.0,0.0,0.0,0.0,-0.26583842289365733,-0.3414655588538266,-0.2793350430989928,-0.2182945887621037,-0.23560148255032973,-0.3836389340593552,True
2022-09-15 00:00:00+00:00,0.0,0.0,0.0,0.0,0.0,0.0,0.0,0.0,-0.26583842289365733,-0.3414655588538266,-0.2793350430989928,-0.2182945887621037,-0.23560148255032973,-0.3836389340593552,True
2022-09-16 00:00:00+00:00,2.0,2.0,0.0,421.0,0.0,0.5,0.0,0.0,0.06389161477583262,0.6916206276879109,-0.2793350430989928,0.8789079564350942,-0.23560148255032973,-0.3836389340593552,True
2022-09-17 00:00:00+00:00,0.0,0.0,0.0,0.0,0.0,0.0,0.0,0.0,-0.26583842289365733,-0.3414655588538266,-0.2793350430989928,-0.2182945887621037,-0.23560148255032973,-0.3836389340593552,True
2022-09-18 00:00:00+00:00,0.0,0.0,0.0,0.0,0.0,0.0,0.0,0.0,-0.26583842289365733,-0.3414655588538266,-0.2793350430989928,-0.2182945887621037,-0.23560148255032973,-0.3836389340593552,True
2022-09-19 00:00:00+00:00,0.0,0.0,0.0,0.0,0.0,0.0,0.0,0.0,-0.26583842289365733,-0.3414655588538266,-0.2793350430989928,-0.2182945887621037,-0.23560148255032973,-0.3836389340593552,True
2022-09-20 00:00:00+00:00,0.0,0.0,0.0,0.0,0.0,0.0,0.0,0.0,-0.26583842289365733,-0.3414655588538266,-0.2793350430989928,-0.2182945887621037,-0.23560148255032973,-0.3836389340593552,True
2022-09-21 00:00:00+00:00,0.0,0.0,0.0,0.0,0.0,0.0,0.0,0.0,-0.26583842289365733,-0.3414655588538266,-0.2793350430989928,-0.2182945887621037,-0.23560148255032973,-0.3836389340593552,True
2022-09-22 00:00:00+00:00,1.0,1.0,0.0,37.0,0.0,0.0,0.0,0.0,-0.10097340405891236,0.17507753441704213,-0.2793350430989928,-0.12186586151199368,-0.23560148255032973,-0.3836389340593552,True
2022-09-23 00:00:00+00:00,1.0,1.0,1.0,12.0,0.0,0.0,0.0,1.0,-0.10097340405891236,0.17507753441704213,0.6488901001181572,-0.1870204069512572,-0.23560148255032973,3.1622239704244723,True
2022-09-24 00:00:00+00:00,1.0,1.0,0.0,4.0,0.0,0.0,0.0,0.0,-0.10097340405891236,0.17507753441704213,-0.2793350430989928,-0.20786986149182154,-0.23560148255032973,-0.3836389340593552,True
2022-09-25 00:00:00+00:00,3.0,1.0,1.0,2.0,0.0,0.0,0.0,1.0,0.2287566336105776,0.17507753441704213,0.6488901001181572,-0.21308222512696262,-0.23560148255032973,3.1622239704244723,True
2022-09-26 00:00:00+00:00,4.0,4.0,3.0,1.5,0.5,0.0,0.0,0.75,0.39362165244532255,1.7247068142296484,2.5053403865524575,-0.2143853160357479,3.530700445147634,2.2757582443035154,True
2022-09-27 00:00:00+00:00,0.0,0.0,0.0,0.0,0.0,0.0,0.0,0.0,-0.26583842289365733,-0.3414655588538266,-0.2793350430989928,-0.2182945887621037,-0.23560148255032973,-0.3836389340593552,True
2022-09-28 00:00:00+00:00,1.0,1.0,1.0,2.0,0.0,0.0,0.0,1.0,-0.10097340405891236,0.17507753441704213,0.6488901001181572,-0.21308222512696262,-0.23560148255032973,3.1622239704244723,True
2022-09-29 00:00:00+00:00,1.0,1.0,1.0,25.0,0.0,0.0,0.0,1.0,-0.10097340405891236,0.17507753441704213,0.6488901001181572,-0.15314004332284017,-0.23560148255032973,3.1622239704244723,True
2022-09-30 00:00:00+00:00,1.0,1.0,1.0,4.0,0.0,0.0,0.0,1.0,-0.10097340405891236,0.17507753441704213,0.6488901001181572,-0.20786986149182154,-0.23560148255032973,3.1622239704244723,True
2022-10-01 00:00:00+00:00,0.0,0.0,0.0,0.0,0.0,0.0,0.0,0.0,-0.26583842289365733,-0.3414655588538266,-0.2793350430989928,-0.2182945887621037,-0.23560148255032973,-0.3836389340593552,True
2022-10-02 00:00:00+00:00,0.0,0.0,0.0,0.0,0.0,0.0,0.0,0.0,-0.26583842289365733,-0.3414655588538266,-0.2793350430989928,-0.2182945887621037,-0.23560148255032973,-0.3836389340593552,True
2022-10-03 00:00:00+00:00,0.0,0.0,0.0,0.0,0.0,0.0,0.0,0.0,-0.26583842289365733,-0.3414655588538266,-0.2793350430989928,-0.2182945887621037,-0.23560148255032973,-0.3836389340593552,True
2022-10-04 00:00:00+00:00,2.0,1.0,1.0,3.0,0.0,0.0,0.0,1.0,0.06389161477583262,0.17507753441704213,0.6488901001181572,-0.21047604330939207,-0.23560148255032973,3.1622239704244723,True
2022-10-05 00:00:00+00:00,1.0,1.0,1.0,5.0,0.0,0.0,0.0,1.0,-0.10097340405891236,0.17507753441704213,0.6488901001181572,-0.205263679674251,-0.23560148255032973,3.1622239704244723,True
2022-10-06 00:00:00+00:00,1.0,1.0,1.0,0.0,0.0,0.0,0.0,1.0,-0.10097340405891236,0.17507753441704213,0.6488901001181572,-0.2182945887621037,-0.23560148255032973,3.1622239704244723,True
2022-10-07 00:00:00+00:00,0.0,0.0,0.0,0.0,0.0,0.0,0.0,0.0,-0.26583842289365733,-0.3414655588538266,-0.2793350430989928,-0.2182945887621037,-0.23560148255032973,-0.3836389340593552,True
2022-10-08 00:00:00+00:00,0.0,0.0,0.0,0.0,0.0,0.0,0.0,0.0,-0.26583842289365733,-0.3414655588538266,-0.2793350430989928,-0.2182945887621037,-0.23560148255032973,-0.3836389340593552,True
2022-10-09 00:00:00+00:00,0.0,0.0,0.0,0.0,0.0,0.0,0.0,0.0,-0.26583842289365733,-0.3414655588538266,-0.2793350430989928,-0.2182945887621037,-0.23560148255032973,-0.3836389340593552,True
2022-10-10 00:00:00+00:00,1.0,1.0,0.0,4.0,0.0,0.0,0.0,0.0,-0.10097340405891236,0.17507753441704213,-0.2793350430989928,-0.20786986149182154,-0.23560148255032973,-0.3836389340593552,True
2022-10-11 00:00:00+00:00,0.0,0.0,0.0,0.0,0.0,0.0,0.0,0.0,-0.26583842289365733,-0.3414655588538266,-0.2793350430989928,-0.2182945887621037,-0.23560148255032973,-0.3836389340593552,True
2022-10-12 00:00:00+00:00,0.0,0.0,0.0,0.0,0.0,0.0,0.0,0.0,-0.26583842289365733,-0.3414655588538266,-0.2793350430989928,-0.2182945887621037,-0.23560148255032973,-0.3836389340593552,True
2022-10-13 00:00:00+00:00,0.0,0.0,0.0,0.0,0.0,0.0,0.0,0.0,-0.26583842289365733,-0.3414655588538266,-0.2793350430989928,-0.2182945887621037,-0.23560148255032973,-0.3836389340593552,True
2022-10-14 00:00:00+00:00,0.0,0.0,0.0,0.0,0.0,0.0,0.0,0.0,-0.26583842289365733,-0.3414655588538266,-0.2793350430989928,-0.2182945887621037,-0.23560148255032973,-0.3836389340593552,True
2022-10-15 00:00:00+00:00,0.0,0.0,0.0,0.0,0.0,0.0,0.0,0.0,-0.26583842289365733,-0.3414655588538266,-0.2793350430989928,-0.2182945887621037,-0.23560148255032973,-0.3836389340593552,True
2022-10-16 00:00:00+00:00,0.0,0.0,0.0,0.0,0.0,0.0,0.0,0.0,-0.26583842289365733,-0.3414655588538266,-0.2793350430989928,-0.2182945887621037,-0.23560148255032973,-0.3836389340593552,True
2022-10-17 00:00:00+00:00,1.0,1.0,0.0,0.0,0.0,0.0,0.0,0.0,-0.10097340405891236,0.17507753441704213,-0.2793350430989928,-0.2182945887621037,-0.23560148255032973,-0.3836389340593552,True
2022-10-18 00:00:00+00:00,0.0,0.0,0.0,0.0,0.0,0.0,0.0,0.0,-0.26583842289365733,-0.3414655588538266,-0.2793350430989928,-0.2182945887621037,-0.23560148255032973,-0.3836389340593552,True
2022-10-19 00:00:00+00:00,1.0,1.0,0.0,0.0,0.0,1.0,0.0,0.0,-0.10097340405891236,0.17507753441704213,-0.2793350430989928,-0.2182945887621037,-0.23560148255032973,-0.3836389340593552,True
2022-10-20 00:00:00+00:00,0.0,0.0,0.0,0.0,0.0,0.0,0.0,0.0,-0.26583842289365733,-0.3414655588538266,-0.2793350430989928,-0.2182945887621037,-0.23560148255032973,-0.3836389340593552,True
2022-10-21 00:00:00+00:00,0.0,0.0,0.0,0.0,0.0,0.0,0.0,0.0,-0.26583842289365733,-0.3414655588538266,-0.2793350430989928,-0.2182945887621037,-0.23560148255032973,-0.3836389340593552,True
2022-10-22 00:00:00+00:00,0.0,0.0,0.0,0.0,0.0,0.0,0.0,0.0,-0.26583842289365733,-0.3414655588538266,-0.2793350430989928,-0.2182945887621037,-0.23560148255032973,-0.3836389340593552,True
2022-10-23 00:00:00+00:00,0.0,0.0,0.0,0.0,0.0,0.0,0.0,0.0,-0.26583842289365733,-0.3414655588538266,-0.2793350430989928,-0.2182945887621037,-0.23560148255032973,-0.3836389340593552,True
2022-10-24 00:00:00+00:00,2.0,2.0,2.0,0.0,0.5,0.0,0.0,1.0,0.06389161477583262,0.6916206276879109,1.5771152433353073,-0.2182945887621037,3.530700445147634,3.1622239704244723,True
2022-10-25 00:00:00+00:00,0.0,0.0,0.0,0.0,0.0,0.0,0.0,0.0,-0.26583842289365733,-0.3414655588538266,-0.2793350430989928,-0.2182945887621037,-0.23560148255032973,-0.3836389340593552,True
2022-10-26 00:00:00+00:00,0.0,0.0,0.0,0.0,0.0,0.0,0.0,0.0,-0.26583842289365733,-0.3414655588538266,-0.2793350430989928,-0.2182945887621037,-0.23560148255032973,-0.3836389340593552,True
2022-10-27 00:00:00+00:00,0.0,0.0,0.0,0.0,0.0,0.0,0.0,0.0,-0.26583842289365733,-0.3414655588538266,-0.2793350430989928,-0.2182945887621037,-0.23560148255032973,-0.3836389340593552,True
2022-10-28 00:00:00+00:00,0.0,0.0,0.0,0.0,0.0,0.0,0.0,0.0,-0.26583842289365733,-0.3414655588538266,-0.2793350430989928,-0.2182945887621037,-0.23560148255032973,-0.3836389340593552,True
2022-10-29 00:00:00+00:00,0.0,0.0,0.0,0.0,0.0,0.0,0.0,0.0,-0.26583842289365733,-0.3414655588538266,-0.2793350430989928,-0.2182945887621037,-0.23560148255032973,-0.3836389340593552,True
2022-10-30 00:00:00+00:00,2.0,1.0,0.0,165.5,0.0,0.0,0.0,0.0,0.06389161477583262,0.17507753441704213,-0.2793350430989928,0.2130285020458209,-0.23560148255032973,-0.3836389340593552,True
2022-10-31 00:00:00+00:00,0.0,0.0,0.0,0.0,0.0,0.0,0.0,0.0,-0.26583842289365733,-0.3414655588538266,-0.2793350430989928,-0.2182945887621037,-0.23560148255032973,-0.3836389340593552,True
2022-11-01 00:00:00+00:00,0.0,0.0,0.0,0.0,0.0,0.0,0.0,0.0,-0.26583842289365733,-0.3414655588538266,-0.2793350430989928,-0.2182945887621037,-0.23560148255032973,-0.3836389340593552,True
2022-11-02 00:00:00+00:00,0.0,0.0,0.0,0.0,0.0,0.0,0.0,0.0,-0.26583842289365733,-0.3414655588538266,-0.2793350430989928,-0.2182945887621037,-0.23560148255032973,-0.3836389340593552,True
2022-11-03 00:00:00+00:00,0.0,0.0,0.0,0.0,0.0,0.0,0.0,0.0,-0.26583842289365733,-0.3414655588538266,-0.2793350430989928,-0.2182945887621037,-0.23560148255032973,-0.3836389340593552,True
2022-11-04 00:00:00+00:00,0.0,0.0,0.0,0.0,0.0,0.0,0.0,0.0,-0.26583842289365733,-0.3414655588538266,-0.2793350430989928,-0.2182945887621037,-0.23560148255032973,-0.3836389340593552,True
2022-11-05 00:00:00+00:00,0.0,0.0,0.0,0.0,0.0,0.0,0.0,0.0,-0.26583842289365733,-0.3414655588538266,-0.2793350430989928,-0.2182945887621037,-0.23560148255032973,-0.3836389340593552,True
2022-11-06 00:00:00+00:00,0.0,0.0,0.0,0.0,0.0,0.0,0.0,0.0,-0.26583842289365733,-0.3414655588538266,-0.2793350430989928,-0.2182945887621037,-0.23560148255032973,-0.3836389340593552,True
2022-11-07 00:00:00+00:00,0.0,0.0,0.0,0.0,0.0,0.0,0.0,0.0,-0.26583842289365733,-0.3414655588538266,-0.2793350430989928,-0.2182945887621037,-0.23560148255032973,-0.3836389340593552,True
2022-11-08 00:00:00+00:00,0.0,0.0,0.0,0.0,0.0,0.0,0.0,0.0,-0.26583842289365733,-0.3414655588538266,-0.2793350430989928,-0.2182945887621037,-0.23560148255032973,-0.3836389340593552,True
2022-11-09 00:00:00+00:00,0.0,0.0,0.0,0.0,0.0,0.0,0.0,0.0,-0.26583842289365733,-0.3414655588538266,-0.2793350430989928,-0.2182945887621037,-0.23560148255032973,-0.3836389340593552,True
2022-11-10 00:00:00+00:00,2.0,2.0,2.0,22.0,0.5,0.0,0.0,1.0,0.06389161477583262,0.6916206276879109,1.5771152433353073,-0.1609585887755518,3.530700445147634,3.1622239704244723,True
2022-11-11 00:00:00+00:00,0.0,0.0,0.0,0.0,0.0,0.0,0.0,0.0,-0.26583842289365733,-0.3414655588538266,-0.2793350430989928,-0.2182945887621037,-0.23560148255032973,-0.3836389340593552,True
2022-11-12 00:00:00+00:00,1.0,1.0,1.0,1.0,0.0,0.0,0.0,1.0,-0.10097340405891236,0.17507753441704213,0.6488901001181572,-0.21568840694453317,-0.23560148255032973,3.1622239704244723,True
2022-11-13 00:00:00+00:00,0.0,0.0,0.0,0.0,0.0,0.0,0.0,0.0,-0.26583842289365733,-0.3414655588538266,-0.2793350430989928,-0.2182945887621037,-0.23560148255032973,-0.3836389340593552,True
2022-11-14 00:00:00+00:00,0.0,0.0,0.0,0.0,0.0,0.0,0.0,0.0,-0.26583842289365733,-0.3414655588538266,-0.2793350430989928,-0.2182945887621037,-0.23560148255032973,-0.3836389340593552,True
2022-11-15 00:00:00+00:00,0.0,0.0,0.0,0.0,0.0,0.0,0.0,0.0,-0.26583842289365733,-0.3414655588538266,-0.2793350430989928,-0.2182945887621037,-0.23560148255032973,-0.3836389340593552,True
2022-11-16 00:00:00+00:00,2.0,2.0,1.0,1.0,0.5,0.0,0.0,0.5,0.06389161477583262,0.6916206276879109,0.6488901001181572,-0.21568840694453317,3.530700445147634,1.3892925181825588,True
2022-11-17 00:00:00+00:00,0.0,0.0,0.0,0.0,0.0,0.0,0.0,0.0,-0.26583842289365733,-0.3414655588538266,-0.2793350430989928,-0.2182945887621037,-0.23560148255032973,-0.3836389340593552,True
2022-11-18 00:00:00+00:00,0.0,0.0,0.0,0.0,0.0,0.0,0.0,0.0,-0.26583842289365733,-0.3414655588538266,-0.2793350430989928,-0.2182945887621037,-0.23560148255032973,-0.3836389340593552,True
2022-11-19 00:00:00+00:00,0.0,0.0,0.0,0.0,0.0,0.0,0.0,0.0,-0.26583842289365733,-0.3414655588538266,-0.2793350430989928,-0.2182945887621037,-0.23560148255032973,-0.3836389340593552,True
2022-11-20 00:00:00+00:00,0.0,0.0,0.0,0.0,0.0,0.0,0.0,0.0,-0.26583842289365733,-0.3414655588538266,-0.2793350430989928,-0.2182945887621037,-0.23560148255032973,-0.3836389340593552,True
2022-11-21 00:00:00+00:00,0.0,0.0,0.0,0.0,0.0,0.0,0.0,0.0,-0.26583842289365733,-0.3414655588538266,-0.2793350430989928,-0.2182945887621037,-0.23560148255032973,-0.3836389340593552,True
2022-11-22 00:00:00+00:00,0.0,0.0,0.0,0.0,0.0,0.0,0.0,0.0,-0.26583842289365733,-0.3414655588538266,-0.2793350430989928,-0.2182945887621037,-0.23560148255032973,-0.3836389340593552,True
2022-11-23 00:00:00+00:00,1.0,1.0,0.0,0.0,0.0,1.0,0.0,0.0,-0.10097340405891236,0.17507753441704213,-0.2793350430989928,-0.2182945887621037,-0.23560148255032973,-0.3836389340593552,True
2022-11-24 00:00:00+00:00,0.0,0.0,0.0,0.0,0.0,0.0,0.0,0.0,-0.26583842289365733,-0.3414655588538266,-0.2793350430989928,-0.2182945887621037,-0.23560148255032973,-0.3836389340593552,True
2022-11-25 00:00:00+00:00,2.0,2.0,1.0,564.0,0.5,0.0,0.0,0.5,0.06389161477583262,0.6916206276879109,0.6488901001181572,1.2515919563476816,3.530700445147634,1.3892925181825588,True
2022-11-26 00:00:00+00:00,0.0,0.0,0.0,0.0,0.0,0.0,0.0,0.0,-0.26583842289365733,-0.3414655588538266,-0.2793350430989928,-0.2182945887621037,-0.23560148255032973,-0.3836389340593552,True
2022-11-27 00:00:00+00:00,0.0,0.0,0.0,0.0,0.0,0.0,0.0,0.0,-0.26583842289365733,-0.3414655588538266,-0.2793350430989928,-0.2182945887621037,-0.23560148255032973,-0.3836389340593552,True
2022-11-28 00:00:00+00:00,7.0,4.0,2.0,194.0,0.4285714285714285,0.0,0.0,0.5,0.8882167089495575,1.7247068142296484,1.5771152433353073,0.28730468384658137,2.9926573126193525,1.3892925181825588,True
2022-11-29 00:00:00+00:00,1.0,1.0,0.0,802.0,0.0,0.0,0.0,0.0,-0.10097340405891236,0.17507753441704213,-0.2793350430989928,1.8718632289294705,-0.23560148255032973,-0.3836389340593552,True
2022-11-30 00:00:00+00:00,0.0,0.0,0.0,0.0,0.0,0.0,0.0,0.0,-0.26583842289365733,-0.3414655588538266,-0.2793350430989928,-0.2182945887621037,-0.23560148255032973,-0.3836389340593552,True
2022-12-01 00:00:00+00:00,0.0,0.0,0.0,0.0,0.0,0.0,0.0,0.0,-0.26583842289365733,-0.3414655588538266,-0.2793350430989928,-0.2182945887621037,-0.23560148255032973,-0.3836389340593552,True
2022-12-02 00:00:00+00:00,0.0,0.0,0.0,0.0,0.0,0.0,0.0,0.0,-0.26583842289365733,-0.3414655588538266,-0.2793350430989928,-0.2182945887621037,-0.23560148255032973,-0.3836389340593552,True
2022-12-03 00:00:00+00:00,0.0,0.0,0.0,0.0,0.0,0.0,0.0,0.0,-0.26583842289365733,-0.3414655588538266,-0.2793350430989928,-0.2182945887621037,-0.23560148255032973,-0.3836389340593552,True
2022-12-04 00:00:00+00:00,0.0,0.0,0.0,0.0,0.0,0.0,0.0,0.0,-0.26583842289365733,-0.3414655588538266,-0.2793350430989928,-0.2182945887621037,-0.23560148255032973,-0.3836389340593552,True
2022-12-05 00:00:00+00:00,0.0,0.0,0.0,0.0,0.0,0.0,0.0,0.0,-0.26583842289365733,-0.3414655588538266,-0.2793350430989928,-0.2182945887621037,-0.23560148255032973,-0.3836389340593552,True
2022-12-06 00:00:00+00:00,2.0,1.0,1.0,4.5,0.0,0.0,0.0,1.0,0.06389161477583262,0.17507753441704213,0.6488901001181572,-0.20656677058303627,-0.23560148255032973,3.1622239704244723,True
2022-12-07 00:00:00+00:00,0.0,0.0,0.0,0.0,0.0,0.0,0.0,0.0,-0.26583842289365733,-0.3414655588538266,-0.2793350430989928,-0.2182945887621037,-0.23560148255032973,-0.3836389340593552,True
2022-12-08 00:00:00+00:00,0.0,0.0,0.0,0.0,0.0,0.0,0.0,0.0,-0.26583842289365733,-0.3414655588538266,-0.2793350430989928,-0.2182945887621037,-0.23560148255032973,-0.3836389340593552,True
2022-12-09 00:00:00+00:00,0.0,0.0,0.0,0.0,0.0,0.0,0.0,0.0,-0.26583842289365733,-0.3414655588538266,-0.2793350430989928,-0.2182945887621037,-0.23560148255032973,-0.3836389340593552,True
2022-12-10 00:00:00+00:00,0.0,0.0,0.0,0.0,0.0,0.0,0.0,0.0,-0.26583842289365733,-0.3414655588538266,-0.2793350430989928,-0.2182945887621037,-0.23560148255032973,-0.3836389340593552,True
2022-12-11 00:00:00+00:00,0.0,0.0,0.0,0.0,0.0,0.0,0.0,0.0,-0.26583842289365733,-0.3414655588538266,-0.2793350430989928,-0.2182945887621037,-0.23560148255032973,-0.3836389340593552,True
2022-12-12 00:00:00+00:00,0.0,0.0,0.0,0.0,0.0,0.0,0.0,0.0,-0.26583842289365733,-0.3414655588538266,-0.2793350430989928,-0.2182945887621037,-0.23560148255032973,-0.3836389340593552,True
2022-12-13 00:00:00+00:00,0.0,0.0,0.0,0.0,0.0,0.0,0.0,0.0,-0.26583842289365733,-0.3414655588538266,-0.2793350430989928,-0.2182945887621037,-0.23560148255032973,-0.3836389340593552,True
2022-12-14 00:00:00+00:00,0.0,0.0,0.0,0.0,0.0,0.0,0.0,0.0,-0.26583842289365733,-0.3414655588538266,-0.2793350430989928,-0.2182945887621037,-0.23560148255032973,-0.3836389340593552,True
2022-12-15 00:00:00+00:00,0.0,0.0,0.0,0.0,0.0,0.0,0.0,0.0,-0.26583842289365733,-0.3414655588538266,-0.2793350430989928,-0.2182945887621037,-0.23560148255032973,-0.3836389340593552,True
2022-12-16 00:00:00+00:00,0.0,0.0,0.0,0.0,0.0,0.0,0.0,0.0,-0.26583842289365733,-0.3414655588538266,-0.2793350430989928,-0.2182945887621037,-0.23560148255032973,-0.3836389340593552,True
2022-12-17 00:00:00+00:00,0.0,0.0,0.0,0.0,0.0,0.0,0.0,0.0,-0.26583842289365733,-0.3414655588538266,-0.2793350430989928,-0.2182945887621037,-0.23560148255032973,-0.3836389340593552,True
2022-12-18 00:00:00+00:00,0.0,0.0,0.0,0.0,0.0,0.0,0.0,0.0,-0.26583842289365733,-0.3414655588538266,-0.2793350430989928,-0.2182945887621037,-0.23560148255032973,-0.3836389340593552,True
2022-12-19 00:00:00+00:00,6.0,1.0,0.0,115.33333333333331,0.0,0.0,0.0,0.0,0.7233516901148125,0.17507753441704213,-0.2793350430989928,0.08228504753103204,-0.23560148255032973,-0.3836389340593552,True
2022-12-20 00:00:00+00:00,2.0,1.0,0.0,298.5,0.0,0.0,0.0,0.0,0.06389161477583262,0.17507753441704213,-0.2793350430989928,0.5596506837827029,-0.23560148255032973,-0.3836389340593552,True
2022-12-21 00:00:00+00:00,0.0,0.0,0.0,0.0,0.0,0.0,0.0,0.0,-0.26583842289365733,-0.3414655588538266,-0.2793350430989928,-0.2182945887621037,-0.23560148255032973,-0.3836389340593552,True
2022-12-22 00:00:00+00:00,2.0,2.0,1.0,20.0,0.0,0.0,0.0,0.5,0.06389161477583262,0.6916206276879109,0.6488901001181572,-0.16617095241069288,-0.23560148255032973,1.3892925181825588,True
2022-12-23 00:00:00+00:00,0.0,0.0,0.0,0.0,0.0,0.0,0.0,0.0,-0.26583842289365733,-0.3414655588538266,-0.2793350430989928,-0.2182945887621037,-0.23560148255032973,-0.3836389340593552,True
2022-12-24 00:00:00+00:00,0.0,0.0,0.0,0.0,0.0,0.0,0.0,0.0,-0.26583842289365733,-0.3414655588538266,-0.2793350430989928,-0.2182945887621037,-0.23560148255032973,-0.3836389340593552,True
2022-12-25 00:00:00+00:00,0.0,0.0,0.0,0.0,0.0,0.0,0.0,0.0,-0.26583842289365733,-0.3414655588538266,-0.2793350430989928,-0.2182945887621037,-0.23560148255032973,-0.3836389340593552,True
2022-12-26 00:00:00+00:00,3.0,2.0,0.0,2460.0,0.0,0.0,0.0,0.0,0.2287566336105776,0.6916206276879109,-0.2793350430989928,6.1929126824614285,-0.23560148255032973,-0.3836389340593552,True
2022-12-27 00:00:00+00:00,1.0,1.0,1.0,24.0,0.0,0.0,0.0,1.0,-0.10097340405891236,0.17507753441704213,0.6488901001181572,-0.1557462251404107,-0.23560148255032973,3.1622239704244723,True
2022-12-28 00:00:00+00:00,2.0,1.0,1.0,2.5,0.0,0.0,0.0,1.0,0.06389161477583262,0.17507753441704213,0.6488901001181572,-0.21177913421817735,-0.23560148255032973,3.1622239704244723,True
2022-12-29 00:00:00+00:00,1.0,1.0,0.0,0.0,0.0,1.0,0.0,0.0,-0.10097340405891236,0.17507753441704213,-0.2793350430989928,-0.2182945887621037,-0.23560148255032973,-0.3836389340593552,True
2022-12-30 00:00:00+00:00,0.0,0.0,0.0,0.0,0.0,0.0,0.0,0.0,-0.26583842289365733,-0.3414655588538266,-0.2793350430989928,-0.2182945887621037,-0.23560148255032973,-0.3836389340593552,True
2022-12-31 00:00:00+00:00,0.0,0.0,0.0,0.0,0.0,0.0,0.0,0.0,-0.26583842289365733,-0.3414655588538266,-0.2793350430989928,-0.2182945887621037,-0.23560148255032973,-0.3836389340593552,True
2023-01-01 00:00:00+00:00,0.0,0.0,0.0,0.0,0.0,0.0,0.0,0.0,-0.26583842289365733,-0.3414655588538266,-0.2793350430989928,-0.2182945887621037,-0.23560148255032973,-0.3836389340593552,True
2023-01-02 00:00:00+00:00,0.0,0.0,0.0,0.0,0.0,0.0,0.0,0.0,-0.26583842289365733,-0.3414655588538266,-0.2793350430989928,-0.2182945887621037,-0.23560148255032973,-0.3836389340593552,True
2023-01-03 00:00:00+00:00,0.0,0.0,0.0,0.0,0.0,0.0,0.0,0.0,-0.26583842289365733,-0.3414655588538266,-0.2793350430989928,-0.2182945887621037,-0.23560148255032973,-0.3836389340593552,True
2023-01-04 00:00:00+00:00,0.0,0.0,0.0,0.0,0.0,0.0,0.0,0.0,-0.26583842289365733,-0.3414655588538266,-0.2793350430989928,-0.2182945887621037,-0.23560148255032973,-0.3836389340593552,True
2023-01-05 00:00:00+00:00,0.0,0.0,0.0,0.0,0.0,0.0,0.0,0.0,-0.26583842289365733,-0.3414655588538266,-0.2793350430989928,-0.2182945887621037,-0.23560148255032973,-0.3836389340593552,True
2023-01-06 00:00:00+00:00,1.0,1.0,1.0,8.0,0.0,0.0,0.0,1.0,-0.10097340405891236,0.17507753441704213,0.6488901001181572,-0.19744513422153936,-0.23560148255032973,3.1622239704244723,True
2023-01-07 00:00:00+00:00,1.0,1.0,1.0,4.0,0.0,0.0,0.0,1.0,-0.10097340405891236,0.17507753441704213,0.6488901001181572,-0.20786986149182154,-0.23560148255032973,3.1622239704244723,True
2023-01-08 00:00:00+00:00,0.0,0.0,0.0,0.0,0.0,0.0,0.0,0.0,-0.26583842289365733,-0.3414655588538266,-0.2793350430989928,-0.2182945887621037,-0.23560148255032973,-0.3836389340593552,True
2023-01-09 00:00:00+00:00,0.0,0.0,0.0,0.0,0.0,0.0,0.0,0.0,-0.26583842289365733,-0.3414655588538266,-0.2793350430989928,-0.2182945887621037,-0.23560148255032973,-0.3836389340593552,True
2023-01-10 00:00:00+00:00,0.0,0.0,0.0,0.0,0.0,0.0,0.0,0.0,-0.26583842289365733,-0.3414655588538266,-0.2793350430989928,-0.2182945887621037,-0.23560148255032973,-0.3836389340593552,True
2023-01-11 00:00:00+00:00,0.0,0.0,0.0,0.0,0.0,0.0,0.0,0.0,-0.26583842289365733,-0.3414655588538266,-0.2793350430989928,-0.2182945887621037,-0.23560148255032973,-0.3836389340593552,True
2023-01-12 00:00:00+00:00,2.0,2.0,2.0,47.0,0.5,0.0,0.0,1.0,0.06389161477583262,0.6916206276879109,1.5771152433353073,-0.09580404333628825,3.530700445147634,3.1622239704244723,True
2023-01-13 00:00:00+00:00,0.0,0.0,0.0,0.0,0.0,0.0,0.0,0.0,-0.26583842289365733,-0.3414655588538266,-0.2793350430989928,-0.2182945887621037,-0.23560148255032973,-0.3836389340593552,True
2023-01-14 00:00:00+00:00,0.0,0.0,0.0,0.0,0.0,0.0,0.0,0.0,-0.26583842289365733,-0.3414655588538266,-0.2793350430989928,-0.2182945887621037,-0.23560148255032973,-0.3836389340593552,True
2023-01-15 00:00:00+00:00,2.0,1.0,1.0,44.0,0.0,0.0,0.0,1.0,0.06389161477583262,0.17507753441704213,0.6488901001181572,-0.10362258878899988,-0.23560148255032973,3.1622239704244723,True
2023-01-16 00:00:00+00:00,0.0,0.0,0.0,0.0,0.0,0.0,0.0,0.0,-0.26583842289365733,-0.3414655588538266,-0.2793350430989928,-0.2182945887621037,-0.23560148255032973,-0.3836389340593552,True
2023-01-17 00:00:00+00:00,0.0,0.0,0.0,0.0,0.0,0.0,0.0,0.0,-0.26583842289365733,-0.3414655588538266,-0.2793350430989928,-0.2182945887621037,-0.23560148255032973,-0.3836389340593552,True
2023-01-18 00:00:00+00:00,0.0,0.0,0.0,0.0,0.0,0.0,0.0,0.0,-0.26583842289365733,-0.3414655588538266,-0.2793350430989928,-0.2182945887621037,-0.23560148255032973,-0.3836389340593552,True
2023-01-19 00:00:00+00:00,0.0,0.0,0.0,0.0,0.0,0.0,0.0,0.0,-0.26583842289365733,-0.3414655588538266,-0.2793350430989928,-0.2182945887621037,-0.23560148255032973,-0.3836389340593552,True
2023-01-20 00:00:00+00:00,1.0,1.0,0.0,4.0,0.0,0.0,0.0,0.0,-0.10097340405891236,0.17507753441704213,-0.2793350430989928,-0.20786986149182154,-0.23560148255032973,-0.3836389340593552,True
2023-01-21 00:00:00+00:00,0.0,0.0,0.0,0.0,0.0,0.0,0.0,0.0,-0.26583842289365733,-0.3414655588538266,-0.2793350430989928,-0.2182945887621037,-0.23560148255032973,-0.3836389340593552,True
2023-01-22 00:00:00+00:00,0.0,0.0,0.0,0.0,0.0,0.0,0.0,0.0,-0.26583842289365733,-0.3414655588538266,-0.2793350430989928,-0.2182945887621037,-0.23560148255032973,-0.3836389340593552,True
2023-01-23 00:00:00+00:00,0.0,0.0,0.0,0.0,0.0,0.0,0.0,0.0,-0.26583842289365733,-0.3414655588538266,-0.2793350430989928,-0.2182945887621037,-0.23560148255032973,-0.3836389340593552,True
2023-01-24 00:00:00+00:00,0.0,0.0,0.0,0.0,0.0,0.0,0.0,0.0,-0.26583842289365733,-0.3414655588538266,-0.2793350430989928,-0.2182945887621037,-0.23560148255032973,-0.3836389340593552,True
2023-01-25 00:00:00+00:00,0.0,0.0,0.0,0.0,0.0,0.0,0.0,0.0,-0.26583842289365733,-0.3414655588538266,-0.2793350430989928,-0.2182945887621037,-0.23560148255032973,-0.3836389340593552,True
2023-01-26 00:00:00+00:00,0.0,0.0,0.0,0.0,0.0,0.0,0.0,0.0,-0.26583842289365733,-0.3414655588538266,-0.2793350430989928,-0.2182945887621037,-0.23560148255032973,-0.3836389340593552,True
2023-01-27 00:00:00+00:00,0.0,0.0,0.0,0.0,0.0,0.0,0.0,0.0,-0.26583842289365733,-0.3414655588538266,-0.2793350430989928,-0.2182945887621037,-0.23560148255032973,-0.3836389340593552,True
2023-01-28 00:00:00+00:00,0.0,0.0,0.0,0.0,0.0,0.0,0.0,0.0,-0.26583842289365733,-0.3414655588538266,-0.2793350430989928,-0.2182945887621037,-0.23560148255032973,-0.3836389340593552,True
2023-01-29 00:00:00+00:00,0.0,0.0,0.0,0.0,0.0,0.0,0.0,0.0,-0.26583842289365733,-0.3414655588538266,-0.2793350430989928,-0.2182945887621037,-0.23560148255032973,-0.3836389340593552,True
2023-01-30 00:00:00+00:00,0.0,0.0,0.0,0.0,0.0,0.0,0.0,0.0,-0.26583842289365733,-0.3414655588538266,-0.2793350430989928,-0.2182945887621037,-0.23560148255032973,-0.3836389340593552,True
2023-01-31 00:00:00+00:00,0.0,0.0,0.0,0.0,0.0,0.0,0.0,0.0,-0.26583842289365733,-0.3414655588538266,-0.2793350430989928,-0.2182945887621037,-0.23560148255032973,-0.3836389340593552,True
2023-02-01 00:00:00+00:00,0.0,0.0,0.0,0.0,0.0,0.0,0.0,0.0,-0.26583842289365733,-0.3414655588538266,-0.2793350430989928,-0.2182945887621037,-0.23560148255032973,-0.3836389340593552,True
2023-02-02 00:00:00+00:00,0.0,0.0,0.0,0.0,0.0,0.0,0.0,0.0,-0.26583842289365733,-0.3414655588538266,-0.2793350430989928,-0.2182945887621037,-0.23560148255032973,-0.3836389340593552,True
2023-02-03 00:00:00+00:00,0.0,0.0,0.0,0.0,0.0,0.0,0.0,0.0,-0.26583842289365733,-0.3414655588538266,-0.2793350430989928,-0.2182945887621037,-0.23560148255032973,-0.3836389340593552,True
2023-02-04 00:00:00+00:00,0.0,0.0,0.0,0.0,0.0,0.0,0.0,0.0,-0.26583842289365733,-0.3414655588538266,-0.2793350430989928,-0.2182945887621037,-0.23560148255032973,-0.3836389340593552,True
2023-02-05 00:00:00+00:00,0.0,0.0,0.0,0.0,0.0,0.0,0.0,0.0,-0.26583842289365733,-0.3414655588538266,-0.2793350430989928,-0.2182945887621037,-0.23560148255032973,-0.3836389340593552,True
2023-02-06 00:00:00+00:00,0.0,0.0,0.0,0.0,0.0,0.0,0.0,0.0,-0.26583842289365733,-0.3414655588538266,-0.2793350430989928,-0.2182945887621037,-0.23560148255032973,-0.3836389340593552,True
2023-02-07 00:00:00+00:00,0.0,0.0,0.0,0.0,0.0,0.0,0.0,0.0,-0.26583842289365733,-0.3414655588538266,-0.2793350430989928,-0.2182945887621037,-0.23560148255032973,-0.3836389340593552,True
2023-02-08 00:00:00+00:00,7.0,4.0,3.0,2056.5,0.2857142857142857,0.1428571428571428,0.0,0.75,0.8882167089495575,1.7247068142296484,2.5053403865524575,5.141318319071715,1.9165710475627922,2.2757582443035154,True
2023-02-09 00:00:00+00:00,0.0,0.0,0.0,0.0,0.0,0.0,0.0,0.0,-0.26583842289365733,-0.3414655588538266,-0.2793350430989928,-0.2182945887621037,-0.23560148255032973,-0.3836389340593552,True
2023-02-10 00:00:00+00:00,0.0,0.0,0.0,0.0,0.0,0.0,0.0,0.0,-0.26583842289365733,-0.3414655588538266,-0.2793350430989928,-0.2182945887621037,-0.23560148255032973,-0.3836389340593552,True
2023-02-11 00:00:00+00:00,0.0,0.0,0.0,0.0,0.0,0.0,0.0,0.0,-0.26583842289365733,-0.3414655588538266,-0.2793350430989928,-0.2182945887621037,-0.23560148255032973,-0.3836389340593552,True
2023-02-12 00:00:00+00:00,0.0,0.0,0.0,0.0,0.0,0.0,0.0,0.0,-0.26583842289365733,-0.3414655588538266,-0.2793350430989928,-0.2182945887621037,-0.23560148255032973,-0.3836389340593552,True
2023-02-13 00:00:00+00:00,0.0,0.0,0.0,0.0,0.0,0.0,0.0,0.0,-0.26583842289365733,-0.3414655588538266,-0.2793350430989928,-0.2182945887621037,-0.23560148255032973,-0.3836389340593552,True
2023-02-14 00:00:00+00:00,0.0,0.0,0.0,0.0,0.0,0.0,0.0,0.0,-0.26583842289365733,-0.3414655588538266,-0.2793350430989928,-0.2182945887621037,-0.23560148255032973,-0.3836389340593552,True
2023-02-15 00:00:00+00:00,0.0,0.0,0.0,0.0,0.0,0.0,0.0,0.0,-0.26583842289365733,-0.3414655588538266,-0.2793350430989928,-0.2182945887621037,-0.23560148255032973,-0.3836389340593552,True
2023-02-16 00:00:00+00:00,0.0,0.0,0.0,0.0,0.0,0.0,0.0,0.0,-0.26583842289365733,-0.3414655588538266,-0.2793350430989928,-0.2182945887621037,-0.23560148255032973,-0.3836389340593552,True
2023-02-17 00:00:00+00:00,0.0,0.0,0.0,0.0,0.0,0.0,0.0,0.0,-0.26583842289365733,-0.3414655588538266,-0.2793350430989928,-0.2182945887621037,-0.23560148255032973,-0.3836389340593552,True
2023-02-18 00:00:00+00:00,8.0,2.0,2.0,198.375,0.0,0.0,0.0,1.0,1.0530817277843025,0.6916206276879109,1.5771152433353073,0.2987067292984525,-0.23560148255032973,3.1622239704244723,True
2023-02-19 00:00:00+00:00,0.0,0.0,0.0,0.0,0.0,0.0,0.0,0.0,-0.26583842289365733,-0.3414655588538266,-0.2793350430989928,-0.2182945887621037,-0.23560148255032973,-0.3836389340593552,True
2023-02-20 00:00:00+00:00,0.0,0.0,0.0,0.0,0.0,0.0,0.0,0.0,-0.26583842289365733,-0.3414655588538266,-0.2793350430989928,-0.2182945887621037,-0.23560148255032973,-0.3836389340593552,True
2023-02-21 00:00:00+00:00,3.0,1.0,0.0,67.0,0.0,0.0,0.0,0.0,0.2287566336105776,0.17507753441704213,-0.2793350430989928,-0.04368040698487743,-0.23560148255032973,-0.3836389340593552,True
2023-02-22 00:00:00+00:00,0.0,0.0,0.0,0.0,0.0,0.0,0.0,0.0,-0.26583842289365733,-0.3414655588538266,-0.2793350430989928,-0.2182945887621037,-0.23560148255032973,-0.3836389340593552,True
2023-02-23 00:00:00+00:00,2.0,2.0,1.0,365.0,0.0,0.0,0.0,0.5,0.06389161477583262,0.6916206276879109,0.6488901001181572,0.7329617746511439,-0.23560148255032973,1.3892925181825588,True
2023-02-24 00:00:00+00:00,0.0,0.0,0.0,0.0,0.0,0.0,0.0,0.0,-0.26583842289365733,-0.3414655588538266,-0.2793350430989928,-0.2182945887621037,-0.23560148255032973,-0.3836389340593552,True
2023-02-25 00:00:00+00:00,0.0,0.0,0.0,0.0,0.0,0.0,0.0,0.0,-0.26583842289365733,-0.3414655588538266,-0.2793350430989928,-0.2182945887621037,-0.23560148255032973,-0.3836389340593552,True
2023-02-26 00:00:00+00:00,0.0,0.0,0.0,0.0,0.0,0.0,0.0,0.0,-0.26583842289365733,-0.3414655588538266,-0.2793350430989928,-0.2182945887621037,-0.23560148255032973,-0.3836389340593552,True
2023-02-27 00:00:00+00:00,0.0,0.0,0.0,0.0,0.0,0.0,0.0,0.0,-0.26583842289365733,-0.3414655588538266,-0.2793350430989928,-0.2182945887621037,-0.23560148255032973,-0.3836389340593552,True
2023-02-28 00:00:00+00:00,0.0,0.0,0.0,0.0,0.0,0.0,0.0,0.0,-0.26583842289365733,-0.3414655588538266,-0.2793350430989928,-0.2182945887621037,-0.23560148255032973,-0.3836389340593552,True
2023-03-01 00:00:00+00:00,0.0,0.0,0.0,0.0,0.0,0.0,0.0,0.0,-0.26583842289365733,-0.3414655588538266,-0.2793350430989928,-0.2182945887621037,-0.23560148255032973,-0.3836389340593552,True
2023-03-02 00:00:00+00:00,0.0,0.0,0.0,0.0,0.0,0.0,0.0,0.0,-0.26583842289365733,-0.3414655588538266,-0.2793350430989928,-0.2182945887621037,-0.23560148255032973,-0.3836389340593552,True
2023-03-03 00:00:00+00:00,0.0,0.0,0.0,0.0,0.0,0.0,0.0,0.0,-0.26583842289365733,-0.3414655588538266,-0.2793350430989928,-0.2182945887621037,-0.23560148255032973,-0.3836389340593552,True
2023-03-04 00:00:00+00:00,0.0,0.0,0.0,0.0,0.0,0.0,0.0,0.0,-0.26583842289365733,-0.3414655588538266,-0.2793350430989928,-0.2182945887621037,-0.23560148255032973,-0.3836389340593552,True
2023-03-05 00:00:00+00:00,0.0,0.0,0.0,0.0,0.0,0.0,0.0,0.0,-0.26583842289365733,-0.3414655588538266,-0.2793350430989928,-0.2182945887621037,-0.23560148255032973,-0.3836389340593552,True
2023-03-06 00:00:00+00:00,0.0,0.0,0.0,0.0,0.0,0.0,0.0,0.0,-0.26583842289365733,-0.3414655588538266,-0.2793350430989928,-0.2182945887621037,-0.23560148255032973,-0.3836389340593552,True
2023-03-07 00:00:00+00:00,0.0,0.0,0.0,0.0,0.0,0.0,0.0,0.0,-0.26583842289365733,-0.3414655588538266,-0.2793350430989928,-0.2182945887621037,-0.23560148255032973,-0.3836389340593552,True
2023-03-08 00:00:00+00:00,0.0,0.0,0.0,0.0,0.0,0.0,0.0,0.0,-0.26583842289365733,-0.3414655588538266,-0.2793350430989928,-0.2182945887621037,-0.23560148255032973,-0.3836389340593552,True
2023-03-09 00:00:00+00:00,0.0,0.0,0.0,0.0,0.0,0.0,0.0,0.0,-0.26583842289365733,-0.3414655588538266,-0.2793350430989928,-0.2182945887621037,-0.23560148255032973,-0.3836389340593552,True
2023-03-10 00:00:00+00:00,0.0,0.0,0.0,0.0,0.0,0.0,0.0,0.0,-0.26583842289365733,-0.3414655588538266,-0.2793350430989928,-0.2182945887621037,-0.23560148255032973,-0.3836389340593552,True
2023-03-11 00:00:00+00:00,0.0,0.0,0.0,0.0,0.0,0.0,0.0,0.0,-0.26583842289365733,-0.3414655588538266,-0.2793350430989928,-0.2182945887621037,-0.23560148255032973,-0.3836389340593552,True
2023-03-12 00:00:00+00:00,1.0,1.0,0.0,5.0,0.0,0.0,0.0,0.0,-0.10097340405891236,0.17507753441704213,-0.2793350430989928,-0.205263679674251,-0.23560148255032973,-0.3836389340593552,True
2023-03-13 00:00:00+00:00,0.0,0.0,0.0,0.0,0.0,0.0,0.0,0.0,-0.26583842289365733,-0.3414655588538266,-0.2793350430989928,-0.2182945887621037,-0.23560148255032973,-0.3836389340593552,True
2023-03-14 00:00:00+00:00,0.0,0.0,0.0,0.0,0.0,0.0,0.0,0.0,-0.26583842289365733,-0.3414655588538266,-0.2793350430989928,-0.2182945887621037,-0.23560148255032973,-0.3836389340593552,True
2023-03-15 00:00:00+00:00,0.0,0.0,0.0,0.0,0.0,0.0,0.0,0.0,-0.26583842289365733,-0.3414655588538266,-0.2793350430989928,-0.2182945887621037,-0.23560148255032973,-0.3836389340593552,True
2023-03-16 00:00:00+00:00,0.0,0.0,0.0,0.0,0.0,0.0,0.0,0.0,-0.26583842289365733,-0.3414655588538266,-0.2793350430989928,-0.2182945887621037,-0.23560148255032973,-0.3836389340593552,True
2023-03-17 00:00:00+00:00,0.0,0.0,0.0,0.0,0.0,0.0,0.0,0.0,-0.26583842289365733,-0.3414655588538266,-0.2793350430989928,-0.2182945887621037,-0.23560148255032973,-0.3836389340593552,True
2023-03-18 00:00:00+00:00,1.0,1.0,1.0,331.0,0.0,0.0,0.0,1.0,-0.10097340405891236,0.17507753441704213,0.6488901001181572,0.6443515928537455,-0.23560148255032973,3.1622239704244723,True
2023-03-19 00:00:00+00:00,1.0,1.0,0.0,373.0,0.0,0.0,0.0,0.0,-0.10097340405891236,0.17507753441704213,-0.2793350430989928,0.7538112291917082,-0.23560148255032973,-0.3836389340593552,True
2023-03-20 00:00:00+00:00,3.0,1.0,0.0,1990.3333333333333,0.3333333333333333,0.0,0.0,0.0,0.2287566336105776,0.17507753441704213,-0.2793350430989928,4.968875955475798,2.2752664692483124,-0.3836389340593552,True
2023-03-21 00:00:00+00:00,2.0,2.0,2.0,11.0,0.5,0.0,0.0,1.0,0.06389161477583262,0.6916206276879109,1.5771152433353073,-0.18962658876882774,3.530700445147634,3.1622239704244723,True
2023-03-22 00:00:00+00:00,2.0,2.0,1.0,21.0,0.5,0.0,0.0,0.5,0.06389161477583262,0.6916206276879109,0.6488901001181572,-0.16356477059312233,3.530700445147634,1.3892925181825588,True
2023-03-23 00:00:00+00:00,11.0,4.0,0.0,245.9090909090909,0.0909090909090909,0.0,0.0,0.0,1.5476767842885373,1.7247068142296484,-0.2793350430989928,0.42258921274047034,0.4491806861220272,-0.3836389340593552,True
2023-03-24 00:00:00+00:00,7.0,4.0,1.0,702.4285714285714,0.2857142857142857,0.0,0.0,0.25,0.8882167089495575,1.7247068142296484,0.6488901001181572,1.6123619822370896,1.9165710475627922,0.5028267920616017,True
2023-03-25 00:00:00+00:00,0.0,0.0,0.0,0.0,0.0,0.0,0.0,0.0,-0.26583842289365733,-0.3414655588538266,-0.2793350430989928,-0.2182945887621037,-0.23560148255032973,-0.3836389340593552,True
2023-03-26 00:00:00+00:00,3.0,1.0,0.0,198.33333333333331,0.0,0.0,0.0,0.0,0.2287566336105776,0.17507753441704213,-0.2793350430989928,0.298598138389387,-0.23560148255032973,-0.3836389340593552,True
2023-03-27 00:00:00+00:00,2.0,2.0,0.0,406.0,0.5,0.0,0.0,0.0,0.06389161477583262,0.6916206276879109,-0.2793350430989928,0.8398152291715361,3.530700445147634,-0.3836389340593552,True
2023-03-28 00:00:00+00:00,2.0,2.0,0.0,721.5,0.5,0.0,0.0,0.0,0.06389161477583262,0.6916206276879109,-0.2793350430989928,1.6620655926150418,3.530700445147634,-0.3836389340593552,True
2023-03-29 00:00:00+00:00,1.0,1.0,0.0,825.0,0.0,0.0,0.0,0.0,-0.10097340405891236,0.17507753441704213,-0.2793350430989928,1.931805410733593,-0.23560148255032973,-0.3836389340593552,True
2023-03-30 00:00:00+00:00,5.0,2.0,1.0,369.0,0.2,0.2,0.0,0.5,0.5584866712800676,0.6916206276879109,0.6488901001181572,0.7433865019214261,1.2709192885288558,1.3892925181825588,True
2023-03-31 00:00:00+00:00,22.0,5.0,1.0,158.52380952380952,0.0454545454545454,0.0454545454545454,0.0,0.2,3.361191991470732,2.2412499075005172,0.6488901001181572,0.1948472812708645,0.10678960178584837,0.32553364683741043,True
2023-04-01 00:00:00+00:00,32.0,5.0,0.0,564.75,0.03125,0.0,0.0,0.0,5.009842179818182,2.2412499075005172,-0.2793350430989928,1.2535465927108596,-0.00020761206920699577,-0.3836389340593552,True
2023-04-02 00:00:00+00:00,19.0,4.0,1.0,148.55555555555554,0.0,0.0526315789473684,0.0,0.25,2.866596934966497,1.7247068142296484,0.6488901001181572,0.1688681990258756,-0.23560148255032973,0.5028267920616017,True
2023-04-03 00:00:00+00:00,16.0,3.0,0.0,508.8666666666667,0.0625,0.0625,0.0,0.0,2.372001878462262,1.2081637209587797,-0.2793350430989928,1.1079044654722925,0.23518625841191573,-0.3836389340593552,True
2023-04-04 00:00:00+00:00,7.0,2.0,0.0,83.71428571428571,0.0,0.0,0.0,0.0,0.8882167089495575,0.6916206276879109,-0.2793350430989928,-0.0001199394626269605,-0.23560148255032973,-0.3836389340593552,True
2023-04-05 00:00:00+00:00,7.0,4.0,0.0,26.142857142857142,0.0,0.0,0.0,0.0,0.8882167089495575,1.7247068142296484,-0.2793350430989928,-0.15016154981704527,-0.23560148255032973,-0.3836389340593552,True
2023-04-06 00:00:00+00:00,0.0,0.0,0.0,0.0,0.0,0.0,0.0,0.0,-0.26583842289365733,-0.3414655588538266,-0.2793350430989928,-0.2182945887621037,-0.23560148255032973,-0.3836389340593552,True
2023-04-07 00:00:00+00:00,0.0,0.0,0.0,0.0,0.0,0.0,0.0,0.0,-0.26583842289365733,-0.3414655588538266,-0.2793350430989928,-0.2182945887621037,-0.23560148255032973,-0.3836389340593552,True
2023-04-08 00:00:00+00:00,0.0,0.0,0.0,0.0,0.0,0.0,0.0,0.0,-0.26583842289365733,-0.3414655588538266,-0.2793350430989928,-0.2182945887621037,-0.23560148255032973,-0.3836389340593552,True
2023-04-09 00:00:00+00:00,0.0,0.0,0.0,0.0,0.0,0.0,0.0,0.0,-0.26583842289365733,-0.3414655588538266,-0.2793350430989928,-0.2182945887621037,-0.23560148255032973,-0.3836389340593552,True
2023-04-10 00:00:00+00:00,0.0,0.0,0.0,0.0,0.0,0.0,0.0,0.0,-0.26583842289365733,-0.3414655588538266,-0.2793350430989928,-0.2182945887621037,-0.23560148255032973,-0.3836389340593552,True
2023-04-11 00:00:00+00:00,1.0,1.0,1.0,5.0,0.0,0.0,0.0,1.0,-0.10097340405891236,0.17507753441704213,0.6488901001181572,-0.205263679674251,-0.23560148255032973,3.1622239704244723,True
2023-04-12 00:00:00+00:00,4.0,4.0,1.0,220.0,0.5,0.0,0.0,0.25,0.39362165244532255,1.7247068142296484,0.6488901001181572,0.35506541110341544,3.530700445147634,0.5028267920616017,True
2023-04-13 00:00:00+00:00,0.0,0.0,0.0,0.0,0.0,0.0,0.0,0.0,-0.26583842289365733,-0.3414655588538266,-0.2793350430989928,-0.2182945887621037,-0.23560148255032973,-0.3836389340593552,True
2023-04-14 00:00:00+00:00,2.0,2.0,0.0,75.0,0.0,0.5,0.0,0.0,0.06389161477583262,0.6916206276879109,-0.2793350430989928,-0.02283095244431309,-0.23560148255032973,-0.3836389340593552,True
2023-04-15 00:00:00+00:00,0.0,0.0,0.0,0.0,0.0,0.0,0.0,0.0,-0.26583842289365733,-0.3414655588538266,-0.2793350430989928,-0.2182945887621037,-0.23560148255032973,-0.3836389340593552,True
2023-04-16 00:00:00+00:00,0.0,0.0,0.0,0.0,0.0,0.0,0.0,0.0,-0.26583842289365733,-0.3414655588538266,-0.2793350430989928,-0.2182945887621037,-0.23560148255032973,-0.3836389340593552,True
2023-04-17 00:00:00+00:00,2.0,2.0,1.0,19.0,0.5,0.0,0.0,0.5,0.06389161477583262,0.6916206276879109,0.6488901001181572,-0.1687771342282634,3.530700445147634,1.3892925181825588,True
2023-04-18 00:00:00+00:00,0.0,0.0,0.0,0.0,0.0,0.0,0.0,0.0,-0.26583842289365733,-0.3414655588538266,-0.2793350430989928,-0.2182945887621037,-0.23560148255032973,-0.3836389340593552,True
2023-04-19 00:00:00+00:00,0.0,0.0,0.0,0.0,0.0,0.0,0.0,0.0,-0.26583842289365733,-0.3414655588538266,-0.2793350430989928,-0.2182945887621037,-0.23560148255032973,-0.3836389340593552,True
2023-04-20 00:00:00+00:00,0.0,0.0,0.0,0.0,0.0,0.0,0.0,0.0,-0.26583842289365733,-0.3414655588538266,-0.2793350430989928,-0.2182945887621037,-0.23560148255032973,-0.3836389340593552,True
2023-04-21 00:00:00+00:00,37.0,3.0,0.0,289.9189189189189,0.081081081081081,0.0,0.0,0.0,5.834167273991906,1.2081637209587797,-0.2793350430989928,0.5372868262940909,0.3751501814006908,-0.3836389340593552,True
2023-04-22 00:00:00+00:00,2.0,1.0,0.0,8.0,0.0,0.0,0.0,0.0,0.06389161477583262,0.17507753441704213,-0.2793350430989928,-0.19744513422153936,-0.23560148255032973,-0.3836389340593552,True
2023-04-23 00:00:00+00:00,6.0,1.0,0.0,429.3333333333333,0.0,0.0,0.0,0.0,0.7233516901148125,0.17507753441704213,-0.2793350430989928,0.9006261382481822,-0.23560148255032973,-0.3836389340593552,True
2023-04-24 00:00:00+00:00,12.0,4.0,0.0,129.1,0.0833333333333333,0.1666666666666666,0.0,0.0,1.7125418031232822,1.7247068142296484,-0.2793350430989928,0.1181634838862532,0.3921155053993306,-0.3836389340593552,True
2023-04-25 00:00:00+00:00,1.0,1.0,0.0,31.0,0.0,0.0,0.0,0.0,-0.10097340405891236,0.17507753441704213,-0.2793350430989928,-0.13750295241741692,-0.23560148255032973,-0.3836389340593552,True
2023-04-26 00:00:00+00:00,3.0,3.0,3.0,13.666666666666666,0.3333333333333333,0.0,0.0,1.0,0.2287566336105776,1.2081637209587797,2.5053403865524575,-0.18267677058863963,2.2752664692483124,3.1622239704244723,True
2023-04-27 00:00:00+00:00,0.0,0.0,0.0,0.0,0.0,0.0,0.0,0.0,-0.26583842289365733,-0.3414655588538266,-0.2793350430989928,-0.2182945887621037,-0.23560148255032973,-0.3836389340593552,True
2023-04-28 00:00:00+00:00,0.0,0.0,0.0,0.0,0.0,0.0,0.0,0.0,-0.26583842289365733,-0.3414655588538266,-0.2793350430989928,-0.2182945887621037,-0.23560148255032973,-0.3836389340593552,True
2023-04-29 00:00:00+00:00,0.0,0.0,0.0,0.0,0.0,0.0,0.0,0.0,-0.26583842289365733,-0.3414655588538266,-0.2793350430989928,-0.2182945887621037,-0.23560148255032973,-0.3836389340593552,True
2023-04-30 00:00:00+00:00,0.0,0.0,0.0,0.0,0.0,0.0,0.0,0.0,-0.26583842289365733,-0.3414655588538266,-0.2793350430989928,-0.2182945887621037,-0.23560148255032973,-0.3836389340593552,True
2023-05-01 00:00:00+00:00,2.0,2.0,1.0,2595.0,0.5,0.0,0.0,0.5,0.06389161477583262,0.6916206276879109,0.6488901001181572,6.544747227833451,3.530700445147634,1.3892925181825588,True
2023-05-02 00:00:00+00:00,2.0,1.0,1.0,9.0,0.0,0.0,0.0,1.0,0.06389161477583262,0.17507753441704213,0.6488901001181572,-0.19483895240396884,-0.23560148255032973,3.1622239704244723,True
2023-05-03 00:00:00+00:00,1.0,1.0,0.0,18.0,1.0,0.0,0.0,0.0,-0.10097340405891236,0.17507753441704213,-0.2793350430989928,-0.17138331604583396,7.297002372845597,-0.3836389340593552,True
2023-05-04 00:00:00+00:00,0.0,0.0,0.0,0.0,0.0,0.0,0.0,0.0,-0.26583842289365733,-0.3414655588538266,-0.2793350430989928,-0.2182945887621037,-0.23560148255032973,-0.3836389340593552,True
2023-05-05 00:00:00+00:00,0.0,0.0,0.0,0.0,0.0,0.0,0.0,0.0,-0.26583842289365733,-0.3414655588538266,-0.2793350430989928,-0.2182945887621037,-0.23560148255032973,-0.3836389340593552,True
2023-05-06 00:00:00+00:00,0.0,0.0,0.0,0.0,0.0,0.0,0.0,0.0,-0.26583842289365733,-0.3414655588538266,-0.2793350430989928,-0.2182945887621037,-0.23560148255032973,-0.3836389340593552,True
2023-05-07 00:00:00+00:00,0.0,0.0,0.0,0.0,0.0,0.0,0.0,0.0,-0.26583842289365733,-0.3414655588538266,-0.2793350430989928,-0.2182945887621037,-0.23560148255032973,-0.3836389340593552,True
2023-05-08 00:00:00+00:00,2.0,2.0,1.0,5.0,0.5,0.0,0.0,0.5,0.06389161477583262,0.6916206276879109,0.6488901001181572,-0.205263679674251,3.530700445147634,1.3892925181825588,True
2023-05-09 00:00:00+00:00,0.0,0.0,0.0,0.0,0.0,0.0,0.0,0.0,-0.26583842289365733,-0.3414655588538266,-0.2793350430989928,-0.2182945887621037,-0.23560148255032973,-0.3836389340593552,True
2023-05-10 00:00:00+00:00,0.0,0.0,0.0,0.0,0.0,0.0,0.0,0.0,-0.26583842289365733,-0.3414655588538266,-0.2793350430989928,-0.2182945887621037,-0.23560148255032973,-0.3836389340593552,True
2023-05-11 00:00:00+00:00,0.0,0.0,0.0,0.0,0.0,0.0,0.0,0.0,-0.26583842289365733,-0.3414655588538266,-0.2793350430989928,-0.2182945887621037,-0.23560148255032973,-0.3836389340593552,True
2023-05-12 00:00:00+00:00,0.0,0.0,0.0,0.0,0.0,0.0,0.0,0.0,-0.26583842289365733,-0.3414655588538266,-0.2793350430989928,-0.2182945887621037,-0.23560148255032973,-0.3836389340593552,True
2023-05-13 00:00:00+00:00,0.0,0.0,0.0,0.0,0.0,0.0,0.0,0.0,-0.26583842289365733,-0.3414655588538266,-0.2793350430989928,-0.2182945887621037,-0.23560148255032973,-0.3836389340593552,True
2023-05-14 00:00:00+00:00,0.0,0.0,0.0,0.0,0.0,0.0,0.0,0.0,-0.26583842289365733,-0.3414655588538266,-0.2793350430989928,-0.2182945887621037,-0.23560148255032973,-0.3836389340593552,True
2023-05-15 00:00:00+00:00,0.0,0.0,0.0,0.0,0.0,0.0,0.0,0.0,-0.26583842289365733,-0.3414655588538266,-0.2793350430989928,-0.2182945887621037,-0.23560148255032973,-0.3836389340593552,True
2023-05-16 00:00:00+00:00,0.0,0.0,0.0,0.0,0.0,0.0,0.0,0.0,-0.26583842289365733,-0.3414655588538266,-0.2793350430989928,-0.2182945887621037,-0.23560148255032973,-0.3836389340593552,True
2023-05-17 00:00:00+00:00,0.0,0.0,0.0,0.0,0.0,0.0,0.0,0.0,-0.26583842289365733,-0.3414655588538266,-0.2793350430989928,-0.2182945887621037,-0.23560148255032973,-0.3836389340593552,True
2023-05-18 00:00:00+00:00,0.0,0.0,0.0,0.0,0.0,0.0,0.0,0.0,-0.26583842289365733,-0.3414655588538266,-0.2793350430989928,-0.2182945887621037,-0.23560148255032973,-0.3836389340593552,True
2023-05-19 00:00:00+00:00,6.0,4.0,2.0,10.0,0.3333333333333333,0.0,0.0,0.5,0.7233516901148125,1.7247068142296484,1.5771152433353073,-0.1922327705863983,2.2752664692483124,1.3892925181825588,True
2023-05-20 00:00:00+00:00,0.0,0.0,0.0,0.0,0.0,0.0,0.0,0.0,-0.26583842289365733,-0.3414655588538266,-0.2793350430989928,-0.2182945887621037,-0.23560148255032973,-0.3836389340593552,True
2023-05-21 00:00:00+00:00,0.0,0.0,0.0,0.0,0.0,0.0,0.0,0.0,-0.26583842289365733,-0.3414655588538266,-0.2793350430989928,-0.2182945887621037,-0.23560148255032973,-0.3836389340593552,True
2023-05-22 00:00:00+00:00,0.0,0.0,0.0,0.0,0.0,0.0,0.0,0.0,-0.26583842289365733,-0.3414655588538266,-0.2793350430989928,-0.2182945887621037,-0.23560148255032973,-0.3836389340593552,True
2023-05-23 00:00:00+00:00,0.0,0.0,0.0,0.0,0.0,0.0,0.0,0.0,-0.26583842289365733,-0.3414655588538266,-0.2793350430989928,-0.2182945887621037,-0.23560148255032973,-0.3836389340593552,True
2023-05-24 00:00:00+00:00,0.0,0.0,0.0,0.0,0.0,0.0,0.0,0.0,-0.26583842289365733,-0.3414655588538266,-0.2793350430989928,-0.2182945887621037,-0.23560148255032973,-0.3836389340593552,True
2023-05-25 00:00:00+00:00,1.0,1.0,0.0,0.0,0.0,1.0,0.0,0.0,-0.10097340405891236,0.17507753441704213,-0.2793350430989928,-0.2182945887621037,-0.23560148255032973,-0.3836389340593552,True
2023-05-26 00:00:00+00:00,1.0,1.0,1.0,4.0,0.0,0.0,0.0,1.0,-0.10097340405891236,0.17507753441704213,0.6488901001181572,-0.20786986149182154,-0.23560148255032973,3.1622239704244723,True
2023-05-27 00:00:00+00:00,1.0,1.0,1.0,116.0,0.0,0.0,0.0,1.0,-0.10097340405891236,0.17507753441704213,0.6488901001181572,0.08402250207607911,-0.23560148255032973,3.1622239704244723,True
2023-05-28 00:00:00+00:00,0.0,0.0,0.0,0.0,0.0,0.0,0.0,0.0,-0.26583842289365733,-0.3414655588538266,-0.2793350430989928,-0.2182945887621037,-0.23560148255032973,-0.3836389340593552,True
2023-05-29 00:00:00+00:00,0.0,0.0,0.0,0.0,0.0,0.0,0.0,0.0,-0.26583842289365733,-0.3414655588538266,-0.2793350430989928,-0.2182945887621037,-0.23560148255032973,-0.3836389340593552,True
2023-05-30 00:00:00+00:00,2.0,2.0,1.0,118.0,0.5,0.0,0.0,0.5,0.06389161477583262,0.6916206276879109,0.6488901001181572,0.08923486571122019,3.530700445147634,1.3892925181825588,True
2023-05-31 00:00:00+00:00,0.0,0.0,0.0,0.0,0.0,0.0,0.0,0.0,-0.26583842289365733,-0.3414655588538266,-0.2793350430989928,-0.2182945887621037,-0.23560148255032973,-0.3836389340593552,True
2023-06-01 00:00:00+00:00,0.0,0.0,0.0,0.0,0.0,0.0,0.0,0.0,-0.26583842289365733,-0.3414655588538266,-0.2793350430989928,-0.2182945887621037,-0.23560148255032973,-0.3836389340593552,True
2023-06-02 00:00:00+00:00,0.0,0.0,0.0,0.0,0.0,0.0,0.0,0.0,-0.26583842289365733,-0.3414655588538266,-0.2793350430989928,-0.2182945887621037,-0.23560148255032973,-0.3836389340593552,True
2023-06-03 00:00:00+00:00,1.0,1.0,1.0,665.0,0.0,0.0,0.0,1.0,-0.10097340405891236,0.17507753441704213,0.6488901001181572,1.5148163199223064,-0.23560148255032973,3.1622239704244723,True
2023-06-04 00:00:00+00:00,0.0,0.0,0.0,0.0,0.0,0.0,0.0,0.0,-0.26583842289365733,-0.3414655588538266,-0.2793350430989928,-0.2182945887621037,-0.23560148255032973,-0.3836389340593552,True
2023-06-05 00:00:00+00:00,0.0,0.0,0.0,0.0,0.0,0.0,0.0,0.0,-0.26583842289365733,-0.3414655588538266,-0.2793350430989928,-0.2182945887621037,-0.23560148255032973,-0.3836389340593552,True
2023-06-06 00:00:00+00:00,0.0,0.0,0.0,0.0,0.0,0.0,0.0,0.0,-0.26583842289365733,-0.3414655588538266,-0.2793350430989928,-0.2182945887621037,-0.23560148255032973,-0.3836389340593552,True
2023-06-07 00:00:00+00:00,0.0,0.0,0.0,0.0,0.0,0.0,0.0,0.0,-0.26583842289365733,-0.3414655588538266,-0.2793350430989928,-0.2182945887621037,-0.23560148255032973,-0.3836389340593552,True
2023-06-08 00:00:00+00:00,0.0,0.0,0.0,0.0,0.0,0.0,0.0,0.0,-0.26583842289365733,-0.3414655588538266,-0.2793350430989928,-0.2182945887621037,-0.23560148255032973,-0.3836389340593552,True
2023-06-09 00:00:00+00:00,0.0,0.0,0.0,0.0,0.0,0.0,0.0,0.0,-0.26583842289365733,-0.3414655588538266,-0.2793350430989928,-0.2182945887621037,-0.23560148255032973,-0.3836389340593552,True
2023-06-10 00:00:00+00:00,0.0,0.0,0.0,0.0,0.0,0.0,0.0,0.0,-0.26583842289365733,-0.3414655588538266,-0.2793350430989928,-0.2182945887621037,-0.23560148255032973,-0.3836389340593552,True
2023-06-11 00:00:00+00:00,0.0,0.0,0.0,0.0,0.0,0.0,0.0,0.0,-0.26583842289365733,-0.3414655588538266,-0.2793350430989928,-0.2182945887621037,-0.23560148255032973,-0.3836389340593552,True
2023-06-12 00:00:00+00:00,0.0,0.0,0.0,0.0,0.0,0.0,0.0,0.0,-0.26583842289365733,-0.3414655588538266,-0.2793350430989928,-0.2182945887621037,-0.23560148255032973,-0.3836389340593552,True
2023-06-13 00:00:00+00:00,0.0,0.0,0.0,0.0,0.0,0.0,0.0,0.0,-0.26583842289365733,-0.3414655588538266,-0.2793350430989928,-0.2182945887621037,-0.23560148255032973,-0.3836389340593552,True
2023-06-14 00:00:00+00:00,0.0,0.0,0.0,0.0,0.0,0.0,0.0,0.0,-0.26583842289365733,-0.3414655588538266,-0.2793350430989928,-0.2182945887621037,-0.23560148255032973,-0.3836389340593552,True
2023-06-15 00:00:00+00:00,0.0,0.0,0.0,0.0,0.0,0.0,0.0,0.0,-0.26583842289365733,-0.3414655588538266,-0.2793350430989928,-0.2182945887621037,-0.23560148255032973,-0.3836389340593552,True
2023-06-16 00:00:00+00:00,4.0,4.0,2.0,723.3333333333334,0.0,0.25,0.0,0.5,0.39362165244532255,1.7247068142296484,1.5771152433353073,1.6668435926139213,-0.23560148255032973,1.3892925181825588,True
2023-06-17 00:00:00+00:00,1.0,1.0,0.0,2166.0,1.0,0.0,0.0,0.0,-0.10097340405891236,0.17507753441704213,-0.2793350430989928,5.426695228095689,7.297002372845597,-0.3836389340593552,True
2023-06-18 00:00:00+00:00,0.0,0.0,0.0,0.0,0.0,0.0,0.0,0.0,-0.26583842289365733,-0.3414655588538266,-0.2793350430989928,-0.2182945887621037,-0.23560148255032973,-0.3836389340593552,True
2023-06-19 00:00:00+00:00,0.0,0.0,0.0,0.0,0.0,0.0,0.0,0.0,-0.26583842289365733,-0.3414655588538266,-0.2793350430989928,-0.2182945887621037,-0.23560148255032973,-0.3836389340593552,True
2023-06-20 00:00:00+00:00,2.0,2.0,1.0,1779.0,0.0,0.0,0.0,0.5,0.06389161477583262,0.6916206276879109,0.6488901001181572,4.41810286469589,-0.23560148255032973,1.3892925181825588,True
2023-06-21 00:00:00+00:00,2.0,1.0,0.0,748.0,0.0,0.0,0.0,0.0,0.06389161477583262,0.17507753441704213,-0.2793350430989928,1.7311294107806612,-0.23560148255032973,-0.3836389340593552,True
2023-06-22 00:00:00+00:00,0.0,0.0,0.0,0.0,0.0,0.0,0.0,0.0,-0.26583842289365733,-0.3414655588538266,-0.2793350430989928,-0.2182945887621037,-0.23560148255032973,-0.3836389340593552,True
2023-06-23 00:00:00+00:00,0.0,0.0,0.0,0.0,0.0,0.0,0.0,0.0,-0.26583842289365733,-0.3414655588538266,-0.2793350430989928,-0.2182945887621037,-0.23560148255032973,-0.3836389340593552,True
2023-06-24 00:00:00+00:00,0.0,0.0,0.0,0.0,0.0,0.0,0.0,0.0,-0.26583842289365733,-0.3414655588538266,-0.2793350430989928,-0.2182945887621037,-0.23560148255032973,-0.3836389340593552,True
2023-06-25 00:00:00+00:00,0.0,0.0,0.0,0.0,0.0,0.0,0.0,0.0,-0.26583842289365733,-0.3414655588538266,-0.2793350430989928,-0.2182945887621037,-0.23560148255032973,-0.3836389340593552,True
2023-06-26 00:00:00+00:00,0.0,0.0,0.0,0.0,0.0,0.0,0.0,0.0,-0.26583842289365733,-0.3414655588538266,-0.2793350430989928,-0.2182945887621037,-0.23560148255032973,-0.3836389340593552,True
2023-06-27 00:00:00+00:00,1.0,1.0,1.0,4.0,0.0,0.0,0.0,1.0,-0.10097340405891236,0.17507753441704213,0.6488901001181572,-0.20786986149182154,-0.23560148255032973,3.1622239704244723,True
2023-06-28 00:00:00+00:00,0.0,0.0,0.0,0.0,0.0,0.0,0.0,0.0,-0.26583842289365733,-0.3414655588538266,-0.2793350430989928,-0.2182945887621037,-0.23560148255032973,-0.3836389340593552,True
2023-06-29 00:00:00+00:00,0.0,0.0,0.0,0.0,0.0,0.0,0.0,0.0,-0.26583842289365733,-0.3414655588538266,-0.2793350430989928,-0.2182945887621037,-0.23560148255032973,-0.3836389340593552,True
2023-06-30 00:00:00+00:00,0.0,0.0,0.0,0.0,0.0,0.0,0.0,0.0,-0.26583842289365733,-0.3414655588538266,-0.2793350430989928,-0.2182945887621037,-0.23560148255032973,-0.3836389340593552,True
2023-07-01 00:00:00+00:00,0.0,0.0,0.0,0.0,0.0,0.0,0.0,0.0,-0.26583842289365733,-0.3414655588538266,-0.2793350430989928,-0.2182945887621037,-0.23560148255032973,-0.3836389340593552,True
2023-07-02 00:00:00+00:00,0.0,0.0,0.0,0.0,0.0,0.0,0.0,0.0,-0.26583842289365733,-0.3414655588538266,-0.2793350430989928,-0.2182945887621037,-0.23560148255032973,-0.3836389340593552,True
2023-07-03 00:00:00+00:00,0.0,0.0,0.0,0.0,0.0,0.0,0.0,0.0,-0.26583842289365733,-0.3414655588538266,-0.2793350430989928,-0.2182945887621037,-0.23560148255032973,-0.3836389340593552,True
2023-07-04 00:00:00+00:00,0.0,0.0,0.0,0.0,0.0,0.0,0.0,0.0,-0.26583842289365733,-0.3414655588538266,-0.2793350430989928,-0.2182945887621037,-0.23560148255032973,-0.3836389340593552,True
2023-07-05 00:00:00+00:00,0.0,0.0,0.0,0.0,0.0,0.0,0.0,0.0,-0.26583842289365733,-0.3414655588538266,-0.2793350430989928,-0.2182945887621037,-0.23560148255032973,-0.3836389340593552,True
2023-07-06 00:00:00+00:00,8.0,1.0,0.0,4.25,0.0,0.0,0.0,0.0,1.0530817277843025,0.17507753441704213,-0.2793350430989928,-0.2072183160374289,-0.23560148255032973,-0.3836389340593552,True
2023-07-07 00:00:00+00:00,1.0,1.0,0.0,45.0,0.0,0.0,0.0,0.0,-0.10097340405891236,0.17507753441704213,-0.2793350430989928,-0.10101640697142934,-0.23560148255032973,-0.3836389340593552,True
2023-07-08 00:00:00+00:00,0.0,0.0,0.0,0.0,0.0,0.0,0.0,0.0,-0.26583842289365733,-0.3414655588538266,-0.2793350430989928,-0.2182945887621037,-0.23560148255032973,-0.3836389340593552,True
2023-07-09 00:00:00+00:00,0.0,0.0,0.0,0.0,0.0,0.0,0.0,0.0,-0.26583842289365733,-0.3414655588538266,-0.2793350430989928,-0.2182945887621037,-0.23560148255032973,-0.3836389340593552,True
2023-07-10 00:00:00+00:00,0.0,0.0,0.0,0.0,0.0,0.0,0.0,0.0,-0.26583842289365733,-0.3414655588538266,-0.2793350430989928,-0.2182945887621037,-0.23560148255032973,-0.3836389340593552,True
2023-07-11 00:00:00+00:00,0.0,0.0,0.0,0.0,0.0,0.0,0.0,0.0,-0.26583842289365733,-0.3414655588538266,-0.2793350430989928,-0.2182945887621037,-0.23560148255032973,-0.3836389340593552,True
2023-07-12 00:00:00+00:00,0.0,0.0,0.0,0.0,0.0,0.0,0.0,0.0,-0.26583842289365733,-0.3414655588538266,-0.2793350430989928,-0.2182945887621037,-0.23560148255032973,-0.3836389340593552,True
2023-07-13 00:00:00+00:00,0.0,0.0,0.0,0.0,0.0,0.0,0.0,0.0,-0.26583842289365733,-0.3414655588538266,-0.2793350430989928,-0.2182945887621037,-0.23560148255032973,-0.3836389340593552,True
2023-07-14 00:00:00+00:00,0.0,0.0,0.0,0.0,0.0,0.0,0.0,0.0,-0.26583842289365733,-0.3414655588538266,-0.2793350430989928,-0.2182945887621037,-0.23560148255032973,-0.3836389340593552,True
2023-07-15 00:00:00+00:00,0.0,0.0,0.0,0.0,0.0,0.0,0.0,0.0,-0.26583842289365733,-0.3414655588538266,-0.2793350430989928,-0.2182945887621037,-0.23560148255032973,-0.3836389340593552,True
2023-07-16 00:00:00+00:00,0.0,0.0,0.0,0.0,0.0,0.0,0.0,0.0,-0.26583842289365733,-0.3414655588538266,-0.2793350430989928,-0.2182945887621037,-0.23560148255032973,-0.3836389340593552,True
2023-07-17 00:00:00+00:00,0.0,0.0,0.0,0.0,0.0,0.0,0.0,0.0,-0.26583842289365733,-0.3414655588538266,-0.2793350430989928,-0.2182945887621037,-0.23560148255032973,-0.3836389340593552,True
2023-07-18 00:00:00+00:00,0.0,0.0,0.0,0.0,0.0,0.0,0.0,0.0,-0.26583842289365733,-0.3414655588538266,-0.2793350430989928,-0.2182945887621037,-0.23560148255032973,-0.3836389340593552,True
2023-07-19 00:00:00+00:00,0.0,0.0,0.0,0.0,0.0,0.0,0.0,0.0,-0.26583842289365733,-0.3414655588538266,-0.2793350430989928,-0.2182945887621037,-0.23560148255032973,-0.3836389340593552,True
2023-07-20 00:00:00+00:00,1.0,1.0,1.0,396.0,0.0,0.0,0.0,1.0,-0.10097340405891236,0.17507753441704213,0.6488901001181572,0.8137534109958307,-0.23560148255032973,3.1622239704244723,True
2023-07-21 00:00:00+00:00,0.0,0.0,0.0,0.0,0.0,0.0,0.0,0.0,-0.26583842289365733,-0.3414655588538266,-0.2793350430989928,-0.2182945887621037,-0.23560148255032973,-0.3836389340593552,True
2023-07-22 00:00:00+00:00,0.0,0.0,0.0,0.0,0.0,0.0,0.0,0.0,-0.26583842289365733,-0.3414655588538266,-0.2793350430989928,-0.2182945887621037,-0.23560148255032973,-0.3836389340593552,True
2023-07-23 00:00:00+00:00,2.0,1.0,0.0,10.0,0.0,0.0,0.0,0.0,0.06389161477583262,0.17507753441704213,-0.2793350430989928,-0.1922327705863983,-0.23560148255032973,-0.3836389340593552,True
2023-07-24 00:00:00+00:00,0.0,0.0,0.0,0.0,0.0,0.0,0.0,0.0,-0.26583842289365733,-0.3414655588538266,-0.2793350430989928,-0.2182945887621037,-0.23560148255032973,-0.3836389340593552,True
2023-07-25 00:00:00+00:00,0.0,0.0,0.0,0.0,0.0,0.0,0.0,0.0,-0.26583842289365733,-0.3414655588538266,-0.2793350430989928,-0.2182945887621037,-0.23560148255032973,-0.3836389340593552,True
2023-07-26 00:00:00+00:00,3.0,3.0,2.0,106.0,0.3333333333333333,0.0,0.0,0.6666666666666666,0.2287566336105776,1.2081637209587797,1.5771152433353073,0.0579606839003737,2.2752664692483124,1.9802696689298633,True
2023-07-27 00:00:00+00:00,0.0,0.0,0.0,0.0,0.0,0.0,0.0,0.0,-0.26583842289365733,-0.3414655588538266,-0.2793350430989928,-0.2182945887621037,-0.23560148255032973,-0.3836389340593552,True
2023-07-28 00:00:00+00:00,0.0,0.0,0.0,0.0,0.0,0.0,0.0,0.0,-0.26583842289365733,-0.3414655588538266,-0.2793350430989928,-0.2182945887621037,-0.23560148255032973,-0.3836389340593552,True
2023-07-29 00:00:00+00:00,1.0,1.0,1.0,2.0,0.0,0.0,0.0,1.0,-0.10097340405891236,0.17507753441704213,0.6488901001181572,-0.21308222512696262,-0.23560148255032973,3.1622239704244723,True
2023-07-30 00:00:00+00:00,0.0,0.0,0.0,0.0,0.0,0.0,0.0,0.0,-0.26583842289365733,-0.3414655588538266,-0.2793350430989928,-0.2182945887621037,-0.23560148255032973,-0.3836389340593552,True
2023-07-31 00:00:00+00:00,0.0,0.0,0.0,0.0,0.0,0.0,0.0,0.0,-0.26583842289365733,-0.3414655588538266,-0.2793350430989928,-0.2182945887621037,-0.23560148255032973,-0.3836389340593552,True
2023-08-01 00:00:00+00:00,1.0,1.0,0.0,4.0,0.0,0.0,0.0,0.0,-0.10097340405891236,0.17507753441704213,-0.2793350430989928,-0.20786986149182154,-0.23560148255032973,-0.3836389340593552,True
2023-08-02 00:00:00+00:00,0.0,0.0,0.0,0.0,0.0,0.0,0.0,0.0,-0.26583842289365733,-0.3414655588538266,-0.2793350430989928,-0.2182945887621037,-0.23560148255032973,-0.3836389340593552,True
2023-08-03 00:00:00+00:00,0.0,0.0,0.0,0.0,0.0,0.0,0.0,0.0,-0.26583842289365733,-0.3414655588538266,-0.2793350430989928,-0.2182945887621037,-0.23560148255032973,-0.3836389340593552,True
2023-08-04 00:00:00+00:00,0.0,0.0,0.0,0.0,0.0,0.0,0.0,0.0,-0.26583842289365733,-0.3414655588538266,-0.2793350430989928,-0.2182945887621037,-0.23560148255032973,-0.3836389340593552,True
2023-08-05 00:00:00+00:00,4.0,2.0,0.0,319.3333333333333,0.0,0.25,0.0,0.0,0.39362165244532255,0.6916206276879109,-0.2793350430989928,0.6139461383154226,-0.23560148255032973,-0.3836389340593552,True
2023-08-06 00:00:00+00:00,0.0,0.0,0.0,0.0,0.0,0.0,0.0,0.0,-0.26583842289365733,-0.3414655588538266,-0.2793350430989928,-0.2182945887621037,-0.23560148255032973,-0.3836389340593552,True
2023-08-07 00:00:00+00:00,0.0,0.0,0.0,0.0,0.0,0.0,0.0,0.0,-0.26583842289365733,-0.3414655588538266,-0.2793350430989928,-0.2182945887621037,-0.23560148255032973,-0.3836389340593552,True
2023-08-08 00:00:00+00:00,0.0,0.0,0.0,0.0,0.0,0.0,0.0,0.0,-0.26583842289365733,-0.3414655588538266,-0.2793350430989928,-0.2182945887621037,-0.23560148255032973,-0.3836389340593552,True
2023-08-09 00:00:00+00:00,1.0,1.0,1.0,122.0,0.0,0.0,0.0,1.0,-0.10097340405891236,0.17507753441704213,0.6488901001181572,0.09965959298150236,-0.23560148255032973,3.1622239704244723,True
2023-08-10 00:00:00+00:00,0.0,0.0,0.0,0.0,0.0,0.0,0.0,0.0,-0.26583842289365733,-0.3414655588538266,-0.2793350430989928,-0.2182945887621037,-0.23560148255032973,-0.3836389340593552,True
2023-08-11 00:00:00+00:00,0.0,0.0,0.0,0.0,0.0,0.0,0.0,0.0,-0.26583842289365733,-0.3414655588538266,-0.2793350430989928,-0.2182945887621037,-0.23560148255032973,-0.3836389340593552,True
2023-08-12 00:00:00+00:00,0.0,0.0,0.0,0.0,0.0,0.0,0.0,0.0,-0.26583842289365733,-0.3414655588538266,-0.2793350430989928,-0.2182945887621037,-0.23560148255032973,-0.3836389340593552,True
2023-08-13 00:00:00+00:00,0.0,0.0,0.0,0.0,0.0,0.0,0.0,0.0,-0.26583842289365733,-0.3414655588538266,-0.2793350430989928,-0.2182945887621037,-0.23560148255032973,-0.3836389340593552,True
2023-08-14 00:00:00+00:00,0.0,0.0,0.0,0.0,0.0,0.0,0.0,0.0,-0.26583842289365733,-0.3414655588538266,-0.2793350430989928,-0.2182945887621037,-0.23560148255032973,-0.3836389340593552,True
2023-08-15 00:00:00+00:00,0.0,0.0,0.0,0.0,0.0,0.0,0.0,0.0,-0.26583842289365733,-0.3414655588538266,-0.2793350430989928,-0.2182945887621037,-0.23560148255032973,-0.3836389340593552,True
2023-08-16 00:00:00+00:00,3.0,3.0,3.0,80.66666666666667,0.0,0.0,0.0,1.0,0.2287566336105776,1.2081637209587797,2.5053403865524575,-0.008062588811413345,-0.23560148255032973,3.1622239704244723,True
2023-08-17 00:00:00+00:00,0.0,0.0,0.0,0.0,0.0,0.0,0.0,0.0,-0.26583842289365733,-0.3414655588538266,-0.2793350430989928,-0.2182945887621037,-0.23560148255032973,-0.3836389340593552,True
2023-08-18 00:00:00+00:00,2.0,2.0,2.0,28.5,0.0,0.0,0.0,1.0,0.06389161477583262,0.6916206276879109,1.5771152433353073,-0.14401840696134327,-0.23560148255032973,3.1622239704244723,True
2023-08-19 00:00:00+00:00,0.0,0.0,0.0,0.0,0.0,0.0,0.0,0.0,-0.26583842289365733,-0.3414655588538266,-0.2793350430989928,-0.2182945887621037,-0.23560148255032973,-0.3836389340593552,True
2023-08-20 00:00:00+00:00,2.0,2.0,2.0,17.5,0.0,0.0,0.0,1.0,0.06389161477583262,0.6916206276879109,1.5771152433353073,-0.17268640695461923,-0.23560148255032973,3.1622239704244723,True
2023-08-21 00:00:00+00:00,6.0,3.0,3.0,59.2,0.0,0.1666666666666666,0.0,1.0,0.7233516901148125,1.2081637209587797,2.5053403865524575,-0.06400862516192764,-0.23560148255032973,3.1622239704244723,True
2023-08-22 00:00:00+00:00,0.0,0.0,0.0,0.0,0.0,0.0,0.0,0.0,-0.26583842289365733,-0.3414655588538266,-0.2793350430989928,-0.2182945887621037,-0.23560148255032973,-0.3836389340593552,True
2023-08-23 00:00:00+00:00,0.0,0.0,0.0,0.0,0.0,0.0,0.0,0.0,-0.26583842289365733,-0.3414655588538266,-0.2793350430989928,-0.2182945887621037,-0.23560148255032973,-0.3836389340593552,True
2023-08-24 00:00:00+00:00,1.0,1.0,1.0,36.0,0.0,0.0,0.0,1.0,-0.10097340405891236,0.17507753441704213,0.6488901001181572,-0.12447204332956421,-0.23560148255032973,3.1622239704244723,True
2023-08-25 00:00:00+00:00,0.0,0.0,0.0,0.0,0.0,0.0,0.0,0.0,-0.26583842289365733,-0.3414655588538266,-0.2793350430989928,-0.2182945887621037,-0.23560148255032973,-0.3836389340593552,True
2023-08-26 00:00:00+00:00,2.0,2.0,1.0,302.5,0.0,0.0,0.0,0.5,0.06389161477583262,0.6916206276879109,0.6488901001181572,0.5700754110529851,-0.23560148255032973,1.3892925181825588,True
2023-08-27 00:00:00+00:00,0.0,0.0,0.0,0.0,0.0,0.0,0.0,0.0,-0.26583842289365733,-0.3414655588538266,-0.2793350430989928,-0.2182945887621037,-0.23560148255032973,-0.3836389340593552,True
2023-08-28 00:00:00+00:00,1.0,1.0,0.0,0.0,0.0,1.0,0.0,0.0,-0.10097340405891236,0.17507753441704213,-0.2793350430989928,-0.2182945887621037,-0.23560148255032973,-0.3836389340593552,True
2023-08-29 00:00:00+00:00,0.0,0.0,0.0,0.0,0.0,0.0,0.0,0.0,-0.26583842289365733,-0.3414655588538266,-0.2793350430989928,-0.2182945887621037,-0.23560148255032973,-0.3836389340593552,True
2023-08-30 00:00:00+00:00,0.0,0.0,0.0,0.0,0.0,0.0,0.0,0.0,-0.26583842289365733,-0.3414655588538266,-0.2793350430989928,-0.2182945887621037,-0.23560148255032973,-0.3836389340593552,True
2023-08-31 00:00:00+00:00,0.0,0.0,0.0,0.0,0.0,0.0,0.0,0.0,-0.26583842289365733,-0.3414655588538266,-0.2793350430989928,-0.2182945887621037,-0.23560148255032973,-0.3836389340593552,True
2023-09-01 00:00:00+00:00,1.0,1.0,1.0,47.0,0.0,0.0,0.0,1.0,-0.10097340405891236,0.17507753441704213,0.6488901001181572,-0.09580404333628825,-0.23560148255032973,3.1622239704244723,True
2023-09-02 00:00:00+00:00,0.0,0.0,0.0,0.0,0.0,0.0,0.0,0.0,-0.26583842289365733,-0.3414655588538266,-0.2793350430989928,-0.2182945887621037,-0.23560148255032973,-0.3836389340593552,True
2023-09-03 00:00:00+00:00,0.0,0.0,0.0,0.0,0.0,0.0,0.0,0.0,-0.26583842289365733,-0.3414655588538266,-0.2793350430989928,-0.2182945887621037,-0.23560148255032973,-0.3836389340593552,True
2023-09-04 00:00:00+00:00,0.0,0.0,0.0,0.0,0.0,0.0,0.0,0.0,-0.26583842289365733,-0.3414655588538266,-0.2793350430989928,-0.2182945887621037,-0.23560148255032973,-0.3836389340593552,True
2023-09-05 00:00:00+00:00,0.0,0.0,0.0,0.0,0.0,0.0,0.0,0.0,-0.26583842289365733,-0.3414655588538266,-0.2793350430989928,-0.2182945887621037,-0.23560148255032973,-0.3836389340593552,True
2023-09-06 00:00:00+00:00,2.0,1.0,1.0,177.0,0.0,0.0,0.0,1.0,0.06389161477583262,0.17507753441704213,0.6488901001181572,0.24299959294788215,-0.23560148255032973,3.1622239704244723,True
2023-09-07 00:00:00+00:00,0.0,0.0,0.0,0.0,0.0,0.0,0.0,0.0,-0.26583842289365733,-0.3414655588538266,-0.2793350430989928,-0.2182945887621037,-0.23560148255032973,-0.3836389340593552,True
2023-09-08 00:00:00+00:00,0.0,0.0,0.0,0.0,0.0,0.0,0.0,0.0,-0.26583842289365733,-0.3414655588538266,-0.2793350430989928,-0.2182945887621037,-0.23560148255032973,-0.3836389340593552,True
2023-09-09 00:00:00+00:00,5.0,1.0,1.0,1016.8,0.0,0.0,0.0,1.0,0.5584866712800676,0.17507753441704213,0.6488901001181572,2.431671083343623,-0.23560148255032973,3.1622239704244723,True
2023-09-10 00:00:00+00:00,3.0,1.0,0.0,301.6666666666667,0.0,0.0,0.0,0.0,0.2287566336105776,0.17507753441704213,-0.2793350430989928,0.5679035928716764,-0.23560148255032973,-0.3836389340593552,True
2023-09-11 00:00:00+00:00,0.0,0.0,0.0,0.0,0.0,0.0,0.0,0.0,-0.26583842289365733,-0.3414655588538266,-0.2793350430989928,-0.2182945887621037,-0.23560148255032973,-0.3836389340593552,True
2023-09-12 00:00:00+00:00,2.0,1.0,0.0,67.0,0.0,0.0,0.0,0.0,0.06389161477583262,0.17507753441704213,-0.2793350430989928,-0.04368040698487743,-0.23560148255032973,-0.3836389340593552,True
2023-09-13 00:00:00+00:00,0.0,0.0,0.0,0.0,0.0,0.0,0.0,0.0,-0.26583842289365733,-0.3414655588538266,-0.2793350430989928,-0.2182945887621037,-0.23560148255032973,-0.3836389340593552,True
2023-09-14 00:00:00+00:00,2.0,1.0,0.0,453.5,0.0,0.0,0.0,0.0,0.06389161477583262,0.17507753441704213,-0.2793350430989928,0.9636088655061368,-0.23560148255032973,-0.3836389340593552,True
2023-09-15 00:00:00+00:00,0.0,0.0,0.0,0.0,0.0,0.0,0.0,0.0,-0.26583842289365733,-0.3414655588538266,-0.2793350430989928,-0.2182945887621037,-0.23560148255032973,-0.3836389340593552,True
2023-09-16 00:00:00+00:00,0.0,0.0,0.0,0.0,0.0,0.0,0.0,0.0,-0.26583842289365733,-0.3414655588538266,-0.2793350430989928,-0.2182945887621037,-0.23560148255032973,-0.3836389340593552,True
2023-09-17 00:00:00+00:00,1.0,1.0,1.0,0.0,0.0,0.0,0.0,1.0,-0.10097340405891236,0.17507753441704213,0.6488901001181572,-0.2182945887621037,-0.23560148255032973,3.1622239704244723,True
2023-09-18 00:00:00+00:00,2.0,2.0,0.0,213.0,0.0,0.0,0.0,0.0,0.06389161477583262,0.6916206276879109,-0.2793350430989928,0.33682213838042163,-0.23560148255032973,-0.3836389340593552,True
2023-09-19 00:00:00+00:00,1.0,1.0,1.0,12.0,0.0,0.0,0.0,1.0,-0.10097340405891236,0.17507753441704213,0.6488901001181572,-0.1870204069512572,-0.23560148255032973,3.1622239704244723,True
2023-09-20 00:00:00+00:00,0.0,0.0,0.0,0.0,0.0,0.0,0.0,0.0,-0.26583842289365733,-0.3414655588538266,-0.2793350430989928,-0.2182945887621037,-0.23560148255032973,-0.3836389340593552,True
2023-09-21 00:00:00+00:00,0.0,0.0,0.0,0.0,0.0,0.0,0.0,0.0,-0.26583842289365733,-0.3414655588538266,-0.2793350430989928,-0.2182945887621037,-0.23560148255032973,-0.3836389340593552,True
2023-09-22 00:00:00+00:00,0.0,0.0,0.0,0.0,0.0,0.0,0.0,0.0,-0.26583842289365733,-0.3414655588538266,-0.2793350430989928,-0.2182945887621037,-0.23560148255032973,-0.3836389340593552,True
2023-09-23 00:00:00+00:00,0.0,0.0,0.0,0.0,0.0,0.0,0.0,0.0,-0.26583842289365733,-0.3414655588538266,-0.2793350430989928,-0.2182945887621037,-0.23560148255032973,-0.3836389340593552,True
2023-09-24 00:00:00+00:00,0.0,0.0,0.0,0.0,0.0,0.0,0.0,0.0,-0.26583842289365733,-0.3414655588538266,-0.2793350430989928,-0.2182945887621037,-0.23560148255032973,-0.3836389340593552,True
2023-09-25 00:00:00+00:00,0.0,0.0,0.0,0.0,0.0,0.0,0.0,0.0,-0.26583842289365733,-0.3414655588538266,-0.2793350430989928,-0.2182945887621037,-0.23560148255032973,-0.3836389340593552,True
2023-09-26 00:00:00+00:00,0.0,0.0,0.0,0.0,0.0,0.0,0.0,0.0,-0.26583842289365733,-0.3414655588538266,-0.2793350430989928,-0.2182945887621037,-0.23560148255032973,-0.3836389340593552,True
2023-09-27 00:00:00+00:00,0.0,0.0,0.0,0.0,0.0,0.0,0.0,0.0,-0.26583842289365733,-0.3414655588538266,-0.2793350430989928,-0.2182945887621037,-0.23560148255032973,-0.3836389340593552,True
2023-09-28 00:00:00+00:00,1.0,1.0,1.0,646.0,0.0,0.0,0.0,1.0,-0.10097340405891236,0.17507753441704213,0.6488901001181572,1.465298865388466,-0.23560148255032973,3.1622239704244723,True
2023-09-29 00:00:00+00:00,0.0,0.0,0.0,0.0,0.0,0.0,0.0,0.0,-0.26583842289365733,-0.3414655588538266,-0.2793350430989928,-0.2182945887621037,-0.23560148255032973,-0.3836389340593552,True
2023-09-30 00:00:00+00:00,1.0,1.0,1.0,6.0,0.0,0.0,0.0,1.0,-0.10097340405891236,0.17507753441704213,0.6488901001181572,-0.20265749785668047,-0.23560148255032973,3.1622239704244723,True
2023-10-01 00:00:00+00:00,1.0,1.0,0.0,6.0,1.0,0.0,0.0,0.0,-0.10097340405891236,0.17507753441704213,-0.2793350430989928,-0.20265749785668047,7.297002372845597,-0.3836389340593552,True
2023-10-02 00:00:00+00:00,0.0,0.0,0.0,0.0,0.0,0.0,0.0,0.0,-0.26583842289365733,-0.3414655588538266,-0.2793350430989928,-0.2182945887621037,-0.23560148255032973,-0.3836389340593552,True
2023-10-03 00:00:00+00:00,0.0,0.0,0.0,0.0,0.0,0.0,0.0,0.0,-0.26583842289365733,-0.3414655588538266,-0.2793350430989928,-0.2182945887621037,-0.23560148255032973,-0.3836389340593552,True
2023-10-04 00:00:00+00:00,0.0,0.0,0.0,0.0,0.0,0.0,0.0,0.0,-0.26583842289365733,-0.3414655588538266,-0.2793350430989928,-0.2182945887621037,-0.23560148255032973,-0.3836389340593552,True
2023-10-05 00:00:00+00:00,0.0,0.0,0.0,0.0,0.0,0.0,0.0,0.0,-0.26583842289365733,-0.3414655588538266,-0.2793350430989928,-0.2182945887621037,-0.23560148255032973,-0.3836389340593552,True
2023-10-06 00:00:00+00:00,0.0,0.0,0.0,0.0,0.0,0.0,0.0,0.0,-0.26583842289365733,-0.3414655588538266,-0.2793350430989928,-0.2182945887621037,-0.23560148255032973,-0.3836389340593552,True
2023-10-07 00:00:00+00:00,0.0,0.0,0.0,0.0,0.0,0.0,0.0,0.0,-0.26583842289365733,-0.3414655588538266,-0.2793350430989928,-0.2182945887621037,-0.23560148255032973,-0.3836389340593552,True
2023-10-08 00:00:00+00:00,0.0,0.0,0.0,0.0,0.0,0.0,0.0,0.0,-0.26583842289365733,-0.3414655588538266,-0.2793350430989928,-0.2182945887621037,-0.23560148255032973,-0.3836389340593552,True
2023-10-09 00:00:00+00:00,0.0,0.0,0.0,0.0,0.0,0.0,0.0,0.0,-0.26583842289365733,-0.3414655588538266,-0.2793350430989928,-0.2182945887621037,-0.23560148255032973,-0.3836389340593552,True
2023-10-10 00:00:00+00:00,0.0,0.0,0.0,0.0,0.0,0.0,0.0,0.0,-0.26583842289365733,-0.3414655588538266,-0.2793350430989928,-0.2182945887621037,-0.23560148255032973,-0.3836389340593552,True
2023-10-11 00:00:00+00:00,0.0,0.0,0.0,0.0,0.0,0.0,0.0,0.0,-0.26583842289365733,-0.3414655588538266,-0.2793350430989928,-0.2182945887621037,-0.23560148255032973,-0.3836389340593552,True
2023-10-12 00:00:00+00:00,0.0,0.0,0.0,0.0,0.0,0.0,0.0,0.0,-0.26583842289365733,-0.3414655588538266,-0.2793350430989928,-0.2182945887621037,-0.23560148255032973,-0.3836389340593552,True
2023-10-13 00:00:00+00:00,0.0,0.0,0.0,0.0,0.0,0.0,0.0,0.0,-0.26583842289365733,-0.3414655588538266,-0.2793350430989928,-0.2182945887621037,-0.23560148255032973,-0.3836389340593552,True
2023-10-14 00:00:00+00:00,0.0,0.0,0.0,0.0,0.0,0.0,0.0,0.0,-0.26583842289365733,-0.3414655588538266,-0.2793350430989928,-0.2182945887621037,-0.23560148255032973,-0.3836389340593552,True
2023-10-15 00:00:00+00:00,0.0,0.0,0.0,0.0,0.0,0.0,0.0,0.0,-0.26583842289365733,-0.3414655588538266,-0.2793350430989928,-0.2182945887621037,-0.23560148255032973,-0.3836389340593552,True
2023-10-16 00:00:00+00:00,0.0,0.0,0.0,0.0,0.0,0.0,0.0,0.0,-0.26583842289365733,-0.3414655588538266,-0.2793350430989928,-0.2182945887621037,-0.23560148255032973,-0.3836389340593552,True
2023-10-17 00:00:00+00:00,0.0,0.0,0.0,0.0,0.0,0.0,0.0,0.0,-0.26583842289365733,-0.3414655588538266,-0.2793350430989928,-0.2182945887621037,-0.23560148255032973,-0.3836389340593552,True
2023-10-18 00:00:00+00:00,0.0,0.0,0.0,0.0,0.0,0.0,0.0,0.0,-0.26583842289365733,-0.3414655588538266,-0.2793350430989928,-0.2182945887621037,-0.23560148255032973,-0.3836389340593552,True
2023-10-19 00:00:00+00:00,0.0,0.0,0.0,0.0,0.0,0.0,0.0,0.0,-0.26583842289365733,-0.3414655588538266,-0.2793350430989928,-0.2182945887621037,-0.23560148255032973,-0.3836389340593552,True
2023-10-20 00:00:00+00:00,0.0,0.0,0.0,0.0,0.0,0.0,0.0,0.0,-0.26583842289365733,-0.3414655588538266,-0.2793350430989928,-0.2182945887621037,-0.23560148255032973,-0.3836389340593552,True
2023-10-21 00:00:00+00:00,0.0,0.0,0.0,0.0,0.0,0.0,0.0,0.0,-0.26583842289365733,-0.3414655588538266,-0.2793350430989928,-0.2182945887621037,-0.23560148255032973,-0.3836389340593552,True
2023-10-22 00:00:00+00:00,0.0,0.0,0.0,0.0,0.0,0.0,0.0,0.0,-0.26583842289365733,-0.3414655588538266,-0.2793350430989928,-0.2182945887621037,-0.23560148255032973,-0.3836389340593552,True
2023-10-23 00:00:00+00:00,2.0,2.0,2.0,15.0,0.5,0.0,0.0,1.0,0.06389161477583262,0.6916206276879109,1.5771152433353073,-0.17920186149854558,3.530700445147634,3.1622239704244723,True
2023-10-24 00:00:00+00:00,0.0,0.0,0.0,0.0,0.0,0.0,0.0,0.0,-0.26583842289365733,-0.3414655588538266,-0.2793350430989928,-0.2182945887621037,-0.23560148255032973,-0.3836389340593552,True
2023-10-25 00:00:00+00:00,2.0,2.0,2.0,1.0,0.5,0.0,0.0,1.0,0.06389161477583262,0.6916206276879109,1.5771152433353073,-0.21568840694453317,3.530700445147634,3.1622239704244723,True
2023-10-26 00:00:00+00:00,0.0,0.0,0.0,0.0,0.0,0.0,0.0,0.0,-0.26583842289365733,-0.3414655588538266,-0.2793350430989928,-0.2182945887621037,-0.23560148255032973,-0.3836389340593552,True
2023-10-27 00:00:00+00:00,0.0,0.0,0.0,0.0,0.0,0.0,0.0,0.0,-0.26583842289365733,-0.3414655588538266,-0.2793350430989928,-0.2182945887621037,-0.23560148255032973,-0.3836389340593552,True
2023-10-28 00:00:00+00:00,0.0,0.0,0.0,0.0,0.0,0.0,0.0,0.0,-0.26583842289365733,-0.3414655588538266,-0.2793350430989928,-0.2182945887621037,-0.23560148255032973,-0.3836389340593552,True
2023-10-29 00:00:00+00:00,0.0,0.0,0.0,0.0,0.0,0.0,0.0,0.0,-0.26583842289365733,-0.3414655588538266,-0.2793350430989928,-0.2182945887621037,-0.23560148255032973,-0.3836389340593552,True
2023-10-30 00:00:00+00:00,0.0,0.0,0.0,0.0,0.0,0.0,0.0,0.0,-0.26583842289365733,-0.3414655588538266,-0.2793350430989928,-0.2182945887621037,-0.23560148255032973,-0.3836389340593552,True
2023-10-31 00:00:00+00:00,0.0,0.0,0.0,0.0,0.0,0.0,0.0,0.0,-0.26583842289365733,-0.3414655588538266,-0.2793350430989928,-0.2182945887621037,-0.23560148255032973,-0.3836389340593552,True
2023-11-01 00:00:00+00:00,0.0,0.0,0.0,0.0,0.0,0.0,0.0,0.0,-0.26583842289365733,-0.3414655588538266,-0.2793350430989928,-0.2182945887621037,-0.23560148255032973,-0.3836389340593552,True
2023-11-02 00:00:00+00:00,0.0,0.0,0.0,0.0,0.0,0.0,0.0,0.0,-0.26583842289365733,-0.3414655588538266,-0.2793350430989928,-0.2182945887621037,-0.23560148255032973,-0.3836389340593552,True
2023-11-03 00:00:00+00:00,0.0,0.0,0.0,0.0,0.0,0.0,0.0,0.0,-0.26583842289365733,-0.3414655588538266,-0.2793350430989928,-0.2182945887621037,-0.23560148255032973,-0.3836389340593552,True
2023-11-04 00:00:00+00:00,0.0,0.0,0.0,0.0,0.0,0.0,0.0,0.0,-0.26583842289365733,-0.3414655588538266,-0.2793350430989928,-0.2182945887621037,-0.23560148255032973,-0.3836389340593552,True
2023-11-05 00:00:00+00:00,0.0,0.0,0.0,0.0,0.0,0.0,0.0,0.0,-0.26583842289365733,-0.3414655588538266,-0.2793350430989928,-0.2182945887621037,-0.23560148255032973,-0.3836389340593552,True
2023-11-06 00:00:00+00:00,0.0,0.0,0.0,0.0,0.0,0.0,0.0,0.0,-0.26583842289365733,-0.3414655588538266,-0.2793350430989928,-0.2182945887621037,-0.23560148255032973,-0.3836389340593552,True
2023-11-07 00:00:00+00:00,0.0,0.0,0.0,0.0,0.0,0.0,0.0,0.0,-0.26583842289365733,-0.3414655588538266,-0.2793350430989928,-0.2182945887621037,-0.23560148255032973,-0.3836389340593552,True
2023-11-08 00:00:00+00:00,0.0,0.0,0.0,0.0,0.0,0.0,0.0,0.0,-0.26583842289365733,-0.3414655588538266,-0.2793350430989928,-0.2182945887621037,-0.23560148255032973,-0.3836389340593552,True
2023-11-09 00:00:00+00:00,0.0,0.0,0.0,0.0,0.0,0.0,0.0,0.0,-0.26583842289365733,-0.3414655588538266,-0.2793350430989928,-0.2182945887621037,-0.23560148255032973,-0.3836389340593552,True
2023-11-10 00:00:00+00:00,0.0,0.0,0.0,0.0,0.0,0.0,0.0,0.0,-0.26583842289365733,-0.3414655588538266,-0.2793350430989928,-0.2182945887621037,-0.23560148255032973,-0.3836389340593552,True
2023-11-11 00:00:00+00:00,0.0,0.0,0.0,0.0,0.0,0.0,0.0,0.0,-0.26583842289365733,-0.3414655588538266,-0.2793350430989928,-0.2182945887621037,-0.23560148255032973,-0.3836389340593552,True
2023-11-12 00:00:00+00:00,0.0,0.0,0.0,0.0,0.0,0.0,0.0,0.0,-0.26583842289365733,-0.3414655588538266,-0.2793350430989928,-0.2182945887621037,-0.23560148255032973,-0.3836389340593552,True
2023-11-13 00:00:00+00:00,1.0,1.0,1.0,8.0,0.0,0.0,0.0,1.0,-0.10097340405891236,0.17507753441704213,0.6488901001181572,-0.19744513422153936,-0.23560148255032973,3.1622239704244723,True
2023-11-14 00:00:00+00:00,0.0,0.0,0.0,0.0,0.0,0.0,0.0,0.0,-0.26583842289365733,-0.3414655588538266,-0.2793350430989928,-0.2182945887621037,-0.23560148255032973,-0.3836389340593552,True
2023-11-15 00:00:00+00:00,0.0,0.0,0.0,0.0,0.0,0.0,0.0,0.0,-0.26583842289365733,-0.3414655588538266,-0.2793350430989928,-0.2182945887621037,-0.23560148255032973,-0.3836389340593552,True
2023-11-16 00:00:00+00:00,0.0,0.0,0.0,0.0,0.0,0.0,0.0,0.0,-0.26583842289365733,-0.3414655588538266,-0.2793350430989928,-0.2182945887621037,-0.23560148255032973,-0.3836389340593552,True
2023-11-17 00:00:00+00:00,0.0,0.0,0.0,0.0,0.0,0.0,0.0,0.0,-0.26583842289365733,-0.3414655588538266,-0.2793350430989928,-0.2182945887621037,-0.23560148255032973,-0.3836389340593552,True
2023-11-18 00:00:00+00:00,0.0,0.0,0.0,0.0,0.0,0.0,0.0,0.0,-0.26583842289365733,-0.3414655588538266,-0.2793350430989928,-0.2182945887621037,-0.23560148255032973,-0.3836389340593552,True
2023-11-19 00:00:00+00:00,0.0,0.0,0.0,0.0,0.0,0.0,0.0,0.0,-0.26583842289365733,-0.3414655588538266,-0.2793350430989928,-0.2182945887621037,-0.23560148255032973,-0.3836389340593552,True
2023-11-20 00:00:00+00:00,1.0,1.0,1.0,36.0,0.0,0.0,0.0,1.0,-0.10097340405891236,0.17507753441704213,0.6488901001181572,-0.12447204332956421,-0.23560148255032973,3.1622239704244723,True
2023-11-21 00:00:00+00:00,4.0,2.0,2.0,35.25,0.0,0.0,0.0,1.0,0.39362165244532255,0.6916206276879109,1.5771152433353073,-0.12642667969274213,-0.23560148255032973,3.1622239704244723,True
2023-11-22 00:00:00+00:00,0.0,0.0,0.0,0.0,0.0,0.0,0.0,0.0,-0.26583842289365733,-0.3414655588538266,-0.2793350430989928,-0.2182945887621037,-0.23560148255032973,-0.3836389340593552,True
2023-11-23 00:00:00+00:00,0.0,0.0,0.0,0.0,0.0,0.0,0.0,0.0,-0.26583842289365733,-0.3414655588538266,-0.2793350430989928,-0.2182945887621037,-0.23560148255032973,-0.3836389340593552,True
2023-11-24 00:00:00+00:00,8.0,3.0,3.0,12.25,0.625,0.0,0.0,1.0,1.0530817277843025,1.2081637209587797,2.5053403865524575,-0.18636886149686457,4.472275927072125,3.1622239704244723,True
2023-11-25 00:00:00+00:00,0.0,0.0,0.0,0.0,0.0,0.0,0.0,0.0,-0.26583842289365733,-0.3414655588538266,-0.2793350430989928,-0.2182945887621037,-0.23560148255032973,-0.3836389340593552,True
2023-11-26 00:00:00+00:00,0.0,0.0,0.0,0.0,0.0,0.0,0.0,0.0,-0.26583842289365733,-0.3414655588538266,-0.2793350430989928,-0.2182945887621037,-0.23560148255032973,-0.3836389340593552,True
2023-11-27 00:00:00+00:00,0.0,0.0,0.0,0.0,0.0,0.0,0.0,0.0,-0.26583842289365733,-0.3414655588538266,-0.2793350430989928,-0.2182945887621037,-0.23560148255032973,-0.3836389340593552,True
2023-11-28 00:00:00+00:00,0.0,0.0,0.0,0.0,0.0,0.0,0.0,0.0,-0.26583842289365733,-0.3414655588538266,-0.2793350430989928,-0.2182945887621037,-0.23560148255032973,-0.3836389340593552,True
2023-11-29 00:00:00+00:00,0.0,0.0,0.0,0.0,0.0,0.0,0.0,0.0,-0.26583842289365733,-0.3414655588538266,-0.2793350430989928,-0.2182945887621037,-0.23560148255032973,-0.3836389340593552,True
2023-11-30 00:00:00+00:00,0.0,0.0,0.0,0.0,0.0,0.0,0.0,0.0,-0.26583842289365733,-0.3414655588538266,-0.2793350430989928,-0.2182945887621037,-0.23560148255032973,-0.3836389340593552,True
2023-12-01 00:00:00+00:00,0.0,0.0,0.0,0.0,0.0,0.0,0.0,0.0,-0.26583842289365733,-0.3414655588538266,-0.2793350430989928,-0.2182945887621037,-0.23560148255032973,-0.3836389340593552,True
2023-12-02 00:00:00+00:00,0.0,0.0,0.0,0.0,0.0,0.0,0.0,0.0,-0.26583842289365733,-0.3414655588538266,-0.2793350430989928,-0.2182945887621037,-0.23560148255032973,-0.3836389340593552,True
2023-12-03 00:00:00+00:00,0.0,0.0,0.0,0.0,0.0,0.0,0.0,0.0,-0.26583842289365733,-0.3414655588538266,-0.2793350430989928,-0.2182945887621037,-0.23560148255032973,-0.3836389340593552,True
2023-12-04 00:00:00+00:00,0.0,0.0,0.0,0.0,0.0,0.0,0.0,0.0,-0.26583842289365733,-0.3414655588538266,-0.2793350430989928,-0.2182945887621037,-0.23560148255032973,-0.3836389340593552,True
2023-12-05 00:00:00+00:00,5.0,4.0,4.0,206.0,0.4,0.0,0.0,1.0,0.5584866712800676,1.7247068142296484,3.4335655297696075,0.3185788656574278,2.777440059608041,3.1622239704244723,True
2023-12-06 00:00:00+00:00,0.0,0.0,0.0,0.0,0.0,0.0,0.0,0.0,-0.26583842289365733,-0.3414655588538266,-0.2793350430989928,-0.2182945887621037,-0.23560148255032973,-0.3836389340593552,True
2023-12-07 00:00:00+00:00,0.0,0.0,0.0,0.0,0.0,0.0,0.0,0.0,-0.26583842289365733,-0.3414655588538266,-0.2793350430989928,-0.2182945887621037,-0.23560148255032973,-0.3836389340593552,True
2023-12-08 00:00:00+00:00,0.0,0.0,0.0,0.0,0.0,0.0,0.0,0.0,-0.26583842289365733,-0.3414655588538266,-0.2793350430989928,-0.2182945887621037,-0.23560148255032973,-0.3836389340593552,True
2023-12-09 00:00:00+00:00,0.0,0.0,0.0,0.0,0.0,0.0,0.0,0.0,-0.26583842289365733,-0.3414655588538266,-0.2793350430989928,-0.2182945887621037,-0.23560148255032973,-0.3836389340593552,True
2023-12-10 00:00:00+00:00,0.0,0.0,0.0,0.0,0.0,0.0,0.0,0.0,-0.26583842289365733,-0.3414655588538266,-0.2793350430989928,-0.2182945887621037,-0.23560148255032973,-0.3836389340593552,True
2023-12-11 00:00:00+00:00,0.0,0.0,0.0,0.0,0.0,0.0,0.0,0.0,-0.26583842289365733,-0.3414655588538266,-0.2793350430989928,-0.2182945887621037,-0.23560148255032973,-0.3836389340593552,True
2023-12-12 00:00:00+00:00,3.0,1.0,1.0,3.6666666666666665,0.0,0.0,0.0,1.0,0.2287566336105776,0.17507753441704213,0.6488901001181572,-0.20873858876434503,-0.23560148255032973,3.1622239704244723,True
2023-12-13 00:00:00+00:00,0.0,0.0,0.0,0.0,0.0,0.0,0.0,0.0,-0.26583842289365733,-0.3414655588538266,-0.2793350430989928,-0.2182945887621037,-0.23560148255032973,-0.3836389340593552,True
2023-12-14 00:00:00+00:00,0.0,0.0,0.0,0.0,0.0,0.0,0.0,0.0,-0.26583842289365733,-0.3414655588538266,-0.2793350430989928,-0.2182945887621037,-0.23560148255032973,-0.3836389340593552,True
2023-12-15 00:00:00+00:00,1.0,1.0,0.0,1027.0,0.0,0.0,0.0,0.0,-0.10097340405891236,0.17507753441704213,-0.2793350430989928,2.458254137882842,-0.23560148255032973,-0.3836389340593552,True
2023-12-16 00:00:00+00:00,1.0,1.0,1.0,2.0,0.0,0.0,0.0,1.0,-0.10097340405891236,0.17507753441704213,0.6488901001181572,-0.21308222512696262,-0.23560148255032973,3.1622239704244723,True
2023-12-17 00:00:00+00:00,0.0,0.0,0.0,0.0,0.0,0.0,0.0,0.0,-0.26583842289365733,-0.3414655588538266,-0.2793350430989928,-0.2182945887621037,-0.23560148255032973,-0.3836389340593552,True
2023-12-18 00:00:00+00:00,1.0,1.0,1.0,56.0,0.0,0.0,0.0,1.0,-0.10097340405891236,0.17507753441704213,0.6488901001181572,-0.07234840697815338,-0.23560148255032973,3.1622239704244723,True
2023-12-19 00:00:00+00:00,0.0,0.0,0.0,0.0,0.0,0.0,0.0,0.0,-0.26583842289365733,-0.3414655588538266,-0.2793350430989928,-0.2182945887621037,-0.23560148255032973,-0.3836389340593552,True
2023-12-20 00:00:00+00:00,1.0,1.0,0.0,4.0,0.0,0.0,0.0,0.0,-0.10097340405891236,0.17507753441704213,-0.2793350430989928,-0.20786986149182154,-0.23560148255032973,-0.3836389340593552,True
2023-12-21 00:00:00+00:00,0.0,0.0,0.0,0.0,0.0,0.0,0.0,0.0,-0.26583842289365733,-0.3414655588538266,-0.2793350430989928,-0.2182945887621037,-0.23560148255032973,-0.3836389340593552,True
2023-12-22 00:00:00+00:00,0.0,0.0,0.0,0.0,0.0,0.0,0.0,0.0,-0.26583842289365733,-0.3414655588538266,-0.2793350430989928,-0.2182945887621037,-0.23560148255032973,-0.3836389340593552,True
2023-12-23 00:00:00+00:00,1.0,1.0,1.0,8.0,0.0,0.0,0.0,1.0,-0.10097340405891236,0.17507753441704213,0.6488901001181572,-0.19744513422153936,-0.23560148255032973,3.1622239704244723,True
2023-12-24 00:00:00+00:00,0.0,0.0,0.0,0.0,0.0,0.0,0.0,0.0,-0.26583842289365733,-0.3414655588538266,-0.2793350430989928,-0.2182945887621037,-0.23560148255032973,-0.3836389340593552,True
2023-12-25 00:00:00+00:00,0.0,0.0,0.0,0.0,0.0,0.0,0.0,0.0,-0.26583842289365733,-0.3414655588538266,-0.2793350430989928,-0.2182945887621037,-0.23560148255032973,-0.3836389340593552,True
2023-12-26 00:00:00+00:00,0.0,0.0,0.0,0.0,0.0,0.0,0.0,0.0,-0.26583842289365733,-0.3414655588538266,-0.2793350430989928,-0.2182945887621037,-0.23560148255032973,-0.3836389340593552,True
2023-12-27 00:00:00+00:00,0.0,0.0,0.0,0.0,0.0,0.0,0.0,0.0,-0.26583842289365733,-0.3414655588538266,-0.2793350430989928,-0.2182945887621037,-0.23560148255032973,-0.3836389340593552,True
2023-12-28 00:00:00+00:00,0.0,0.0,0.0,0.0,0.0,0.0,0.0,0.0,-0.26583842289365733,-0.3414655588538266,-0.2793350430989928,-0.2182945887621037,-0.23560148255032973,-0.3836389340593552,True
2023-12-29 00:00:00+00:00,0.0,0.0,0.0,0.0,0.0,0.0,0.0,0.0,-0.26583842289365733,-0.3414655588538266,-0.2793350430989928,-0.2182945887621037,-0.23560148255032973,-0.3836389340593552,True
2023-12-30 00:00:00+00:00,0.0,0.0,0.0,0.0,0.0,0.0,0.0,0.0,-0.26583842289365733,-0.3414655588538266,-0.2793350430989928,-0.2182945887621037,-0.23560148255032973,-0.3836389340593552,True
2023-12-31 00:00:00+00:00,1.0,1.0,1.0,4.0,0.0,0.0,0.0,1.0,-0.10097340405891236,0.17507753441704213,0.6488901001181572,-0.20786986149182154,-0.23560148255032973,3.1622239704244723,True
2024-01-01 00:00:00+00:00,1.0,1.0,0.0,19.0,0.0,0.0,0.0,0.0,-0.10097340405891236,0.17507753441704213,-0.2793350430989928,-0.1687771342282634,-0.23560148255032973,-0.3836389340593552,True
2024-01-02 00:00:00+00:00,0.0,0.0,0.0,0.0,0.0,0.0,0.0,0.0,-0.26583842289365733,-0.3414655588538266,-0.2793350430989928,-0.2182945887621037,-0.23560148255032973,-0.3836389340593552,True
2024-01-03 00:00:00+00:00,0.0,0.0,0.0,0.0,0.0,0.0,0.0,0.0,-0.26583842289365733,-0.3414655588538266,-0.2793350430989928,-0.2182945887621037,-0.23560148255032973,-0.3836389340593552,True
2024-01-04 00:00:00+00:00,0.0,0.0,0.0,0.0,0.0,0.0,0.0,0.0,-0.26583842289365733,-0.3414655588538266,-0.2793350430989928,-0.2182945887621037,-0.23560148255032973,-0.3836389340593552,True
2024-01-05 00:00:00+00:00,0.0,0.0,0.0,0.0,0.0,0.0,0.0,0.0,-0.26583842289365733,-0.3414655588538266,-0.2793350430989928,-0.2182945887621037,-0.23560148255032973,-0.3836389340593552,True
2024-01-06 00:00:00+00:00,0.0,0.0,0.0,0.0,0.0,0.0,0.0,0.0,-0.26583842289365733,-0.3414655588538266,-0.2793350430989928,-0.2182945887621037,-0.23560148255032973,-0.3836389340593552,True
2024-01-07 00:00:00+00:00,0.0,0.0,0.0,0.0,0.0,0.0,0.0,0.0,-0.26583842289365733,-0.3414655588538266,-0.2793350430989928,-0.2182945887621037,-0.23560148255032973,-0.3836389340593552,True
2024-01-08 00:00:00+00:00,0.0,0.0,0.0,0.0,0.0,0.0,0.0,0.0,-0.26583842289365733,-0.3414655588538266,-0.2793350430989928,-0.2182945887621037,-0.23560148255032973,-0.3836389340593552,True
2024-01-09 00:00:00+00:00,0.0,0.0,0.0,0.0,0.0,0.0,0.0,0.0,-0.26583842289365733,-0.3414655588538266,-0.2793350430989928,-0.2182945887621037,-0.23560148255032973,-0.3836389340593552,True
2024-01-10 00:00:00+00:00,0.0,0.0,0.0,0.0,0.0,0.0,0.0,0.0,-0.26583842289365733,-0.3414655588538266,-0.2793350430989928,-0.2182945887621037,-0.23560148255032973,-0.3836389340593552,True
2024-01-11 00:00:00+00:00,0.0,0.0,0.0,0.0,0.0,0.0,0.0,0.0,-0.26583842289365733,-0.3414655588538266,-0.2793350430989928,-0.2182945887621037,-0.23560148255032973,-0.3836389340593552,True
2024-01-12 00:00:00+00:00,0.0,0.0,0.0,0.0,0.0,0.0,0.0,0.0,-0.26583842289365733,-0.3414655588538266,-0.2793350430989928,-0.2182945887621037,-0.23560148255032973,-0.3836389340593552,True
2024-01-13 00:00:00+00:00,0.0,0.0,0.0,0.0,0.0,0.0,0.0,0.0,-0.26583842289365733,-0.3414655588538266,-0.2793350430989928,-0.2182945887621037,-0.23560148255032973,-0.3836389340593552,True
2024-01-14 00:00:00+00:00,0.0,0.0,0.0,0.0,0.0,0.0,0.0,0.0,-0.26583842289365733,-0.3414655588538266,-0.2793350430989928,-0.2182945887621037,-0.23560148255032973,-0.3836389340593552,True
2024-01-15 00:00:00+00:00,0.0,0.0,0.0,0.0,0.0,0.0,0.0,0.0,-0.26583842289365733,-0.3414655588538266,-0.2793350430989928,-0.2182945887621037,-0.23560148255032973,-0.3836389340593552,True
2024-01-16 00:00:00+00:00,0.0,0.0,0.0,0.0,0.0,0.0,0.0,0.0,-0.26583842289365733,-0.3414655588538266,-0.2793350430989928,-0.2182945887621037,-0.23560148255032973,-0.3836389340593552,True
2024-01-17 00:00:00+00:00,0.0,0.0,0.0,0.0,0.0,0.0,0.0,0.0,-0.26583842289365733,-0.3414655588538266,-0.2793350430989928,-0.2182945887621037,-0.23560148255032973,-0.3836389340593552,True
2024-01-18 00:00:00+00:00,2.0,2.0,0.0,0.0,0.0,1.0,0.0,0.0,0.06389161477583262,0.6916206276879109,-0.2793350430989928,-0.2182945887621037,-0.23560148255032973,-0.3836389340593552,True
2024-01-19 00:00:00+00:00,1.0,1.0,0.0,33.0,0.0,0.0,0.0,0.0,-0.10097340405891236,0.17507753441704213,-0.2793350430989928,-0.13229058878227584,-0.23560148255032973,-0.3836389340593552,True
2024-01-20 00:00:00+00:00,0.0,0.0,0.0,0.0,0.0,0.0,0.0,0.0,-0.26583842289365733,-0.3414655588538266,-0.2793350430989928,-0.2182945887621037,-0.23560148255032973,-0.3836389340593552,True
2024-01-21 00:00:00+00:00,2.0,1.0,1.0,4.0,0.0,0.0,0.0,1.0,0.06389161477583262,0.17507753441704213,0.6488901001181572,-0.20786986149182154,-0.23560148255032973,3.1622239704244723,True
2024-01-22 00:00:00+00:00,1.0,1.0,0.0,87.0,0.0,0.0,0.0,0.0,-0.10097340405891236,0.17507753441704213,-0.2793350430989928,0.008443229366533406,-0.23560148255032973,-0.3836389340593552,True
2024-01-23 00:00:00+00:00,0.0,0.0,0.0,0.0,0.0,0.0,0.0,0.0,-0.26583842289365733,-0.3414655588538266,-0.2793350430989928,-0.2182945887621037,-0.23560148255032973,-0.3836389340593552,True
2024-01-24 00:00:00+00:00,0.0,0.0,0.0,0.0,0.0,0.0,0.0,0.0,-0.26583842289365733,-0.3414655588538266,-0.2793350430989928,-0.2182945887621037,-0.23560148255032973,-0.3836389340593552,True
2024-01-25 00:00:00+00:00,0.0,0.0,0.0,0.0,0.0,0.0,0.0,0.0,-0.26583842289365733,-0.3414655588538266,-0.2793350430989928,-0.2182945887621037,-0.23560148255032973,-0.3836389340593552,True
2024-01-26 00:00:00+00:00,0.0,0.0,0.0,0.0,0.0,0.0,0.0,0.0,-0.26583842289365733,-0.3414655588538266,-0.2793350430989928,-0.2182945887621037,-0.23560148255032973,-0.3836389340593552,True
2024-01-27 00:00:00+00:00,1.0,1.0,0.0,0.0,0.0,1.0,0.0,0.0,-0.10097340405891236,0.17507753441704213,-0.2793350430989928,-0.2182945887621037,-0.23560148255032973,-0.3836389340593552,True
2024-01-28 00:00:00+00:00,0.0,0.0,0.0,0.0,0.0,0.0,0.0,0.0,-0.26583842289365733,-0.3414655588538266,-0.2793350430989928,-0.2182945887621037,-0.23560148255032973,-0.3836389340593552,True
2024-01-29 00:00:00+00:00,0.0,0.0,0.0,0.0,0.0,0.0,0.0,0.0,-0.26583842289365733,-0.3414655588538266,-0.2793350430989928,-0.2182945887621037,-0.23560148255032973,-0.3836389340593552,True
2024-01-30 00:00:00+00:00,0.0,0.0,0.0,0.0,0.0,0.0,0.0,0.0,-0.26583842289365733,-0.3414655588538266,-0.2793350430989928,-0.2182945887621037,-0.23560148255032973,-0.3836389340593552,True
2024-01-31 00:00:00+00:00,0.0,0.0,0.0,0.0,0.0,0.0,0.0,0.0,-0.26583842289365733,-0.3414655588538266,-0.2793350430989928,-0.2182945887621037,-0.23560148255032973,-0.3836389340593552,True
2024-02-01 00:00:00+00:00,0.0,0.0,0.0,0.0,0.0,0.0,0.0,0.0,-0.26583842289365733,-0.3414655588538266,-0.2793350430989928,-0.2182945887621037,-0.23560148255032973,-0.3836389340593552,True
2024-02-02 00:00:00+00:00,0.0,0.0,0.0,0.0,0.0,0.0,0.0,0.0,-0.26583842289365733,-0.3414655588538266,-0.2793350430989928,-0.2182945887621037,-0.23560148255032973,-0.3836389340593552,True
2024-02-03 00:00:00+00:00,0.0,0.0,0.0,0.0,0.0,0.0,0.0,0.0,-0.26583842289365733,-0.3414655588538266,-0.2793350430989928,-0.2182945887621037,-0.23560148255032973,-0.3836389340593552,True
2024-02-04 00:00:00+00:00,0.0,0.0,0.0,0.0,0.0,0.0,0.0,0.0,-0.26583842289365733,-0.3414655588538266,-0.2793350430989928,-0.2182945887621037,-0.23560148255032973,-0.3836389340593552,True
2024-02-05 00:00:00+00:00,0.0,0.0,0.0,0.0,0.0,0.0,0.0,0.0,-0.26583842289365733,-0.3414655588538266,-0.2793350430989928,-0.2182945887621037,-0.23560148255032973,-0.3836389340593552,True
2024-02-06 00:00:00+00:00,0.0,0.0,0.0,0.0,0.0,0.0,0.0,0.0,-0.26583842289365733,-0.3414655588538266,-0.2793350430989928,-0.2182945887621037,-0.23560148255032973,-0.3836389340593552,True
2024-02-07 00:00:00+00:00,0.0,0.0,0.0,0.0,0.0,0.0,0.0,0.0,-0.26583842289365733,-0.3414655588538266,-0.2793350430989928,-0.2182945887621037,-0.23560148255032973,-0.3836389340593552,True
2024-02-08 00:00:00+00:00,0.0,0.0,0.0,0.0,0.0,0.0,0.0,0.0,-0.26583842289365733,-0.3414655588538266,-0.2793350430989928,-0.2182945887621037,-0.23560148255032973,-0.3836389340593552,True
2024-02-09 00:00:00+00:00,0.0,0.0,0.0,0.0,0.0,0.0,0.0,0.0,-0.26583842289365733,-0.3414655588538266,-0.2793350430989928,-0.2182945887621037,-0.23560148255032973,-0.3836389340593552,True
2024-02-10 00:00:00+00:00,0.0,0.0,0.0,0.0,0.0,0.0,0.0,0.0,-0.26583842289365733,-0.3414655588538266,-0.2793350430989928,-0.2182945887621037,-0.23560148255032973,-0.3836389340593552,True
2024-02-11 00:00:00+00:00,0.0,0.0,0.0,0.0,0.0,0.0,0.0,0.0,-0.26583842289365733,-0.3414655588538266,-0.2793350430989928,-0.2182945887621037,-0.23560148255032973,-0.3836389340593552,True
2024-02-12 00:00:00+00:00,0.0,0.0,0.0,0.0,0.0,0.0,0.0,0.0,-0.26583842289365733,-0.3414655588538266,-0.2793350430989928,-0.2182945887621037,-0.23560148255032973,-0.3836389340593552,True
2024-02-13 00:00:00+00:00,0.0,0.0,0.0,0.0,0.0,0.0,0.0,0.0,-0.26583842289365733,-0.3414655588538266,-0.2793350430989928,-0.2182945887621037,-0.23560148255032973,-0.3836389340593552,True
2024-02-14 00:00:00+00:00,0.0,0.0,0.0,0.0,0.0,0.0,0.0,0.0,-0.26583842289365733,-0.3414655588538266,-0.2793350430989928,-0.2182945887621037,-0.23560148255032973,-0.3836389340593552,True
2024-02-15 00:00:00+00:00,0.0,0.0,0.0,0.0,0.0,0.0,0.0,0.0,-0.26583842289365733,-0.3414655588538266,-0.2793350430989928,-0.2182945887621037,-0.23560148255032973,-0.3836389340593552,True
2024-02-16 00:00:00+00:00,0.0,0.0,0.0,0.0,0.0,0.0,0.0,0.0,-0.26583842289365733,-0.3414655588538266,-0.2793350430989928,-0.2182945887621037,-0.23560148255032973,-0.3836389340593552,True
2024-02-17 00:00:00+00:00,0.0,0.0,0.0,0.0,0.0,0.0,0.0,0.0,-0.26583842289365733,-0.3414655588538266,-0.2793350430989928,-0.2182945887621037,-0.23560148255032973,-0.3836389340593552,True
2024-02-18 00:00:00+00:00,0.0,0.0,0.0,0.0,0.0,0.0,0.0,0.0,-0.26583842289365733,-0.3414655588538266,-0.2793350430989928,-0.2182945887621037,-0.23560148255032973,-0.3836389340593552,True
2024-02-19 00:00:00+00:00,0.0,0.0,0.0,0.0,0.0,0.0,0.0,0.0,-0.26583842289365733,-0.3414655588538266,-0.2793350430989928,-0.2182945887621037,-0.23560148255032973,-0.3836389340593552,True
2024-02-20 00:00:00+00:00,0.0,0.0,0.0,0.0,0.0,0.0,0.0,0.0,-0.26583842289365733,-0.3414655588538266,-0.2793350430989928,-0.2182945887621037,-0.23560148255032973,-0.3836389340593552,True
2024-02-21 00:00:00+00:00,0.0,0.0,0.0,0.0,0.0,0.0,0.0,0.0,-0.26583842289365733,-0.3414655588538266,-0.2793350430989928,-0.2182945887621037,-0.23560148255032973,-0.3836389340593552,True
2024-02-22 00:00:00+00:00,8.0,2.0,2.0,62.25,0.125,0.0,0.0,1.0,1.0530817277843025,0.6916206276879109,1.5771152433353073,-0.056059770618337494,0.7059739993741612,3.1622239704244723,True
2024-02-23 00:00:00+00:00,1.0,1.0,0.0,1.0,0.0,0.0,0.0,0.0,-0.10097340405891236,0.17507753441704213,-0.2793350430989928,-0.21568840694453317,-0.23560148255032973,-0.3836389340593552,True
2024-02-24 00:00:00+00:00,0.0,0.0,0.0,0.0,0.0,0.0,0.0,0.0,-0.26583842289365733,-0.3414655588538266,-0.2793350430989928,-0.2182945887621037,-0.23560148255032973,-0.3836389340593552,True
2024-02-25 00:00:00+00:00,0.0,0.0,0.0,0.0,0.0,0.0,0.0,0.0,-0.26583842289365733,-0.3414655588538266,-0.2793350430989928,-0.2182945887621037,-0.23560148255032973,-0.3836389340593552,True
2024-02-26 00:00:00+00:00,0.0,0.0,0.0,0.0,0.0,0.0,0.0,0.0,-0.26583842289365733,-0.3414655588538266,-0.2793350430989928,-0.2182945887621037,-0.23560148255032973,-0.3836389340593552,True
2024-02-27 00:00:00+00:00,2.0,2.0,2.0,15.0,0.5,0.0,0.0,1.0,0.06389161477583262,0.6916206276879109,1.5771152433353073,-0.17920186149854558,3.530700445147634,3.1622239704244723,True
2024-02-28 00:00:00+00:00,0.0,0.0,0.0,0.0,0.0,0.0,0.0,0.0,-0.26583842289365733,-0.3414655588538266,-0.2793350430989928,-0.2182945887621037,-0.23560148255032973,-0.3836389340593552,True
2024-02-29 00:00:00+00:00,2.0,2.0,1.0,4.0,0.5,0.0,0.0,0.5,0.06389161477583262,0.6916206276879109,0.6488901001181572,-0.20786986149182154,3.530700445147634,1.3892925181825588,True
2024-03-01 00:00:00+00:00,0.0,0.0,0.0,0.0,0.0,0.0,0.0,0.0,-0.26583842289365733,-0.3414655588538266,-0.2793350430989928,-0.2182945887621037,-0.23560148255032973,-0.3836389340593552,True
2024-03-02 00:00:00+00:00,0.0,0.0,0.0,0.0,0.0,0.0,0.0,0.0,-0.26583842289365733,-0.3414655588538266,-0.2793350430989928,-0.2182945887621037,-0.23560148255032973,-0.3836389340593552,True
2024-03-03 00:00:00+00:00,0.0,0.0,0.0,0.0,0.0,0.0,0.0,0.0,-0.26583842289365733,-0.3414655588538266,-0.2793350430989928,-0.2182945887621037,-0.23560148255032973,-0.3836389340593552,True
2024-03-04 00:00:00+00:00,0.0,0.0,0.0,0.0,0.0,0.0,0.0,0.0,-0.26583842289365733,-0.3414655588538266,-0.2793350430989928,-0.2182945887621037,-0.23560148255032973,-0.3836389340593552,True
2024-03-05 00:00:00+00:00,0.0,0.0,0.0,0.0,0.0,0.0,0.0,0.0,-0.26583842289365733,-0.3414655588538266,-0.2793350430989928,-0.2182945887621037,-0.23560148255032973,-0.3836389340593552,True
2024-03-06 00:00:00+00:00,0.0,0.0,0.0,0.0,0.0,0.0,0.0,0.0,-0.26583842289365733,-0.3414655588538266,-0.2793350430989928,-0.2182945887621037,-0.23560148255032973,-0.3836389340593552,True
2024-03-07 00:00:00+00:00,0.0,0.0,0.0,0.0,0.0,0.0,0.0,0.0,-0.26583842289365733,-0.3414655588538266,-0.2793350430989928,-0.2182945887621037,-0.23560148255032973,-0.3836389340593552,True
2024-03-08 00:00:00+00:00,0.0,0.0,0.0,0.0,0.0,0.0,0.0,0.0,-0.26583842289365733,-0.3414655588538266,-0.2793350430989928,-0.2182945887621037,-0.23560148255032973,-0.3836389340593552,True
2024-03-09 00:00:00+00:00,0.0,0.0,0.0,0.0,0.0,0.0,0.0,0.0,-0.26583842289365733,-0.3414655588538266,-0.2793350430989928,-0.2182945887621037,-0.23560148255032973,-0.3836389340593552,True
2024-03-10 00:00:00+00:00,0.0,0.0,0.0,0.0,0.0,0.0,0.0,0.0,-0.26583842289365733,-0.3414655588538266,-0.2793350430989928,-0.2182945887621037,-0.23560148255032973,-0.3836389340593552,True
2024-03-11 00:00:00+00:00,0.0,0.0,0.0,0.0,0.0,0.0,0.0,0.0,-0.26583842289365733,-0.3414655588538266,-0.2793350430989928,-0.2182945887621037,-0.23560148255032973,-0.3836389340593552,True
2024-03-12 00:00:00+00:00,0.0,0.0,0.0,0.0,0.0,0.0,0.0,0.0,-0.26583842289365733,-0.3414655588538266,-0.2793350430989928,-0.2182945887621037,-0.23560148255032973,-0.3836389340593552,True
2024-03-13 00:00:00+00:00,0.0,0.0,0.0,0.0,0.0,0.0,0.0,0.0,-0.26583842289365733,-0.3414655588538266,-0.2793350430989928,-0.2182945887621037,-0.23560148255032973,-0.3836389340593552,True
2024-03-14 00:00:00+00:00,0.0,0.0,0.0,0.0,0.0,0.0,0.0,0.0,-0.26583842289365733,-0.3414655588538266,-0.2793350430989928,-0.2182945887621037,-0.23560148255032973,-0.3836389340593552,True
2024-03-15 00:00:00+00:00,0.0,0.0,0.0,0.0,0.0,0.0,0.0,0.0,-0.26583842289365733,-0.3414655588538266,-0.2793350430989928,-0.2182945887621037,-0.23560148255032973,-0.3836389340593552,True
2024-03-16 00:00:00+00:00,0.0,0.0,0.0,0.0,0.0,0.0,0.0,0.0,-0.26583842289365733,-0.3414655588538266,-0.2793350430989928,-0.2182945887621037,-0.23560148255032973,-0.3836389340593552,True
2024-03-17 00:00:00+00:00,1.0,1.0,0.0,36.0,0.0,0.0,0.0,0.0,-0.10097340405891236,0.17507753441704213,-0.2793350430989928,-0.12447204332956421,-0.23560148255032973,-0.3836389340593552,True
2024-03-18 00:00:00+00:00,0.0,0.0,0.0,0.0,0.0,0.0,0.0,0.0,-0.26583842289365733,-0.3414655588538266,-0.2793350430989928,-0.2182945887621037,-0.23560148255032973,-0.3836389340593552,True
2024-03-19 00:00:00+00:00,0.0,0.0,0.0,0.0,0.0,0.0,0.0,0.0,-0.26583842289365733,-0.3414655588538266,-0.2793350430989928,-0.2182945887621037,-0.23560148255032973,-0.3836389340593552,True
2024-03-20 00:00:00+00:00,0.0,0.0,0.0,0.0,0.0,0.0,0.0,0.0,-0.26583842289365733,-0.3414655588538266,-0.2793350430989928,-0.2182945887621037,-0.23560148255032973,-0.3836389340593552,True
2024-03-21 00:00:00+00:00,0.0,0.0,0.0,0.0,0.0,0.0,0.0,0.0,-0.26583842289365733,-0.3414655588538266,-0.2793350430989928,-0.2182945887621037,-0.23560148255032973,-0.3836389340593552,True
2024-03-22 00:00:00+00:00,0.0,0.0,0.0,0.0,0.0,0.0,0.0,0.0,-0.26583842289365733,-0.3414655588538266,-0.2793350430989928,-0.2182945887621037,-0.23560148255032973,-0.3836389340593552,True
2024-03-23 00:00:00+00:00,0.0,0.0,0.0,0.0,0.0,0.0,0.0,0.0,-0.26583842289365733,-0.3414655588538266,-0.2793350430989928,-0.2182945887621037,-0.23560148255032973,-0.3836389340593552,True
2024-03-24 00:00:00+00:00,0.0,0.0,0.0,0.0,0.0,0.0,0.0,0.0,-0.26583842289365733,-0.3414655588538266,-0.2793350430989928,-0.2182945887621037,-0.23560148255032973,-0.3836389340593552,True
2024-03-25 00:00:00+00:00,0.0,0.0,0.0,0.0,0.0,0.0,0.0,0.0,-0.26583842289365733,-0.3414655588538266,-0.2793350430989928,-0.2182945887621037,-0.23560148255032973,-0.3836389340593552,True
2024-03-26 00:00:00+00:00,0.0,0.0,0.0,0.0,0.0,0.0,0.0,0.0,-0.26583842289365733,-0.3414655588538266,-0.2793350430989928,-0.2182945887621037,-0.23560148255032973,-0.3836389340593552,True
2024-03-27 00:00:00+00:00,9.0,5.0,4.0,252.22222222222223,0.3333333333333333,0.0,0.0,0.8,1.2179467466190474,2.2412499075005172,3.4335655297696075,0.43904238078068847,2.2752664692483124,2.453051389527707,True
2024-03-28 00:00:00+00:00,0.0,0.0,0.0,0.0,0.0,0.0,0.0,0.0,-0.26583842289365733,-0.3414655588538266,-0.2793350430989928,-0.2182945887621037,-0.23560148255032973,-0.3836389340593552,True
2024-03-29 00:00:00+00:00,0.0,0.0,0.0,0.0,0.0,0.0,0.0,0.0,-0.26583842289365733,-0.3414655588538266,-0.2793350430989928,-0.2182945887621037,-0.23560148255032973,-0.3836389340593552,True
2024-03-30 00:00:00+00:00,0.0,0.0,0.0,0.0,0.0,0.0,0.0,0.0,-0.26583842289365733,-0.3414655588538266,-0.2793350430989928,-0.2182945887621037,-0.23560148255032973,-0.3836389340593552,True
2024-03-31 00:00:00+00:00,0.0,0.0,0.0,0.0,0.0,0.0,0.0,0.0,-0.26583842289365733,-0.3414655588538266,-0.2793350430989928,-0.2182945887621037,-0.23560148255032973,-0.3836389340593552,True
2024-04-01 00:00:00+00:00,0.0,0.0,0.0,0.0,0.0,0.0,0.0,0.0,-0.26583842289365733,-0.3414655588538266,-0.2793350430989928,-0.2182945887621037,-0.23560148255032973,-0.3836389340593552,True
2024-04-02 00:00:00+00:00,0.0,0.0,0.0,0.0,0.0,0.0,0.0,0.0,-0.26583842289365733,-0.3414655588538266,-0.2793350430989928,-0.2182945887621037,-0.23560148255032973,-0.3836389340593552,True
2024-04-03 00:00:00+00:00,0.0,0.0,0.0,0.0,0.0,0.0,0.0,0.0,-0.26583842289365733,-0.3414655588538266,-0.2793350430989928,-0.2182945887621037,-0.23560148255032973,-0.3836389340593552,True
2024-04-04 00:00:00+00:00,4.0,4.0,3.0,1675.5,0.5,0.0,0.0,0.75,0.39362165244532255,1.7247068142296484,2.5053403865524575,4.148363046577339,3.530700445147634,2.2757582443035154,True
2024-04-05 00:00:00+00:00,0.0,0.0,0.0,0.0,0.0,0.0,0.0,0.0,-0.26583842289365733,-0.3414655588538266,-0.2793350430989928,-0.2182945887621037,-0.23560148255032973,-0.3836389340593552,True
2024-04-06 00:00:00+00:00,0.0,0.0,0.0,0.0,0.0,0.0,0.0,0.0,-0.26583842289365733,-0.3414655588538266,-0.2793350430989928,-0.2182945887621037,-0.23560148255032973,-0.3836389340593552,True
2024-04-07 00:00:00+00:00,0.0,0.0,0.0,0.0,0.0,0.0,0.0,0.0,-0.26583842289365733,-0.3414655588538266,-0.2793350430989928,-0.2182945887621037,-0.23560148255032973,-0.3836389340593552,True
2024-04-08 00:00:00+00:00,0.0,0.0,0.0,0.0,0.0,0.0,0.0,0.0,-0.26583842289365733,-0.3414655588538266,-0.2793350430989928,-0.2182945887621037,-0.23560148255032973,-0.3836389340593552,True
2024-04-09 00:00:00+00:00,0.0,0.0,0.0,0.0,0.0,0.0,0.0,0.0,-0.26583842289365733,-0.3414655588538266,-0.2793350430989928,-0.2182945887621037,-0.23560148255032973,-0.3836389340593552,True
2024-04-10 00:00:00+00:00,19.0,2.0,1.0,375.3684210526316,0.0,0.0,0.0,0.5,2.866596934966497,0.6916206276879109,0.6488901001181572,0.7599837650754282,-0.23560148255032973,1.3892925181825588,True
2024-04-11 00:00:00+00:00,2.0,1.0,0.0,11.0,0.0,0.0,0.0,0.0,0.06389161477583262,0.17507753441704213,-0.2793350430989928,-0.18962658876882774,-0.23560148255032973,-0.3836389340593552,True
2024-04-12 00:00:00+00:00,0.0,0.0,0.0,0.0,0.0,0.0,0.0,0.0,-0.26583842289365733,-0.3414655588538266,-0.2793350430989928,-0.2182945887621037,-0.23560148255032973,-0.3836389340593552,True
2024-04-13 00:00:00+00:00,0.0,0.0,0.0,0.0,0.0,0.0,0.0,0.0,-0.26583842289365733,-0.3414655588538266,-0.2793350430989928,-0.2182945887621037,-0.23560148255032973,-0.3836389340593552,True
2024-04-14 00:00:00+00:00,0.0,0.0,0.0,0.0,0.0,0.0,0.0,0.0,-0.26583842289365733,-0.3414655588538266,-0.2793350430989928,-0.2182945887621037,-0.23560148255032973,-0.3836389340593552,True
2024-04-15 00:00:00+00:00,0.0,0.0,0.0,0.0,0.0,0.0,0.0,0.0,-0.26583842289365733,-0.3414655588538266,-0.2793350430989928,-0.2182945887621037,-0.23560148255032973,-0.3836389340593552,True
2024-04-16 00:00:00+00:00,0.0,0.0,0.0,0.0,0.0,0.0,0.0,0.0,-0.26583842289365733,-0.3414655588538266,-0.2793350430989928,-0.2182945887621037,-0.23560148255032973,-0.3836389340593552,True
2024-04-17 00:00:00+00:00,0.0,0.0,0.0,0.0,0.0,0.0,0.0,0.0,-0.26583842289365733,-0.3414655588538266,-0.2793350430989928,-0.2182945887621037,-0.23560148255032973,-0.3836389340593552,True
2024-04-18 00:00:00+00:00,4.0,3.0,2.0,36.75,0.25,0.0,0.0,0.6666666666666666,0.39362165244532255,1.2081637209587797,1.5771152433353073,-0.1225174069663863,1.647549481298652,1.9802696689298633,True
2024-04-19 00:00:00+00:00,1.0,1.0,1.0,92.0,0.0,0.0,0.0,1.0,-0.10097340405891236,0.17507753441704213,0.6488901001181572,0.021474138454386112,-0.23560148255032973,3.1622239704244723,True
2024-04-20 00:00:00+00:00,1.0,1.0,0.0,92.0,1.0,0.0,0.0,0.0,-0.10097340405891236,0.17507753441704213,-0.2793350430989928,0.021474138454386112,7.297002372845597,-0.3836389340593552,True
2024-04-21 00:00:00+00:00,0.0,0.0,0.0,0.0,0.0,0.0,0.0,0.0,-0.26583842289365733,-0.3414655588538266,-0.2793350430989928,-0.2182945887621037,-0.23560148255032973,-0.3836389340593552,True
2024-04-22 00:00:00+00:00,0.0,0.0,0.0,0.0,0.0,0.0,0.0,0.0,-0.26583842289365733,-0.3414655588538266,-0.2793350430989928,-0.2182945887621037,-0.23560148255032973,-0.3836389340593552,True
2024-04-23 00:00:00+00:00,0.0,0.0,0.0,0.0,0.0,0.0,0.0,0.0,-0.26583842289365733,-0.3414655588538266,-0.2793350430989928,-0.2182945887621037,-0.23560148255032973,-0.3836389340593552,True
2024-04-24 00:00:00+00:00,0.0,0.0,0.0,0.0,0.0,0.0,0.0,0.0,-0.26583842289365733,-0.3414655588538266,-0.2793350430989928,-0.2182945887621037,-0.23560148255032973,-0.3836389340593552,True
2024-04-25 00:00:00+00:00,0.0,0.0,0.0,0.0,0.0,0.0,0.0,0.0,-0.26583842289365733,-0.3414655588538266,-0.2793350430989928,-0.2182945887621037,-0.23560148255032973,-0.3836389340593552,True
2024-04-26 00:00:00+00:00,1.0,1.0,1.0,37.0,0.0,0.0,0.0,1.0,-0.10097340405891236,0.17507753441704213,0.6488901001181572,-0.12186586151199368,-0.23560148255032973,3.1622239704244723,True
2024-04-27 00:00:00+00:00,1.0,1.0,0.0,0.0,0.0,1.0,0.0,0.0,-0.10097340405891236,0.17507753441704213,-0.2793350430989928,-0.2182945887621037,-0.23560148255032973,-0.3836389340593552,True
2024-04-28 00:00:00+00:00,0.0,0.0,0.0,0.0,0.0,0.0,0.0,0.0,-0.26583842289365733,-0.3414655588538266,-0.2793350430989928,-0.2182945887621037,-0.23560148255032973,-0.3836389340593552,True
2024-04-29 00:00:00+00:00,0.0,0.0,0.0,0.0,0.0,0.0,0.0,0.0,-0.26583842289365733,-0.3414655588538266,-0.2793350430989928,-0.2182945887621037,-0.23560148255032973,-0.3836389340593552,True
2024-04-30 00:00:00+00:00,0.0,0.0,0.0,0.0,0.0,0.0,0.0,0.0,-0.26583842289365733,-0.3414655588538266,-0.2793350430989928,-0.2182945887621037,-0.23560148255032973,-0.3836389340593552,True
2024-05-01 00:00:00+00:00,0.0,0.0,0.0,0.0,0.0,0.0,0.0,0.0,-0.26583842289365733,-0.3414655588538266,-0.2793350430989928,-0.2182945887621037,-0.23560148255032973,-0.3836389340593552,True
2024-05-02 00:00:00+00:00,0.0,0.0,0.0,0.0,0.0,0.0,0.0,0.0,-0.26583842289365733,-0.3414655588538266,-0.2793350430989928,-0.2182945887621037,-0.23560148255032973,-0.3836389340593552,True
2024-05-03 00:00:00+00:00,1.0,1.0,1.0,24.0,0.0,0.0,0.0,1.0,-0.10097340405891236,0.17507753441704213,0.6488901001181572,-0.1557462251404107,-0.23560148255032973,3.1622239704244723,True
2024-05-04 00:00:00+00:00,0.0,0.0,0.0,0.0,0.0,0.0,0.0,0.0,-0.26583842289365733,-0.3414655588538266,-0.2793350430989928,-0.2182945887621037,-0.23560148255032973,-0.3836389340593552,True
2024-05-05 00:00:00+00:00,0.0,0.0,0.0,0.0,0.0,0.0,0.0,0.0,-0.26583842289365733,-0.3414655588538266,-0.2793350430989928,-0.2182945887621037,-0.23560148255032973,-0.3836389340593552,True
2024-05-06 00:00:00+00:00,0.0,0.0,0.0,0.0,0.0,0.0,0.0,0.0,-0.26583842289365733,-0.3414655588538266,-0.2793350430989928,-0.2182945887621037,-0.23560148255032973,-0.3836389340593552,True
2024-05-07 00:00:00+00:00,1.0,1.0,0.0,23.0,0.0,0.0,0.0,0.0,-0.10097340405891236,0.17507753441704213,-0.2793350430989928,-0.15835240695798125,-0.23560148255032973,-0.3836389340593552,True
2024-05-08 00:00:00+00:00,0.0,0.0,0.0,0.0,0.0,0.0,0.0,0.0,-0.26583842289365733,-0.3414655588538266,-0.2793350430989928,-0.2182945887621037,-0.23560148255032973,-0.3836389340593552,True
2024-05-09 00:00:00+00:00,0.0,0.0,0.0,0.0,0.0,0.0,0.0,0.0,-0.26583842289365733,-0.3414655588538266,-0.2793350430989928,-0.2182945887621037,-0.23560148255032973,-0.3836389340593552,True
2024-05-10 00:00:00+00:00,0.0,0.0,0.0,0.0,0.0,0.0,0.0,0.0,-0.26583842289365733,-0.3414655588538266,-0.2793350430989928,-0.2182945887621037,-0.23560148255032973,-0.3836389340593552,True
2024-05-11 00:00:00+00:00,0.0,0.0,0.0,0.0,0.0,0.0,0.0,0.0,-0.26583842289365733,-0.3414655588538266,-0.2793350430989928,-0.2182945887621037,-0.23560148255032973,-0.3836389340593552,True
2024-05-12 00:00:00+00:00,0.0,0.0,0.0,0.0,0.0,0.0,0.0,0.0,-0.26583842289365733,-0.3414655588538266,-0.2793350430989928,-0.2182945887621037,-0.23560148255032973,-0.3836389340593552,True
2024-05-13 00:00:00+00:00,0.0,0.0,0.0,0.0,0.0,0.0,0.0,0.0,-0.26583842289365733,-0.3414655588538266,-0.2793350430989928,-0.2182945887621037,-0.23560148255032973,-0.3836389340593552,True
2024-05-14 00:00:00+00:00,0.0,0.0,0.0,0.0,0.0,0.0,0.0,0.0,-0.26583842289365733,-0.3414655588538266,-0.2793350430989928,-0.2182945887621037,-0.23560148255032973,-0.3836389340593552,True
2024-05-15 00:00:00+00:00,3.0,3.0,2.0,2307.0,0.0,0.3333333333333333,0.0,0.6666666666666666,0.2287566336105776,1.2081637209587797,1.5771152433353073,5.794166864373135,-0.23560148255032973,1.9802696689298633,True
2024-05-16 00:00:00+00:00,0.0,0.0,0.0,0.0,0.0,0.0,0.0,0.0,-0.26583842289365733,-0.3414655588538266,-0.2793350430989928,-0.2182945887621037,-0.23560148255032973,-0.3836389340593552,True
2024-05-17 00:00:00+00:00,6.0,1.0,0.0,671.6666666666666,0.1666666666666666,0.0,0.0,0.0,0.7233516901148125,0.17507753441704213,-0.2793350430989928,1.5321908653727765,1.019832493348991,-0.3836389340593552,True
2024-05-18 00:00:00+00:00,1.0,1.0,0.0,4024.0,1.0,0.0,0.0,0.0,-0.10097340405891236,0.17507753441704213,-0.2793350430989928,10.268981045141755,7.297002372845597,-0.3836389340593552,True
2024-05-19 00:00:00+00:00,0.0,0.0,0.0,0.0,0.0,0.0,0.0,0.0,-0.26583842289365733,-0.3414655588538266,-0.2793350430989928,-0.2182945887621037,-0.23560148255032973,-0.3836389340593552,True
2024-05-20 00:00:00+00:00,0.0,0.0,0.0,0.0,0.0,0.0,0.0,0.0,-0.26583842289365733,-0.3414655588538266,-0.2793350430989928,-0.2182945887621037,-0.23560148255032973,-0.3836389340593552,True
2024-05-21 00:00:00+00:00,1.0,1.0,1.0,38.0,0.0,0.0,0.0,1.0,-0.10097340405891236,0.17507753441704213,0.6488901001181572,-0.11925967969442312,-0.23560148255032973,3.1622239704244723,True
2024-05-22 00:00:00+00:00,3.0,1.0,0.0,63.0,0.0,0.0,0.0,0.0,0.2287566336105776,0.17507753441704213,-0.2793350430989928,-0.05410513425515959,-0.23560148255032973,-0.3836389340593552,True
2024-05-23 00:00:00+00:00,0.0,0.0,0.0,0.0,0.0,0.0,0.0,0.0,-0.26583842289365733,-0.3414655588538266,-0.2793350430989928,-0.2182945887621037,-0.23560148255032973,-0.3836389340593552,True
2024-05-24 00:00:00+00:00,0.0,0.0,0.0,0.0,0.0,0.0,0.0,0.0,-0.26583842289365733,-0.3414655588538266,-0.2793350430989928,-0.2182945887621037,-0.23560148255032973,-0.3836389340593552,True
2024-05-25 00:00:00+00:00,0.0,0.0,0.0,0.0,0.0,0.0,0.0,0.0,-0.26583842289365733,-0.3414655588538266,-0.2793350430989928,-0.2182945887621037,-0.23560148255032973,-0.3836389340593552,True
2024-05-26 00:00:00+00:00,0.0,0.0,0.0,0.0,0.0,0.0,0.0,0.0,-0.26583842289365733,-0.3414655588538266,-0.2793350430989928,-0.2182945887621037,-0.23560148255032973,-0.3836389340593552,True
2024-05-27 00:00:00+00:00,0.0,0.0,0.0,0.0,0.0,0.0,0.0,0.0,-0.26583842289365733,-0.3414655588538266,-0.2793350430989928,-0.2182945887621037,-0.23560148255032973,-0.3836389340593552,True
2024-05-28 00:00:00+00:00,6.0,4.0,3.0,6.0,0.5,0.0,0.0,0.75,0.7233516901148125,1.7247068142296484,2.5053403865524575,-0.20265749785668047,3.530700445147634,2.2757582443035154,True
2024-05-29 00:00:00+00:00,5.0,1.0,0.0,850.0,0.0,0.0,0.0,0.0,0.5584866712800676,0.17507753441704213,-0.2793350430989928,1.9969599561728566,-0.23560148255032973,-0.3836389340593552,True
2024-05-30 00:00:00+00:00,0.0,0.0,0.0,0.0,0.0,0.0,0.0,0.0,-0.26583842289365733,-0.3414655588538266,-0.2793350430989928,-0.2182945887621037,-0.23560148255032973,-0.3836389340593552,True
2024-05-31 00:00:00+00:00,0.0,0.0,0.0,0.0,0.0,0.0,0.0,0.0,-0.26583842289365733,-0.3414655588538266,-0.2793350430989928,-0.2182945887621037,-0.23560148255032973,-0.3836389340593552,True
2024-06-01 00:00:00+00:00,0.0,0.0,0.0,0.0,0.0,0.0,0.0,0.0,-0.26583842289365733,-0.3414655588538266,-0.2793350430989928,-0.2182945887621037,-0.23560148255032973,-0.3836389340593552,True
2024-06-02 00:00:00+00:00,0.0,0.0,0.0,0.0,0.0,0.0,0.0,0.0,-0.26583842289365733,-0.3414655588538266,-0.2793350430989928,-0.2182945887621037,-0.23560148255032973,-0.3836389340593552,True
2024-06-03 00:00:00+00:00,0.0,0.0,0.0,0.0,0.0,0.0,0.0,0.0,-0.26583842289365733,-0.3414655588538266,-0.2793350430989928,-0.2182945887621037,-0.23560148255032973,-0.3836389340593552,True
2024-06-04 00:00:00+00:00,0.0,0.0,0.0,0.0,0.0,0.0,0.0,0.0,-0.26583842289365733,-0.3414655588538266,-0.2793350430989928,-0.2182945887621037,-0.23560148255032973,-0.3836389340593552,True
2024-06-05 00:00:00+00:00,0.0,0.0,0.0,0.0,0.0,0.0,0.0,0.0,-0.26583842289365733,-0.3414655588538266,-0.2793350430989928,-0.2182945887621037,-0.23560148255032973,-0.3836389340593552,True
2024-06-06 00:00:00+00:00,0.0,0.0,0.0,0.0,0.0,0.0,0.0,0.0,-0.26583842289365733,-0.3414655588538266,-0.2793350430989928,-0.2182945887621037,-0.23560148255032973,-0.3836389340593552,True
2024-06-07 00:00:00+00:00,0.0,0.0,0.0,0.0,0.0,0.0,0.0,0.0,-0.26583842289365733,-0.3414655588538266,-0.2793350430989928,-0.2182945887621037,-0.23560148255032973,-0.3836389340593552,True
2024-06-08 00:00:00+00:00,0.0,0.0,0.0,0.0,0.0,0.0,0.0,0.0,-0.26583842289365733,-0.3414655588538266,-0.2793350430989928,-0.2182945887621037,-0.23560148255032973,-0.3836389340593552,True
2024-06-09 00:00:00+00:00,0.0,0.0,0.0,0.0,0.0,0.0,0.0,0.0,-0.26583842289365733,-0.3414655588538266,-0.2793350430989928,-0.2182945887621037,-0.23560148255032973,-0.3836389340593552,True
2024-06-10 00:00:00+00:00,0.0,0.0,0.0,0.0,0.0,0.0,0.0,0.0,-0.26583842289365733,-0.3414655588538266,-0.2793350430989928,-0.2182945887621037,-0.23560148255032973,-0.3836389340593552,True
2024-06-11 00:00:00+00:00,0.0,0.0,0.0,0.0,0.0,0.0,0.0,0.0,-0.26583842289365733,-0.3414655588538266,-0.2793350430989928,-0.2182945887621037,-0.23560148255032973,-0.3836389340593552,True
2024-06-12 00:00:00+00:00,0.0,0.0,0.0,0.0,0.0,0.0,0.0,0.0,-0.26583842289365733,-0.3414655588538266,-0.2793350430989928,-0.2182945887621037,-0.23560148255032973,-0.3836389340593552,True
2024-06-13 00:00:00+00:00,0.0,0.0,0.0,0.0,0.0,0.0,0.0,0.0,-0.26583842289365733,-0.3414655588538266,-0.2793350430989928,-0.2182945887621037,-0.23560148255032973,-0.3836389340593552,True
2024-06-14 00:00:00+00:00,0.0,0.0,0.0,0.0,0.0,0.0,0.0,0.0,-0.26583842289365733,-0.3414655588538266,-0.2793350430989928,-0.2182945887621037,-0.23560148255032973,-0.3836389340593552,True
2024-06-15 00:00:00+00:00,0.0,0.0,0.0,0.0,0.0,0.0,0.0,0.0,-0.26583842289365733,-0.3414655588538266,-0.2793350430989928,-0.2182945887621037,-0.23560148255032973,-0.3836389340593552,True
2024-06-16 00:00:00+00:00,0.0,0.0,0.0,0.0,0.0,0.0,0.0,0.0,-0.26583842289365733,-0.3414655588538266,-0.2793350430989928,-0.2182945887621037,-0.23560148255032973,-0.3836389340593552,True
2024-06-17 00:00:00+00:00,0.0,0.0,0.0,0.0,0.0,0.0,0.0,0.0,-0.26583842289365733,-0.3414655588538266,-0.2793350430989928,-0.2182945887621037,-0.23560148255032973,-0.3836389340593552,True
2024-06-18 00:00:00+00:00,0.0,0.0,0.0,0.0,0.0,0.0,0.0,0.0,-0.26583842289365733,-0.3414655588538266,-0.2793350430989928,-0.2182945887621037,-0.23560148255032973,-0.3836389340593552,True
2024-06-19 00:00:00+00:00,0.0,0.0,0.0,0.0,0.0,0.0,0.0,0.0,-0.26583842289365733,-0.3414655588538266,-0.2793350430989928,-0.2182945887621037,-0.23560148255032973,-0.3836389340593552,True
2024-06-20 00:00:00+00:00,0.0,0.0,0.0,0.0,0.0,0.0,0.0,0.0,-0.26583842289365733,-0.3414655588538266,-0.2793350430989928,-0.2182945887621037,-0.23560148255032973,-0.3836389340593552,True
2024-06-21 00:00:00+00:00,0.0,0.0,0.0,0.0,0.0,0.0,0.0,0.0,-0.26583842289365733,-0.3414655588538266,-0.2793350430989928,-0.2182945887621037,-0.23560148255032973,-0.3836389340593552,True
2024-06-22 00:00:00+00:00,1.0,1.0,1.0,0.0,0.0,0.0,0.0,1.0,-0.10097340405891236,0.17507753441704213,0.6488901001181572,-0.2182945887621037,-0.23560148255032973,3.1622239704244723,True
2024-06-23 00:00:00+00:00,0.0,0.0,0.0,0.0,0.0,0.0,0.0,0.0,-0.26583842289365733,-0.3414655588538266,-0.2793350430989928,-0.2182945887621037,-0.23560148255032973,-0.3836389340593552,True
2024-06-24 00:00:00+00:00,0.0,0.0,0.0,0.0,0.0,0.0,0.0,0.0,-0.26583842289365733,-0.3414655588538266,-0.2793350430989928,-0.2182945887621037,-0.23560148255032973,-0.3836389340593552,True
2024-06-25 00:00:00+00:00,0.0,0.0,0.0,0.0,0.0,0.0,0.0,0.0,-0.26583842289365733,-0.3414655588538266,-0.2793350430989928,-0.2182945887621037,-0.23560148255032973,-0.3836389340593552,True
2024-06-26 00:00:00+00:00,2.0,2.0,2.0,470.0,0.5,0.0,0.0,1.0,0.06389161477583262,0.6916206276879109,1.5771152433353073,1.0066108654960508,3.530700445147634,3.1622239704244723,True
2024-06-27 00:00:00+00:00,0.0,0.0,0.0,0.0,0.0,0.0,0.0,0.0,-0.26583842289365733,-0.3414655588538266,-0.2793350430989928,-0.2182945887621037,-0.23560148255032973,-0.3836389340593552,True
2024-06-28 00:00:00+00:00,0.0,0.0,0.0,0.0,0.0,0.0,0.0,0.0,-0.26583842289365733,-0.3414655588538266,-0.2793350430989928,-0.2182945887621037,-0.23560148255032973,-0.3836389340593552,True
2024-06-29 00:00:00+00:00,0.0,0.0,0.0,0.0,0.0,0.0,0.0,0.0,-0.26583842289365733,-0.3414655588538266,-0.2793350430989928,-0.2182945887621037,-0.23560148255032973,-0.3836389340593552,True
2024-06-30 00:00:00+00:00,0.0,0.0,0.0,0.0,0.0,0.0,0.0,0.0,-0.26583842289365733,-0.3414655588538266,-0.2793350430989928,-0.2182945887621037,-0.23560148255032973,-0.3836389340593552,True
2024-07-01 00:00:00+00:00,0.0,0.0,0.0,0.0,0.0,0.0,0.0,0.0,-0.26583842289365733,-0.3414655588538266,-0.2793350430989928,-0.2182945887621037,-0.23560148255032973,-0.3836389340593552,True
2024-07-02 00:00:00+00:00,0.0,0.0,0.0,0.0,0.0,0.0,0.0,0.0,-0.26583842289365733,-0.3414655588538266,-0.2793350430989928,-0.2182945887621037,-0.23560148255032973,-0.3836389340593552,True
2024-07-03 00:00:00+00:00,0.0,0.0,0.0,0.0,0.0,0.0,0.0,0.0,-0.26583842289365733,-0.3414655588538266,-0.2793350430989928,-0.2182945887621037,-0.23560148255032973,-0.3836389340593552,True
2024-07-04 00:00:00+00:00,0.0,0.0,0.0,0.0,0.0,0.0,0.0,0.0,-0.26583842289365733,-0.3414655588538266,-0.2793350430989928,-0.2182945887621037,-0.23560148255032973,-0.3836389340593552,True
2024-07-05 00:00:00+00:00,0.0,0.0,0.0,0.0,0.0,0.0,0.0,0.0,-0.26583842289365733,-0.3414655588538266,-0.2793350430989928,-0.2182945887621037,-0.23560148255032973,-0.3836389340593552,True
2024-07-06 00:00:00+00:00,0.0,0.0,0.0,0.0,0.0,0.0,0.0,0.0,-0.26583842289365733,-0.3414655588538266,-0.2793350430989928,-0.2182945887621037,-0.23560148255032973,-0.3836389340593552,True
2024-07-07 00:00:00+00:00,0.0,0.0,0.0,0.0,0.0,0.0,0.0,0.0,-0.26583842289365733,-0.3414655588538266,-0.2793350430989928,-0.2182945887621037,-0.23560148255032973,-0.3836389340593552,True
2024-07-08 00:00:00+00:00,0.0,0.0,0.0,0.0,0.0,0.0,0.0,0.0,-0.26583842289365733,-0.3414655588538266,-0.2793350430989928,-0.2182945887621037,-0.23560148255032973,-0.3836389340593552,True
2024-07-09 00:00:00+00:00,0.0,0.0,0.0,0.0,0.0,0.0,0.0,0.0,-0.26583842289365733,-0.3414655588538266,-0.2793350430989928,-0.2182945887621037,-0.23560148255032973,-0.3836389340593552,True
2024-07-10 00:00:00+00:00,1.0,1.0,1.0,45.0,0.0,0.0,0.0,1.0,-0.10097340405891236,0.17507753441704213,0.6488901001181572,-0.10101640697142934,-0.23560148255032973,3.1622239704244723,True
2024-07-11 00:00:00+00:00,3.0,3.0,2.0,16.333333333333332,0.6666666666666666,0.0,0.0,0.6666666666666666,0.2287566336105776,1.2081637209587797,1.5771152433353073,-0.17572695240845154,4.786134421046954,1.9802696689298633,True
2024-07-12 00:00:00+00:00,0.0,0.0,0.0,0.0,0.0,0.0,0.0,0.0,-0.26583842289365733,-0.3414655588538266,-0.2793350430989928,-0.2182945887621037,-0.23560148255032973,-0.3836389340593552,True
2024-07-13 00:00:00+00:00,0.0,0.0,0.0,0.0,0.0,0.0,0.0,0.0,-0.26583842289365733,-0.3414655588538266,-0.2793350430989928,-0.2182945887621037,-0.23560148255032973,-0.3836389340593552,True
2024-07-14 00:00:00+00:00,1.0,1.0,0.0,45.0,1.0,0.0,0.0,0.0,-0.10097340405891236,0.17507753441704213,-0.2793350430989928,-0.10101640697142934,7.297002372845597,-0.3836389340593552,True
2024-07-15 00:00:00+00:00,0.0,0.0,0.0,0.0,0.0,0.0,0.0,0.0,-0.26583842289365733,-0.3414655588538266,-0.2793350430989928,-0.2182945887621037,-0.23560148255032973,-0.3836389340593552,True
2024-07-16 00:00:00+00:00,0.0,0.0,0.0,0.0,0.0,0.0,0.0,0.0,-0.26583842289365733,-0.3414655588538266,-0.2793350430989928,-0.2182945887621037,-0.23560148255032973,-0.3836389340593552,True
2024-07-17 00:00:00+00:00,0.0,0.0,0.0,0.0,0.0,0.0,0.0,0.0,-0.26583842289365733,-0.3414655588538266,-0.2793350430989928,-0.2182945887621037,-0.23560148255032973,-0.3836389340593552,True
2024-07-18 00:00:00+00:00,1.0,1.0,0.0,45.0,1.0,0.0,0.0,0.0,-0.10097340405891236,0.17507753441704213,-0.2793350430989928,-0.10101640697142934,7.297002372845597,-0.3836389340593552,True
2024-07-19 00:00:00+00:00,0.0,0.0,0.0,0.0,0.0,0.0,0.0,0.0,-0.26583842289365733,-0.3414655588538266,-0.2793350430989928,-0.2182945887621037,-0.23560148255032973,-0.3836389340593552,True
2024-07-20 00:00:00+00:00,2.0,2.0,0.0,45.0,1.0,0.0,0.0,0.0,0.06389161477583262,0.6916206276879109,-0.2793350430989928,-0.10101640697142934,7.297002372845597,-0.3836389340593552,True
2024-07-21 00:00:00+00:00,0.0,0.0,0.0,0.0,0.0,0.0,0.0,0.0,-0.26583842289365733,-0.3414655588538266,-0.2793350430989928,-0.2182945887621037,-0.23560148255032973,-0.3836389340593552,True
2024-07-22 00:00:00+00:00,0.0,0.0,0.0,0.0,0.0,0.0,0.0,0.0,-0.26583842289365733,-0.3414655588538266,-0.2793350430989928,-0.2182945887621037,-0.23560148255032973,-0.3836389340593552,True
2024-07-23 00:00:00+00:00,0.0,0.0,0.0,0.0,0.0,0.0,0.0,0.0,-0.26583842289365733,-0.3414655588538266,-0.2793350430989928,-0.2182945887621037,-0.23560148255032973,-0.3836389340593552,True
2024-07-24 00:00:00+00:00,0.0,0.0,0.0,0.0,0.0,0.0,0.0,0.0,-0.26583842289365733,-0.3414655588538266,-0.2793350430989928,-0.2182945887621037,-0.23560148255032973,-0.3836389340593552,True
2024-07-25 00:00:00+00:00,0.0,0.0,0.0,0.0,0.0,0.0,0.0,0.0,-0.26583842289365733,-0.3414655588538266,-0.2793350430989928,-0.2182945887621037,-0.23560148255032973,-0.3836389340593552,True
2024-07-26 00:00:00+00:00,0.0,0.0,0.0,0.0,0.0,0.0,0.0,0.0,-0.26583842289365733,-0.3414655588538266,-0.2793350430989928,-0.2182945887621037,-0.23560148255032973,-0.3836389340593552,True
2024-07-27 00:00:00+00:00,0.0,0.0,0.0,0.0,0.0,0.0,0.0,0.0,-0.26583842289365733,-0.3414655588538266,-0.2793350430989928,-0.2182945887621037,-0.23560148255032973,-0.3836389340593552,True
2024-07-28 00:00:00+00:00,0.0,0.0,0.0,0.0,0.0,0.0,0.0,0.0,-0.26583842289365733,-0.3414655588538266,-0.2793350430989928,-0.2182945887621037,-0.23560148255032973,-0.3836389340593552,True
2024-07-29 00:00:00+00:00,0.0,0.0,0.0,0.0,0.0,0.0,0.0,0.0,-0.26583842289365733,-0.3414655588538266,-0.2793350430989928,-0.2182945887621037,-0.23560148255032973,-0.3836389340593552,True
2024-07-30 00:00:00+00:00,2.0,2.0,1.0,4886.0,0.5,0.0,0.0,0.5,0.06389161477583262,0.6916206276879109,0.6488901001181572,12.515509771887562,3.530700445147634,1.3892925181825588,True
2024-07-31 00:00:00+00:00,1.0,1.0,0.0,45.0,1.0,0.0,0.0,0.0,-0.10097340405891236,0.17507753441704213,-0.2793350430989928,-0.10101640697142934,7.297002372845597,-0.3836389340593552,True
2024-08-01 00:00:00+00:00,4.0,1.0,1.0,11.0,0.0,0.0,0.0,1.0,0.39362165244532255,0.17507753441704213,0.6488901001181572,-0.18962658876882774,-0.23560148255032973,3.1622239704244723,True
2024-08-02 00:00:00+00:00,0.0,0.0,0.0,0.0,0.0,0.0,0.0,0.0,-0.26583842289365733,-0.3414655588538266,-0.2793350430989928,-0.2182945887621037,-0.23560148255032973,-0.3836389340593552,True
2024-08-03 00:00:00+00:00,0.0,0.0,0.0,0.0,0.0,0.0,0.0,0.0,-0.26583842289365733,-0.3414655588538266,-0.2793350430989928,-0.2182945887621037,-0.23560148255032973,-0.3836389340593552,True
2024-08-04 00:00:00+00:00,0.0,0.0,0.0,0.0,0.0,0.0,0.0,0.0,-0.26583842289365733,-0.3414655588538266,-0.2793350430989928,-0.2182945887621037,-0.23560148255032973,-0.3836389340593552,True
2024-08-05 00:00:00+00:00,0.0,0.0,0.0,0.0,0.0,0.0,0.0,0.0,-0.26583842289365733,-0.3414655588538266,-0.2793350430989928,-0.2182945887621037,-0.23560148255032973,-0.3836389340593552,True
2024-08-06 00:00:00+00:00,4.0,2.0,1.0,1.5,0.25,0.0,0.0,0.5,0.39362165244532255,0.6916206276879109,0.6488901001181572,-0.2143853160357479,1.647549481298652,1.3892925181825588,True
2024-08-07 00:00:00+00:00,0.0,0.0,0.0,0.0,0.0,0.0,0.0,0.0,-0.26583842289365733,-0.3414655588538266,-0.2793350430989928,-0.2182945887621037,-0.23560148255032973,-0.3836389340593552,True
2024-08-08 00:00:00+00:00,0.0,0.0,0.0,0.0,0.0,0.0,0.0,0.0,-0.26583842289365733,-0.3414655588538266,-0.2793350430989928,-0.2182945887621037,-0.23560148255032973,-0.3836389340593552,True
2024-08-09 00:00:00+00:00,0.0,0.0,0.0,0.0,0.0,0.0,0.0,0.0,-0.26583842289365733,-0.3414655588538266,-0.2793350430989928,-0.2182945887621037,-0.23560148255032973,-0.3836389340593552,True
2024-08-10 00:00:00+00:00,0.0,0.0,0.0,0.0,0.0,0.0,0.0,0.0,-0.26583842289365733,-0.3414655588538266,-0.2793350430989928,-0.2182945887621037,-0.23560148255032973,-0.3836389340593552,True
2024-08-11 00:00:00+00:00,0.0,0.0,0.0,0.0,0.0,0.0,0.0,0.0,-0.26583842289365733,-0.3414655588538266,-0.2793350430989928,-0.2182945887621037,-0.23560148255032973,-0.3836389340593552,True
2024-08-12 00:00:00+00:00,0.0,0.0,0.0,0.0,0.0,0.0,0.0,0.0,-0.26583842289365733,-0.3414655588538266,-0.2793350430989928,-0.2182945887621037,-0.23560148255032973,-0.3836389340593552,True
2024-08-13 00:00:00+00:00,0.0,0.0,0.0,0.0,0.0,0.0,0.0,0.0,-0.26583842289365733,-0.3414655588538266,-0.2793350430989928,-0.2182945887621037,-0.23560148255032973,-0.3836389340593552,True
2024-08-14 00:00:00+00:00,0.0,0.0,0.0,0.0,0.0,0.0,0.0,0.0,-0.26583842289365733,-0.3414655588538266,-0.2793350430989928,-0.2182945887621037,-0.23560148255032973,-0.3836389340593552,True
2024-08-15 00:00:00+00:00,0.0,0.0,0.0,0.0,0.0,0.0,0.0,0.0,-0.26583842289365733,-0.3414655588538266,-0.2793350430989928,-0.2182945887621037,-0.23560148255032973,-0.3836389340593552,True
2024-08-16 00:00:00+00:00,0.0,0.0,0.0,0.0,0.0,0.0,0.0,0.0,-0.26583842289365733,-0.3414655588538266,-0.2793350430989928,-0.2182945887621037,-0.23560148255032973,-0.3836389340593552,True
2024-08-17 00:00:00+00:00,0.0,0.0,0.0,0.0,0.0,0.0,0.0,0.0,-0.26583842289365733,-0.3414655588538266,-0.2793350430989928,-0.2182945887621037,-0.23560148255032973,-0.3836389340593552,True
2024-08-18 00:00:00+00:00,0.0,0.0,0.0,0.0,0.0,0.0,0.0,0.0,-0.26583842289365733,-0.3414655588538266,-0.2793350430989928,-0.2182945887621037,-0.23560148255032973,-0.3836389340593552,True
2024-08-19 00:00:00+00:00,0.0,0.0,0.0,0.0,0.0,0.0,0.0,0.0,-0.26583842289365733,-0.3414655588538266,-0.2793350430989928,-0.2182945887621037,-0.23560148255032973,-0.3836389340593552,True
2024-08-20 00:00:00+00:00,0.0,0.0,0.0,0.0,0.0,0.0,0.0,0.0,-0.26583842289365733,-0.3414655588538266,-0.2793350430989928,-0.2182945887621037,-0.23560148255032973,-0.3836389340593552,True
2024-08-21 00:00:00+00:00,0.0,0.0,0.0,0.0,0.0,0.0,0.0,0.0,-0.26583842289365733,-0.3414655588538266,-0.2793350430989928,-0.2182945887621037,-0.23560148255032973,-0.3836389340593552,True
2024-08-22 00:00:00+00:00,0.0,0.0,0.0,0.0,0.0,0.0,0.0,0.0,-0.26583842289365733,-0.3414655588538266,-0.2793350430989928,-0.2182945887621037,-0.23560148255032973,-0.3836389340593552,True
2024-08-23 00:00:00+00:00,0.0,0.0,0.0,0.0,0.0,0.0,0.0,0.0,-0.26583842289365733,-0.3414655588538266,-0.2793350430989928,-0.2182945887621037,-0.23560148255032973,-0.3836389340593552,True
2024-08-24 00:00:00+00:00,4.0,2.0,0.0,12.0,0.0,0.25,0.0,0.0,0.39362165244532255,0.6916206276879109,-0.2793350430989928,-0.1870204069512572,-0.23560148255032973,-0.3836389340593552,True
2024-08-25 00:00:00+00:00,0.0,0.0,0.0,0.0,0.0,0.0,0.0,0.0,-0.26583842289365733,-0.3414655588538266,-0.2793350430989928,-0.2182945887621037,-0.23560148255032973,-0.3836389340593552,True
2024-08-26 00:00:00+00:00,0.0,0.0,0.0,0.0,0.0,0.0,0.0,0.0,-0.26583842289365733,-0.3414655588538266,-0.2793350430989928,-0.2182945887621037,-0.23560148255032973,-0.3836389340593552,True
2024-08-27 00:00:00+00:00,0.0,0.0,0.0,0.0,0.0,0.0,0.0,0.0,-0.26583842289365733,-0.3414655588538266,-0.2793350430989928,-0.2182945887621037,-0.23560148255032973,-0.3836389340593552,True
2024-08-28 00:00:00+00:00,0.0,0.0,0.0,0.0,0.0,0.0,0.0,0.0,-0.26583842289365733,-0.3414655588538266,-0.2793350430989928,-0.2182945887621037,-0.23560148255032973,-0.3836389340593552,True
2024-08-29 00:00:00+00:00,0.0,0.0,0.0,0.0,0.0,0.0,0.0,0.0,-0.26583842289365733,-0.3414655588538266,-0.2793350430989928,-0.2182945887621037,-0.23560148255032973,-0.3836389340593552,True
2024-08-30 00:00:00+00:00,6.0,3.0,3.0,2219.0,0.1666666666666666,0.0,0.0,1.0,0.7233516901148125,1.2081637209587797,2.5053403865524575,5.564822864426928,1.019832493348991,3.1622239704244723,True
2024-08-31 00:00:00+00:00,7.0,5.0,3.0,2241.6666666666665,0.1428571428571428,0.1428571428571428,0.0,0.6,0.8882167089495575,2.2412499075005172,2.5053403865524575,5.6238963189585265,0.8404847825062308,1.7438788086309414,True
2024-09-01 00:00:00+00:00,29.0,5.0,2.0,1394.5862068965516,0.1724137931034483,0.0,0.0,0.4,4.515247123313947,2.2412499075005172,1.5771152433353073,3.4162506266863586,1.0631233201041406,1.034706227734176,True
2024-09-02 00:00:00+00:00,6.0,3.0,1.0,2634.8,0.0,0.1666666666666666,0.0,0.3333333333333333,0.7233516901148125,1.2081637209587797,0.6488901001181572,6.648473264172759,-0.23560148255032973,0.798315367435254,True
2024-09-03 00:00:00+00:00,0.0,0.0,0.0,0.0,0.0,0.0,0.0,0.0,-0.26583842289365733,-0.3414655588538266,-0.2793350430989928,-0.2182945887621037,-0.23560148255032973,-0.3836389340593552,True
2024-09-04 00:00:00+00:00,11.0,2.0,0.0,1456.2727272727273,0.5454545454545454,0.0,0.0,0.0,1.5476767842885373,0.6916206276879109,-0.2793350430989928,3.5770169144799424,3.873091529483812,-0.3836389340593552,True
2024-09-05 00:00:00+00:00,1.0,1.0,0.0,3984.0,0.0,0.0,0.0,0.0,-0.10097340405891236,0.17507753441704213,-0.2793350430989928,10.164733772438934,-0.23560148255032973,-0.3836389340593552,True
2024-09-06 00:00:00+00:00,5.0,2.0,1.0,83.5,0.2,0.2,0.0,0.5,0.5584866712800676,0.6916206276879109,0.6488901001181572,-0.0006784069949634892,1.2709192885288558,1.3892925181825588,True
2024-09-07 00:00:00+00:00,12.0,2.0,0.0,136.75,0.0,0.0,0.0,0.0,1.7125418031232822,0.6916206276879109,-0.2793350430989928,0.13810077479066785,-0.23560148255032973,-0.3836389340593552,True
2024-09-08 00:00:00+00:00,18.0,3.0,1.0,304.22222222222223,0.2222222222222222,0.0,0.0,0.3333333333333333,2.701731916131752,1.2081637209587797,0.6488901001181572,0.5745638352943566,1.4383104853154318,0.798315367435254,True
2024-09-09 00:00:00+00:00,3.0,1.0,0.0,960.6666666666666,1.0,0.0,0.0,0.0,0.2287566336105776,0.17507753441704213,-0.2793350430989928,2.285377410650663,7.297002372845597,-0.3836389340593552,True
2024-09-10 00:00:00+00:00,0.0,0.0,0.0,0.0,0.0,0.0,0.0,0.0,-0.26583842289365733,-0.3414655588538266,-0.2793350430989928,-0.2182945887621037,-0.23560148255032973,-0.3836389340593552,True
2024-09-11 00:00:00+00:00,0.0,0.0,0.0,0.0,0.0,0.0,0.0,0.0,-0.26583842289365733,-0.3414655588538266,-0.2793350430989928,-0.2182945887621037,-0.23560148255032973,-0.3836389340593552,True
2024-09-12 00:00:00+00:00,0.0,0.0,0.0,0.0,0.0,0.0,0.0,0.0,-0.26583842289365733,-0.3414655588538266,-0.2793350430989928,-0.2182945887621037,-0.23560148255032973,-0.3836389340593552,True
2024-09-13 00:00:00+00:00,0.0,0.0,0.0,0.0,0.0,0.0,0.0,0.0,-0.26583842289365733,-0.3414655588538266,-0.2793350430989928,-0.2182945887621037,-0.23560148255032973,-0.3836389340593552,True
2024-09-14 00:00:00+00:00,0.0,0.0,0.0,0.0,0.0,0.0,0.0,0.0,-0.26583842289365733,-0.3414655588538266,-0.2793350430989928,-0.2182945887621037,-0.23560148255032973,-0.3836389340593552,True
2024-09-15 00:00:00+00:00,0.0,0.0,0.0,0.0,0.0,0.0,0.0,0.0,-0.26583842289365733,-0.3414655588538266,-0.2793350430989928,-0.2182945887621037,-0.23560148255032973,-0.3836389340593552,True
2024-09-16 00:00:00+00:00,0.0,0.0,0.0,0.0,0.0,0.0,0.0,0.0,-0.26583842289365733,-0.3414655588538266,-0.2793350430989928,-0.2182945887621037,-0.23560148255032973,-0.3836389340593552,True
2024-09-17 00:00:00+00:00,0.0,0.0,0.0,0.0,0.0,0.0,0.0,0.0,-0.26583842289365733,-0.3414655588538266,-0.2793350430989928,-0.2182945887621037,-0.23560148255032973,-0.3836389340593552,True
2024-09-18 00:00:00+00:00,0.0,0.0,0.0,0.0,0.0,0.0,0.0,0.0,-0.26583842289365733,-0.3414655588538266,-0.2793350430989928,-0.2182945887621037,-0.23560148255032973,-0.3836389340593552,True
2024-09-19 00:00:00+00:00,0.0,0.0,0.0,0.0,0.0,0.0,0.0,0.0,-0.26583842289365733,-0.3414655588538266,-0.2793350430989928,-0.2182945887621037,-0.23560148255032973,-0.3836389340593552,True
2024-09-20 00:00:00+00:00,0.0,0.0,0.0,0.0,0.0,0.0,0.0,0.0,-0.26583842289365733,-0.3414655588538266,-0.2793350430989928,-0.2182945887621037,-0.23560148255032973,-0.3836389340593552,True
2024-09-21 00:00:00+00:00,0.0,0.0,0.0,0.0,0.0,0.0,0.0,0.0,-0.26583842289365733,-0.3414655588538266,-0.2793350430989928,-0.2182945887621037,-0.23560148255032973,-0.3836389340593552,True
2024-09-22 00:00:00+00:00,1.0,1.0,0.0,29.0,0.0,0.0,0.0,0.0,-0.10097340405891236,0.17507753441704213,-0.2793350430989928,-0.142715316052558,-0.23560148255032973,-0.3836389340593552,True
2024-09-23 00:00:00+00:00,0.0,0.0,0.0,0.0,0.0,0.0,0.0,0.0,-0.26583842289365733,-0.3414655588538266,-0.2793350430989928,-0.2182945887621037,-0.23560148255032973,-0.3836389340593552,True
2024-09-24 00:00:00+00:00,0.0,0.0,0.0,0.0,0.0,0.0,0.0,0.0,-0.26583842289365733,-0.3414655588538266,-0.2793350430989928,-0.2182945887621037,-0.23560148255032973,-0.3836389340593552,True
2024-09-25 00:00:00+00:00,0.0,0.0,0.0,0.0,0.0,0.0,0.0,0.0,-0.26583842289365733,-0.3414655588538266,-0.2793350430989928,-0.2182945887621037,-0.23560148255032973,-0.3836389340593552,True
2024-09-26 00:00:00+00:00,0.0,0.0,0.0,0.0,0.0,0.0,0.0,0.0,-0.26583842289365733,-0.3414655588538266,-0.2793350430989928,-0.2182945887621037,-0.23560148255032973,-0.3836389340593552,True
2024-09-27 00:00:00+00:00,0.0,0.0,0.0,0.0,0.0,0.0,0.0,0.0,-0.26583842289365733,-0.3414655588538266,-0.2793350430989928,-0.2182945887621037,-0.23560148255032973,-0.3836389340593552,True
2024-09-28 00:00:00+00:00,0.0,0.0,0.0,0.0,0.0,0.0,0.0,0.0,-0.26583842289365733,-0.3414655588538266,-0.2793350430989928,-0.2182945887621037,-0.23560148255032973,-0.3836389340593552,True
2024-09-29 00:00:00+00:00,0.0,0.0,0.0,0.0,0.0,0.0,0.0,0.0,-0.26583842289365733,-0.3414655588538266,-0.2793350430989928,-0.2182945887621037,-0.23560148255032973,-0.3836389340593552,True
2024-09-30 00:00:00+00:00,1.0,1.0,0.0,44.0,0.0,0.0,0.0,0.0,-0.10097340405891236,0.17507753441704213,-0.2793350430989928,-0.10362258878899988,-0.23560148255032973,-0.3836389340593552,True
2024-10-01 00:00:00+00:00,0.0,0.0,0.0,0.0,0.0,0.0,0.0,0.0,-0.26583842289365733,-0.3414655588538266,-0.2793350430989928,-0.2182945887621037,-0.23560148255032973,-0.3836389340593552,True
2024-10-02 00:00:00+00:00,3.0,1.0,0.0,277.0,0.0,0.0,0.0,0.0,0.2287566336105776,0.17507753441704213,-0.2793350430989928,0.5036177747049363,-0.23560148255032973,-0.3836389340593552,True
2024-10-03 00:00:00+00:00,0.0,0.0,0.0,0.0,0.0,0.0,0.0,0.0,-0.26583842289365733,-0.3414655588538266,-0.2793350430989928,-0.2182945887621037,-0.23560148255032973,-0.3836389340593552,True
2024-10-04 00:00:00+00:00,0.0,0.0,0.0,0.0,0.0,0.0,0.0,0.0,-0.26583842289365733,-0.3414655588538266,-0.2793350430989928,-0.2182945887621037,-0.23560148255032973,-0.3836389340593552,True
2024-10-05 00:00:00+00:00,0.0,0.0,0.0,0.0,0.0,0.0,0.0,0.0,-0.26583842289365733,-0.3414655588538266,-0.2793350430989928,-0.2182945887621037,-0.23560148255032973,-0.3836389340593552,True
2024-10-06 00:00:00+00:00,0.0,0.0,0.0,0.0,0.0,0.0,0.0,0.0,-0.26583842289365733,-0.3414655588538266,-0.2793350430989928,-0.2182945887621037,-0.23560148255032973,-0.3836389340593552,True
2024-10-07 00:00:00+00:00,0.0,0.0,0.0,0.0,0.0,0.0,0.0,0.0,-0.26583842289365733,-0.3414655588538266,-0.2793350430989928,-0.2182945887621037,-0.23560148255032973,-0.3836389340593552,True
2024-10-08 00:00:00+00:00,0.0,0.0,0.0,0.0,0.0,0.0,0.0,0.0,-0.26583842289365733,-0.3414655588538266,-0.2793350430989928,-0.2182945887621037,-0.23560148255032973,-0.3836389340593552,True
2024-10-09 00:00:00+00:00,0.0,0.0,0.0,0.0,0.0,0.0,0.0,0.0,-0.26583842289365733,-0.3414655588538266,-0.2793350430989928,-0.2182945887621037,-0.23560148255032973,-0.3836389340593552,True
2024-10-10 00:00:00+00:00,0.0,0.0,0.0,0.0,0.0,0.0,0.0,0.0,-0.26583842289365733,-0.3414655588538266,-0.2793350430989928,-0.2182945887621037,-0.23560148255032973,-0.3836389340593552,True
2024-10-11 00:00:00+00:00,0.0,0.0,0.0,0.0,0.0,0.0,0.0,0.0,-0.26583842289365733,-0.3414655588538266,-0.2793350430989928,-0.2182945887621037,-0.23560148255032973,-0.3836389340593552,True
2024-10-12 00:00:00+00:00,1.0,1.0,0.0,20.0,0.0,0.0,0.0,0.0,-0.10097340405891236,0.17507753441704213,-0.2793350430989928,-0.16617095241069288,-0.23560148255032973,-0.3836389340593552,True
2024-10-13 00:00:00+00:00,0.0,0.0,0.0,0.0,0.0,0.0,0.0,0.0,-0.26583842289365733,-0.3414655588538266,-0.2793350430989928,-0.2182945887621037,-0.23560148255032973,-0.3836389340593552,True
2024-10-14 00:00:00+00:00,0.0,0.0,0.0,0.0,0.0,0.0,0.0,0.0,-0.26583842289365733,-0.3414655588538266,-0.2793350430989928,-0.2182945887621037,-0.23560148255032973,-0.3836389340593552,True
2024-10-15 00:00:00+00:00,0.0,0.0,0.0,0.0,0.0,0.0,0.0,0.0,-0.26583842289365733,-0.3414655588538266,-0.2793350430989928,-0.2182945887621037,-0.23560148255032973,-0.3836389340593552,True
2024-10-16 00:00:00+00:00,0.0,0.0,0.0,0.0,0.0,0.0,0.0,0.0,-0.26583842289365733,-0.3414655588538266,-0.2793350430989928,-0.2182945887621037,-0.23560148255032973,-0.3836389340593552,True
2024-10-17 00:00:00+00:00,1.0,1.0,0.0,15.0,0.0,0.0,0.0,0.0,-0.10097340405891236,0.17507753441704213,-0.2793350430989928,-0.17920186149854558,-0.23560148255032973,-0.3836389340593552,True
2024-10-18 00:00:00+00:00,0.0,0.0,0.0,0.0,0.0,0.0,0.0,0.0,-0.26583842289365733,-0.3414655588538266,-0.2793350430989928,-0.2182945887621037,-0.23560148255032973,-0.3836389340593552,True
2024-10-19 00:00:00+00:00,2.0,2.0,0.0,16.0,0.0,0.5,0.0,0.0,0.06389161477583262,0.6916206276879109,-0.2793350430989928,-0.17659567968097503,-0.23560148255032973,-0.3836389340593552,True
2024-10-20 00:00:00+00:00,0.0,0.0,0.0,0.0,0.0,0.0,0.0,0.0,-0.26583842289365733,-0.3414655588538266,-0.2793350430989928,-0.2182945887621037,-0.23560148255032973,-0.3836389340593552,True
2024-10-21 00:00:00+00:00,0.0,0.0,0.0,0.0,0.0,0.0,0.0,0.0,-0.26583842289365733,-0.3414655588538266,-0.2793350430989928,-0.2182945887621037,-0.23560148255032973,-0.3836389340593552,True
2024-10-22 00:00:00+00:00,0.0,0.0,0.0,0.0,0.0,0.0,0.0,0.0,-0.26583842289365733,-0.3414655588538266,-0.2793350430989928,-0.2182945887621037,-0.23560148255032973,-0.3836389340593552,True
2024-10-23 00:00:00+00:00,0.0,0.0,0.0,0.0,0.0,0.0,0.0,0.0,-0.26583842289365733,-0.3414655588538266,-0.2793350430989928,-0.2182945887621037,-0.23560148255032973,-0.3836389340593552,True
2024-10-24 00:00:00+00:00,0.0,0.0,0.0,0.0,0.0,0.0,0.0,0.0,-0.26583842289365733,-0.3414655588538266,-0.2793350430989928,-0.2182945887621037,-0.23560148255032973,-0.3836389340593552,True
2024-10-25 00:00:00+00:00,0.0,0.0,0.0,0.0,0.0,0.0,0.0,0.0,-0.26583842289365733,-0.3414655588538266,-0.2793350430989928,-0.2182945887621037,-0.23560148255032973,-0.3836389340593552,True
2024-10-26 00:00:00+00:00,0.0,0.0,0.0,0.0,0.0,0.0,0.0,0.0,-0.26583842289365733,-0.3414655588538266,-0.2793350430989928,-0.2182945887621037,-0.23560148255032973,-0.3836389340593552,True
2024-10-27 00:00:00+00:00,0.0,0.0,0.0,0.0,0.0,0.0,0.0,0.0,-0.26583842289365733,-0.3414655588538266,-0.2793350430989928,-0.2182945887621037,-0.23560148255032973,-0.3836389340593552,True
2024-10-28 00:00:00+00:00,0.0,0.0,0.0,0.0,0.0,0.0,0.0,0.0,-0.26583842289365733,-0.3414655588538266,-0.2793350430989928,-0.2182945887621037,-0.23560148255032973,-0.3836389340593552,True
2024-10-29 00:00:00+00:00,0.0,0.0,0.0,0.0,0.0,0.0,0.0,0.0,-0.26583842289365733,-0.3414655588538266,-0.2793350430989928,-0.2182945887621037,-0.23560148255032973,-0.3836389340593552,True
2024-10-30 00:00:00+00:00,0.0,0.0,0.0,0.0,0.0,0.0,0.0,0.0,-0.26583842289365733,-0.3414655588538266,-0.2793350430989928,-0.2182945887621037,-0.23560148255032973,-0.3836389340593552,True
2024-10-31 00:00:00+00:00,0.0,0.0,0.0,0.0,0.0,0.0,0.0,0.0,-0.26583842289365733,-0.3414655588538266,-0.2793350430989928,-0.2182945887621037,-0.23560148255032973,-0.3836389340593552,True
2024-11-01 00:00:00+00:00,0.0,0.0,0.0,0.0,0.0,0.0,0.0,0.0,-0.26583842289365733,-0.3414655588538266,-0.2793350430989928,-0.2182945887621037,-0.23560148255032973,-0.3836389340593552,True
2024-11-02 00:00:00+00:00,0.0,0.0,0.0,0.0,0.0,0.0,0.0,0.0,-0.26583842289365733,-0.3414655588538266,-0.2793350430989928,-0.2182945887621037,-0.23560148255032973,-0.3836389340593552,True
2024-11-03 00:00:00+00:00,0.0,0.0,0.0,0.0,0.0,0.0,0.0,0.0,-0.26583842289365733,-0.3414655588538266,-0.2793350430989928,-0.2182945887621037,-0.23560148255032973,-0.3836389340593552,True
2024-11-04 00:00:00+00:00,2.0,2.0,1.0,27.0,0.0,0.0,0.0,0.5,0.06389161477583262,0.6916206276879109,0.6488901001181572,-0.1479276796876991,-0.23560148255032973,1.3892925181825588,True
2024-11-05 00:00:00+00:00,0.0,0.0,0.0,0.0,0.0,0.0,0.0,0.0,-0.26583842289365733,-0.3414655588538266,-0.2793350430989928,-0.2182945887621037,-0.23560148255032973,-0.3836389340593552,True
2024-11-06 00:00:00+00:00,0.0,0.0,0.0,0.0,0.0,0.0,0.0,0.0,-0.26583842289365733,-0.3414655588538266,-0.2793350430989928,-0.2182945887621037,-0.23560148255032973,-0.3836389340593552,True
2024-11-07 00:00:00+00:00,0.0,0.0,0.0,0.0,0.0,0.0,0.0,0.0,-0.26583842289365733,-0.3414655588538266,-0.2793350430989928,-0.2182945887621037,-0.23560148255032973,-0.3836389340593552,True
2024-11-08 00:00:00+00:00,0.0,0.0,0.0,0.0,0.0,0.0,0.0,0.0,-0.26583842289365733,-0.3414655588538266,-0.2793350430989928,-0.2182945887621037,-0.23560148255032973,-0.3836389340593552,True
2024-11-09 00:00:00+00:00,0.0,0.0,0.0,0.0,0.0,0.0,0.0,0.0,-0.26583842289365733,-0.3414655588538266,-0.2793350430989928,-0.2182945887621037,-0.23560148255032973,-0.3836389340593552,True
2024-11-10 00:00:00+00:00,3.0,1.0,1.0,38.66666666666666,0.0,0.0,0.0,1.0,0.2287566336105776,0.17507753441704213,0.6488901001181572,-0.11752222514937613,-0.23560148255032973,3.1622239704244723,True
2024-11-11 00:00:00+00:00,0.0,0.0,0.0,0.0,0.0,0.0,0.0,0.0,-0.26583842289365733,-0.3414655588538266,-0.2793350430989928,-0.2182945887621037,-0.23560148255032973,-0.3836389340593552,True
2024-11-12 00:00:00+00:00,1.0,1.0,1.0,71.0,1.0,0.0,0.0,1.0,-0.10097340405891236,0.17507753441704213,0.6488901001181572,-0.03325567971459526,7.297002372845597,3.1622239704244723,True
2024-11-13 00:00:00+00:00,0.0,0.0,0.0,0.0,0.0,0.0,0.0,0.0,-0.26583842289365733,-0.3414655588538266,-0.2793350430989928,-0.2182945887621037,-0.23560148255032973,-0.3836389340593552,True
2024-11-14 00:00:00+00:00,0.0,0.0,0.0,0.0,0.0,0.0,0.0,0.0,-0.26583842289365733,-0.3414655588538266,-0.2793350430989928,-0.2182945887621037,-0.23560148255032973,-0.3836389340593552,True
2024-11-15 00:00:00+00:00,0.0,0.0,0.0,0.0,0.0,0.0,0.0,0.0,-0.26583842289365733,-0.3414655588538266,-0.2793350430989928,-0.2182945887621037,-0.23560148255032973,-0.3836389340593552,True
2024-11-16 00:00:00+00:00,0.0,0.0,0.0,0.0,0.0,0.0,0.0,0.0,-0.26583842289365733,-0.3414655588538266,-0.2793350430989928,-0.2182945887621037,-0.23560148255032973,-0.3836389340593552,True
2024-11-17 00:00:00+00:00,0.0,0.0,0.0,0.0,0.0,0.0,0.0,0.0,-0.26583842289365733,-0.3414655588538266,-0.2793350430989928,-0.2182945887621037,-0.23560148255032973,-0.3836389340593552,True
2024-11-18 00:00:00+00:00,0.0,0.0,0.0,0.0,0.0,0.0,0.0,0.0,-0.26583842289365733,-0.3414655588538266,-0.2793350430989928,-0.2182945887621037,-0.23560148255032973,-0.3836389340593552,True
2024-11-19 00:00:00+00:00,0.0,0.0,0.0,0.0,0.0,0.0,0.0,0.0,-0.26583842289365733,-0.3414655588538266,-0.2793350430989928,-0.2182945887621037,-0.23560148255032973,-0.3836389340593552,True
2024-11-20 00:00:00+00:00,0.0,0.0,0.0,0.0,0.0,0.0,0.0,0.0,-0.26583842289365733,-0.3414655588538266,-0.2793350430989928,-0.2182945887621037,-0.23560148255032973,-0.3836389340593552,True
2024-11-21 00:00:00+00:00,0.0,0.0,0.0,0.0,0.0,0.0,0.0,0.0,-0.26583842289365733,-0.3414655588538266,-0.2793350430989928,-0.2182945887621037,-0.23560148255032973,-0.3836389340593552,True
2024-11-22 00:00:00+00:00,0.0,0.0,0.0,0.0,0.0,0.0,0.0,0.0,-0.26583842289365733,-0.3414655588538266,-0.2793350430989928,-0.2182945887621037,-0.23560148255032973,-0.3836389340593552,True
2024-11-23 00:00:00+00:00,0.0,0.0,0.0,0.0,0.0,0.0,0.0,0.0,-0.26583842289365733,-0.3414655588538266,-0.2793350430989928,-0.2182945887621037,-0.23560148255032973,-0.3836389340593552,True
2024-11-24 00:00:00+00:00,0.0,0.0,0.0,0.0,0.0,0.0,0.0,0.0,-0.26583842289365733,-0.3414655588538266,-0.2793350430989928,-0.2182945887621037,-0.23560148255032973,-0.3836389340593552,True
2024-11-25 00:00:00+00:00,0.0,0.0,0.0,0.0,0.0,0.0,0.0,0.0,-0.26583842289365733,-0.3414655588538266,-0.2793350430989928,-0.2182945887621037,-0.23560148255032973,-0.3836389340593552,True
2024-11-26 00:00:00+00:00,0.0,0.0,0.0,0.0,0.0,0.0,0.0,0.0,-0.26583842289365733,-0.3414655588538266,-0.2793350430989928,-0.2182945887621037,-0.23560148255032973,-0.3836389340593552,True
2024-11-27 00:00:00+00:00,0.0,0.0,0.0,0.0,0.0,0.0,0.0,0.0,-0.26583842289365733,-0.3414655588538266,-0.2793350430989928,-0.2182945887621037,-0.23560148255032973,-0.3836389340593552,True
2024-11-28 00:00:00+00:00,0.0,0.0,0.0,0.0,0.0,0.0,0.0,0.0,-0.26583842289365733,-0.3414655588538266,-0.2793350430989928,-0.2182945887621037,-0.23560148255032973,-0.3836389340593552,True
2024-11-29 00:00:00+00:00,0.0,0.0,0.0,0.0,0.0,0.0,0.0,0.0,-0.26583842289365733,-0.3414655588538266,-0.2793350430989928,-0.2182945887621037,-0.23560148255032973,-0.3836389340593552,True
2024-11-30 00:00:00+00:00,0.0,0.0,0.0,0.0,0.0,0.0,0.0,0.0,-0.26583842289365733,-0.3414655588538266,-0.2793350430989928,-0.2182945887621037,-0.23560148255032973,-0.3836389340593552,True
2024-12-01 00:00:00+00:00,0.0,0.0,0.0,0.0,0.0,0.0,0.0,0.0,-0.26583842289365733,-0.3414655588538266,-0.2793350430989928,-0.2182945887621037,-0.23560148255032973,-0.3836389340593552,True
2024-12-02 00:00:00+00:00,0.0,0.0,0.0,0.0,0.0,0.0,0.0,0.0,-0.26583842289365733,-0.3414655588538266,-0.2793350430989928,-0.2182945887621037,-0.23560148255032973,-0.3836389340593552,True
2024-12-03 00:00:00+00:00,0.0,0.0,0.0,0.0,0.0,0.0,0.0,0.0,-0.26583842289365733,-0.3414655588538266,-0.2793350430989928,-0.2182945887621037,-0.23560148255032973,-0.3836389340593552,True
2024-12-04 00:00:00+00:00,0.0,0.0,0.0,0.0,0.0,0.0,0.0,0.0,-0.26583842289365733,-0.3414655588538266,-0.2793350430989928,-0.2182945887621037,-0.23560148255032973,-0.3836389340593552,True
2024-12-05 00:00:00+00:00,0.0,0.0,0.0,0.0,0.0,0.0,0.0,0.0,-0.26583842289365733,-0.3414655588538266,-0.2793350430989928,-0.2182945887621037,-0.23560148255032973,-0.3836389340593552,True
2024-12-06 00:00:00+00:00,0.0,0.0,0.0,0.0,0.0,0.0,0.0,0.0,-0.26583842289365733,-0.3414655588538266,-0.2793350430989928,-0.2182945887621037,-0.23560148255032973,-0.3836389340593552,True
2024-12-07 00:00:00+00:00,0.0,0.0,0.0,0.0,0.0,0.0,0.0,0.0,-0.26583842289365733,-0.3414655588538266,-0.2793350430989928,-0.2182945887621037,-0.23560148255032973,-0.3836389340593552,True
2024-12-08 00:00:00+00:00,0.0,0.0,0.0,0.0,0.0,0.0,0.0,0.0,-0.26583842289365733,-0.3414655588538266,-0.2793350430989928,-0.2182945887621037,-0.23560148255032973,-0.3836389340593552,True
2024-12-09 00:00:00+00:00,0.0,0.0,0.0,0.0,0.0,0.0,0.0,0.0,-0.26583842289365733,-0.3414655588538266,-0.2793350430989928,-0.2182945887621037,-0.23560148255032973,-0.3836389340593552,True
2024-12-10 00:00:00+00:00,0.0,0.0,0.0,0.0,0.0,0.0,0.0,0.0,-0.26583842289365733,-0.3414655588538266,-0.2793350430989928,-0.2182945887621037,-0.23560148255032973,-0.3836389340593552,True
2024-12-11 00:00:00+00:00,0.0,0.0,0.0,0.0,0.0,0.0,0.0,0.0,-0.26583842289365733,-0.3414655588538266,-0.2793350430989928,-0.2182945887621037,-0.23560148255032973,-0.3836389340593552,True
2024-12-12 00:00:00+00:00,1.0,1.0,0.0,57.0,0.0,0.0,0.0,0.0,-0.10097340405891236,0.17507753441704213,-0.2793350430989928,-0.06974222516058284,-0.23560148255032973,-0.3836389340593552,True
2024-12-13 00:00:00+00:00,0.0,0.0,0.0,0.0,0.0,0.0,0.0,0.0,-0.26583842289365733,-0.3414655588538266,-0.2793350430989928,-0.2182945887621037,-0.23560148255032973,-0.3836389340593552,True
2024-12-14 00:00:00+00:00,0.0,0.0,0.0,0.0,0.0,0.0,0.0,0.0,-0.26583842289365733,-0.3414655588538266,-0.2793350430989928,-0.2182945887621037,-0.23560148255032973,-0.3836389340593552,True
2024-12-15 00:00:00+00:00,0.0,0.0,0.0,0.0,0.0,0.0,0.0,0.0,-0.26583842289365733,-0.3414655588538266,-0.2793350430989928,-0.2182945887621037,-0.23560148255032973,-0.3836389340593552,True
2024-12-16 00:00:00+00:00,0.0,0.0,0.0,0.0,0.0,0.0,0.0,0.0,-0.26583842289365733,-0.3414655588538266,-0.2793350430989928,-0.2182945887621037,-0.23560148255032973,-0.3836389340593552,True
2024-12-17 00:00:00+00:00,0.0,0.0,0.0,0.0,0.0,0.0,0.0,0.0,-0.26583842289365733,-0.3414655588538266,-0.2793350430989928,-0.2182945887621037,-0.23560148255032973,-0.3836389340593552,True
2024-12-18 00:00:00+00:00,0.0,0.0,0.0,0.0,0.0,0.0,0.0,0.0,-0.26583842289365733,-0.3414655588538266,-0.2793350430989928,-0.2182945887621037,-0.23560148255032973,-0.3836389340593552,True
2024-12-19 00:00:00+00:00,0.0,0.0,0.0,0.0,0.0,0.0,0.0,0.0,-0.26583842289365733,-0.3414655588538266,-0.2793350430989928,-0.2182945887621037,-0.23560148255032973,-0.3836389340593552,True
2024-12-20 00:00:00+00:00,0.0,0.0,0.0,0.0,0.0,0.0,0.0,0.0,-0.26583842289365733,-0.3414655588538266,-0.2793350430989928,-0.2182945887621037,-0.23560148255032973,-0.3836389340593552,True
2024-12-21 00:00:00+00:00,0.0,0.0,0.0,0.0,0.0,0.0,0.0,0.0,-0.26583842289365733,-0.3414655588538266,-0.2793350430989928,-0.2182945887621037,-0.23560148255032973,-0.3836389340593552,True
2024-12-22 00:00:00+00:00,0.0,0.0,0.0,0.0,0.0,0.0,0.0,0.0,-0.26583842289365733,-0.3414655588538266,-0.2793350430989928,-0.2182945887621037,-0.23560148255032973,-0.3836389340593552,True
2024-12-23 00:00:00+00:00,1.0,1.0,1.0,702.0,0.0,0.0,0.0,1.0,-0.10097340405891236,0.17507753441704213,0.6488901001181572,1.6112450471724165,-0.23560148255032973,3.1622239704244723,True
2024-12-24 00:00:00+00:00,0.0,0.0,0.0,0.0,0.0,0.0,0.0,0.0,-0.26583842289365733,-0.3414655588538266,-0.2793350430989928,-0.2182945887621037,-0.23560148255032973,-0.3836389340593552,True
2024-12-25 00:00:00+00:00,0.0,0.0,0.0,0.0,0.0,0.0,0.0,0.0,-0.26583842289365733,-0.3414655588538266,-0.2793350430989928,-0.2182945887621037,-0.23560148255032973,-0.3836389340593552,True
2024-12-26 00:00:00+00:00,0.0,0.0,0.0,0.0,0.0,0.0,0.0,0.0,-0.26583842289365733,-0.3414655588538266,-0.2793350430989928,-0.2182945887621037,-0.23560148255032973,-0.3836389340593552,True
2024-12-27 00:00:00+00:00,0.0,0.0,0.0,0.0,0.0,0.0,0.0,0.0,-0.26583842289365733,-0.3414655588538266,-0.2793350430989928,-0.2182945887621037,-0.23560148255032973,-0.3836389340593552,True
2024-12-28 00:00:00+00:00,0.0,0.0,0.0,0.0,0.0,0.0,0.0,0.0,-0.26583842289365733,-0.3414655588538266,-0.2793350430989928,-0.2182945887621037,-0.23560148255032973,-0.3836389340593552,True
2024-12-29 00:00:00+00:00,0.0,0.0,0.0,0.0,0.0,0.0,0.0,0.0,-0.26583842289365733,-0.3414655588538266,-0.2793350430989928,-0.2182945887621037,-0.23560148255032973,-0.3836389340593552,True
2024-12-30 00:00:00+00:00,0.0,0.0,0.0,0.0,0.0,0.0,0.0,0.0,-0.26583842289365733,-0.3414655588538266,-0.2793350430989928,-0.2182945887621037,-0.23560148255032973,-0.3836389340593552,True
2024-12-31 00:00:00+00:00,0.0,0.0,0.0,0.0,0.0,0.0,0.0,0.0,-0.26583842289365733,-0.3414655588538266,-0.2793350430989928,-0.2182945887621037,-0.23560148255032973,-0.3836389340593552,True
2025-01-01 00:00:00+00:00,0.0,0.0,0.0,0.0,0.0,0.0,0.0,0.0,-0.26583842289365733,-0.3414655588538266,-0.2793350430989928,-0.2182945887621037,-0.23560148255032973,-0.3836389340593552,True
2025-01-02 00:00:00+00:00,0.0,0.0,0.0,0.0,0.0,0.0,0.0,0.0,-0.26583842289365733,-0.3414655588538266,-0.2793350430989928,-0.2182945887621037,-0.23560148255032973,-0.3836389340593552,True
2025-01-03 00:00:00+00:00,0.0,0.0,0.0,0.0,0.0,0.0,0.0,0.0,-0.26583842289365733,-0.3414655588538266,-0.2793350430989928,-0.2182945887621037,-0.23560148255032973,-0.3836389340593552,True
2025-01-04 00:00:00+00:00,0.0,0.0,0.0,0.0,0.0,0.0,0.0,0.0,-0.26583842289365733,-0.3414655588538266,-0.2793350430989928,-0.2182945887621037,-0.23560148255032973,-0.3836389340593552,True
2025-01-05 00:00:00+00:00,0.0,0.0,0.0,0.0,0.0,0.0,0.0,0.0,-0.26583842289365733,-0.3414655588538266,-0.2793350430989928,-0.2182945887621037,-0.23560148255032973,-0.3836389340593552,True
2025-01-06 00:00:00+00:00,0.0,0.0,0.0,0.0,0.0,0.0,0.0,0.0,-0.26583842289365733,-0.3414655588538266,-0.2793350430989928,-0.2182945887621037,-0.23560148255032973,-0.3836389340593552,True
2025-01-07 00:00:00+00:00,0.0,0.0,0.0,0.0,0.0,0.0,0.0,0.0,-0.26583842289365733,-0.3414655588538266,-0.2793350430989928,-0.2182945887621037,-0.23560148255032973,-0.3836389340593552,True
2025-01-08 00:00:00+00:00,0.0,0.0,0.0,0.0,0.0,0.0,0.0,0.0,-0.26583842289365733,-0.3414655588538266,-0.2793350430989928,-0.2182945887621037,-0.23560148255032973,-0.3836389340593552,True
2025-01-09 00:00:00+00:00,0.0,0.0,0.0,0.0,0.0,0.0,0.0,0.0,-0.26583842289365733,-0.3414655588538266,-0.2793350430989928,-0.2182945887621037,-0.23560148255032973,-0.3836389340593552,True
2025-01-10 00:00:00+00:00,0.0,0.0,0.0,0.0,0.0,0.0,0.0,0.0,-0.26583842289365733,-0.3414655588538266,-0.2793350430989928,-0.2182945887621037,-0.23560148255032973,-0.3836389340593552,True
2025-01-11 00:00:00+00:00,0.0,0.0,0.0,0.0,0.0,0.0,0.0,0.0,-0.26583842289365733,-0.3414655588538266,-0.2793350430989928,-0.2182945887621037,-0.23560148255032973,-0.3836389340593552,True
2025-01-12 00:00:00+00:00,0.0,0.0,0.0,0.0,0.0,0.0,0.0,0.0,-0.26583842289365733,-0.3414655588538266,-0.2793350430989928,-0.2182945887621037,-0.23560148255032973,-0.3836389340593552,True
2025-01-13 00:00:00+00:00,0.0,0.0,0.0,0.0,0.0,0.0,0.0,0.0,-0.26583842289365733,-0.3414655588538266,-0.2793350430989928,-0.2182945887621037,-0.23560148255032973,-0.3836389340593552,True
2025-01-14 00:00:00+00:00,0.0,0.0,0.0,0.0,0.0,0.0,0.0,0.0,-0.26583842289365733,-0.3414655588538266,-0.2793350430989928,-0.2182945887621037,-0.23560148255032973,-0.3836389340593552,True
2025-01-15 00:00:00+00:00,0.0,0.0,0.0,0.0,0.0,0.0,0.0,0.0,-0.26583842289365733,-0.3414655588538266,-0.2793350430989928,-0.2182945887621037,-0.23560148255032973,-0.3836389340593552,True
2025-01-16 00:00:00+00:00,0.0,0.0,0.0,0.0,0.0,0.0,0.0,0.0,-0.26583842289365733,-0.3414655588538266,-0.2793350430989928,-0.2182945887621037,-0.23560148255032973,-0.3836389340593552,True
2025-01-17 00:00:00+00:00,0.0,0.0,0.0,0.0,0.0,0.0,0.0,0.0,-0.26583842289365733,-0.3414655588538266,-0.2793350430989928,-0.2182945887621037,-0.23560148255032973,-0.3836389340593552,True
2025-01-18 00:00:00+00:00,0.0,0.0,0.0,0.0,0.0,0.0,0.0,0.0,-0.26583842289365733,-0.3414655588538266,-0.2793350430989928,-0.2182945887621037,-0.23560148255032973,-0.3836389340593552,True
2025-01-19 00:00:00+00:00,0.0,0.0,0.0,0.0,0.0,0.0,0.0,0.0,-0.26583842289365733,-0.3414655588538266,-0.2793350430989928,-0.2182945887621037,-0.23560148255032973,-0.3836389340593552,True
2025-01-20 00:00:00+00:00,0.0,0.0,0.0,0.0,0.0,0.0,0.0,0.0,-0.26583842289365733,-0.3414655588538266,-0.2793350430989928,-0.2182945887621037,-0.23560148255032973,-0.3836389340593552,True
2025-01-21 00:00:00+00:00,0.0,0.0,0.0,0.0,0.0,0.0,0.0,0.0,-0.26583842289365733,-0.3414655588538266,-0.2793350430989928,-0.2182945887621037,-0.23560148255032973,-0.3836389340593552,True
2025-01-22 00:00:00+00:00,0.0,0.0,0.0,0.0,0.0,0.0,0.0,0.0,-0.26583842289365733,-0.3414655588538266,-0.2793350430989928,-0.2182945887621037,-0.23560148255032973,-0.3836389340593552,True
2025-01-23 00:00:00+00:00,0.0,0.0,0.0,0.0,0.0,0.0,0.0,0.0,-0.26583842289365733,-0.3414655588538266,-0.2793350430989928,-0.2182945887621037,-0.23560148255032973,-0.3836389340593552,True
2025-01-24 00:00:00+00:00,0.0,0.0,0.0,0.0,0.0,0.0,0.0,0.0,-0.26583842289365733,-0.3414655588538266,-0.2793350430989928,-0.2182945887621037,-0.23560148255032973,-0.3836389340593552,True
2025-01-25 00:00:00+00:00,0.0,0.0,0.0,0.0,0.0,0.0,0.0,0.0,-0.26583842289365733,-0.3414655588538266,-0.2793350430989928,-0.2182945887621037,-0.23560148255032973,-0.3836389340593552,True
2025-01-26 00:00:00+00:00,0.0,0.0,0.0,0.0,0.0,0.0,0.0,0.0,-0.26583842289365733,-0.3414655588538266,-0.2793350430989928,-0.2182945887621037,-0.23560148255032973,-0.3836389340593552,True
2025-01-27 00:00:00+00:00,0.0,0.0,0.0,0.0,0.0,0.0,0.0,0.0,-0.26583842289365733,-0.3414655588538266,-0.2793350430989928,-0.2182945887621037,-0.23560148255032973,-0.3836389340593552,True
2025-01-28 00:00:00+00:00,0.0,0.0,0.0,0.0,0.0,0.0,0.0,0.0,-0.26583842289365733,-0.3414655588538266,-0.2793350430989928,-0.2182945887621037,-0.23560148255032973,-0.3836389340593552,True
2025-01-29 00:00:00+00:00,0.0,0.0,0.0,0.0,0.0,0.0,0.0,0.0,-0.26583842289365733,-0.3414655588538266,-0.2793350430989928,-0.2182945887621037,-0.23560148255032973,-0.3836389340593552,True
2025-01-30 00:00:00+00:00,2.0,1.0,1.0,0.0,0.0,1.0,0.0,1.0,0.06389161477583262,0.17507753441704213,0.6488901001181572,-0.2182945887621037,-0.23560148255032973,3.1622239704244723,True
2025-01-31 00:00:00+00:00,0.0,0.0,0.0,0.0,0.0,0.0,0.0,0.0,-0.26583842289365733,-0.3414655588538266,-0.2793350430989928,-0.2182945887621037,-0.23560148255032973,-0.3836389340593552,True
2025-02-01 00:00:00+00:00,0.0,0.0,0.0,0.0,0.0,0.0,0.0,0.0,-0.26583842289365733,-0.3414655588538266,-0.2793350430989928,-0.2182945887621037,-0.23560148255032973,-0.3836389340593552,True
2025-02-02 00:00:00+00:00,0.0,0.0,0.0,0.0,0.0,0.0,0.0,0.0,-0.26583842289365733,-0.3414655588538266,-0.2793350430989928,-0.2182945887621037,-0.23560148255032973,-0.3836389340593552,True
2025-02-03 00:00:00+00:00,0.0,0.0,0.0,0.0,0.0,0.0,0.0,0.0,-0.26583842289365733,-0.3414655588538266,-0.2793350430989928,-0.2182945887621037,-0.23560148255032973,-0.3836389340593552,True
2025-02-04 00:00:00+00:00,0.0,0.0,0.0,0.0,0.0,0.0,0.0,0.0,-0.26583842289365733,-0.3414655588538266,-0.2793350430989928,-0.2182945887621037,-0.23560148255032973,-0.3836389340593552,True
2025-02-05 00:00:00+00:00,0.0,0.0,0.0,0.0,0.0,0.0,0.0,0.0,-0.26583842289365733,-0.3414655588538266,-0.2793350430989928,-0.2182945887621037,-0.23560148255032973,-0.3836389340593552,True
2025-02-06 00:00:00+00:00,1.0,1.0,0.0,3.0,0.0,0.0,0.0,0.0,-0.10097340405891236,0.17507753441704213,-0.2793350430989928,-0.21047604330939207,-0.23560148255032973,-0.3836389340593552,True
2025-02-07 00:00:00+00:00,0.0,0.0,0.0,0.0,0.0,0.0,0.0,0.0,-0.26583842289365733,-0.3414655588538266,-0.2793350430989928,-0.2182945887621037,-0.23560148255032973,-0.3836389340593552,True
2025-02-08 00:00:00+00:00,1.0,1.0,1.0,3.0,1.0,0.0,0.0,1.0,-0.10097340405891236,0.17507753441704213,0.6488901001181572,-0.21047604330939207,7.297002372845597,3.1622239704244723,True
2025-02-09 00:00:00+00:00,0.0,0.0,0.0,0.0,0.0,0.0,0.0,0.0,-0.26583842289365733,-0.3414655588538266,-0.2793350430989928,-0.2182945887621037,-0.23560148255032973,-0.3836389340593552,True
2025-02-10 00:00:00+00:00,0.0,0.0,0.0,0.0,0.0,0.0,0.0,0.0,-0.26583842289365733,-0.3414655588538266,-0.2793350430989928,-0.2182945887621037,-0.23560148255032973,-0.3836389340593552,True
2025-02-11 00:00:00+00:00,0.0,0.0,0.0,0.0,0.0,0.0,0.0,0.0,-0.26583842289365733,-0.3414655588538266,-0.2793350430989928,-0.2182945887621037,-0.23560148255032973,-0.3836389340593552,True
2025-02-12 00:00:00+00:00,0.0,0.0,0.0,0.0,0.0,0.0,0.0,0.0,-0.26583842289365733,-0.3414655588538266,-0.2793350430989928,-0.2182945887621037,-0.23560148255032973,-0.3836389340593552,True
2025-02-13 00:00:00+00:00,0.0,0.0,0.0,0.0,0.0,0.0,0.0,0.0,-0.26583842289365733,-0.3414655588538266,-0.2793350430989928,-0.2182945887621037,-0.23560148255032973,-0.3836389340593552,True
2025-02-14 00:00:00+00:00,0.0,0.0,0.0,0.0,0.0,0.0,0.0,0.0,-0.26583842289365733,-0.3414655588538266,-0.2793350430989928,-0.2182945887621037,-0.23560148255032973,-0.3836389340593552,True
2025-02-15 00:00:00+00:00,1.0,1.0,0.0,2547.0,0.0,0.0,0.0,0.0,-0.10097340405891236,0.17507753441704213,-0.2793350430989928,6.419650500590065,-0.23560148255032973,-0.3836389340593552,True
2025-02-16 00:00:00+00:00,0.0,0.0,0.0,0.0,0.0,0.0,0.0,0.0,-0.26583842289365733,-0.3414655588538266,-0.2793350430989928,-0.2182945887621037,-0.23560148255032973,-0.3836389340593552,True
2025-02-17 00:00:00+00:00,0.0,0.0,0.0,0.0,0.0,0.0,0.0,0.0,-0.26583842289365733,-0.3414655588538266,-0.2793350430989928,-0.2182945887621037,-0.23560148255032973,-0.3836389340593552,True
2025-02-18 00:00:00+00:00,0.0,0.0,0.0,0.0,0.0,0.0,0.0,0.0,-0.26583842289365733,-0.3414655588538266,-0.2793350430989928,-0.2182945887621037,-0.23560148255032973,-0.3836389340593552,True
2025-02-19 00:00:00+00:00,0.0,0.0,0.0,0.0,0.0,0.0,0.0,0.0,-0.26583842289365733,-0.3414655588538266,-0.2793350430989928,-0.2182945887621037,-0.23560148255032973,-0.3836389340593552,True
2025-02-20 00:00:00+00:00,0.0,0.0,0.0,0.0,0.0,0.0,0.0,0.0,-0.26583842289365733,-0.3414655588538266,-0.2793350430989928,-0.2182945887621037,-0.23560148255032973,-0.3836389340593552,True
2025-02-21 00:00:00+00:00,0.0,0.0,0.0,0.0,0.0,0.0,0.0,0.0,-0.26583842289365733,-0.3414655588538266,-0.2793350430989928,-0.2182945887621037,-0.23560148255032973,-0.3836389340593552,True
2025-02-22 00:00:00+00:00,0.0,0.0,0.0,0.0,0.0,0.0,0.0,0.0,-0.26583842289365733,-0.3414655588538266,-0.2793350430989928,-0.2182945887621037,-0.23560148255032973,-0.3836389340593552,True
2025-02-23 00:00:00+00:00,0.0,0.0,0.0,0.0,0.0,0.0,0.0,0.0,-0.26583842289365733,-0.3414655588538266,-0.2793350430989928,-0.2182945887621037,-0.23560148255032973,-0.3836389340593552,True
2025-02-24 00:00:00+00:00,0.0,0.0,0.0,0.0,0.0,0.0,0.0,0.0,-0.26583842289365733,-0.3414655588538266,-0.2793350430989928,-0.2182945887621037,-0.23560148255032973,-0.3836389340593552,True
2025-02-25 00:00:00+00:00,0.0,0.0,0.0,0.0,0.0,0.0,0.0,0.0,-0.26583842289365733,-0.3414655588538266,-0.2793350430989928,-0.2182945887621037,-0.23560148255032973,-0.3836389340593552,True
2025-02-26 00:00:00+00:00,0.0,0.0,0.0,0.0,0.0,0.0,0.0,0.0,-0.26583842289365733,-0.3414655588538266,-0.2793350430989928,-0.2182945887621037,-0.23560148255032973,-0.3836389340593552,True
2025-02-27 00:00:00+00:00,0.0,0.0,0.0,0.0,0.0,0.0,0.0,0.0,-0.26583842289365733,-0.3414655588538266,-0.2793350430989928,-0.2182945887621037,-0.23560148255032973,-0.3836389340593552,True
2025-02-28 00:00:00+00:00,0.0,0.0,0.0,0.0,0.0,0.0,0.0,0.0,-0.26583842289365733,-0.3414655588538266,-0.2793350430989928,-0.2182945887621037,-0.23560148255032973,-0.3836389340593552,True
2025-03-01 00:00:00+00:00,0.0,0.0,0.0,0.0,0.0,0.0,0.0,0.0,-0.26583842289365733,-0.3414655588538266,-0.2793350430989928,-0.2182945887621037,-0.23560148255032973,-0.3836389340593552,True
2025-03-02 00:00:00+00:00,0.0,0.0,0.0,0.0,0.0,0.0,0.0,0.0,-0.26583842289365733,-0.3414655588538266,-0.2793350430989928,-0.2182945887621037,-0.23560148255032973,-0.3836389340593552,True
2025-03-03 00:00:00+00:00,0.0,0.0,0.0,0.0,0.0,0.0,0.0,0.0,-0.26583842289365733,-0.3414655588538266,-0.2793350430989928,-0.2182945887621037,-0.23560148255032973,-0.3836389340593552,True
2025-03-04 00:00:00+00:00,0.0,0.0,0.0,0.0,0.0,0.0,0.0,0.0,-0.26583842289365733,-0.3414655588538266,-0.2793350430989928,-0.2182945887621037,-0.23560148255032973,-0.3836389340593552,True
2025-03-05 00:00:00+00:00,3.0,3.0,2.0,1.0,0.0,0.6666666666666666,0.0,0.6666666666666666,0.2287566336105776,1.2081637209587797,1.5771152433353073,-0.21568840694453317,-0.23560148255032973,1.9802696689298633,True
2025-03-06 00:00:00+00:00,0.0,0.0,0.0,0.0,0.0,0.0,0.0,0.0,-0.26583842289365733,-0.3414655588538266,-0.2793350430989928,-0.2182945887621037,-0.23560148255032973,-0.3836389340593552,True
2025-03-07 00:00:00+00:00,0.0,0.0,0.0,0.0,0.0,0.0,0.0,0.0,-0.26583842289365733,-0.3414655588538266,-0.2793350430989928,-0.2182945887621037,-0.23560148255032973,-0.3836389340593552,True
2025-03-08 00:00:00+00:00,0.0,0.0,0.0,0.0,0.0,0.0,0.0,0.0,-0.26583842289365733,-0.3414655588538266,-0.2793350430989928,-0.2182945887621037,-0.23560148255032973,-0.3836389340593552,True
2025-03-09 00:00:00+00:00,1.0,1.0,1.0,1.0,0.0,0.0,0.0,1.0,-0.10097340405891236,0.17507753441704213,0.6488901001181572,-0.21568840694453317,-0.23560148255032973,3.1622239704244723,True
2025-03-10 00:00:00+00:00,0.0,0.0,0.0,0.0,0.0,0.0,0.0,0.0,-0.26583842289365733,-0.3414655588538266,-0.2793350430989928,-0.2182945887621037,-0.23560148255032973,-0.3836389340593552,True
2025-03-11 00:00:00+00:00,0.0,0.0,0.0,0.0,0.0,0.0,0.0,0.0,-0.26583842289365733,-0.3414655588538266,-0.2793350430989928,-0.2182945887621037,-0.23560148255032973,-0.3836389340593552,True
2025-03-12 00:00:00+00:00,0.0,0.0,0.0,0.0,0.0,0.0,0.0,0.0,-0.26583842289365733,-0.3414655588538266,-0.2793350430989928,-0.2182945887621037,-0.23560148255032973,-0.3836389340593552,True
2025-03-13 00:00:00+00:00,0.0,0.0,0.0,0.0,0.0,0.0,0.0,0.0,-0.26583842289365733,-0.3414655588538266,-0.2793350430989928,-0.2182945887621037,-0.23560148255032973,-0.3836389340593552,True
2025-03-14 00:00:00+00:00,0.0,0.0,0.0,0.0,0.0,0.0,0.0,0.0,-0.26583842289365733,-0.3414655588538266,-0.2793350430989928,-0.2182945887621037,-0.23560148255032973,-0.3836389340593552,True
2025-03-15 00:00:00+00:00,0.0,0.0,0.0,0.0,0.0,0.0,0.0,0.0,-0.26583842289365733,-0.3414655588538266,-0.2793350430989928,-0.2182945887621037,-0.23560148255032973,-0.3836389340593552,True
2025-03-16 00:00:00+00:00,0.0,0.0,0.0,0.0,0.0,0.0,0.0,0.0,-0.26583842289365733,-0.3414655588538266,-0.2793350430989928,-0.2182945887621037,-0.23560148255032973,-0.3836389340593552,True
2025-03-17 00:00:00+00:00,0.0,0.0,0.0,0.0,0.0,0.0,0.0,0.0,-0.26583842289365733,-0.3414655588538266,-0.2793350430989928,-0.2182945887621037,-0.23560148255032973,-0.3836389340593552,True
2025-03-18 00:00:00+00:00,0.0,0.0,0.0,0.0,0.0,0.0,0.0,0.0,-0.26583842289365733,-0.3414655588538266,-0.2793350430989928,-0.2182945887621037,-0.23560148255032973,-0.3836389340593552,True
2025-03-19 00:00:00+00:00,0.0,0.0,0.0,0.0,0.0,0.0,0.0,0.0,-0.26583842289365733,-0.3414655588538266,-0.2793350430989928,-0.2182945887621037,-0.23560148255032973,-0.3836389340593552,True
2025-03-20 00:00:00+00:00,0.0,0.0,0.0,0.0,0.0,0.0,0.0,0.0,-0.26583842289365733,-0.3414655588538266,-0.2793350430989928,-0.2182945887621037,-0.23560148255032973,-0.3836389340593552,True
2025-03-21 00:00:00+00:00,0.0,0.0,0.0,0.0,0.0,0.0,0.0,0.0,-0.26583842289365733,-0.3414655588538266,-0.2793350430989928,-0.2182945887621037,-0.23560148255032973,-0.3836389340593552,True
2025-03-22 00:00:00+00:00,0.0,0.0,0.0,0.0,0.0,0.0,0.0,0.0,-0.26583842289365733,-0.3414655588538266,-0.2793350430989928,-0.2182945887621037,-0.23560148255032973,-0.3836389340593552,True
2025-03-23 00:00:00+00:00,0.0,0.0,0.0,0.0,0.0,0.0,0.0,0.0,-0.26583842289365733,-0.3414655588538266,-0.2793350430989928,-0.2182945887621037,-0.23560148255032973,-0.3836389340593552,True
2025-03-24 00:00:00+00:00,0.0,0.0,0.0,0.0,0.0,0.0,0.0,0.0,-0.26583842289365733,-0.3414655588538266,-0.2793350430989928,-0.2182945887621037,-0.23560148255032973,-0.3836389340593552,True
2025-03-25 00:00:00+00:00,0.0,0.0,0.0,0.0,0.0,0.0,0.0,0.0,-0.26583842289365733,-0.3414655588538266,-0.2793350430989928,-0.2182945887621037,-0.23560148255032973,-0.3836389340593552,True
2025-03-26 00:00:00+00:00,0.0,0.0,0.0,0.0,0.0,0.0,0.0,0.0,-0.26583842289365733,-0.3414655588538266,-0.2793350430989928,-0.2182945887621037,-0.23560148255032973,-0.3836389340593552,True
2025-03-27 00:00:00+00:00,0.0,0.0,0.0,0.0,0.0,0.0,0.0,0.0,-0.26583842289365733,-0.3414655588538266,-0.2793350430989928,-0.2182945887621037,-0.23560148255032973,-0.3836389340593552,True
2025-03-28 00:00:00+00:00,0.0,0.0,0.0,0.0,0.0,0.0,0.0,0.0,-0.26583842289365733,-0.3414655588538266,-0.2793350430989928,-0.2182945887621037,-0.23560148255032973,-0.3836389340593552,True
2025-03-29 00:00:00+00:00,0.0,0.0,0.0,0.0,0.0,0.0,0.0,0.0,-0.26583842289365733,-0.3414655588538266,-0.2793350430989928,-0.2182945887621037,-0.23560148255032973,-0.3836389340593552,True
2025-03-30 00:00:00+00:00,0.0,0.0,0.0,0.0,0.0,0.0,0.0,0.0,-0.26583842289365733,-0.3414655588538266,-0.2793350430989928,-0.2182945887621037,-0.23560148255032973,-0.3836389340593552,True
2025-03-31 00:00:00+00:00,4.0,3.0,2.0,15.0,0.5,0.0,0.0,0.6666666666666666,0.39362165244532255,1.2081637209587797,1.5771152433353073,-0.17920186149854558,3.530700445147634,1.9802696689298633,True
2025-04-01 00:00:00+00:00,0.0,0.0,0.0,0.0,0.0,0.0,0.0,0.0,-0.26583842289365733,-0.3414655588538266,-0.2793350430989928,-0.2182945887621037,-0.23560148255032973,-0.3836389340593552,True
2025-04-02 00:00:00+00:00,0.0,0.0,0.0,0.0,0.0,0.0,0.0,0.0,-0.26583842289365733,-0.3414655588538266,-0.2793350430989928,-0.2182945887621037,-0.23560148255032973,-0.3836389340593552,True
2025-04-03 00:00:00+00:00,1.0,1.0,0.0,0.0,0.0,1.0,0.0,0.0,-0.10097340405891236,0.17507753441704213,-0.2793350430989928,-0.2182945887621037,-0.23560148255032973,-0.3836389340593552,True
2025-04-04 00:00:00+00:00,0.0,0.0,0.0,0.0,0.0,0.0,0.0,0.0,-0.26583842289365733,-0.3414655588538266,-0.2793350430989928,-0.2182945887621037,-0.23560148255032973,-0.3836389340593552,True
2025-04-05 00:00:00+00:00,0.0,0.0,0.0,0.0,0.0,0.0,0.0,0.0,-0.26583842289365733,-0.3414655588538266,-0.2793350430989928,-0.2182945887621037,-0.23560148255032973,-0.3836389340593552,True
2025-04-06 00:00:00+00:00,0.0,0.0,0.0,0.0,0.0,0.0,0.0,0.0,-0.26583842289365733,-0.3414655588538266,-0.2793350430989928,-0.2182945887621037,-0.23560148255032973,-0.3836389340593552,True
2025-04-07 00:00:00+00:00,0.0,0.0,0.0,0.0,0.0,0.0,0.0,0.0,-0.26583842289365733,-0.3414655588538266,-0.2793350430989928,-0.2182945887621037,-0.23560148255032973,-0.3836389340593552,True
2025-04-08 00:00:00+00:00,0.0,0.0,0.0,0.0,0.0,0.0,0.0,0.0,-0.26583842289365733,-0.3414655588538266,-0.2793350430989928,-0.2182945887621037,-0.23560148255032973,-0.3836389340593552,True
2025-04-09 00:00:00+00:00,0.0,0.0,0.0,0.0,0.0,0.0,0.0,0.0,-0.26583842289365733,-0.3414655588538266,-0.2793350430989928,-0.2182945887621037,-0.23560148255032973,-0.3836389340593552,True
2025-04-10 00:00:00+00:00,0.0,0.0,0.0,0.0,0.0,0.0,0.0,0.0,-0.26583842289365733,-0.3414655588538266,-0.2793350430989928,-0.2182945887621037,-0.23560148255032973,-0.3836389340593552,True
2025-04-11 00:00:00+00:00,0.0,0.0,0.0,0.0,0.0,0.0,0.0,0.0,-0.26583842289365733,-0.3414655588538266,-0.2793350430989928,-0.2182945887621037,-0.23560148255032973,-0.3836389340593552,True
2025-04-12 00:00:00+00:00,0.0,0.0,0.0,0.0,0.0,0.0,0.0,0.0,-0.26583842289365733,-0.3414655588538266,-0.2793350430989928,-0.2182945887621037,-0.23560148255032973,-0.3836389340593552,True
2025-04-13 00:00:00+00:00,0.0,0.0,0.0,0.0,0.0,0.0,0.0,0.0,-0.26583842289365733,-0.3414655588538266,-0.2793350430989928,-0.2182945887621037,-0.23560148255032973,-0.3836389340593552,True
2025-04-14 00:00:00+00:00,0.0,0.0,0.0,0.0,0.0,0.0,0.0,0.0,-0.26583842289365733,-0.3414655588538266,-0.2793350430989928,-0.2182945887621037,-0.23560148255032973,-0.3836389340593552,True
2025-04-15 00:00:00+00:00,0.0,0.0,0.0,0.0,0.0,0.0,0.0,0.0,-0.26583842289365733,-0.3414655588538266,-0.2793350430989928,-0.2182945887621037,-0.23560148255032973,-0.3836389340593552,True
2025-04-16 00:00:00+00:00,0.0,0.0,0.0,0.0,0.0,0.0,0.0,0.0,-0.26583842289365733,-0.3414655588538266,-0.2793350430989928,-0.2182945887621037,-0.23560148255032973,-0.3836389340593552,True
2025-04-17 00:00:00+00:00,0.0,0.0,0.0,0.0,0.0,0.0,0.0,0.0,-0.26583842289365733,-0.3414655588538266,-0.2793350430989928,-0.2182945887621037,-0.23560148255032973,-0.3836389340593552,True
2025-04-18 00:00:00+00:00,0.0,0.0,0.0,0.0,0.0,0.0,0.0,0.0,-0.26583842289365733,-0.3414655588538266,-0.2793350430989928,-0.2182945887621037,-0.23560148255032973,-0.3836389340593552,True
2025-04-19 00:00:00+00:00,0.0,0.0,0.0,0.0,0.0,0.0,0.0,0.0,-0.26583842289365733,-0.3414655588538266,-0.2793350430989928,-0.2182945887621037,-0.23560148255032973,-0.3836389340593552,True
2025-04-20 00:00:00+00:00,0.0,0.0,0.0,0.0,0.0,0.0,0.0,0.0,-0.26583842289365733,-0.3414655588538266,-0.2793350430989928,-0.2182945887621037,-0.23560148255032973,-0.3836389340593552,True
2025-04-21 00:00:00+00:00,0.0,0.0,0.0,0.0,0.0,0.0,0.0,0.0,-0.26583842289365733,-0.3414655588538266,-0.2793350430989928,-0.2182945887621037,-0.23560148255032973,-0.3836389340593552,True
2025-04-22 00:00:00+00:00,0.0,0.0,0.0,0.0,0.0,0.0,0.0,0.0,-0.26583842289365733,-0.3414655588538266,-0.2793350430989928,-0.2182945887621037,-0.23560148255032973,-0.3836389340593552,True
2025-04-23 00:00:00+00:00,0.0,0.0,0.0,0.0,0.0,0.0,0.0,0.0,-0.26583842289365733,-0.3414655588538266,-0.2793350430989928,-0.2182945887621037,-0.23560148255032973,-0.3836389340593552,True
2025-04-24 00:00:00+00:00,0.0,0.0,0.0,0.0,0.0,0.0,0.0,0.0,-0.26583842289365733,-0.3414655588538266,-0.2793350430989928,-0.2182945887621037,-0.23560148255032973,-0.3836389340593552,True
2025-04-25 00:00:00+00:00,2.0,2.0,1.0,1.0,0.5,0.0,0.0,0.5,0.06389161477583262,0.6916206276879109,0.6488901001181572,-0.21568840694453317,3.530700445147634,1.3892925181825588,True
2025-04-26 00:00:00+00:00,0.0,0.0,0.0,0.0,0.0,0.0,0.0,0.0,-0.26583842289365733,-0.3414655588538266,-0.2793350430989928,-0.2182945887621037,-0.23560148255032973,-0.3836389340593552,True
2025-04-27 00:00:00+00:00,0.0,0.0,0.0,0.0,0.0,0.0,0.0,0.0,-0.26583842289365733,-0.3414655588538266,-0.2793350430989928,-0.2182945887621037,-0.23560148255032973,-0.3836389340593552,True
2025-04-28 00:00:00+00:00,0.0,0.0,0.0,0.0,0.0,0.0,0.0,0.0,-0.26583842289365733,-0.3414655588538266,-0.2793350430989928,-0.2182945887621037,-0.23560148255032973,-0.3836389340593552,True
2025-04-29 00:00:00+00:00,0.0,0.0,0.0,0.0,0.0,0.0,0.0,0.0,-0.26583842289365733,-0.3414655588538266,-0.2793350430989928,-0.2182945887621037,-0.23560148255032973,-0.3836389340593552,True
2025-04-30 00:00:00+00:00,0.0,0.0,0.0,0.0,0.0,0.0,0.0,0.0,-0.26583842289365733,-0.3414655588538266,-0.2793350430989928,-0.2182945887621037,-0.23560148255032973,-0.3836389340593552,True
2025-05-01 00:00:00+00:00,0.0,0.0,0.0,0.0,0.0,0.0,0.0,0.0,-0.26583842289365733,-0.3414655588538266,-0.2793350430989928,-0.2182945887621037,-0.23560148255032973,-0.3836389340593552,True
2025-05-02 00:00:00+00:00,0.0,0.0,0.0,0.0,0.0,0.0,0.0,0.0,-0.26583842289365733,-0.3414655588538266,-0.2793350430989928,-0.2182945887621037,-0.23560148255032973,-0.3836389340593552,True
2025-05-03 00:00:00+00:00,0.0,0.0,0.0,0.0,0.0,0.0,0.0,0.0,-0.26583842289365733,-0.3414655588538266,-0.2793350430989928,-0.2182945887621037,-0.23560148255032973,-0.3836389340593552,True
2025-05-04 00:00:00+00:00,0.0,0.0,0.0,0.0,0.0,0.0,0.0,0.0,-0.26583842289365733,-0.3414655588538266,-0.2793350430989928,-0.2182945887621037,-0.23560148255032973,-0.3836389340593552,True
2025-05-05 00:00:00+00:00,0.0,0.0,0.0,0.0,0.0,0.0,0.0,0.0,-0.26583842289365733,-0.3414655588538266,-0.2793350430989928,-0.2182945887621037,-0.23560148255032973,-0.3836389340593552,True
2025-05-06 00:00:00+00:00,0.0,0.0,0.0,0.0,0.0,0.0,0.0,0.0,-0.26583842289365733,-0.3414655588538266,-0.2793350430989928,-0.2182945887621037,-0.23560148255032973,-0.3836389340593552,True
2025-05-07 00:00:00+00:00,0.0,0.0,0.0,0.0,0.0,0.0,0.0,0.0,-0.26583842289365733,-0.3414655588538266,-0.2793350430989928,-0.2182945887621037,-0.23560148255032973,-0.3836389340593552,True
2025-05-08 00:00:00+00:00,0.0,0.0,0.0,0.0,0.0,0.0,0.0,0.0,-0.26583842289365733,-0.3414655588538266,-0.2793350430989928,-0.2182945887621037,-0.23560148255032973,-0.3836389340593552,True
2025-05-09 00:00:00+00:00,0.0,0.0,0.0,0.0,0.0,0.0,0.0,0.0,-0.26583842289365733,-0.3414655588538266,-0.2793350430989928,-0.2182945887621037,-0.23560148255032973,-0.3836389340593552,True
2025-05-10 00:00:00+00:00,0.0,0.0,0.0,0.0,0.0,0.0,0.0,0.0,-0.26583842289365733,-0.3414655588538266,-0.2793350430989928,-0.2182945887621037,-0.23560148255032973,-0.3836389340593552,True
2025-05-11 00:00:00+00:00,0.0,0.0,0.0,0.0,0.0,0.0,0.0,0.0,-0.26583842289365733,-0.3414655588538266,-0.2793350430989928,-0.2182945887621037,-0.23560148255032973,-0.3836389340593552,True
2025-05-12 00:00:00+00:00,0.0,0.0,0.0,0.0,0.0,0.0,0.0,0.0,-0.26583842289365733,-0.3414655588538266,-0.2793350430989928,-0.2182945887621037,-0.23560148255032973,-0.3836389340593552,True
2025-05-13 00:00:00+00:00,1.0,1.0,0.0,0.0,0.0,1.0,0.0,0.0,-0.10097340405891236,0.17507753441704213,-0.2793350430989928,-0.2182945887621037,-0.23560148255032973,-0.3836389340593552,True
2025-05-14 00:00:00+00:00,0.0,0.0,0.0,0.0,0.0,0.0,0.0,0.0,-0.26583842289365733,-0.3414655588538266,-0.2793350430989928,-0.2182945887621037,-0.23560148255032973,-0.3836389340593552,True
2025-05-15 00:00:00+00:00,0.0,0.0,0.0,0.0,0.0,0.0,0.0,0.0,-0.26583842289365733,-0.3414655588538266,-0.2793350430989928,-0.2182945887621037,-0.23560148255032973,-0.3836389340593552,True
2025-05-16 00:00:00+00:00,0.0,0.0,0.0,0.0,0.0,0.0,0.0,0.0,-0.26583842289365733,-0.3414655588538266,-0.2793350430989928,-0.2182945887621037,-0.23560148255032973,-0.3836389340593552,True
2025-05-17 00:00:00+00:00,0.0,0.0,0.0,0.0,0.0,0.0,0.0,0.0,-0.26583842289365733,-0.3414655588538266,-0.2793350430989928,-0.2182945887621037,-0.23560148255032973,-0.3836389340593552,True
2025-05-18 00:00:00+00:00,0.0,0.0,0.0,0.0,0.0,0.0,0.0,0.0,-0.26583842289365733,-0.3414655588538266,-0.2793350430989928,-0.2182945887621037,-0.23560148255032973,-0.3836389340593552,True
2025-05-19 00:00:00+00:00,1.0,1.0,1.0,12.0,0.0,0.0,0.0,1.0,-0.10097340405891236,0.17507753441704213,0.6488901001181572,-0.1870204069512572,-0.23560148255032973,3.1622239704244723,True
2025-05-20 00:00:00+00:00,1.0,1.0,0.0,8.0,0.0,0.0,0.0,0.0,-0.10097340405891236,0.17507753441704213,-0.2793350430989928,-0.19744513422153936,-0.23560148255032973,-0.3836389340593552,True
2025-05-21 00:00:00+00:00,0.0,0.0,0.0,0.0,0.0,0.0,0.0,0.0,-0.26583842289365733,-0.3414655588538266,-0.2793350430989928,-0.2182945887621037,-0.23560148255032973,-0.3836389340593552,True
2025-05-22 00:00:00+00:00,0.0,0.0,0.0,0.0,0.0,0.0,0.0,0.0,-0.26583842289365733,-0.3414655588538266,-0.2793350430989928,-0.2182945887621037,-0.23560148255032973,-0.3836389340593552,True
2025-05-23 00:00:00+00:00,0.0,0.0,0.0,0.0,0.0,0.0,0.0,0.0,-0.26583842289365733,-0.3414655588538266,-0.2793350430989928,-0.2182945887621037,-0.23560148255032973,-0.3836389340593552,True
2025-05-24 00:00:00+00:00,0.0,0.0,0.0,0.0,0.0,0.0,0.0,0.0,-0.26583842289365733,-0.3414655588538266,-0.2793350430989928,-0.2182945887621037,-0.23560148255032973,-0.3836389340593552,True
2025-05-25 00:00:00+00:00,0.0,0.0,0.0,0.0,0.0,0.0,0.0,0.0,-0.26583842289365733,-0.3414655588538266,-0.2793350430989928,-0.2182945887621037,-0.23560148255032973,-0.3836389340593552,True
2025-05-26 00:00:00+00:00,0.0,0.0,0.0,0.0,0.0,0.0,0.0,0.0,-0.26583842289365733,-0.3414655588538266,-0.2793350430989928,-0.2182945887621037,-0.23560148255032973,-0.3836389340593552,True
2025-05-27 00:00:00+00:00,0.0,0.0,0.0,0.0,0.0,0.0,0.0,0.0,-0.26583842289365733,-0.3414655588538266,-0.2793350430989928,-0.2182945887621037,-0.23560148255032973,-0.3836389340593552,True
2025-05-28 00:00:00+00:00,0.0,0.0,0.0,0.0,0.0,0.0,0.0,0.0,-0.26583842289365733,-0.3414655588538266,-0.2793350430989928,-0.2182945887621037,-0.23560148255032973,-0.3836389340593552,True
2025-05-29 00:00:00+00:00,0.0,0.0,0.0,0.0,0.0,0.0,0.0,0.0,-0.26583842289365733,-0.3414655588538266,-0.2793350430989928,-0.2182945887621037,-0.23560148255032973,-0.3836389340593552,True
2025-05-30 00:00:00+00:00,0.0,0.0,0.0,0.0,0.0,0.0,0.0,0.0,-0.26583842289365733,-0.3414655588538266,-0.2793350430989928,-0.2182945887621037,-0.23560148255032973,-0.3836389340593552,True
2025-05-31 00:00:00+00:00,0.0,0.0,0.0,0.0,0.0,0.0,0.0,0.0,-0.26583842289365733,-0.3414655588538266,-0.2793350430989928,-0.2182945887621037,-0.23560148255032973,-0.3836389340593552,True
2025-06-01 00:00:00+00:00,0.0,0.0,0.0,0.0,0.0,0.0,0.0,0.0,-0.26583842289365733,-0.3414655588538266,-0.2793350430989928,-0.2182945887621037,-0.23560148255032973,-0.3836389340593552,True
2025-06-02 00:00:00+00:00,0.0,0.0,0.0,0.0,0.0,0.0,0.0,0.0,-0.26583842289365733,-0.3414655588538266,-0.2793350430989928,-0.2182945887621037,-0.23560148255032973,-0.3836389340593552,True
2025-06-03 00:00:00+00:00,0.0,0.0,0.0,0.0,0.0,0.0,0.0,0.0,-0.26583842289365733,-0.3414655588538266,-0.2793350430989928,-0.2182945887621037,-0.23560148255032973,-0.3836389340593552,True
2025-06-04 00:00:00+00:00,0.0,0.0,0.0,0.0,0.0,0.0,0.0,0.0,-0.26583842289365733,-0.3414655588538266,-0.2793350430989928,-0.2182945887621037,-0.23560148255032973,-0.3836389340593552,True
2025-06-05 00:00:00+00:00,0.0,0.0,0.0,0.0,0.0,0.0,0.0,0.0,-0.26583842289365733,-0.3414655588538266,-0.2793350430989928,-0.2182945887621037,-0.23560148255032973,-0.3836389340593552,True
2025-06-06 00:00:00+00:00,2.0,2.0,2.0,1.0,0.5,0.0,0.0,1.0,0.06389161477583262,0.6916206276879109,1.5771152433353073,-0.21568840694453317,3.530700445147634,3.1622239704244723,True
2025-06-07 00:00:00+00:00,0.0,0.0,0.0,0.0,0.0,0.0,0.0,0.0,-0.26583842289365733,-0.3414655588538266,-0.2793350430989928,-0.2182945887621037,-0.23560148255032973,-0.3836389340593552,True
2025-06-08 00:00:00+00:00,0.0,0.0,0.0,0.0,0.0,0.0,0.0,0.0,-0.26583842289365733,-0.3414655588538266,-0.2793350430989928,-0.2182945887621037,-0.23560148255032973,-0.3836389340593552,True
2025-06-09 00:00:00+00:00,0.0,0.0,0.0,0.0,0.0,0.0,0.0,0.0,-0.26583842289365733,-0.3414655588538266,-0.2793350430989928,-0.2182945887621037,-0.23560148255032973,-0.3836389340593552,True
2025-06-10 00:00:00+00:00,0.0,0.0,0.0,0.0,0.0,0.0,0.0,0.0,-0.26583842289365733,-0.3414655588538266,-0.2793350430989928,-0.2182945887621037,-0.23560148255032973,-0.3836389340593552,True
2025-06-11 00:00:00+00:00,0.0,0.0,0.0,0.0,0.0,0.0,0.0,0.0,-0.26583842289365733,-0.3414655588538266,-0.2793350430989928,-0.2182945887621037,-0.23560148255032973,-0.3836389340593552,True
2025-06-12 00:00:00+00:00,0.0,0.0,0.0,0.0,0.0,0.0,0.0,0.0,-0.26583842289365733,-0.3414655588538266,-0.2793350430989928,-0.2182945887621037,-0.23560148255032973,-0.3836389340593552,True
2025-06-13 00:00:00+00:00,0.0,0.0,0.0,0.0,0.0,0.0,0.0,0.0,-0.26583842289365733,-0.3414655588538266,-0.2793350430989928,-0.2182945887621037,-0.23560148255032973,-0.3836389340593552,True
2025-06-14 00:00:00+00:00,0.0,0.0,0.0,0.0,0.0,0.0,0.0,0.0,-0.26583842289365733,-0.3414655588538266,-0.2793350430989928,-0.2182945887621037,-0.23560148255032973,-0.3836389340593552,True
2025-06-15 00:00:00+00:00,0.0,0.0,0.0,0.0,0.0,0.0,0.0,0.0,-0.26583842289365733,-0.3414655588538266,-0.2793350430989928,-0.2182945887621037,-0.23560148255032973,-0.3836389340593552,True
2025-06-16 00:00:00+00:00,0.0,0.0,0.0,0.0,0.0,0.0,0.0,0.0,-0.26583842289365733,-0.3414655588538266,-0.2793350430989928,-0.2182945887621037,-0.23560148255032973,-0.3836389340593552,True
2025-06-17 00:00:00+00:00,3.0,1.0,1.0,169.66666666666666,0.0,0.0,0.0,1.0,0.2287566336105776,0.17507753441704213,0.6488901001181572,0.22388759295236482,-0.23560148255032973,3.1622239704244723,True
2025-06-18 00:00:00+00:00,0.0,0.0,0.0,0.0,0.0,0.0,0.0,0.0,-0.26583842289365733,-0.3414655588538266,-0.2793350430989928,-0.2182945887621037,-0.23560148255032973,-0.3836389340593552,True
2025-06-19 00:00:00+00:00,0.0,0.0,0.0,0.0,0.0,0.0,0.0,0.0,-0.26583842289365733,-0.3414655588538266,-0.2793350430989928,-0.2182945887621037,-0.23560148255032973,-0.3836389340593552,True
2025-06-20 00:00:00+00:00,0.0,0.0,0.0,0.0,0.0,0.0,0.0,0.0,-0.26583842289365733,-0.3414655588538266,-0.2793350430989928,-0.2182945887621037,-0.23560148255032973,-0.3836389340593552,True
2025-06-21 00:00:00+00:00,0.0,0.0,0.0,0.0,0.0,0.0,0.0,0.0,-0.26583842289365733,-0.3414655588538266,-0.2793350430989928,-0.2182945887621037,-0.23560148255032973,-0.3836389340593552,True
2025-06-22 00:00:00+00:00,0.0,0.0,0.0,0.0,0.0,0.0,0.0,0.0,-0.26583842289365733,-0.3414655588538266,-0.2793350430989928,-0.2182945887621037,-0.23560148255032973,-0.3836389340593552,True
2025-06-23 00:00:00+00:00,0.0,0.0,0.0,0.0,0.0,0.0,0.0,0.0,-0.26583842289365733,-0.3414655588538266,-0.2793350430989928,-0.2182945887621037,-0.23560148255032973,-0.3836389340593552,True
2025-06-24 00:00:00+00:00,0.0,0.0,0.0,0.0,0.0,0.0,0.0,0.0,-0.26583842289365733,-0.3414655588538266,-0.2793350430989928,-0.2182945887621037,-0.23560148255032973,-0.3836389340593552,True
2025-06-25 00:00:00+00:00,0.0,0.0,0.0,0.0,0.0,0.0,0.0,0.0,-0.26583842289365733,-0.3414655588538266,-0.2793350430989928,-0.2182945887621037,-0.23560148255032973,-0.3836389340593552,True
2025-06-26 00:00:00+00:00,0.0,0.0,0.0,0.0,0.0,0.0,0.0,0.0,-0.26583842289365733,-0.3414655588538266,-0.2793350430989928,-0.2182945887621037,-0.23560148255032973,-0.3836389340593552,True
2025-06-27 00:00:00+00:00,0.0,0.0,0.0,0.0,0.0,0.0,0.0,0.0,-0.26583842289365733,-0.3414655588538266,-0.2793350430989928,-0.2182945887621037,-0.23560148255032973,-0.3836389340593552,True
2025-06-28 00:00:00+00:00,0.0,0.0,0.0,0.0,0.0,0.0,0.0,0.0,-0.26583842289365733,-0.3414655588538266,-0.2793350430989928,-0.2182945887621037,-0.23560148255032973,-0.3836389340593552,True
2025-06-29 00:00:00+00:00,0.0,0.0,0.0,0.0,0.0,0.0,0.0,0.0,-0.26583842289365733,-0.3414655588538266,-0.2793350430989928,-0.2182945887621037,-0.23560148255032973,-0.3836389340593552,True
2025-06-30 00:00:00+00:00,0.0,0.0,0.0,0.0,0.0,0.0,0.0,0.0,-0.26583842289365733,-0.3414655588538266,-0.2793350430989928,-0.2182945887621037,-0.23560148255032973,-0.3836389340593552,True
2025-07-01 00:00:00+00:00,0.0,0.0,0.0,0.0,0.0,0.0,0.0,0.0,-0.26583842289365733,-0.3414655588538266,-0.2793350430989928,-0.2182945887621037,-0.23560148255032973,-0.3836389340593552,True
2025-07-02 00:00:00+00:00,0.0,0.0,0.0,0.0,0.0,0.0,0.0,0.0,-0.26583842289365733,-0.3414655588538266,-0.2793350430989928,-0.2182945887621037,-0.23560148255032973,-0.3836389340593552,True
2025-07-03 00:00:00+00:00,2.0,1.0,1.0,150.0,0.0,0.0,0.0,1.0,0.06389161477583262,0.17507753441704213,0.6488901001181572,0.17263268387347752,-0.23560148255032973,3.1622239704244723,True
2025-07-04 00:00:00+00:00,0.0,0.0,0.0,0.0,0.0,0.0,0.0,0.0,-0.26583842289365733,-0.3414655588538266,-0.2793350430989928,-0.2182945887621037,-0.23560148255032973,-0.3836389340593552,True
2025-07-05 00:00:00+00:00,0.0,0.0,0.0,0.0,0.0,0.0,0.0,0.0,-0.26583842289365733,-0.3414655588538266,-0.2793350430989928,-0.2182945887621037,-0.23560148255032973,-0.3836389340593552,True
2025-07-06 00:00:00+00:00,0.0,0.0,0.0,0.0,0.0,0.0,0.0,0.0,-0.26583842289365733,-0.3414655588538266,-0.2793350430989928,-0.2182945887621037,-0.23560148255032973,-0.3836389340593552,True
2025-07-07 00:00:00+00:00,2.0,1.0,1.0,112.5,0.0,0.0,0.0,1.0,0.06389161477583262,0.17507753441704213,0.6488901001181572,0.07490086571458221,-0.23560148255032973,3.1622239704244723,True
2025-07-08 00:00:00+00:00,0.0,0.0,0.0,0.0,0.0,0.0,0.0,0.0,-0.26583842289365733,-0.3414655588538266,-0.2793350430989928,-0.2182945887621037,-0.23560148255032973,-0.3836389340593552,True
2025-07-09 00:00:00+00:00,0.0,0.0,0.0,0.0,0.0,0.0,0.0,0.0,-0.26583842289365733,-0.3414655588538266,-0.2793350430989928,-0.2182945887621037,-0.23560148255032973,-0.3836389340593552,True
2025-07-10 00:00:00+00:00,0.0,0.0,0.0,0.0,0.0,0.0,0.0,0.0,-0.26583842289365733,-0.3414655588538266,-0.2793350430989928,-0.2182945887621037,-0.23560148255032973,-0.3836389340593552,True
2025-07-11 00:00:00+00:00,0.0,0.0,0.0,0.0,0.0,0.0,0.0,0.0,-0.26583842289365733,-0.3414655588538266,-0.2793350430989928,-0.2182945887621037,-0.23560148255032973,-0.3836389340593552,True
2025-07-12 00:00:00+00:00,0.0,0.0,0.0,0.0,0.0,0.0,0.0,0.0,-0.26583842289365733,-0.3414655588538266,-0.2793350430989928,-0.2182945887621037,-0.23560148255032973,-0.3836389340593552,True
2025-07-13 00:00:00+00:00,0.0,0.0,0.0,0.0,0.0,0.0,0.0,0.0,-0.26583842289365733,-0.3414655588538266,-0.2793350430989928,-0.2182945887621037,-0.23560148255032973,-0.3836389340593552,True
2025-07-14 00:00:00+00:00,0.0,0.0,0.0,0.0,0.0,0.0,0.0,0.0,-0.26583842289365733,-0.3414655588538266,-0.2793350430989928,-0.2182945887621037,-0.23560148255032973,-0.3836389340593552,True
2025-07-15 00:00:00+00:00,0.0,0.0,0.0,0.0,0.0,0.0,0.0,0.0,-0.26583842289365733,-0.3414655588538266,-0.2793350430989928,-0.2182945887621037,-0.23560148255032973,-0.3836389340593552,True
2025-07-16 00:00:00+00:00,0.0,0.0,0.0,0.0,0.0,0.0,0.0,0.0,-0.26583842289365733,-0.3414655588538266,-0.2793350430989928,-0.2182945887621037,-0.23560148255032973,-0.3836389340593552,True
2025-07-17 00:00:00+00:00,0.0,0.0,0.0,0.0,0.0,0.0,0.0,0.0,-0.26583842289365733,-0.3414655588538266,-0.2793350430989928,-0.2182945887621037,-0.23560148255032973,-0.3836389340593552,True
2025-07-18 00:00:00+00:00,0.0,0.0,0.0,0.0,0.0,0.0,0.0,0.0,-0.26583842289365733,-0.3414655588538266,-0.2793350430989928,-0.2182945887621037,-0.23560148255032973,-0.3836389340593552,True
2025-07-19 00:00:00+00:00,0.0,0.0,0.0,0.0,0.0,0.0,0.0,0.0,-0.26583842289365733,-0.3414655588538266,-0.2793350430989928,-0.2182945887621037,-0.23560148255032973,-0.3836389340593552,True
2025-07-20 00:00:00+00:00,0.0,0.0,0.0,0.0,0.0,0.0,0.0,0.0,-0.26583842289365733,-0.3414655588538266,-0.2793350430989928,-0.2182945887621037,-0.23560148255032973,-0.3836389340593552,True
2025-07-21 00:00:00+00:00,0.0,0.0,0.0,0.0,0.0,0.0,0.0,0.0,-0.26583842289365733,-0.3414655588538266,-0.2793350430989928,-0.2182945887621037,-0.23560148255032973,-0.3836389340593552,True
2025-07-22 00:00:00+00:00,0.0,0.0,0.0,0.0,0.0,0.0,0.0,0.0,-0.26583842289365733,-0.3414655588538266,-0.2793350430989928,-0.2182945887621037,-0.23560148255032973,-0.3836389340593552,True
2025-07-23 00:00:00+00:00,0.0,0.0,0.0,0.0,0.0,0.0,0.0,0.0,-0.26583842289365733,-0.3414655588538266,-0.2793350430989928,-0.2182945887621037,-0.23560148255032973,-0.3836389340593552,True
2025-07-24 00:00:00+00:00,0.0,0.0,0.0,0.0,0.0,0.0,0.0,0.0,-0.26583842289365733,-0.3414655588538266,-0.2793350430989928,-0.2182945887621037,-0.23560148255032973,-0.3836389340593552,True
2025-07-25 00:00:00+00:00,1.0,1.0,1.0,1.0,0.0,0.0,0.0,1.0,-0.10097340405891236,0.17507753441704213,0.6488901001181572,-0.21568840694453317,-0.23560148255032973,3.1622239704244723,True
2025-07-26 00:00:00+00:00,1.0,1.0,0.0,0.0,0.0,1.0,0.0,0.0,-0.10097340405891236,0.17507753441704213,-0.2793350430989928,-0.2182945887621037,-0.23560148255032973,-0.3836389340593552,True
2025-07-27 00:00:00+00:00,0.0,0.0,0.0,0.0,0.0,0.0,0.0,0.0,-0.26583842289365733,-0.3414655588538266,-0.2793350430989928,-0.2182945887621037,-0.23560148255032973,-0.3836389340593552,True
2025-07-28 00:00:00+00:00,0.0,0.0,0.0,0.0,0.0,0.0,0.0,0.0,-0.26583842289365733,-0.3414655588538266,-0.2793350430989928,-0.2182945887621037,-0.23560148255032973,-0.3836389340593552,True
2025-07-29 00:00:00+00:00,1.0,1.0,1.0,42.0,0.0,0.0,0.0,1.0,-0.10097340405891236,0.17507753441704213,0.6488901001181572,-0.10883495242414096,-0.23560148255032973,3.1622239704244723,True
2025-07-30 00:00:00+00:00,1.0,1.0,1.0,42.0,1.0,0.0,0.0,1.0,-0.10097340405891236,0.17507753441704213,0.6488901001181572,-0.10883495242414096,7.297002372845597,3.1622239704244723,True
2025-07-31 00:00:00+00:00,0.0,0.0,0.0,0.0,0.0,0.0,0.0,0.0,-0.26583842289365733,-0.3414655588538266,-0.2793350430989928,-0.2182945887621037,-0.23560148255032973,-0.3836389340593552,True
2025-08-01 00:00:00+00:00,0.0,0.0,0.0,0.0,0.0,0.0,0.0,0.0,-0.26583842289365733,-0.3414655588538266,-0.2793350430989928,-0.2182945887621037,-0.23560148255032973,-0.3836389340593552,True
2025-08-02 00:00:00+00:00,0.0,0.0,0.0,0.0,0.0,0.0,0.0,0.0,-0.26583842289365733,-0.3414655588538266,-0.2793350430989928,-0.2182945887621037,-0.23560148255032973,-0.3836389340593552,True
2025-08-03 00:00:00+00:00,0.0,0.0,0.0,0.0,0.0,0.0,0.0,0.0,-0.26583842289365733,-0.3414655588538266,-0.2793350430989928,-0.2182945887621037,-0.23560148255032973,-0.3836389340593552,True
2025-08-04 00:00:00+00:00,0.0,0.0,0.0,0.0,0.0,0.0,0.0,0.0,-0.26583842289365733,-0.3414655588538266,-0.2793350430989928,-0.2182945887621037,-0.23560148255032973,-0.3836389340593552,True
2025-08-05 00:00:00+00:00,0.0,0.0,0.0,0.0,0.0,0.0,0.0,0.0,-0.26583842289365733,-0.3414655588538266,-0.2793350430989928,-0.2182945887621037,-0.23560148255032973,-0.3836389340593552,True
2025-08-06 00:00:00+00:00,0.0,0.0,0.0,0.0,0.0,0.0,0.0,0.0,-0.26583842289365733,-0.3414655588538266,-0.2793350430989928,-0.2182945887621037,-0.23560148255032973,-0.3836389340593552,True
2025-08-07 00:00:00+00:00,0.0,0.0,0.0,0.0,0.0,0.0,0.0,0.0,-0.26583842289365733,-0.3414655588538266,-0.2793350430989928,-0.2182945887621037,-0.23560148255032973,-0.3836389340593552,True
2025-08-08 00:00:00+00:00,0.0,0.0,0.0,0.0,0.0,0.0,0.0,0.0,-0.26583842289365733,-0.3414655588538266,-0.2793350430989928,-0.2182945887621037,-0.23560148255032973,-0.3836389340593552,True
2025-08-09 00:00:00+00:00,3.0,3.0,3.0,43.0,0.3333333333333333,0.0,0.0,1.0,0.2287566336105776,1.2081637209587797,2.5053403865524575,-0.10622877060657042,2.2752664692483124,3.1622239704244723,True
2025-08-10 00:00:00+00:00,0.0,0.0,0.0,0.0,0.0,0.0,0.0,0.0,-0.26583842289365733,-0.3414655588538266,-0.2793350430989928,-0.2182945887621037,-0.23560148255032973,-0.3836389340593552,True
2025-08-11 00:00:00+00:00,1.0,1.0,0.0,0.0,0.0,1.0,0.0,0.0,-0.10097340405891236,0.17507753441704213,-0.2793350430989928,-0.2182945887621037,-0.23560148255032973,-0.3836389340593552,True
2025-08-12 00:00:00+00:00,0.0,0.0,0.0,0.0,0.0,0.0,0.0,0.0,-0.26583842289365733,-0.3414655588538266,-0.2793350430989928,-0.2182945887621037,-0.23560148255032973,-0.3836389340593552,True
2025-08-13 00:00:00+00:00,0.0,0.0,0.0,0.0,0.0,0.0,0.0,0.0,-0.26583842289365733,-0.3414655588538266,-0.2793350430989928,-0.2182945887621037,-0.23560148255032973,-0.3836389340593552,True
2025-08-14 00:00:00+00:00,0.0,0.0,0.0,0.0,0.0,0.0,0.0,0.0,-0.26583842289365733,-0.3414655588538266,-0.2793350430989928,-0.2182945887621037,-0.23560148255032973,-0.3836389340593552,True
2025-08-15 00:00:00+00:00,0.0,0.0,0.0,0.0,0.0,0.0,0.0,0.0,-0.26583842289365733,-0.3414655588538266,-0.2793350430989928,-0.2182945887621037,-0.23560148255032973,-0.3836389340593552,True
2025-08-16 00:00:00+00:00,0.0,0.0,0.0,0.0,0.0,0.0,0.0,0.0,-0.26583842289365733,-0.3414655588538266,-0.2793350430989928,-0.2182945887621037,-0.23560148255032973,-0.3836389340593552,True
2025-08-17 00:00:00+00:00,0.0,0.0,0.0,0.0,0.0,0.0,0.0,0.0,-0.26583842289365733,-0.3414655588538266,-0.2793350430989928,-0.2182945887621037,-0.23560148255032973,-0.3836389340593552,True
2025-08-18 00:00:00+00:00,0.0,0.0,0.0,0.0,0.0,0.0,0.0,0.0,-0.26583842289365733,-0.3414655588538266,-0.2793350430989928,-0.2182945887621037,-0.23560148255032973,-0.3836389340593552,True
2025-08-19 00:00:00+00:00,0.0,0.0,0.0,0.0,0.0,0.0,0.0,0.0,-0.26583842289365733,-0.3414655588538266,-0.2793350430989928,-0.2182945887621037,-0.23560148255032973,-0.3836389340593552,True
2025-08-20 00:00:00+00:00,0.0,0.0,0.0,0.0,0.0,0.0,0.0,0.0,-0.26583842289365733,-0.3414655588538266,-0.2793350430989928,-0.2182945887621037,-0.23560148255032973,-0.3836389340593552,True
2025-08-21 00:00:00+00:00,0.0,0.0,0.0,0.0,0.0,0.0,0.0,0.0,-0.26583842289365733,-0.3414655588538266,-0.2793350430989928,-0.2182945887621037,-0.23560148255032973,-0.3836389340593552,True
2025-08-22 00:00:00+00:00,0.0,0.0,0.0,0.0,0.0,0.0,0.0,0.0,-0.26583842289365733,-0.3414655588538266,-0.2793350430989928,-0.2182945887621037,-0.23560148255032973,-0.3836389340593552,True
2025-08-23 00:00:00+00:00,0.0,0.0,0.0,0.0,0.0,0.0,0.0,0.0,-0.26583842289365733,-0.3414655588538266,-0.2793350430989928,-0.2182945887621037,-0.23560148255032973,-0.3836389340593552,True
2025-08-24 00:00:00+00:00,0.0,0.0,0.0,0.0,0.0,0.0,0.0,0.0,-0.26583842289365733,-0.3414655588538266,-0.2793350430989928,-0.2182945887621037,-0.23560148255032973,-0.3836389340593552,True
2025-08-25 00:00:00+00:00,0.0,0.0,0.0,0.0,0.0,0.0,0.0,0.0,-0.26583842289365733,-0.3414655588538266,-0.2793350430989928,-0.2182945887621037,-0.23560148255032973,-0.3836389340593552,True
2025-08-26 00:00:00+00:00,0.0,0.0,0.0,0.0,0.0,0.0,0.0,0.0,-0.26583842289365733,-0.3414655588538266,-0.2793350430989928,-0.2182945887621037,-0.23560148255032973,-0.3836389340593552,True
2025-08-27 00:00:00+00:00,0.0,0.0,0.0,0.0,0.0,0.0,0.0,0.0,-0.26583842289365733,-0.3414655588538266,-0.2793350430989928,-0.2182945887621037,-0.23560148255032973,-0.3836389340593552,True
2025-08-28 00:00:00+00:00,3.0,1.0,1.0,6.666666666666667,0.0,0.0,0.0,1.0,0.2287566336105776,0.17507753441704213,0.6488901001181572,-0.2009200433116334,-0.23560148255032973,3.1622239704244723,True
2025-08-29 00:00:00+00:00,0.0,0.0,0.0,0.0,0.0,0.0,0.0,0.0,-0.26583842289365733,-0.3414655588538266,-0.2793350430989928,-0.2182945887621037,-0.23560148255032973,-0.3836389340593552,True
2025-08-30 00:00:00+00:00,0.0,0.0,0.0,0.0,0.0,0.0,0.0,0.0,-0.26583842289365733,-0.3414655588538266,-0.2793350430989928,-0.2182945887621037,-0.23560148255032973,-0.3836389340593552,True
2025-08-31 00:00:00+00:00,0.0,0.0,0.0,0.0,0.0,0.0,0.0,0.0,-0.26583842289365733,-0.3414655588538266,-0.2793350430989928,-0.2182945887621037,-0.23560148255032973,-0.3836389340593552,True
2025-09-01 00:00:00+00:00,0.0,0.0,0.0,0.0,0.0,0.0,0.0,0.0,-0.26583842289365733,-0.3414655588538266,-0.2793350430989928,-0.2182945887621037,-0.23560148255032973,-0.3836389340593552,True
2025-09-02 00:00:00+00:00,0.0,0.0,0.0,0.0,0.0,0.0,0.0,0.0,-0.26583842289365733,-0.3414655588538266,-0.2793350430989928,-0.2182945887621037,-0.23560148255032973,-0.3836389340593552,True
2025-09-03 00:00:00+00:00,0.0,0.0,0.0,0.0,0.0,0.0,0.0,0.0,-0.26583842289365733,-0.3414655588538266,-0.2793350430989928,-0.2182945887621037,-0.23560148255032973,-0.3836389340593552,True
2025-09-04 00:00:00+00:00,0.0,0.0,0.0,0.0,0.0,0.0,0.0,0.0,-0.26583842289365733,-0.3414655588538266,-0.2793350430989928,-0.2182945887621037,-0.23560148255032973,-0.3836389340593552,True
2025-09-05 00:00:00+00:00,0.0,0.0,0.0,0.0,0.0,0.0,0.0,0.0,-0.26583842289365733,-0.3414655588538266,-0.2793350430989928,-0.2182945887621037,-0.23560148255032973,-0.3836389340593552,True
2025-09-06 00:00:00+00:00,0.0,0.0,0.0,0.0,0.0,0.0,0.0,0.0,-0.26583842289365733,-0.3414655588538266,-0.2793350430989928,-0.2182945887621037,-0.23560148255032973,-0.3836389340593552,True
2025-09-07 00:00:00+00:00,0.0,0.0,0.0,0.0,0.0,0.0,0.0,0.0,-0.26583842289365733,-0.3414655588538266,-0.2793350430989928,-0.2182945887621037,-0.23560148255032973,-0.3836389340593552,True
2025-09-08 00:00:00+00:00,0.0,0.0,0.0,0.0,0.0,0.0,0.0,0.0,-0.26583842289365733,-0.3414655588538266,-0.2793350430989928,-0.2182945887621037,-0.23560148255032973,-0.3836389340593552,True
2025-09-09 00:00:00+00:00,0.0,0.0,0.0,0.0,0.0,0.0,0.0,0.0,-0.26583842289365733,-0.3414655588538266,-0.2793350430989928,-0.2182945887621037,-0.23560148255032973,-0.3836389340593552,True
2025-09-10 00:00:00+00:00,0.0,0.0,0.0,0.0,0.0,0.0,0.0,0.0,-0.26583842289365733,-0.3414655588538266,-0.2793350430989928,-0.2182945887621037,-0.23560148255032973,-0.3836389340593552,True
2025-09-11 00:00:00+00:00,0.0,0.0,0.0,0.0,0.0,0.0,0.0,0.0,-0.26583842289365733,-0.3414655588538266,-0.2793350430989928,-0.2182945887621037,-0.23560148255032973,-0.3836389340593552,True
2025-09-12 00:00:00+00:00,0.0,0.0,0.0,0.0,0.0,0.0,0.0,0.0,-0.26583842289365733,-0.3414655588538266,-0.2793350430989928,-0.2182945887621037,-0.23560148255032973,-0.3836389340593552,True
2025-09-13 00:00:00+00:00,0.0,0.0,0.0,0.0,0.0,0.0,0.0,0.0,-0.26583842289365733,-0.3414655588538266,-0.2793350430989928,-0.2182945887621037,-0.23560148255032973,-0.3836389340593552,True
2025-09-14 00:00:00+00:00,0.0,0.0,0.0,0.0,0.0,0.0,0.0,0.0,-0.26583842289365733,-0.3414655588538266,-0.2793350430989928,-0.2182945887621037,-0.23560148255032973,-0.3836389340593552,True
2025-09-15 00:00:00+00:00,0.0,0.0,0.0,0.0,0.0,0.0,0.0,0.0,-0.26583842289365733,-0.3414655588538266,-0.2793350430989928,-0.2182945887621037,-0.23560148255032973,-0.3836389340593552,True
2025-09-16 00:00:00+00:00,0.0,0.0,0.0,0.0,0.0,0.0,0.0,0.0,-0.26583842289365733,-0.3414655588538266,-0.2793350430989928,-0.2182945887621037,-0.23560148255032973,-0.3836389340593552,True
2025-09-17 00:00:00+00:00,0.0,0.0,0.0,0.0,0.0,0.0,0.0,0.0,-0.26583842289365733,-0.3414655588538266,-0.2793350430989928,-0.2182945887621037,-0.23560148255032973,-0.3836389340593552,True
2025-09-18 00:00:00+00:00,0.0,0.0,0.0,0.0,0.0,0.0,0.0,0.0,-0.26583842289365733,-0.3414655588538266,-0.2793350430989928,-0.2182945887621037,-0.23560148255032973,-0.3836389340593552,True
2025-09-19 00:00:00+00:00,0.0,0.0,0.0,0.0,0.0,0.0,0.0,0.0,-0.26583842289365733,-0.3414655588538266,-0.2793350430989928,-0.2182945887621037,-0.23560148255032973,-0.3836389340593552,True
2025-09-20 00:00:00+00:00,0.0,0.0,0.0,0.0,0.0,0.0,0.0,0.0,-0.26583842289365733,-0.3414655588538266,-0.2793350430989928,-0.2182945887621037,-0.23560148255032973,-0.3836389340593552,True
2025-09-21 00:00:00+00:00,0.0,0.0,0.0,0.0,0.0,0.0,0.0,0.0,-0.26583842289365733,-0.3414655588538266,-0.2793350430989928,-0.2182945887621037,-0.23560148255032973,-0.3836389340593552,True
2025-09-22 00:00:00+00:00,0.0,0.0,0.0,0.0,0.0,0.0,0.0,0.0,-0.26583842289365733,-0.3414655588538266,-0.2793350430989928,-0.2182945887621037,-0.23560148255032973,-0.3836389340593552,True
2025-09-23 00:00:00+00:00,0.0,0.0,0.0,0.0,0.0,0.0,0.0,0.0,-0.26583842289365733,-0.3414655588538266,-0.2793350430989928,-0.2182945887621037,-0.23560148255032973,-0.3836389340593552,True
2025-09-24 00:00:00+00:00,0.0,0.0,0.0,0.0,0.0,0.0,0.0,0.0,-0.26583842289365733,-0.3414655588538266,-0.2793350430989928,-0.2182945887621037,-0.23560148255032973,-0.3836389340593552,True
2025-09-25 00:00:00+00:00,0.0,0.0,0.0,0.0,0.0,0.0,0.0,0.0,-0.26583842289365733,-0.3414655588538266,-0.2793350430989928,-0.2182945887621037,-0.23560148255032973,-0.3836389340593552,True
2025-09-26 00:00:00+00:00,0.0,0.0,0.0,0.0,0.0,0.0,0.0,0.0,-0.26583842289365733,-0.3414655588538266,-0.2793350430989928,-0.2182945887621037,-0.23560148255032973,-0.3836389340593552,True
2025-09-27 00:00:00+00:00,0.0,0.0,0.0,0.0,0.0,0.0,0.0,0.0,-0.26583842289365733,-0.3414655588538266,-0.2793350430989928,-0.2182945887621037,-0.23560148255032973,-0.3836389340593552,True
2025-09-28 00:00:00+00:00,0.0,0.0,0.0,0.0,0.0,0.0,0.0,0.0,-0.26583842289365733,-0.3414655588538266,-0.2793350430989928,-0.2182945887621037,-0.23560148255032973,-0.3836389340593552,True
2025-09-29 00:00:00+00:00,0.0,0.0,0.0,0.0,0.0,0.0,0.0,0.0,-0.26583842289365733,-0.3414655588538266,-0.2793350430989928,-0.2182945887621037,-0.23560148255032973,-0.3836389340593552,True
2025-09-30 00:00:00+00:00,0.0,0.0,0.0,0.0,0.0,0.0,0.0,0.0,-0.26583842289365733,-0.3414655588538266,-0.2793350430989928,-0.2182945887621037,-0.23560148255032973,-0.3836389340593552,True
2025-10-01 00:00:00+00:00,0.0,0.0,0.0,0.0,0.0,0.0,0.0,0.0,-0.26583842289365733,-0.3414655588538266,-0.2793350430989928,-0.2182945887621037,-0.23560148255032973,-0.3836389340593552,True
2025-10-02 00:00:00+00:00,0.0,0.0,0.0,0.0,0.0,0.0,0.0,0.0,-0.26583842289365733,-0.3414655588538266,-0.2793350430989928,-0.2182945887621037,-0.23560148255032973,-0.3836389340593552,True
2025-10-03 00:00:00+00:00,0.0,0.0,0.0,0.0,0.0,0.0,0.0,0.0,-0.26583842289365733,-0.3414655588538266,-0.2793350430989928,-0.2182945887621037,-0.23560148255032973,-0.3836389340593552,True
2025-10-04 00:00:00+00:00,0.0,0.0,0.0,0.0,0.0,0.0,0.0,0.0,-0.26583842289365733,-0.3414655588538266,-0.2793350430989928,-0.2182945887621037,-0.23560148255032973,-0.3836389340593552,True
2025-10-05 00:00:00+00:00,0.0,0.0,0.0,0.0,0.0,0.0,0.0,0.0,-0.26583842289365733,-0.3414655588538266,-0.2793350430989928,-0.2182945887621037,-0.23560148255032973,-0.3836389340593552,True
2025-10-06 00:00:00+00:00,1.0,1.0,1.0,21.0,0.0,0.0,0.0,1.0,-0.10097340405891236,0.17507753441704213,0.6488901001181572,-0.16356477059312233,-0.23560148255032973,3.1622239704244723,True
2025-10-07 00:00:00+00:00,0.0,0.0,0.0,0.0,0.0,0.0,0.0,0.0,-0.26583842289365733,-0.3414655588538266,-0.2793350430989928,-0.2182945887621037,-0.23560148255032973,-0.3836389340593552,True
2025-10-08 00:00:00+00:00,0.0,0.0,0.0,0.0,0.0,0.0,0.0,0.0,-0.26583842289365733,-0.3414655588538266,-0.2793350430989928,-0.2182945887621037,-0.23560148255032973,-0.3836389340593552,True
2025-10-09 00:00:00+00:00,0.0,0.0,0.0,0.0,0.0,0.0,0.0,0.0,-0.26583842289365733,-0.3414655588538266,-0.2793350430989928,-0.2182945887621037,-0.23560148255032973,-0.3836389340593552,True
2025-10-10 00:00:00+00:00,0.0,0.0,0.0,0.0,0.0,0.0,0.0,0.0,-0.26583842289365733,-0.3414655588538266,-0.2793350430989928,-0.2182945887621037,-0.23560148255032973,-0.3836389340593552,True
2025-10-11 00:00:00+00:00,0.0,0.0,0.0,0.0,0.0,0.0,0.0,0.0,-0.26583842289365733,-0.3414655588538266,-0.2793350430989928,-0.2182945887621037,-0.23560148255032973,-0.3836389340593552,True
2025-10-12 00:00:00+00:00,0.0,0.0,0.0,0.0,0.0,0.0,0.0,0.0,-0.26583842289365733,-0.3414655588538266,-0.2793350430989928,-0.2182945887621037,-0.23560148255032973,-0.3836389340593552,True
2025-10-13 00:00:00+00:00,1.0,1.0,1.0,0.0,0.0,0.0,0.0,1.0,-0.10097340405891236,0.17507753441704213,0.6488901001181572,-0.2182945887621037,-0.23560148255032973,3.1622239704244723,True
2025-10-14 00:00:00+00:00,0.0,0.0,0.0,0.0,0.0,0.0,0.0,0.0,-0.26583842289365733,-0.3414655588538266,-0.2793350430989928,-0.2182945887621037,-0.23560148255032973,-0.3836389340593552,True
2025-10-15 00:00:00+00:00,0.0,0.0,0.0,0.0,0.0,0.0,0.0,0.0,-0.26583842289365733,-0.3414655588538266,-0.2793350430989928,-0.2182945887621037,-0.23560148255032973,-0.3836389340593552,True
2025-10-16 00:00:00+00:00,0.0,0.0,0.0,0.0,0.0,0.0,0.0,0.0,-0.26583842289365733,-0.3414655588538266,-0.2793350430989928,-0.2182945887621037,-0.23560148255032973,-0.3836389340593552,True
2025-10-17 00:00:00+00:00,0.0,0.0,0.0,0.0,0.0,0.0,0.0,0.0,-0.26583842289365733,-0.3414655588538266,-0.2793350430989928,-0.2182945887621037,-0.23560148255032973,-0.3836389340593552,True
2025-10-18 00:00:00+00:00,0.0,0.0,0.0,0.0,0.0,0.0,0.0,0.0,-0.26583842289365733,-0.3414655588538266,-0.2793350430989928,-0.2182945887621037,-0.23560148255032973,-0.3836389340593552,True
2025-10-19 00:00:00+00:00,0.0,0.0,0.0,0.0,0.0,0.0,0.0,0.0,-0.26583842289365733,-0.3414655588538266,-0.2793350430989928,-0.2182945887621037,-0.23560148255032973,-0.3836389340593552,True
2025-10-20 00:00:00+00:00,0.0,0.0,0.0,0.0,0.0,0.0,0.0,0.0,-0.26583842289365733,-0.3414655588538266,-0.2793350430989928,-0.2182945887621037,-0.23560148255032973,-0.3836389340593552,True
2025-10-21 00:00:00+00:00,1.0,1.0,1.0,61.0,0.0,0.0,0.0,1.0,-0.10097340405891236,0.17507753441704213,0.6488901001181572,-0.05931749789030067,-0.23560148255032973,3.1622239704244723,True
2025-10-22 00:00:00+00:00,0.0,0.0,0.0,0.0,0.0,0.0,0.0,0.0,-0.26583842289365733,-0.3414655588538266,-0.2793350430989928,-0.2182945887621037,-0.23560148255032973,-0.3836389340593552,True
2025-10-23 00:00:00+00:00,0.0,0.0,0.0,0.0,0.0,0.0,0.0,0.0,-0.26583842289365733,-0.3414655588538266,-0.2793350430989928,-0.2182945887621037,-0.23560148255032973,-0.3836389340593552,True
2025-10-24 00:00:00+00:00,0.0,0.0,0.0,0.0,0.0,0.0,0.0,0.0,-0.26583842289365733,-0.3414655588538266,-0.2793350430989928,-0.2182945887621037,-0.23560148255032973,-0.3836389340593552,True
2025-10-25 00:00:00+00:00,0.0,0.0,0.0,0.0,0.0,0.0,0.0,0.0,-0.26583842289365733,-0.3414655588538266,-0.2793350430989928,-0.2182945887621037,-0.23560148255032973,-0.3836389340593552,True
2025-10-26 00:00:00+00:00,0.0,0.0,0.0,0.0,0.0,0.0,0.0,0.0,-0.26583842289365733,-0.3414655588538266,-0.2793350430989928,-0.2182945887621037,-0.23560148255032973,-0.3836389340593552,True
2025-10-27 00:00:00+00:00,0.0,0.0,0.0,0.0,0.0,0.0,0.0,0.0,-0.26583842289365733,-0.3414655588538266,-0.2793350430989928,-0.2182945887621037,-0.23560148255032973,-0.3836389340593552,True
2025-10-28 00:00:00+00:00,0.0,0.0,0.0,0.0,0.0,0.0,0.0,0.0,-0.26583842289365733,-0.3414655588538266,-0.2793350430989928,-0.2182945887621037,-0.23560148255032973,-0.3836389340593552,True
2025-10-29 00:00:00+00:00,0.0,0.0,0.0,0.0,0.0,0.0,0.0,0.0,-0.26583842289365733,-0.3414655588538266,-0.2793350430989928,-0.2182945887621037,-0.23560148255032973,-0.3836389340593552,True
2025-10-30 00:00:00+00:00,0.0,0.0,0.0,0.0,0.0,0.0,0.0,0.0,-0.26583842289365733,-0.3414655588538266,-0.2793350430989928,-0.2182945887621037,-0.23560148255032973,-0.3836389340593552,True
2025-10-31 00:00:00+00:00,0.0,0.0,0.0,0.0,0.0,0.0,0.0,0.0,-0.26583842289365733,-0.3414655588538266,-0.2793350430989928,-0.2182945887621037,-0.23560148255032973,-0.3836389340593552,True
2025-11-01 00:00:00+00:00,0.0,0.0,0.0,0.0,0.0,0.0,0.0,0.0,-0.26583842289365733,-0.3414655588538266,-0.2793350430989928,-0.2182945887621037,-0.23560148255032973,-0.3836389340593552,True
2025-11-02 00:00:00+00:00,1.0,1.0,1.0,71.0,0.0,0.0,0.0,1.0,-0.10097340405891236,0.17507753441704213,0.6488901001181572,-0.03325567971459526,-0.23560148255032973,3.1622239704244723,True
2025-11-03 00:00:00+00:00,0.0,0.0,0.0,0.0,0.0,0.0,0.0,0.0,-0.26583842289365733,-0.3414655588538266,-0.2793350430989928,-0.2182945887621037,-0.23560148255032973,-0.3836389340593552,True
2025-11-04 00:00:00+00:00,0.0,0.0,0.0,0.0,0.0,0.0,0.0,0.0,-0.26583842289365733,-0.3414655588538266,-0.2793350430989928,-0.2182945887621037,-0.23560148255032973,-0.3836389340593552,True
2025-11-05 00:00:00+00:00,0.0,0.0,0.0,0.0,0.0,0.0,0.0,0.0,-0.26583842289365733,-0.3414655588538266,-0.2793350430989928,-0.2182945887621037,-0.23560148255032973,-0.3836389340593552,True
2025-11-06 00:00:00+00:00,0.0,0.0,0.0,0.0,0.0,0.0,0.0,0.0,-0.26583842289365733,-0.3414655588538266,-0.2793350430989928,-0.2182945887621037,-0.23560148255032973,-0.3836389340593552,True
2025-11-07 00:00:00+00:00,1.0,1.0,0.0,23.0,0.0,0.0,0.0,0.0,-0.10097340405891236,0.17507753441704213,-0.2793350430989928,-0.15835240695798125,-0.23560148255032973,-0.3836389340593552,True
2025-11-08 00:00:00+00:00,1.0,1.0,1.0,1.0,0.0,0.0,0.0,1.0,-0.10097340405891236,0.17507753441704213,0.6488901001181572,-0.21568840694453317,-0.23560148255032973,3.1622239704244723,True
2025-11-09 00:00:00+00:00,0.0,0.0,0.0,0.0,0.0,0.0,0.0,0.0,-0.26583842289365733,-0.3414655588538266,-0.2793350430989928,-0.2182945887621037,-0.23560148255032973,-0.3836389340593552,True
2025-11-10 00:00:00+00:00,0.0,0.0,0.0,0.0,0.0,0.0,0.0,0.0,-0.26583842289365733,-0.3414655588538266,-0.2793350430989928,-0.2182945887621037,-0.23560148255032973,-0.3836389340593552,True
2025-11-11 00:00:00+00:00,0.0,0.0,0.0,0.0,0.0,0.0,0.0,0.0,-0.26583842289365733,-0.3414655588538266,-0.2793350430989928,-0.2182945887621037,-0.23560148255032973,-0.3836389340593552,True
2025-11-12 00:00:00+00:00,3.0,2.0,1.0,5.0,0.0,0.3333333333333333,0.0,0.5,0.2287566336105776,0.6916206276879109,0.6488901001181572,-0.205263679674251,-0.23560148255032973,1.3892925181825588,True
2025-11-13 00:00:00+00:00,0.0,0.0,0.0,0.0,0.0,0.0,0.0,0.0,-0.26583842289365733,-0.3414655588538266,-0.2793350430989928,-0.2182945887621037,-0.23560148255032973,-0.3836389340593552,True
2025-11-14 00:00:00+00:00,0.0,0.0,0.0,0.0,0.0,0.0,0.0,0.0,-0.26583842289365733,-0.3414655588538266,-0.2793350430989928,-0.2182945887621037,-0.23560148255032973,-0.3836389340593552,True
2025-11-15 00:00:00+00:00,0.0,0.0,0.0,0.0,0.0,0.0,0.0,0.0,-0.26583842289365733,-0.3414655588538266,-0.2793350430989928,-0.2182945887621037,-0.23560148255032973,-0.3836389340593552,True
2025-11-16 00:00:00+00:00,0.0,0.0,0.0,0.0,0.0,0.0,0.0,0.0,-0.26583842289365733,-0.3414655588538266,-0.2793350430989928,-0.2182945887621037,-0.23560148255032973,-0.3836389340593552,True
2025-11-17 00:00:00+00:00,0.0,0.0,0.0,0.0,0.0,0.0,0.0,0.0,-0.26583842289365733,-0.3414655588538266,-0.2793350430989928,-0.2182945887621037,-0.23560148255032973,-0.3836389340593552,True
2025-11-18 00:00:00+00:00,0.0,0.0,0.0,0.0,0.0,0.0,0.0,0.0,-0.26583842289365733,-0.3414655588538266,-0.2793350430989928,-0.2182945887621037,-0.23560148255032973,-0.3836389340593552,True
2025-11-19 00:00:00+00:00,0.0,0.0,0.0,0.0,0.0,0.0,0.0,0.0,-0.26583842289365733,-0.3414655588538266,-0.2793350430989928,-0.2182945887621037,-0.23560148255032973,-0.3836389340593552,True
2025-11-20 00:00:00+00:00,0.0,0.0,0.0,0.0,0.0,0.0,0.0,0.0,-0.26583842289365733,-0.3414655588538266,-0.2793350430989928,-0.2182945887621037,-0.23560148255032973,-0.3836389340593552,True
2025-11-21 00:00:00+00:00,0.0,0.0,0.0,0.0,0.0,0.0,0.0,0.0,-0.26583842289365733,-0.3414655588538266,-0.2793350430989928,-0.2182945887621037,-0.23560148255032973,-0.3836389340593552,True
2025-11-22 00:00:00+00:00,0.0,0.0,0.0,0.0,0.0,0.0,0.0,0.0,-0.26583842289365733,-0.3414655588538266,-0.2793350430989928,-0.2182945887621037,-0.23560148255032973,-0.3836389340593552,True
2025-11-23 00:00:00+00:00,0.0,0.0,0.0,0.0,0.0,0.0,0.0,0.0,-0.26583842289365733,-0.3414655588538266,-0.2793350430989928,-0.2182945887621037,-0.23560148255032973,-0.3836389340593552,True
2025-11-24 00:00:00+00:00,0.0,0.0,0.0,0.0,0.0,0.0,0.0,0.0,-0.26583842289365733,-0.3414655588538266,-0.2793350430989928,-0.2182945887621037,-0.23560148255032973,-0.3836389340593552,True
2025-11-25 00:00:00+00:00,0.0,0.0,0.0,0.0,0.0,0.0,0.0,0.0,-0.26583842289365733,-0.3414655588538266,-0.2793350430989928,-0.2182945887621037,-0.23560148255032973,-0.3836389340593552,True
2025-11-26 00:00:00+00:00,0.0,0.0,0.0,0.0,0.0,0.0,0.0,0.0,-0.26583842289365733,-0.3414655588538266,-0.2793350430989928,-0.2182945887621037,-0.23560148255032973,-0.3836389340593552,True
2025-11-27 00:00:00+00:00,0.0,0.0,0.0,0.0,0.0,0.0,0.0,0.0,-0.26583842289365733,-0.3414655588538266,-0.2793350430989928,-0.2182945887621037,-0.23560148255032973,-0.3836389340593552,True
2025-11-28 00:00:00+00:00,0.0,0.0,0.0,0.0,0.0,0.0,0.0,0.0,-0.26583842289365733,-0.3414655588538266,-0.2793350430989928,-0.2182945887621037,-0.23560148255032973,-0.3836389340593552,True
2025-11-29 00:00:00+00:00,0.0,0.0,0.0,0.0,0.0,0.0,0.0,0.0,-0.26583842289365733,-0.3414655588538266,-0.2793350430989928,-0.2182945887621037,-0.23560148255032973,-0.3836389340593552,True
2025-11-30 00:00:00+00:00,0.0,0.0,0.0,0.0,0.0,0.0,0.0,0.0,-0.26583842289365733,-0.3414655588538266,-0.2793350430989928,-0.2182945887621037,-0.23560148255032973,-0.3836389340593552,True
2025-12-01 00:00:00+00:00,0.0,0.0,0.0,0.0,0.0,0.0,0.0,0.0,-0.26583842289365733,-0.3414655588538266,-0.2793350430989928,-0.2182945887621037,-0.23560148255032973,-0.3836389340593552,True
2025-12-02 00:00:00+00:00,4.0,1.0,0.0,1616.75,0.0,0.0,0.0,0.0,0.39362165244532255,0.17507753441704213,-0.2793350430989928,3.9952498647950696,-0.23560148255032973,-0.3836389340593552,True
2025-12-03 00:00:00+00:00,0.0,0.0,0.0,0.0,0.0,0.0,0.0,0.0,-0.26583842289365733,-0.3414655588538266,-0.2793350430989928,-0.2182945887621037,-0.23560148255032973,-0.3836389340593552,True
2025-12-04 00:00:00+00:00,1.0,1.0,0.0,45.0,0.0,0.0,0.0,0.0,-0.10097340405891236,0.17507753441704213,-0.2793350430989928,-0.10101640697142934,-0.23560148255032973,-0.3836389340593552,True
2025-12-05 00:00:00+00:00,0.0,0.0,0.0,0.0,0.0,0.0,0.0,0.0,-0.26583842289365733,-0.3414655588538266,-0.2793350430989928,-0.2182945887621037,-0.23560148255032973,-0.3836389340593552,True
2025-12-06 00:00:00+00:00,0.0,0.0,0.0,0.0,0.0,0.0,0.0,0.0,-0.26583842289365733,-0.3414655588538266,-0.2793350430989928,-0.2182945887621037,-0.23560148255032973,-0.3836389340593552,True
2025-12-07 00:00:00+00:00,0.0,0.0,0.0,0.0,0.0,0.0,0.0,0.0,-0.26583842289365733,-0.3414655588538266,-0.2793350430989928,-0.2182945887621037,-0.23560148255032973,-0.3836389340593552,True
2025-12-08 00:00:00+00:00,0.0,0.0,0.0,0.0,0.0,0.0,0.0,0.0,-0.26583842289365733,-0.3414655588538266,-0.2793350430989928,-0.2182945887621037,-0.23560148255032973,-0.3836389340593552,True
2025-12-09 00:00:00+00:00,0.0,0.0,0.0,0.0,0.0,0.0,0.0,0.0,-0.26583842289365733,-0.3414655588538266,-0.2793350430989928,-0.2182945887621037,-0.23560148255032973,-0.3836389340593552,True
2025-12-10 00:00:00+00:00,0.0,0.0,0.0,0.0,0.0,0.0,0.0,0.0,-0.26583842289365733,-0.3414655588538266,-0.2793350430989928,-0.2182945887621037,-0.23560148255032973,-0.3836389340593552,True
2025-12-11 00:00:00+00:00,1.0,1.0,0.0,27.0,0.0,0.0,0.0,0.0,-0.10097340405891236,0.17507753441704213,-0.2793350430989928,-0.1479276796876991,-0.23560148255032973,-0.3836389340593552,True
2025-12-12 00:00:00+00:00,0.0,0.0,0.0,0.0,0.0,0.0,0.0,0.0,-0.26583842289365733,-0.3414655588538266,-0.2793350430989928,-0.2182945887621037,-0.23560148255032973,-0.3836389340593552,True
2025-12-13 00:00:00+00:00,0.0,0.0,0.0,0.0,0.0,0.0,0.0,0.0,-0.26583842289365733,-0.3414655588538266,-0.2793350430989928,-0.2182945887621037,-0.23560148255032973,-0.3836389340593552,True
2025-12-14 00:00:00+00:00,0.0,0.0,0.0,0.0,0.0,0.0,0.0,0.0,-0.26583842289365733,-0.3414655588538266,-0.2793350430989928,-0.2182945887621037,-0.23560148255032973,-0.3836389340593552,True
2025-12-15 00:00:00+00:00,0.0,0.0,0.0,0.0,0.0,0.0,0.0,0.0,-0.26583842289365733,-0.3414655588538266,-0.2793350430989928,-0.2182945887621037,-0.23560148255032973,-0.3836389340593552,True
2025-12-16 00:00:00+00:00,0.0,0.0,0.0,0.0,0.0,0.0,0.0,0.0,-0.26583842289365733,-0.3414655588538266,-0.2793350430989928,-0.2182945887621037,-0.23560148255032973,-0.3836389340593552,True
2025-12-17 00:00:00+00:00,0.0,0.0,0.0,0.0,0.0,0.0,0.0,0.0,-0.26583842289365733,-0.3414655588538266,-0.2793350430989928,-0.2182945887621037,-0.23560148255032973,-0.3836389340593552,True
2025-12-18 00:00:00+00:00,0.0,0.0,0.0,0.0,0.0,0.0,0.0,0.0,-0.26583842289365733,-0.3414655588538266,-0.2793350430989928,-0.2182945887621037,-0.23560148255032973,-0.3836389340593552,True
2025-12-19 00:00:00+00:00,0.0,0.0,0.0,0.0,0.0,0.0,0.0,0.0,-0.26583842289365733,-0.3414655588538266,-0.2793350430989928,-0.2182945887621037,-0.23560148255032973,-0.3836389340593552,True
2025-12-20 00:00:00+00:00,0.0,0.0,0.0,0.0,0.0,0.0,0.0,0.0,-0.26583842289365733,-0.3414655588538266,-0.2793350430989928,-0.2182945887621037,-0.23560148255032973,-0.3836389340593552,True
2025-12-21 00:00:00+00:00,0.0,0.0,0.0,0.0,0.0,0.0,0.0,0.0,-0.26583842289365733,-0.3414655588538266,-0.2793350430989928,-0.2182945887621037,-0.23560148255032973,-0.3836389340593552,True
2025-12-22 00:00:00+00:00,0.0,0.0,0.0,0.0,0.0,0.0,0.0,0.0,-0.26583842289365733,-0.3414655588538266,-0.2793350430989928,-0.2182945887621037,-0.23560148255032973,-0.3836389340593552,True
2025-12-23 00:00:00+00:00,0.0,0.0,0.0,0.0,0.0,0.0,0.0,0.0,-0.26583842289365733,-0.3414655588538266,-0.2793350430989928,-0.2182945887621037,-0.23560148255032973,-0.3836389340593552,True
2025-12-24 00:00:00+00:00,0.0,0.0,0.0,0.0,0.0,0.0,0.0,0.0,-0.26583842289365733,-0.3414655588538266,-0.2793350430989928,-0.2182945887621037,-0.23560148255032973,-0.3836389340593552,True
2025-12-25 00:00:00+00:00,0.0,0.0,0.0,0.0,0.0,0.0,0.0,0.0,-0.26583842289365733,-0.3414655588538266,-0.2793350430989928,-0.2182945887621037,-0.23560148255032973,-0.3836389340593552,True
2025-12-26 00:00:00+00:00,0.0,0.0,0.0,0.0,0.0,0.0,0.0,0.0,-0.26583842289365733,-0.3414655588538266,-0.2793350430989928,-0.2182945887621037,-0.23560148255032973,-0.3836389340593552,True
2025-12-27 00:00:00+00:00,0.0,0.0,0.0,0.0,0.0,0.0,0.0,0.0,-0.26583842289365733,-0.3414655588538266,-0.2793350430989928,-0.2182945887621037,-0.23560148255032973,-0.3836389340593552,True
2025-12-28 00:00:00+00:00,0.0,0.0,0.0,0.0,0.0,0.0,0.0,0.0,-0.26583842289365733,-0.3414655588538266,-0.2793350430989928,-0.2182945887621037,-0.23560148255032973,-0.3836389340593552,True
2025-12-29 00:00:00+00:00,0.0,0.0,0.0,0.0,0.0,0.0,0.0,0.0,-0.26583842289365733,-0.3414655588538266,-0.2793350430989928,-0.2182945887621037,-0.23560148255032973,-0.3836389340593552,True
2025-12-30 00:00:00+00:00,0.0,0.0,0.0,0.0,0.0,0.0,0.0,0.0,-0.26583842289365733,-0.3414655588538266,-0.2793350430989928,-0.2182945887621037,-0.23560148255032973,-0.3836389340593552,True
2025-12-31 00:00:00+00:00,0.0,0.0,0.0,0.0,0.0,0.0,0.0,0.0,-0.26583842289365733,-0.3414655588538266,-0.2793350430989928,-0.2182945887621037,-0.23560148255032973,-0.3836389340593552,True
2026-01-01 00:00:00+00:00,0.0,0.0,0.0,0.0,0.0,0.0,0.0,0.0,-0.26583842289365733,-0.3414655588538266,-0.2793350430989928,-0.2182945887621037,-0.23560148255032973,-0.3836389340593552,True
2026-01-02 00:00:00+00:00,1.0,1.0,1.0,38.0,0.0,0.0,0.0,1.0,-0.10097340405891236,0.17507753441704213,0.6488901001181572,-0.11925967969442312,-0.23560148255032973,3.1622239704244723,True
2026-01-03 00:00:00+00:00,2.0,1.0,1.0,224.0,0.0,0.0,0.0,1.0,0.06389161477583262,0.17507753441704213,0.6488901001181572,0.3654901383736976,-0.23560148255032973,3.1622239704244723,True
2026-01-04 00:00:00+00:00,0.0,0.0,0.0,0.0,0.0,0.0,0.0,0.0,-0.26583842289365733,-0.3414655588538266,-0.2793350430989928,-0.2182945887621037,-0.23560148255032973,-0.3836389340593552,True
2026-01-05 00:00:00+00:00,0.0,0.0,0.0,0.0,0.0,0.0,0.0,0.0,-0.26583842289365733,-0.3414655588538266,-0.2793350430989928,-0.2182945887621037,-0.23560148255032973,-0.3836389340593552,True
2026-01-06 00:00:00+00:00,0.0,0.0,0.0,0.0,0.0,0.0,0.0,0.0,-0.26583842289365733,-0.3414655588538266,-0.2793350430989928,-0.2182945887621037,-0.23560148255032973,-0.3836389340593552,True
2026-01-07 00:00:00+00:00,0.0,0.0,0.0,0.0,0.0,0.0,0.0,0.0,-0.26583842289365733,-0.3414655588538266,-0.2793350430989928,-0.2182945887621037,-0.23560148255032973,-0.3836389340593552,True
2026-01-08 00:00:00+00:00,0.0,0.0,0.0,0.0,0.0,0.0,0.0,0.0,-0.26583842289365733,-0.3414655588538266,-0.2793350430989928,-0.2182945887621037,-0.23560148255032973,-0.3836389340593552,True
2026-01-09 00:00:00+00:00,0.0,0.0,0.0,0.0,0.0,0.0,0.0,0.0,-0.26583842289365733,-0.3414655588538266,-0.2793350430989928,-0.2182945887621037,-0.23560148255032973,-0.3836389340593552,True
2026-01-10 00:00:00+00:00,0.0,0.0,0.0,0.0,0.0,0.0,0.0,0.0,-0.26583842289365733,-0.3414655588538266,-0.2793350430989928,-0.2182945887621037,-0.23560148255032973,-0.3836389340593552,True
2026-01-11 00:00:00+00:00,0.0,0.0,0.0,0.0,0.0,0.0,0.0,0.0,-0.26583842289365733,-0.3414655588538266,-0.2793350430989928,-0.2182945887621037,-0.23560148255032973,-0.3836389340593552,True
2026-01-12 00:00:00+00:00,0.0,0.0,0.0,0.0,0.0,0.0,0.0,0.0,-0.26583842289365733,-0.3414655588538266,-0.2793350430989928,-0.2182945887621037,-0.23560148255032973,-0.3836389340593552,True
2026-01-13 00:00:00+00:00,0.0,0.0,0.0,0.0,0.0,0.0,0.0,0.0,-0.26583842289365733,-0.3414655588538266,-0.2793350430989928,-0.2182945887621037,-0.23560148255032973,-0.3836389340593552,True
2026-01-14 00:00:00+00:00,0.0,0.0,0.0,0.0,0.0,0.0,0.0,0.0,-0.26583842289365733,-0.3414655588538266,-0.2793350430989928,-0.2182945887621037,-0.23560148255032973,-0.3836389340593552,True
2026-01-15 00:00:00+00:00,0.0,0.0,0.0,0.0,0.0,0.0,0.0,0.0,-0.26583842289365733,-0.3414655588538266,-0.2793350430989928,-0.2182945887621037,-0.23560148255032973,-0.3836389340593552,True
2026-01-16 00:00:00+00:00,0.0,0.0,0.0,0.0,0.0,0.0,0.0,0.0,-0.26583842289365733,-0.3414655588538266,-0.2793350430989928,-0.2182945887621037,-0.23560148255032973,-0.3836389340593552,True
2026-01-17 00:00:00+00:00,0.0,0.0,0.0,0.0,0.0,0.0,0.0,0.0,-0.26583842289365733,-0.3414655588538266,-0.2793350430989928,-0.2182945887621037,-0.23560148255032973,-0.3836389340593552,True
2026-01-18 00:00:00+00:00,0.0,0.0,0.0,0.0,0.0,0.0,0.0,0.0,-0.26583842289365733,-0.3414655588538266,-0.2793350430989928,-0.2182945887621037,-0.23560148255032973,-0.3836389340593552,True
2026-01-19 00:00:00+00:00,0.0,0.0,0.0,0.0,0.0,0.0,0.0,0.0,-0.26583842289365733,-0.3414655588538266,-0.2793350430989928,-0.2182945887621037,-0.23560148255032973,-0.3836389340593552,True
2026-01-20 00:00:00+00:00,0.0,0.0,0.0,0.0,0.0,0.0,0.0,0.0,-0.26583842289365733,-0.3414655588538266,-0.2793350430989928,-0.2182945887621037,-0.23560148255032973,-0.3836389340593552,True
2026-01-21 00:00:00+00:00,0.0,0.0,0.0,0.0,0.0,0.0,0.0,0.0,-0.26583842289365733,-0.3414655588538266,-0.2793350430989928,-0.2182945887621037,-0.23560148255032973,-0.3836389340593552,True
2026-01-22 00:00:00+00:00,0.0,0.0,0.0,0.0,0.0,0.0,0.0,0.0,-0.26583842289365733,-0.3414655588538266,-0.2793350430989928,-0.2182945887621037,-0.23560148255032973,-0.3836389340593552,True
2026-01-23 00:00:00+00:00,0.0,0.0,0.0,0.0,0.0,0.0,0.0,0.0,-0.26583842289365733,-0.3414655588538266,-0.2793350430989928,-0.2182945887621037,-0.23560148255032973,-0.3836389340593552,True
2026-01-24 00:00:00+00:00,0.0,0.0,0.0,0.0,0.0,0.0,0.0,0.0,-0.26583842289365733,-0.3414655588538266,-0.2793350430989928,-0.2182945887621037,-0.23560148255032973,-0.3836389340593552,True
2026-01-25 00:00:00+00:00,0.0,0.0,0.0,0.0,0.0,0.0,0.0,0.0,-0.26583842289365733,-0.3414655588538266,-0.2793350430989928,-0.2182945887621037,-0.23560148255032973,-0.3836389340593552,True
2026-01-26 00:00:00+00:00,0.0,0.0,0.0,0.0,0.0,0.0,0.0,0.0,-0.26583842289365733,-0.3414655588538266,-0.2793350430989928,-0.2182945887621037,-0.23560148255032973,-0.3836389340593552,True
2026-01-27 00:00:00+00:00,1.0,1.0,1.0,0.0,0.0,0.0,0.0,1.0,-0.10097340405891236,0.17507753441704213,0.6488901001181572,-0.2182945887621037,-0.23560148255032973,3.1622239704244723,True
2026-01-28 00:00:00+00:00,0.0,0.0,0.0,0.0,0.0,0.0,0.0,0.0,-0.26583842289365733,-0.3414655588538266,-0.2793350430989928,-0.2182945887621037,-0.23560148255032973,-0.3836389340593552,True
2026-01-29 00:00:00+00:00,0.0,0.0,0.0,0.0,0.0,0.0,0.0,0.0,-0.26583842289365733,-0.3414655588538266,-0.2793350430989928,-0.2182945887621037,-0.23560148255032973,-0.3836389340593552,True
2026-01-30 00:00:00+00:00,0.0,0.0,0.0,0.0,0.0,0.0,0.0,0.0,-0.26583842289365733,-0.3414655588538266,-0.2793350430989928,-0.2182945887621037,-0.23560148255032973,-0.3836389340593552,True
2026-01-31 00:00:00+00:00,0.0,0.0,0.0,0.0,0.0,0.0,0.0,0.0,-0.26583842289365733,-0.3414655588538266,-0.2793350430989928,-0.2182945887621037,-0.23560148255032973,-0.3836389340593552,True
2026-02-01 00:00:00+00:00,0.0,0.0,0.0,0.0,0.0,0.0,0.0,0.0,-0.26583842289365733,-0.3414655588538266,-0.2793350430989928,-0.2182945887621037,-0.23560148255032973,-0.3836389340593552,True
2026-02-02 00:00:00+00:00,0.0,0.0,0.0,0.0,0.0,0.0,0.0,0.0,-0.26583842289365733,-0.3414655588538266,-0.2793350430989928,-0.2182945887621037,-0.23560148255032973,-0.3836389340593552,True
2026-02-03 00:00:00+00:00,0.0,0.0,0.0,0.0,0.0,0.0,0.0,0.0,-0.26583842289365733,-0.3414655588538266,-0.2793350430989928,-0.2182945887621037,-0.23560148255032973,-0.3836389340593552,True
2026-02-04 00:00:00+00:00,7.0,2.0,2.0,32.142857142857146,0.0,0.0,0.0,1.0,0.8882167089495575,0.6916206276879109,1.5771152433353073,-0.134524458911622,-0.23560148255032973,3.1622239704244723,True
2026-02-05 00:00:00+00:00,0.0,0.0,0.0,0.0,0.0,0.0,0.0,0.0,-0.26583842289365733,-0.3414655588538266,-0.2793350430989928,-0.2182945887621037,-0.23560148255032973,-0.3836389340593552,True
2026-02-06 00:00:00+00:00,1.0,1.0,0.0,119.0,0.0,0.0,0.0,0.0,-0.10097340405891236,0.17507753441704213,-0.2793350430989928,0.09184104752879073,-0.23560148255032973,-0.3836389340593552,True
2026-02-07 00:00:00+00:00,1.0,1.0,0.0,162.0,1.0,0.0,0.0,0.0,-0.10097340405891236,0.17507753441704213,-0.2793350430989928,0.203906865684324,7.297002372845597,-0.3836389340593552,True
2026-02-08 00:00:00+00:00,0.0,0.0,0.0,0.0,0.0,0.0,0.0,0.0,-0.26583842289365733,-0.3414655588538266,-0.2793350430989928,-0.2182945887621037,-0.23560148255032973,-0.3836389340593552,True
2026-02-09 00:00:00+00:00,0.0,0.0,0.0,0.0,0.0,0.0,0.0,0.0,-0.26583842289365733,-0.3414655588538266,-0.2793350430989928,-0.2182945887621037,-0.23560148255032973,-0.3836389340593552,True
2026-02-10 00:00:00+00:00,1.0,1.0,1.0,145.0,0.0,0.0,0.0,1.0,-0.10097340405891236,0.17507753441704213,0.6488901001181572,0.15960177478562482,-0.23560148255032973,3.1622239704244723,True
2026-02-11 00:00:00+00:00,0.0,0.0,0.0,0.0,0.0,0.0,0.0,0.0,-0.26583842289365733,-0.3414655588538266,-0.2793350430989928,-0.2182945887621037,-0.23560148255032973,-0.3836389340593552,True
2026-02-12 00:00:00+00:00,1.0,1.0,1.0,21.0,0.0,0.0,0.0,1.0,-0.10097340405891236,0.17507753441704213,0.6488901001181572,-0.16356477059312233,-0.23560148255032973,3.1622239704244723,True
2026-02-13 00:00:00+00:00,0.0,0.0,0.0,0.0,0.0,0.0,0.0,0.0,-0.26583842289365733,-0.3414655588538266,-0.2793350430989928,-0.2182945887621037,-0.23560148255032973,-0.3836389340593552,True
2026-02-14 00:00:00+00:00,0.0,0.0,0.0,0.0,0.0,0.0,0.0,0.0,-0.26583842289365733,-0.3414655588538266,-0.2793350430989928,-0.2182945887621037,-0.23560148255032973,-0.3836389340593552,True
2026-02-15 00:00:00+00:00,0.0,0.0,0.0,0.0,0.0,0.0,0.0,0.0,-0.26583842289365733,-0.3414655588538266,-0.2793350430989928,-0.2182945887621037,-0.23560148255032973,-0.3836389340593552,True
2026-02-16 00:00:00+00:00,0.0,0.0,0.0,0.0,0.0,0.0,0.0,0.0,-0.26583842289365733,-0.3414655588538266,-0.2793350430989928,-0.2182945887621037,-0.23560148255032973,-0.3836389340593552,True
2026-02-17 00:00:00+00:00,0.0,0.0,0.0,0.0,0.0,0.0,0.0,0.0,-0.26583842289365733,-0.3414655588538266,-0.2793350430989928,-0.2182945887621037,-0.23560148255032973,-0.3836389340593552,True
2026-02-18 00:00:00+00:00,0.0,0.0,0.0,0.0,0.0,0.0,0.0,0.0,-0.26583842289365733,-0.3414655588538266,-0.2793350430989928,-0.2182945887621037,-0.23560148255032973,-0.3836389340593552,True
2026-02-19 00:00:00+00:00,0.0,0.0,0.0,0.0,0.0,0.0,0.0,0.0,-0.26583842289365733,-0.3414655588538266,-0.2793350430989928,-0.2182945887621037,-0.23560148255032973,-0.3836389340593552,True
2026-02-20 00:00:00+00:00,0.0,0.0,0.0,0.0,0.0,0.0,0.0,0.0,-0.26583842289365733,-0.3414655588538266,-0.2793350430989928,-0.2182945887621037,-0.23560148255032973,-0.3836389340593552,True
2026-02-21 00:00:00+00:00,0.0,0.0,0.0,0.0,0.0,0.0,0.0,0.0,-0.26583842289365733,-0.3414655588538266,-0.2793350430989928,-0.2182945887621037,-0.23560148255032973,-0.3836389340593552,True
2026-02-22 00:00:00+00:00,0.0,0.0,0.0,0.0,0.0,0.0,0.0,0.0,-0.26583842289365733,-0.3414655588538266,-0.2793350430989928,-0.2182945887621037,-0.23560148255032973,-0.3836389340593552,True
2026-02-23 00:00:00+00:00,0.0,0.0,0.0,0.0,0.0,0.0,0.0,0.0,-0.26583842289365733,-0.3414655588538266,-0.2793350430989928,-0.2182945887621037,-0.23560148255032973,-0.3836389340593552,True
2026-02-24 00:00:00+00:00,0.0,0.0,0.0,0.0,0.0,0.0,0.0,0.0,-0.26583842289365733,-0.3414655588538266,-0.2793350430989928,-0.2182945887621037,-0.23560148255032973,-0.3836389340593552,True
2026-02-25 00:00:00+00:00,0.0,0.0,0.0,0.0,0.0,0.0,0.0,0.0,-0.26583842289365733,-0.3414655588538266,-0.2793350430989928,-0.2182945887621037,-0.23560148255032973,-0.3836389340593552,True
2026-02-26 00:00:00+00:00,0.0,0.0,0.0,0.0,0.0,0.0,0.0,0.0,-0.26583842289365733,-0.3414655588538266,-0.2793350430989928,-0.2182945887621037,-0.23560148255032973,-0.3836389340593552,True
2026-02-27 00:00:00+00:00,0.0,0.0,0.0,0.0,0.0,0.0,0.0,0.0,-0.26583842289365733,-0.3414655588538266,-0.2793350430989928,-0.2182945887621037,-0.23560148255032973,-0.3836389340593552,True
2026-02-28 00:00:00+00:00,0.0,0.0,0.0,0.0,0.0,0.0,0.0,0.0,-0.26583842289365733,-0.3414655588538266,-0.2793350430989928,-0.2182945887621037,-0.23560148255032973,-0.3836389340593552,True
2026-03-01 00:00:00+00:00,0.0,0.0,0.0,0.0,0.0,0.0,0.0,0.0,-0.26583842289365733,-0.3414655588538266,-0.2793350430989928,-0.2182945887621037,-0.23560148255032973,-0.3836389340593552,True
2026-03-02 00:00:00+00:00,0.0,0.0,0.0,0.0,0.0,0.0,0.0,0.0,-0.26583842289365733,-0.3414655588538266,-0.2793350430989928,-0.2182945887621037,-0.23560148255032973,-0.3836389340593552,True
2026-03-03 00:00:00+00:00,0.0,0.0,0.0,0.0,0.0,0.0,0.0,0.0,-0.26583842289365733,-0.3414655588538266,-0.2793350430989928,-0.2182945887621037,-0.23560148255032973,-0.3836389340593552,True
2026-03-04 00:00:00+00:00,0.0,0.0,0.0,0.0,0.0,0.0,0.0,0.0,-0.26583842289365733,-0.3414655588538266,-0.2793350430989928,-0.2182945887621037,-0.23560148255032973,-0.3836389340593552,True
2026-03-05 00:00:00+00:00,0.0,0.0,0.0,0.0,0.0,0.0,0.0,0.0,-0.26583842289365733,-0.3414655588538266,-0.2793350430989928,-0.2182945887621037,-0.23560148255032973,-0.3836389340593552,True
2026-03-06 00:00:00+00:00,0.0,0.0,0.0,0.0,0.0,0.0,0.0,0.0,-0.26583842289365733,-0.3414655588538266,-0.2793350430989928,-0.2182945887621037,-0.23560148255032973,-0.3836389340593552,True
2026-03-07 00:00:00+00:00,0.0,0.0,0.0,0.0,0.0,0.0,0.0,0.0,-0.26583842289365733,-0.3414655588538266,-0.2793350430989928,-0.2182945887621037,-0.23560148255032973,-0.3836389340593552,True
2026-03-08 00:00:00+00:00,0.0,0.0,0.0,0.0,0.0,0.0,0.0,0.0,-0.26583842289365733,-0.3414655588538266,-0.2793350430989928,-0.2182945887621037,-0.23560148255032973,-0.3836389340593552,True
2026-03-09 00:00:00+00:00,0.0,0.0,0.0,0.0,0.0,0.0,0.0,0.0,-0.26583842289365733,-0.3414655588538266,-0.2793350430989928,-0.2182945887621037,-0.23560148255032973,-0.3836389340593552,True
2026-03-10 00:00:00+00:00,0.0,0.0,0.0,0.0,0.0,0.0,0.0,0.0,-0.26583842289365733,-0.3414655588538266,-0.2793350430989928,-0.2182945887621037,-0.23560148255032973,-0.3836389340593552,True
2026-03-11 00:00:00+00:00,0.0,0.0,0.0,0.0,0.0,0.0,0.0,0.0,-0.26583842289365733,-0.3414655588538266,-0.2793350430989928,-0.2182945887621037,-0.23560148255032973,-0.3836389340593552,True
2026-03-12 00:00:00+00:00,0.0,0.0,0.0,0.0,0.0,0.0,0.0,0.0,-0.26583842289365733,-0.3414655588538266,-0.2793350430989928,-0.2182945887621037,-0.23560148255032973,-0.3836389340593552,True
2026-03-13 00:00:00+00:00,0.0,0.0,0.0,0.0,0.0,0.0,0.0,0.0,-0.26583842289365733,-0.3414655588538266,-0.2793350430989928,-0.2182945887621037,-0.23560148255032973,-0.3836389340593552,True
2026-03-14 00:00:00+00:00,0.0,0.0,0.0,0.0,0.0,0.0,0.0,0.0,-0.26583842289365733,-0.3414655588538266,-0.2793350430989928,-0.2182945887621037,-0.23560148255032973,-0.3836389340593552,True
2026-03-15 00:00:00+00:00,0.0,0.0,0.0,0.0,0.0,0.0,0.0,0.0,-0.26583842289365733,-0.3414655588538266,-0.2793350430989928,-0.2182945887621037,-0.23560148255032973,-0.3836389340593552,True
2026-03-16 00:00:00+00:00,0.0,0.0,0.0,0.0,0.0,0.0,0.0,0.0,-0.26583842289365733,-0.3414655588538266,-0.2793350430989928,-0.2182945887621037,-0.23560148255032973,-0.3836389340593552,True
2026-03-17 00:00:00+00:00,0.0,0.0,0.0,0.0,0.0,0.0,0.0,0.0,-0.26583842289365733,-0.3414655588538266,-0.2793350430989928,-0.2182945887621037,-0.23560148255032973,-0.3836389340593552,True
2026-03-18 00:00:00+00:00,1.0,1.0,1.0,3.0,0.0,0.0,0.0,1.0,-0.10097340405891236,0.17507753441704213,0.6488901001181572,-0.21047604330939207,-0.23560148255032973,3.1622239704244723,True
2026-03-19 00:00:00+00:00,0.0,0.0,0.0,0.0,0.0,0.0,0.0,0.0,-0.26583842289365733,-0.3414655588538266,-0.2793350430989928,-0.2182945887621037,-0.23560148255032973,-0.3836389340593552,True
2026-03-20 00:00:00+00:00,0.0,0.0,0.0,0.0,0.0,0.0,0.0,0.0,-0.26583842289365733,-0.3414655588538266,-0.2793350430989928,-0.2182945887621037,-0.23560148255032973,-0.3836389340593552,True
2026-03-21 00:00:00+00:00,0.0,0.0,0.0,0.0,0.0,0.0,0.0,0.0,-0.26583842289365733,-0.3414655588538266,-0.2793350430989928,-0.2182945887621037,-0.23560148255032973,-0.3836389340593552,True
2026-03-22 00:00:00+00:00,0.0,0.0,0.0,0.0,0.0,0.0,0.0,0.0,-0.26583842289365733,-0.3414655588538266,-0.2793350430989928,-0.2182945887621037,-0.23560148255032973,-0.3836389340593552,True
2026-03-23 00:00:00+00:00,0.0,0.0,0.0,0.0,0.0,0.0,0.0,0.0,-0.26583842289365733,-0.3414655588538266,-0.2793350430989928,-0.2182945887621037,-0.23560148255032973,-0.3836389340593552,True
2026-03-24 00:00:00+00:00,0.0,0.0,0.0,0.0,0.0,0.0,0.0,0.0,-0.26583842289365733,-0.3414655588538266,-0.2793350430989928,-0.2182945887621037,-0.23560148255032973,-0.3836389340593552,True
2026-03-25 00:00:00+00:00,0.0,0.0,0.0,0.0,0.0,0.0,0.0,0.0,-0.26583842289365733,-0.3414655588538266,-0.2793350430989928,-0.2182945887621037,-0.23560148255032973,-0.3836389340593552,True
2026-03-26 00:00:00+00:00,0.0,0.0,0.0,0.0,0.0,0.0,0.0,0.0,-0.26583842289365733,-0.3414655588538266,-0.2793350430989928,-0.2182945887621037,-0.23560148255032973,-0.3836389340593552,True
2026-03-27 00:00:00+00:00,0.0,0.0,0.0,0.0,0.0,0.0,0.0,0.0,-0.26583842289365733,-0.3414655588538266,-0.2793350430989928,-0.2182945887621037,-0.23560148255032973,-0.3836389340593552,True
2026-03-28 00:00:00+00:00,0.0,0.0,0.0,0.0,0.0,0.0,0.0,0.0,-0.26583842289365733,-0.3414655588538266,-0.2793350430989928,-0.2182945887621037,-0.23560148255032973,-0.3836389340593552,True
2026-03-29 00:00:00+00:00,0.0,0.0,0.0,0.0,0.0,0.0,0.0,0.0,-0.26583842289365733,-0.3414655588538266,-0.2793350430989928,-0.2182945887621037,-0.23560148255032973,-0.3836389340593552,True
2026-03-30 00:00:00+00:00,0.0,0.0,0.0,0.0,0.0,0.0,0.0,0.0,-0.26583842289365733,-0.3414655588538266,-0.2793350430989928,-0.2182945887621037,-0.23560148255032973,-0.3836389340593552,True
2026-03-31 00:00:00+00:00,0.0,0.0,0.0,0.0,0.0,0.0,0.0,0.0,-0.26583842289365733,-0.3414655588538266,-0.2793350430989928,-0.2182945887621037,-0.23560148255032973,-0.3836389340593552,True
2026-04-01 00:00:00+00:00,0.0,0.0,0.0,0.0,0.0,0.0,0.0,0.0,-0.26583842289365733,-0.3414655588538266,-0.2793350430989928,-0.2182945887621037,-0.23560148255032973,-0.3836389340593552,True
2026-04-02 00:00:00+00:00,0.0,0.0,0.0,0.0,0.0,0.0,0.0,0.0,-0.26583842289365733,-0.3414655588538266,-0.2793350430989928,-0.2182945887621037,-0.23560148255032973,-0.3836389340593552,True
2026-04-03 00:00:00+00:00,0.0,0.0,0.0,0.0,0.0,0.0,0.0,0.0,-0.26583842289365733,-0.3414655588538266,-0.2793350430989928,-0.2182945887621037,-0.23560148255032973,-0.3836389340593552,True
2026-04-04 00:00:00+00:00,0.0,0.0,0.0,0.0,0.0,0.0,0.0,0.0,-0.26583842289365733,-0.3414655588538266,-0.2793350430989928,-0.2182945887621037,-0.23560148255032973,-0.3836389340593552,True
2026-04-05 00:00:00+00:00,0.0,0.0,0.0,0.0,0.0,0.0,0.0,0.0,-0.26583842289365733,-0.3414655588538266,-0.2793350430989928,-0.2182945887621037,-0.23560148255032973,-0.3836389340593552,True
2026-04-06 00:00:00+00:00,0.0,0.0,0.0,0.0,0.0,0.0,0.0,0.0,-0.26583842289365733,-0.3414655588538266,-0.2793350430989928,-0.2182945887621037,-0.23560148255032973,-0.3836389340593552,True
2026-04-07 00:00:00+00:00,0.0,0.0,0.0,0.0,0.0,0.0,0.0,0.0,-0.26583842289365733,-0.3414655588538266,-0.2793350430989928,-0.2182945887621037,-0.23560148255032973,-0.3836389340593552,True
2026-04-08 00:00:00+00:00,0.0,0.0,0.0,0.0,0.0,0.0,0.0,0.0,-0.26583842289365733,-0.3414655588538266,-0.2793350430989928,-0.2182945887621037,-0.23560148255032973,-0.3836389340593552,True
2026-04-09 00:00:00+00:00,0.0,0.0,0.0,0.0,0.0,0.0,0.0,0.0,-0.26583842289365733,-0.3414655588538266,-0.2793350430989928,-0.2182945887621037,-0.23560148255032973,-0.3836389340593552,True
2026-04-10 00:00:00+00:00,0.0,0.0,0.0,0.0,0.0,0.0,0.0,0.0,-0.26583842289365733,-0.3414655588538266,-0.2793350430989928,-0.2182945887621037,-0.23560148255032973,-0.3836389340593552,True
2026-04-11 00:00:00+00:00,0.0,0.0,0.0,0.0,0.0,0.0,0.0,0.0,-0.26583842289365733,-0.3414655588538266,-0.2793350430989928,-0.2182945887621037,-0.23560148255032973,-0.3836389340593552,True
2026-04-12 00:00:00+00:00,0.0,0.0,0.0,0.0,0.0,0.0,0.0,0.0,-0.26583842289365733,-0.3414655588538266,-0.2793350430989928,-0.2182945887621037,-0.23560148255032973,-0.3836389340593552,True
2026-04-13 00:00:00+00:00,0.0,0.0,0.0,0.0,0.0,0.0,0.0,0.0,-0.26583842289365733,-0.3414655588538266,-0.2793350430989928,-0.2182945887621037,-0.23560148255032973,-0.3836389340593552,True
2026-04-14 00:00:00+00:00,0.0,0.0,0.0,0.0,0.0,0.0,0.0,0.0,-0.26583842289365733,-0.3414655588538266,-0.2793350430989928,-0.2182945887621037,-0.23560148255032973,-0.3836389340593552,True
2026-04-15 00:00:00+00:00,0.0,0.0,0.0,0.0,0.0,0.0,0.0,0.0,-0.26583842289365733,-0.3414655588538266,-0.2793350430989928,-0.2182945887621037,-0.23560148255032973,-0.3836389340593552,True
2026-04-16 00:00:00+00:00,0.0,0.0,0.0,0.0,0.0,0.0,0.0,0.0,-0.26583842289365733,-0.3414655588538266,-0.2793350430989928,-0.2182945887621037,-0.23560148255032973,-0.3836389340593552,True
2026-04-17 00:00:00+00:00,0.0,0.0,0.0,0.0,0.0,0.0,0.0,0.0,-0.26583842289365733,-0.3414655588538266,-0.2793350430989928,-0.2182945887621037,-0.23560148255032973,-0.3836389340593552,True
2026-04-18 00:00:00+00:00,0.0,0.0,0.0,0.0,0.0,0.0,0.0,0.0,-0.26583842289365733,-0.3414655588538266,-0.2793350430989928,-0.2182945887621037,-0.23560148255032973,-0.3836389340593552,True
2026-04-19 00:00:00+00:00,0.0,0.0,0.0,0.0,0.0,0.0,0.0,0.0,-0.26583842289365733,-0.3414655588538266,-0.2793350430989928,-0.2182945887621037,-0.23560148255032973,-0.3836389340593552,True
2026-04-20 00:00:00+00:00,0.0,0.0,0.0,0.0,0.0,0.0,0.0,0.0,-0.26583842289365733,-0.3414655588538266,-0.2793350430989928,-0.2182945887621037,-0.23560148255032973,-0.3836389340593552,True
2026-04-21 00:00:00+00:00,1.0,1.0,1.0,126.0,0.0,0.0,0.0,1.0,-0.10097340405891236,0.17507753441704213,0.6488901001181572,0.11008432025178452,-0.23560148255032973,3.1622239704244723,True
2026-04-22 00:00:00+00:00,0.0,0.0,0.0,0.0,0.0,0.0,0.0,0.0,-0.26583842289365733,-0.3414655588538266,-0.2793350430989928,-0.2182945887621037,-0.23560148255032973,-0.3836389340593552,True
2026-04-23 00:00:00+00:00,0.0,0.0,0.0,0.0,0.0,0.0,0.0,0.0,-0.26583842289365733,-0.3414655588538266,-0.2793350430989928,-0.2182945887621037,-0.23560148255032973,-0.3836389340593552,True
2026-04-24 00:00:00+00:00,0.0,0.0,0.0,0.0,0.0,0.0,0.0,0.0,-0.26583842289365733,-0.3414655588538266,-0.2793350430989928,-0.2182945887621037,-0.23560148255032973,-0.3836389340593552,True
2026-04-25 00:00:00+00:00,0.0,0.0,0.0,0.0,0.0,0.0,0.0,0.0,-0.26583842289365733,-0.3414655588538266,-0.2793350430989928,-0.2182945887621037,-0.23560148255032973,-0.3836389340593552,True
2026-04-26 00:00:00+00:00,0.0,0.0,0.0,0.0,0.0,0.0,0.0,0.0,-0.26583842289365733,-0.3414655588538266,-0.2793350430989928,-0.2182945887621037,-0.23560148255032973,-0.3836389340593552,True
2026-04-27 00:00:00+00:00,0.0,0.0,0.0,0.0,0.0,0.0,0.0,0.0,-0.26583842289365733,-0.3414655588538266,-0.2793350430989928,-0.2182945887621037,-0.23560148255032973,-0.3836389340593552,True
2026-04-28 00:00:00+00:00,0.0,0.0,0.0,0.0,0.0,0.0,0.0,0.0,-0.26583842289365733,-0.3414655588538266,-0.2793350430989928,-0.2182945887621037,-0.23560148255032973,-0.3836389340593552,True
2026-04-29 00:00:00+00:00,0.0,0.0,0.0,0.0,0.0,0.0,0.0,0.0,-0.26583842289365733,-0.3414655588538266,-0.2793350430989928,-0.2182945887621037,-0.23560148255032973,-0.3836389340593552,True
2026-04-30 00:00:00+00:00,0.0,0.0,0.0,0.0,0.0,0.0,0.0,0.0,-0.26583842289365733,-0.3414655588538266,-0.2793350430989928,-0.2182945887621037,-0.23560148255032973,-0.3836389340593552,True
2026-05-01 00:00:00+00:00,0.0,0.0,0.0,0.0,0.0,0.0,0.0,0.0,-0.26583842289365733,-0.3414655588538266,-0.2793350430989928,-0.2182945887621037,-0.23560148255032973,-0.3836389340593552,True
2026-05-02 00:00:00+00:00,0.0,0.0,0.0,0.0,0.0,0.0,0.0,0.0,-0.26583842289365733,-0.3414655588538266,-0.2793350430989928,-0.2182945887621037,-0.23560148255032973,-0.3836389340593552,True
2026-05-03 00:00:00+00:00,0.0,0.0,0.0,0.0,0.0,0.0,0.0,0.0,-0.26583842289365733,-0.3414655588538266,-0.2793350430989928,-0.2182945887621037,-0.23560148255032973,-0.3836389340593552,True
2026-05-04 00:00:00+00:00,0.0,0.0,0.0,0.0,0.0,0.0,0.0,0.0,-0.26583842289365733,-0.3414655588538266,-0.2793350430989928,-0.2182945887621037,-0.23560148255032973,-0.3836389340593552,True
2026-05-05 00:00:00+00:00,0.0,0.0,0.0,0.0,0.0,0.0,0.0,0.0,-0.26583842289365733,-0.3414655588538266,-0.2793350430989928,-0.2182945887621037,-0.23560148255032973,-0.3836389340593552,True
2026-05-06 00:00:00+00:00,0.0,0.0,0.0,0.0,0.0,0.0,0.0,0.0,-0.26583842289365733,-0.3414655588538266,-0.2793350430989928,-0.2182945887621037,-0.23560148255032973,-0.3836389340593552,True
2026-05-07 00:00:00+00:00,1.0,1.0,1.0,4.0,0.0,0.0,0.0,1.0,-0.10097340405891236,0.17507753441704213,0.6488901001181572,-0.20786986149182154,-0.23560148255032973,3.1622239704244723,True
2026-05-08 00:00:00+00:00,0.0,0.0,0.0,0.0,0.0,0.0,0.0,0.0,-0.26583842289365733,-0.3414655588538266,-0.2793350430989928,-0.2182945887621037,-0.23560148255032973,-0.3836389340593552,True
2026-05-09 00:00:00+00:00,0.0,0.0,0.0,0.0,0.0,0.0,0.0,0.0,-0.26583842289365733,-0.3414655588538266,-0.2793350430989928,-0.2182945887621037,-0.23560148255032973,-0.3836389340593552,True
2026-05-10 00:00:00+00:00,0.0,0.0,0.0,0.0,0.0,0.0,0.0,0.0,-0.26583842289365733,-0.3414655588538266,-0.2793350430989928,-0.2182945887621037,-0.23560148255032973,-0.3836389340593552,True
2026-05-11 00:00:00+00:00,0.0,0.0,0.0,0.0,0.0,0.0,0.0,0.0,-0.26583842289365733,-0.3414655588538266,-0.2793350430989928,-0.2182945887621037,-0.23560148255032973,-0.3836389340593552,True
2026-05-12 00:00:00+00:00,0.0,0.0,0.0,0.0,0.0,0.0,0.0,0.0,-0.26583842289365733,-0.3414655588538266,-0.2793350430989928,-0.2182945887621037,-0.23560148255032973,-0.3836389340593552,True
2026-05-13 00:00:00+00:00,0.0,0.0,0.0,0.0,0.0,0.0,0.0,0.0,-0.26583842289365733,-0.3414655588538266,-0.2793350430989928,-0.2182945887621037,-0.23560148255032973,-0.3836389340593552,True
2026-05-14 00:00:00+00:00,0.0,0.0,0.0,0.0,0.0,0.0,0.0,0.0,-0.26583842289365733,-0.3414655588538266,-0.2793350430989928,-0.2182945887621037,-0.23560148255032973,-0.3836389340593552,True
2026-05-15 00:00:00+00:00,0.0,0.0,0.0,0.0,0.0,0.0,0.0,0.0,-0.26583842289365733,-0.3414655588538266,-0.2793350430989928,-0.2182945887621037,-0.23560148255032973,-0.3836389340593552,True
2026-05-16 00:00:00+00:00,0.0,0.0,0.0,0.0,0.0,0.0,0.0,0.0,-0.26583842289365733,-0.3414655588538266,-0.2793350430989928,-0.2182945887621037,-0.23560148255032973,-0.3836389340593552,True
2026-05-17 00:00:00+00:00,0.0,0.0,0.0,0.0,0.0,0.0,0.0,0.0,-0.26583842289365733,-0.3414655588538266,-0.2793350430989928,-0.2182945887621037,-0.23560148255032973,-0.3836389340593552,True
2026-05-18 00:00:00+00:00,1.0,1.0,1.0,43.0,1.0,0.0,0.0,1.0,-0.10097340405891236,0.17507753441704213,0.6488901001181572,-0.10622877060657042,7.297002372845597,3.1622239704244723,True
2026-05-19 00:00:00+00:00,0.0,0.0,0.0,0.0,0.0,0.0,0.0,0.0,-0.26583842289365733,-0.3414655588538266,-0.2793350430989928,-0.2182945887621037,-0.23560148255032973,-0.3836389340593552,True
2026-05-20 00:00:00+00:00,0.0,0.0,0.0,0.0,0.0,0.0,0.0,0.0,-0.26583842289365733,-0.3414655588538266,-0.2793350430989928,-0.2182945887621037,-0.23560148255032973,-0.3836389340593552,True
2026-05-21 00:00:00+00:00,0.0,0.0,0.0,0.0,0.0,0.0,0.0,0.0,-0.26583842289365733,-0.3414655588538266,-0.2793350430989928,-0.2182945887621037,-0.23560148255032973,-0.3836389340593552,True
2026-05-22 00:00:00+00:00,0.0,0.0,0.0,0.0,0.0,0.0,0.0,0.0,-0.26583842289365733,-0.3414655588538266,-0.2793350430989928,-0.2182945887621037,-0.23560148255032973,-0.3836389340593552,True
2026-05-23 00:00:00+00:00,0.0,0.0,0.0,0.0,0.0,0.0,0.0,0.0,-0.26583842289365733,-0.3414655588538266,-0.2793350430989928,-0.2182945887621037,-0.23560148255032973,-0.3836389340593552,True
2026-05-24 00:00:00+00:00,0.0,0.0,0.0,0.0,0.0,0.0,0.0,0.0,-0.26583842289365733,-0.3414655588538266,-0.2793350430989928,-0.2182945887621037,-0.23560148255032973,-0.3836389340593552,True
2026-05-25 00:00:00+00:00,0.0,0.0,0.0,0.0,0.0,0.0,0.0,0.0,-0.26583842289365733,-0.3414655588538266,-0.2793350430989928,-0.2182945887621037,-0.23560148255032973,-0.3836389340593552,True
2026-05-26 00:00:00+00:00,0.0,0.0,0.0,0.0,0.0,0.0,0.0,0.0,-0.26583842289365733,-0.3414655588538266,-0.2793350430989928,-0.2182945887621037,-0.23560148255032973,-0.3836389340593552,True
2026-05-27 00:00:00+00:00,0.0,0.0,0.0,0.0,0.0,0.0,0.0,0.0,-0.26583842289365733,-0.3414655588538266,-0.2793350430989928,-0.2182945887621037,-0.23560148255032973,-0.3836389340593552,True
2026-05-28 00:00:00+00:00,0.0,0.0,0.0,0.0,0.0,0.0,0.0,0.0,-0.26583842289365733,-0.3414655588538266,-0.2793350430989928,-0.2182945887621037,-0.23560148255032973,-0.3836389340593552,True
2026-05-29 00:00:00+00:00,0.0,0.0,0.0,0.0,0.0,0.0,0.0,0.0,-0.26583842289365733,-0.3414655588538266,-0.2793350430989928,-0.2182945887621037,-0.23560148255032973,-0.3836389340593552,True
2026-05-30 00:00:00+00:00,0.0,0.0,0.0,0.0,0.0,0.0,0.0,0.0,-0.26583842289365733,-0.3414655588538266,-0.2793350430989928,-0.2182945887621037,-0.23560148255032973,-0.3836389340593552,True
2026-05-31 00:00:00+00:00,0.0,0.0,0.0,0.0,0.0,0.0,0.0,0.0,-0.26583842289365733,-0.3414655588538266,-0.2793350430989928,-0.2182945887621037,-0.23560148255032973,-0.3836389340593552,True
2026-06-01 00:00:00+00:00,0.0,0.0,0.0,0.0,0.0,0.0,0.0,0.0,-0.26583842289365733,-0.3414655588538266,-0.2793350430989928,-0.2182945887621037,-0.23560148255032973,-0.3836389340593552,True
2026-06-02 00:00:00+00:00,0.0,0.0,0.0,0.0,0.0,0.0,0.0,0.0,-0.26583842289365733,-0.3414655588538266,-0.2793350430989928,-0.2182945887621037,-0.23560148255032973,-0.3836389340593552,True
2026-06-03 00:00:00+00:00,0.0,0.0,0.0,0.0,0.0,0.0,0.0,0.0,-0.26583842289365733,-0.3414655588538266,-0.2793350430989928,-0.2182945887621037,-0.23560148255032973,-0.3836389340593552,True
2026-06-04 00:00:00+00:00,0.0,0.0,0.0,0.0,0.0,0.0,0.0,0.0,-0.26583842289365733,-0.3414655588538266,-0.2793350430989928,-0.2182945887621037,-0.23560148255032973,-0.3836389340593552,True
2026-06-05 00:00:00+00:00,0.0,0.0,0.0,0.0,0.0,0.0,0.0,0.0,-0.26583842289365733,-0.3414655588538266,-0.2793350430989928,-0.2182945887621037,-0.23560148255032973,-0.3836389340593552,True
2026-06-06 00:00:00+00:00,2.0,2.0,1.0,5.0,0.5,0.5,0.0,0.5,0.06389161477583262,0.6916206276879109,0.6488901001181572,-0.205263679674251,3.530700445147634,1.3892925181825588,True
2026-06-07 00:00:00+00:00,0.0,0.0,0.0,0.0,0.0,0.0,0.0,0.0,-0.26583842289365733,-0.3414655588538266,-0.2793350430989928,-0.2182945887621037,-0.23560148255032973,-0.3836389340593552,True
2026-06-08 00:00:00+00:00,0.0,0.0,0.0,0.0,0.0,0.0,0.0,0.0,-0.26583842289365733,-0.3414655588538266,-0.2793350430989928,-0.2182945887621037,-0.23560148255032973,-0.3836389340593552,True
2026-06-09 00:00:00+00:00,0.0,0.0,0.0,0.0,0.0,0.0,0.0,0.0,-0.26583842289365733,-0.3414655588538266,-0.2793350430989928,-0.2182945887621037,-0.23560148255032973,-0.3836389340593552,True
2026-06-10 00:00:00+00:00,0.0,0.0,0.0,0.0,0.0,0.0,0.0,0.0,-0.26583842289365733,-0.3414655588538266,-0.2793350430989928,-0.2182945887621037,-0.23560148255032973,-0.3836389340593552,True
2026-06-11 00:00:00+00:00,0.0,0.0,0.0,0.0,0.0,0.0,0.0,0.0,-0.26583842289365733,-0.3414655588538266,-0.2793350430989928,-0.2182945887621037,-0.23560148255032973,-0.3836389340593552,True
2026-06-12 00:00:00+00:00,0.0,0.0,0.0,0.0,0.0,0.0,0.0,0.0,-0.26583842289365733,-0.3414655588538266,-0.2793350430989928,-0.2182945887621037,-0.23560148255032973,-0.3836389340593552,True
2026-06-13 00:00:00+00:00,0.0,0.0,0.0,0.0,0.0,0.0,0.0,0.0,-0.26583842289365733,-0.3414655588538266,-0.2793350430989928,-0.2182945887621037,-0.23560148255032973,-0.3836389340593552,True
2026-06-14 00:00:00+00:00,0.0,0.0,0.0,0.0,0.0,0.0,0.0,0.0,-0.26583842289365733,-0.3414655588538266,-0.2793350430989928,-0.2182945887621037,-0.23560148255032973,-0.3836389340593552,True
2026-06-15 00:00:00+00:00,0.0,0.0,0.0,0.0,0.0,0.0,0.0,0.0,-0.26583842289365733,-0.3414655588538266,-0.2793350430989928,-0.2182945887621037,-0.23560148255032973,-0.3836389340593552,True
2026-06-16 00:00:00+00:00,0.0,0.0,0.0,0.0,0.0,0.0,0.0,0.0,-0.26583842289365733,-0.3414655588538266,-0.2793350430989928,-0.2182945887621037,-0.23560148255032973,-0.3836389340593552,True
2026-06-17 00:00:00+00:00,2.0,2.0,2.0,21.0,0.5,0.0,0.0,1.0,0.06389161477583262,0.6916206276879109,1.5771152433353073,-0.16356477059312233,3.530700445147634,3.1622239704244723,True
2026-06-18 00:00:00+00:00,0.0,0.0,0.0,0.0,0.0,0.0,0.0,0.0,-0.26583842289365733,-0.3414655588538266,-0.2793350430989928,-0.2182945887621037,-0.23560148255032973,-0.3836389340593552,True
2026-06-19 00:00:00+00:00,0.0,0.0,0.0,0.0,0.0,0.0,0.0,0.0,-0.26583842289365733,-0.3414655588538266,-0.2793350430989928,-0.2182945887621037,-0.23560148255032973,-0.3836389340593552,True
2026-06-20 00:00:00+00:00,0.0,0.0,0.0,0.0,0.0,0.0,0.0,0.0,-0.26583842289365733,-0.3414655588538266,-0.2793350430989928,-0.2182945887621037,-0.23560148255032973,-0.3836389340593552,True
2026-06-21 00:00:00+00:00,0.0,0.0,0.0,0.0,0.0,0.0,0.0,0.0,-0.26583842289365733,-0.3414655588538266,-0.2793350430989928,-0.2182945887621037,-0.23560148255032973,-0.3836389340593552,True
2026-06-22 00:00:00+00:00,0.0,0.0,0.0,0.0,0.0,0.0,0.0,0.0,-0.26583842289365733,-0.3414655588538266,-0.2793350430989928,-0.2182945887621037,-0.23560148255032973,-0.3836389340593552,True
2026-06-23 00:00:00+00:00,0.0,0.0,0.0,0.0,0.0,0.0,0.0,0.0,-0.26583842289365733,-0.3414655588538266,-0.2793350430989928,-0.2182945887621037,-0.23560148255032973,-0.3836389340593552,True
2026-06-24 00:00:00+00:00,0.0,0.0,0.0,0.0,0.0,0.0,0.0,0.0,-0.26583842289365733,-0.3414655588538266,-0.2793350430989928,-0.2182945887621037,-0.23560148255032973,-0.3836389340593552,True
2026-06-25 00:00:00+00:00,1.0,1.0,1.0,33.0,0.0,0.0,0.0,1.0,-0.10097340405891236,0.17507753441704213,0.6488901001181572,-0.13229058878227584,-0.23560148255032973,3.1622239704244723,True
2026-06-26 00:00:00+00:00,0.0,0.0,0.0,0.0,0.0,0.0,0.0,0.0,-0.26583842289365733,-0.3414655588538266,-0.2793350430989928,-0.2182945887621037,-0.23560148255032973,-0.3836389340593552,True
2026-06-27 00:00:00+00:00,0.0,0.0,0.0,0.0,0.0,0.0,0.0,0.0,-0.26583842289365733,-0.3414655588538266,-0.2793350430989928,-0.2182945887621037,-0.23560148255032973,-0.3836389340593552,True
2026-06-28 00:00:00+00:00,0.0,0.0,0.0,0.0,0.0,0.0,0.0,0.0,-0.26583842289365733,-0.3414655588538266,-0.2793350430989928,-0.2182945887621037,-0.23560148255032973,-0.3836389340593552,True
2026-06-29 00:00:00+00:00,0.0,0.0,0.0,0.0,0.0,0.0,0.0,0.0,-0.26583842289365733,-0.3414655588538266,-0.2793350430989928,-0.2182945887621037,-0.23560148255032973,-0.3836389340593552,True
2026-06-30 00:00:00+00:00,1.0,1.0,1.0,1.0,0.0,0.0,0.0,1.0,-0.10097340405891236,0.17507753441704213,0.6488901001181572,-0.21568840694453317,-0.23560148255032973,3.1622239704244723,True
2026-07-01 00:00:00+00:00,0.0,0.0,0.0,0.0,0.0,0.0,0.0,0.0,-0.26583842289365733,-0.3414655588538266,-0.2793350430989928,-0.2182945887621037,-0.23560148255032973,-0.3836389340593552,True
2026-07-02 00:00:00+00:00,0.0,0.0,0.0,0.0,0.0,0.0,0.0,0.0,-0.26583842289365733,-0.3414655588538266,-0.2793350430989928,-0.2182945887621037,-0.23560148255032973,-0.3836389340593552,True
2026-07-03 00:00:00+00:00,0.0,0.0,0.0,0.0,0.0,0.0,0.0,0.0,-0.26583842289365733,-0.3414655588538266,-0.2793350430989928,-0.2182945887621037,-0.23560148255032973,-0.3836389340593552,True
2026-07-04 00:00:00+00:00,0.0,0.0,0.0,0.0,0.0,0.0,0.0,0.0,-0.26583842289365733,-0.3414655588538266,-0.2793350430989928,-0.2182945887621037,-0.23560148255032973,-0.3836389340593552,True
2026-07-05 00:00:00+00:00,0.0,0.0,0.0,0.0,0.0,0.0,0.0,0.0,-0.26583842289365733,-0.3414655588538266,-0.2793350430989928,-0.2182945887621037,-0.23560148255032973,-0.3836389340593552,True
2026-07-06 00:00:00+00:00,0.0,0.0,0.0,0.0,0.0,0.0,0.0,0.0,-0.26583842289365733,-0.3414655588538266,-0.2793350430989928,-0.2182945887621037,-0.23560148255032973,-0.3836389340593552,True
2026-07-07 00:00:00+00:00,0.0,0.0,0.0,0.0,0.0,0.0,0.0,0.0,-0.26583842289365733,-0.3414655588538266,-0.2793350430989928,-0.2182945887621037,-0.23560148255032973,-0.3836389340593552,True
2026-07-08 00:00:00+00:00,0.0,0.0,0.0,0.0,0.0,0.0,0.0,0.0,-0.26583842289365733,-0.3414655588538266,-0.2793350430989928,-0.2182945887621037,-0.23560148255032973,-0.3836389340593552,True
2026-07-09 00:00:00+00:00,0.0,0.0,0.0,0.0,0.0,0.0,0.0,0.0,-0.26583842289365733,-0.3414655588538266,-0.2793350430989928,-0.2182945887621037,-0.23560148255032973,-0.3836389340593552,True
2026-07-10 00:00:00+00:00,0.0,0.0,0.0,0.0,0.0,0.0,0.0,0.0,-0.26583842289365733,-0.3414655588538266,-0.2793350430989928,-0.2182945887621037,-0.23560148255032973,-0.3836389340593552,True
2026-07-11 00:00:00+00:00,0.0,0.0,0.0,0.0,0.0,0.0,0.0,0.0,-0.26583842289365733,-0.3414655588538266,-0.2793350430989928,-0.2182945887621037,-0.23560148255032973,-0.3836389340593552,True
2026-07-12 00:00:00+00:00,0.0,0.0,0.0,0.0,0.0,0.0,0.0,0.0,-0.26583842289365733,-0.3414655588538266,-0.2793350430989928,-0.2182945887621037,-0.23560148255032973,-0.3836389340593552,True
2026-07-13 00:00:00+00:00,0.0,0.0,0.0,0.0,0.0,0.0,0.0,0.0,-0.26583842289365733,-0.3414655588538266,-0.2793350430989928,-0.2182945887621037,-0.23560148255032973,-0.3836389340593552,True
2026-07-14 00:00:00+00:00,1.0,1.0,0.0,0.0,0.0,1.0,0.0,0.0,-0.10097340405891236,0.17507753441704213,-0.2793350430989928,-0.2182945887621037,-0.23560148255032973,-0.3836389340593552,True
2026-07-15 00:00:00+00:00,0.0,0.0,0.0,0.0,0.0,0.0,0.0,0.0,-0.26583842289365733,-0.3414655588538266,-0.2793350430989928,-0.2182945887621037,-0.23560148255032973,-0.3836389340593552,True
2026-07-16 00:00:00+00:00,0.0,0.0,0.0,0.0,0.0,0.0,0.0,0.0,-0.26583842289365733,-0.3414655588538266,-0.2793350430989928,-0.2182945887621037,-0.23560148255032973,-0.3836389340593552,True
2026-07-17 00:00:00+00:00,0.0,0.0,0.0,0.0,0.0,0.0,0.0,0.0,-0.26583842289365733,-0.3414655588538266,-0.2793350430989928,-0.2182945887621037,-0.23560148255032973,-0.3836389340593552,True
2026-07-18 00:00:00+00:00,0.0,0.0,0.0,0.0,0.0,0.0,0.0,0.0,-0.26583842289365733,-0.3414655588538266,-0.2793350430989928,-0.2182945887621037,-0.23560148255032973,-0.3836389340593552,True
2026-07-19 00:00:00+00:00,0.0,0.0,0.0,0.0,0.0,0.0,0.0,0.0,-0.26583842289365733,-0.3414655588538266,-0.2793350430989928,-0.2182945887621037,-0.23560148255032973,-0.3836389340593552,True
2026-07-20 00:00:00+00:00,0.0,0.0,0.0,0.0,0.0,0.0,0.0,0.0,-0.26583842289365733,-0.3414655588538266,-0.2793350430989928,-0.2182945887621037,-0.23560148255032973,-0.3836389340593552,True
2026-07-21 00:00:00+00:00,0.0,0.0,0.0,0.0,0.0,0.0,0.0,0.0,-0.26583842289365733,-0.3414655588538266,-0.2793350430989928,-0.2182945887621037,-0.23560148255032973,-0.3836389340593552,True
2026-07-22 00:00:00+00:00,0.0,0.0,0.0,0.0,0.0,0.0,0.0,0.0,-0.26583842289365733,-0.3414655588538266,-0.2793350430989928,-0.2182945887621037,-0.23560148255032973,-0.3836389340593552,True
2026-07-23 00:00:00+00:00,0.0,0.0,0.0,0.0,0.0,0.0,0.0,0.0,-0.26583842289365733,-0.3414655588538266,-0.2793350430989928,-0.2182945887621037,-0.23560148255032973,-0.3836389340593552,True
2026-07-24 00:00:00+00:00,0.0,0.0,0.0,0.0,0.0,0.0,0.0,0.0,-0.26583842289365733,-0.3414655588538266,-0.2793350430989928,-0.2182945887621037,-0.23560148255032973,-0.3836389340593552,True
2026-07-25 00:00:00+00:00,0.0,0.0,0.0,0.0,0.0,0.0,0.0,0.0,-0.26583842289365733,-0.3414655588538266,-0.2793350430989928,-0.2182945887621037,-0.23560148255032973,-0.3836389340593552,True
2026-07-26 00:00:00+00:00,0.0,0.0,0.0,0.0,0.0,0.0,0.0,0.0,-0.26583842289365733,-0.3414655588538266,-0.2793350430989928,-0.2182945887621037,-0.23560148255032973,-0.3836389340593552,True
2026-07-27 00:00:00+00:00,0.0,0.0,0.0,0.0,0.0,0.0,0.0,0.0,-0.26583842289365733,-0.3414655588538266,-0.2793350430989928,-0.2182945887621037,-0.23560148255032973,-0.3836389340593552,True
2026-07-28 00:00:00+00:00,0.0,0.0,0.0,0.0,0.0,0.0,0.0,0.0,-0.26583842289365733,-0.3414655588538266,-0.2793350430989928,-0.2182945887621037,-0.23560148255032973,-0.3836389340593552,True
2026-07-29 00:00:00+00:00,0.0,0.0,0.0,0.0,0.0,0.0,0.0,0.0,-0.26583842289365733,-0.3414655588538266,-0.2793350430989928,-0.2182945887621037,-0.23560148255032973,-0.3836389340593552,True
2026-07-30 00:00:00+00:00,0.0,0.0,0.0,0.0,0.0,0.0,0.0,0.0,-0.26583842289365733,-0.3414655588538266,-0.2793350430989928,-0.2182945887621037,-0.23560148255032973,-0.3836389340593552,True
2026-07-31 00:00:00+00:00,0.0,0.0,0.0,0.0,0.0,0.0,0.0,0.0,-0.26583842289365733,-0.3414655588538266,-0.2793350430989928,-0.2182945887621037,-0.23560148255032973,-0.3836389340593552,True
2026-08-01 00:00:00+00:00,0.0,0.0,0.0,0.0,0.0,0.0,0.0,0.0,-0.26583842289365733,-0.3414655588538266,-0.2793350430989928,-0.2182945887621037,-0.23560148255032973,-0.3836389340593552,True
2026-08-02 00:00:00+00:00,0.0,0.0,0.0,0.0,0.0,0.0,0.0,0.0,-0.26583842289365733,-0.3414655588538266,-0.2793350430989928,-0.2182945887621037,-0.23560148255032973,-0.3836389340593552,True
2026-08-03 00:00:00+00:00,1.0,1.0,1.0,0.0,0.0,0.0,0.0,1.0,-0.10097340405891236,0.17507753441704213,0.6488901001181572,-0.2182945887621037,-0.23560148255032973,3.1622239704244723,True
2026-08-04 00:00:00+00:00,0.0,0.0,0.0,0.0,0.0,0.0,0.0,0.0,-0.26583842289365733,-0.3414655588538266,-0.2793350430989928,-0.2182945887621037,-0.23560148255032973,-0.3836389340593552,True
2026-08-05 00:00:00+00:00,0.0,0.0,0.0,0.0,0.0,0.0,0.0,0.0,-0.26583842289365733,-0.3414655588538266,-0.2793350430989928,-0.2182945887621037,-0.23560148255032973,-0.3836389340593552,True
2026-08-06 00:00:00+00:00,0.0,0.0,0.0,0.0,0.0,0.0,0.0,0.0,-0.26583842289365733,-0.3414655588538266,-0.2793350430989928,-0.2182945887621037,-0.23560148255032973,-0.3836389340593552,True
2026-08-07 00:00:00+00:00,1.0,1.0,0.0,88.0,0.0,0.0,0.0,0.0,-0.10097340405891236,0.17507753441704213,-0.2793350430989928,0.011049411184103948,-0.23560148255032973,-0.3836389340593552,True
2026-08-08 00:00:00+00:00,0.0,0.0,0.0,0.0,0.0,0.0,0.0,0.0,-0.26583842289365733,-0.3414655588538266,-0.2793350430989928,-0.2182945887621037,-0.23560148255032973,-0.3836389340593552,True
2026-08-09 00:00:00+00:00,0.0,0.0,0.0,0.0,0.0,0.0,0.0,0.0,-0.26583842289365733,-0.3414655588538266,-0.2793350430989928,-0.2182945887621037,-0.23560148255032973,-0.3836389340593552,True
2026-08-10 00:00:00+00:00,0.0,0.0,0.0,0.0,0.0,0.0,0.0,0.0,-0.26583842289365733,-0.3414655588538266,-0.2793350430989928,-0.2182945887621037,-0.23560148255032973,-0.3836389340593552,True
2026-08-11 00:00:00+00:00,0.0,0.0,0.0,0.0,0.0,0.0,0.0,0.0,-0.26583842289365733,-0.3414655588538266,-0.2793350430989928,-0.2182945887621037,-0.23560148255032973,-0.3836389340593552,True
2026-08-12 00:00:00+00:00,0.0,0.0,0.0,0.0,0.0,0.0,0.0,0.0,-0.26583842289365733,-0.3414655588538266,-0.2793350430989928,-0.2182945887621037,-0.23560148255032973,-0.3836389340593552,True
2026-08-13 00:00:00+00:00,0.0,0.0,0.0,0.0,0.0,0.0,0.0,0.0,-0.26583842289365733,-0.3414655588538266,-0.2793350430989928,-0.2182945887621037,-0.23560148255032973,-0.3836389340593552,True
2026-08-14 00:00:00+00:00,0.0,0.0,0.0,0.0,0.0,0.0,0.0,0.0,-0.26583842289365733,-0.3414655588538266,-0.2793350430989928,-0.2182945887621037,-0.23560148255032973,-0.3836389340593552,True
2026-08-15 00:00:00+00:00,0.0,0.0,0.0,0.0,0.0,0.0,0.0,0.0,-0.26583842289365733,-0.3414655588538266,-0.2793350430989928,-0.2182945887621037,-0.23560148255032973,-0.3836389340593552,True
2026-08-16 00:00:00+00:00,2.0,1.0,0.0,37.0,0.0,0.0,0.0,0.0,0.06389161477583262,0.17507753441704213,-0.2793350430989928,-0.12186586151199368,-0.23560148255032973,-0.3836389340593552,True
2026-08-17 00:00:00+00:00,0.0,0.0,0.0,0.0,0.0,0.0,0.0,0.0,-0.26583842289365733,-0.3414655588538266,-0.2793350430989928,-0.2182945887621037,-0.23560148255032973,-0.3836389340593552,True
2026-08-18 00:00:00+00:00,0.0,0.0,0.0,0.0,0.0,0.0,0.0,0.0,-0.26583842289365733,-0.3414655588538266,-0.2793350430989928,-0.2182945887621037,-0.23560148255032973,-0.3836389340593552,True
2026-08-19 00:00:00+00:00,0.0,0.0,0.0,0.0,0.0,0.0,0.0,0.0,-0.26583842289365733,-0.3414655588538266,-0.2793350430989928,-0.2182945887621037,-0.23560148255032973,-0.3836389340593552,True
2026-08-20 00:00:00+00:00,0.0,0.0,0.0,0.0,0.0,0.0,0.0,0.0,-0.26583842289365733,-0.3414655588538266,-0.2793350430989928,-0.2182945887621037,-0.23560148255032973,-0.3836389340593552,True
2026-08-21 00:00:00+00:00,0.0,0.0,0.0,0.0,0.0,0.0,0.0,0.0,-0.26583842289365733,-0.3414655588538266,-0.2793350430989928,-0.2182945887621037,-0.23560148255032973,-0.3836389340593552,True
2026-08-22 00:00:00+00:00,0.0,0.0,0.0,0.0,0.0,0.0,0.0,0.0,-0.26583842289365733,-0.3414655588538266,-0.2793350430989928,-0.2182945887621037,-0.23560148255032973,-0.3836389340593552,True
2026-08-23 00:00:00+00:00,1.0,1.0,1.0,0.0,0.0,0.0,0.0,1.0,-0.10097340405891236,0.17507753441704213,0.6488901001181572,-0.2182945887621037,-0.23560148255032973,3.1622239704244723,True
2026-08-24 00:00:00+00:00,0.0,0.0,0.0,0.0,0.0,0.0,0.0,0.0,-0.26583842289365733,-0.3414655588538266,-0.2793350430989928,-0.2182945887621037,-0.23560148255032973,-0.3836389340593552,True
2026-08-25 00:00:00+00:00,0.0,0.0,0.0,0.0,0.0,0.0,0.0,0.0,-0.26583842289365733,-0.3414655588538266,-0.2793350430989928,-0.2182945887621037,-0.23560148255032973,-0.3836389340593552,True
2026-08-26 00:00:00+00:00,0.0,0.0,0.0,0.0,0.0,0.0,0.0,0.0,-0.26583842289365733,-0.3414655588538266,-0.2793350430989928,-0.2182945887621037,-0.23560148255032973,-0.3836389340593552,True
2026-08-27 00:00:00+00:00,0.0,0.0,0.0,0.0,0.0,0.0,0.0,0.0,-0.26583842289365733,-0.3414655588538266,-0.2793350430989928,-0.2182945887621037,-0.23560148255032973,-0.3836389340593552,True
2026-08-28 00:00:00+00:00,0.0,0.0,0.0,0.0,0.0,0.0,0.0,0.0,-0.26583842289365733,-0.3414655588538266,-0.2793350430989928,-0.2182945887621037,-0.23560148255032973,-0.3836389340593552,True
2026-08-29 00:00:00+00:00,0.0,0.0,0.0,0.0,0.0,0.0,0.0,0.0,-0.26583842289365733,-0.3414655588538266,-0.2793350430989928,-0.2182945887621037,-0.23560148255032973,-0.3836389340593552,True
2026-08-30 00:00:00+00:00,0.0,0.0,0.0,0.0,0.0,0.0,0.0,0.0,-0.26583842289365733,-0.3414655588538266,-0.2793350430989928,-0.2182945887621037,-0.23560148255032973,-0.3836389340593552,True
2026-08-31 00:00:00+00:00,0.0,0.0,0.0,0.0,0.0,0.0,0.0,0.0,-0.26583842289365733,-0.3414655588538266,-0.2793350430989928,-0.2182945887621037,-0.23560148255032973,-0.3836389340593552,True
2026-09-01 00:00:00+00:00,2.0,1.0,1.0,0.0,0.5,0.0,0.0,1.0,0.06389161477583262,0.17507753441704213,0.6488901001181572,-0.2182945887621037,3.530700445147634,3.1622239704244723,True
2026-09-02 00:00:00+00:00,0.0,0.0,0.0,0.0,0.0,0.0,0.0,0.0,-0.26583842289365733,-0.3414655588538266,-0.2793350430989928,-0.2182945887621037,-0.23560148255032973,-0.3836389340593552,True
2026-09-03 00:00:00+00:00,0.0,0.0,0.0,0.0,0.0,0.0,0.0,0.0,-0.26583842289365733,-0.3414655588538266,-0.2793350430989928,-0.2182945887621037,-0.23560148255032973,-0.3836389340593552,True
2026-09-04 00:00:00+00:00,0.0,0.0,0.0,0.0,0.0,0.0,0.0,0.0,-0.26583842289365733,-0.3414655588538266,-0.2793350430989928,-0.2182945887621037,-0.23560148255032973,-0.3836389340593552,True
2026-09-05 00:00:00+00:00,0.0,0.0,0.0,0.0,0.0,0.0,0.0,0.0,-0.26583842289365733,-0.3414655588538266,-0.2793350430989928,-0.2182945887621037,-0.23560148255032973,-0.3836389340593552,True
2026-09-06 00:00:00+00:00,0.0,0.0,0.0,0.0,0.0,0.0,0.0,0.0,-0.26583842289365733,-0.3414655588538266,-0.2793350430989928,-0.2182945887621037,-0.23560148255032973,-0.3836389340593552,True
2026-09-07 00:00:00+00:00,0.0,0.0,0.0,0.0,0.0,0.0,0.0,0.0,-0.26583842289365733,-0.3414655588538266,-0.2793350430989928,-0.2182945887621037,-0.23560148255032973,-0.3836389340593552,True
2026-09-08 00:00:00+00:00,0.0,0.0,0.0,0.0,0.0,0.0,0.0,0.0,-0.26583842289365733,-0.3414655588538266,-0.2793350430989928,-0.2182945887621037,-0.23560148255032973,-0.3836389340593552,True
2026-09-09 00:00:00+00:00,0.0,0.0,0.0,0.0,0.0,0.0,0.0,0.0,-0.26583842289365733,-0.3414655588538266,-0.2793350430989928,-0.2182945887621037,-0.23560148255032973,-0.3836389340593552,True
2026-09-10 00:00:00+00:00,0.0,0.0,0.0,0.0,0.0,0.0,0.0,0.0,-0.26583842289365733,-0.3414655588538266,-0.2793350430989928,-0.2182945887621037,-0.23560148255032973,-0.3836389340593552,True
2026-09-11 00:00:00+00:00,0.0,0.0,0.0,0.0,0.0,0.0,0.0,0.0,-0.26583842289365733,-0.3414655588538266,-0.2793350430989928,-0.2182945887621037,-0.23560148255032973,-0.3836389340593552,True
2026-09-12 00:00:00+00:00,2.0,2.0,2.0,5.0,0.5,0.0,0.0,1.0,0.06389161477583262,0.6916206276879109,1.5771152433353073,-0.205263679674251,3.530700445147634,3.1622239704244723,True
