timestamp,edits_count,unique_editors,new_editors,mean_edit_size,revert_rate,bot_edit_share,hidden_user_share,editor_churn,z_edits_count,z_unique_editors,z_new_editors,z_mean_edit_size,z_revert_rate,z_editor_churn,is_baseline,anomaly_score,pct_edits_count,pct_revert_rate,pct_editor_churn,anomaly_score_v2
2022-04-15 00:00:00+00:00,33.0,6.0,6.0,1128.969696969697,0.0,0.0,0.0,1.0,5.174707198652927,2.757793000771386,5.290015816203908,2.7240057080684448,-0.2356014825503297,3.1622239704244723,True,2.7004432288423565,0.9919003115264797,0.9171339563862928,1.0,0.9696780893042575
2022-04-16 00:00:00+00:00,5.0,3.0,2.0,114.25,0.0,0.2,0.0,0.6666666666666666,0.5584866712800676,1.2081637209587797,1.5771152433353073,0.0794616838953306,-0.2356014825503297,1.980269668929864,True,0.7677182858865338,0.9302180685358256,0.9171339563862928,0.9202492211838006,0.922533748701973
2022-04-17 00:00:00+00:00,13.0,3.0,2.0,182.30769230769232,0.0,0.0,0.0,0.6666666666666666,1.877406821958027,1.2081637209587797,1.5771152433353073,0.2568324041334489,-0.2356014825503297,1.980269668929864,True,1.2073583361125204,0.9669781931464174,0.9171339563862928,0.9202492211838006,0.9347871235721703
2022-04-18 00:00:00+00:00,6.0,3.0,1.0,183.8333333333333,0.0,0.0,0.0,0.3333333333333333,0.7233516901148125,1.2081637209587797,0.6488901001181572,0.2608085020346141,-0.2356014825503297,0.798315367435254,True,0.4286885249999122,0.9383177570093458,0.9171339563862928,0.8728971962616823,0.9094496365524402
2022-04-19 00:00:00+00:00,6.0,3.0,2.0,648.0,0.0,0.0,0.0,0.6666666666666666,0.7233516901148125,1.2081637209587797,1.5771152433353073,1.470511229023607,-0.2356014825503297,1.980269668929864,True,0.8226732921647821,0.9383177570093458,0.9171339563862928,0.9202492211838006,0.9252336448598131
2022-04-20 00:00:00+00:00,10.0,5.0,4.0,438.9,0.0,0.0,0.0,0.8,1.3828117654537924,2.241249907500517,3.4335655297696075,0.9255586109696068,-0.2356014825503297,2.453051389527707,True,1.2000872241437233,0.9582554517133957,0.9171339563862928,0.9264797507788162,0.9339563862928348
2022-04-21 00:00:00+00:00,36.0,7.0,5.0,226.3333333333333,0.0,0.0,0.0,0.7142857142857143,5.669302255157161,3.274336094042255,4.361790672986758,0.3715712292813621,-0.2356014825503297,2.149120283429093,True,2.527607018678642,0.9931464174454828,0.9171339563862928,0.9214953271028037,0.9439252336448597
2022-04-22 00:00:00+00:00,33.0,21.0,17.0,488.1212121212121,0.1515151515151515,0.0,0.0,0.8095238095238095,5.174707198652927,10.505939399834418,15.500492391592555,1.0538380390386928,0.9057021319035984,2.486821512427553,True,2.8557436143280257,0.9919003115264797,0.9414330218068536,0.9271028037383178,0.9534787123572169
2022-04-23 00:00:00+00:00,7.0,6.0,5.0,10.142857142857142,0.0,0.0,0.0,0.8333333333333334,0.8882167089495575,2.757793000771386,4.361790672986758,-0.1918604588981739,-0.2356014825503297,2.5712468196771683,True,1.0746206820254651,0.9451713395638629,0.9171339563862928,0.9277258566978193,0.9300103842159917
2022-04-24 00:00:00+00:00,5.0,4.0,1.0,198.0,0.0,0.0,0.0,0.25,0.5584866712800676,1.7247068142296484,0.6488901001181572,0.2977294111168635,-0.2356014825503297,0.5028267920616017,True,0.2752373269304465,0.9302180685358256,0.9171339563862928,0.8635514018691589,0.9036344755970925
2022-04-25 00:00:00+00:00,12.0,11.0,5.0,319.0,0.0833333333333333,0.0,0.0,0.4545454545454545,1.7125418031232822,5.340508467125729,4.361790672986758,0.613077411042899,0.3921155053993306,1.2281169316151117,True,1.110924746712575,0.9644859813084112,0.9314641744548287,0.8834890965732087,0.9264797507788162
2022-04-26 00:00:00+00:00,5.0,5.0,4.0,149.8,0.0,0.0,0.0,0.8,0.5584866712800676,2.241249907500517,3.4335655297696075,0.1721114475099634,-0.2356014825503297,2.453051389527707,True,0.9253121927524816,0.9302180685358256,0.9171339563862928,0.9264797507788162,0.9246105919003115
2022-04-27 00:00:00+00:00,5.0,3.0,0.0,1669.2,0.0,0.0,0.0,0.0,0.5584866712800676,1.2081637209587797,-0.2793350430989928,4.131944101126645,-0.2356014825503297,-0.3836389340593552,True,-0.0202512484432057,0.9302180685358256,0.9171339563862928,0.8504672897196262,0.8992731048805815
2022-04-28 00:00:00+00:00,16.0,8.0,3.0,637.8571428571429,0.0,0.125,0.0,0.375,2.372001878462262,3.790879187313124,2.505340386552457,1.4440770991596774,-0.2356014825503297,0.9460596551220802,True,1.027486683678004,0.9707165109034268,0.9171339563862928,0.8753894080996885,0.9210799584631361
2022-04-29 00:00:00+00:00,17.0,12.0,6.0,252.4705882352941,0.0,0.0,0.0,0.5,2.536866897297007,5.857051560396598,5.290015816203908,0.4396896677680588,-0.2356014825503297,1.3892925181825588,True,1.2301859776430788,0.9713395638629283,0.9171339563862928,0.9077881619937694,0.9320872274143301
2022-04-30 00:00:00+00:00,20.0,17.0,16.0,64.05263157894737,0.05,0.05,0.0,0.9411764705882352,3.031461953801242,8.439767026750943,14.57226724837541,-0.0513617849735063,0.1410287102194666,2.9536437995724825,True,2.0420448211977305,0.9763239875389408,0.92398753894081,0.9289719626168225,0.9430944963655244
2022-05-01 00:00:00+00:00,27.0,11.0,10.0,130.14814814814815,0.5925925925925926,0.0,0.0,0.9090909090909092,4.185517085644457,5.340508467125729,9.002916389072508,0.1208951485320771,4.2281637650917006,2.8398727972895794,True,3.751184549341912,0.9825545171339564,0.9875389408099688,0.9283489096573209,0.9661474558670821
2022-05-02 00:00:00+00:00,9.0,5.0,2.0,251.0,0.1111111111111111,0.2222222222222222,0.0,0.4,1.2179467466190474,2.241249907500517,1.5771152433353073,0.4358570474481022,0.601354501382551,1.034706227734176,True,0.9513358252452582,0.9545171339563863,0.9358255451713395,0.8797507788161993,0.9233644859813084
2022-05-03 00:00:00+00:00,8.0,6.0,3.0,1717.625,0.0,0.0,0.0,0.5,1.0530817277843023,2.757793000771386,2.505340386552457,4.258148455642498,-0.2356014825503297,1.3892925181825588,True,0.735590921138844,0.9514018691588785,0.9171339563862928,0.9077881619937694,0.9254413291796469
2022-05-04 00:00:00+00:00,5.0,3.0,2.0,263.0,0.0,0.2,0.0,0.6666666666666666,0.5584866712800676,1.2081637209587797,1.5771152433353073,0.4671312292589487,-0.2356014825503297,1.980269668929864,True,0.7677182858865338,0.9302180685358256,0.9171339563862928,0.9202492211838006,0.922533748701973
2022-05-05 00:00:00+00:00,7.0,2.0,0.0,171.28571428571428,0.0,0.0,0.0,0.0,0.8882167089495575,0.6916206276879109,-0.2793350430989928,0.2281071254189076,-0.2356014825503297,-0.3836389340593552,True,0.0896587641132908,0.9451713395638629,0.9171339563862928,0.8504672897196262,0.9042575285565939
2022-05-06 00:00:00+00:00,13.0,5.0,3.0,155.30769230769232,0.0,0.0,0.0,0.6,1.877406821958027,2.241249907500517,2.505340386552457,0.1864654950590442,-0.2356014825503297,1.7438788086309414,True,1.1285613826795462,0.9669781931464174,0.9171339563862928,0.9109034267912772,0.9316718587746625
2022-05-07 00:00:00+00:00,62.0,4.0,2.0,186.96666666666667,0.0,0.032258064516129,0.0,0.5,9.955792744860531,1.7247068142296484,1.5771152433353073,0.2689745383963352,-0.2356014825503297,1.3892925181825588,True,3.703161260164254,0.9993769470404984,0.9171339563862928,0.9077881619937694,0.9414330218068536
2022-05-08 00:00:00+00:00,29.0,5.0,1.0,235.8571428571429,0.0,0.0344827586206896,0.0,0.2,4.515247123313947,2.241249907500517,0.6488901001181572,0.3963920084963198,-0.2356014825503297,0.3255336468374104,True,1.535059762533676,0.9875389408099688,0.9171339563862928,0.8579439252336448,0.9208722741433021
2022-05-09 00:00:00+00:00,8.0,4.0,1.0,45.42857142857143,0.0,0.125,0.0,0.25,1.0530817277843023,1.7247068142296484,0.6488901001181572,-0.0998994719067562,-0.2356014825503297,0.5028267920616017,True,0.4401023457651914,0.9514018691588785,0.9171339563862928,0.8635514018691589,0.9106957424714435
2022-05-10 00:00:00+00:00,14.0,6.0,1.0,945.1428571428572,0.0,0.0,0.0,0.1666666666666666,2.042271840792772,2.757793000771386,0.6488901001181572,2.244919540530282,-0.2356014825503297,0.2073382166879492,True,0.6713361916434638,0.9682242990654205,0.9171339563862928,0.8542056074766355,0.9131879543094495
2022-05-11 00:00:00+00:00,49.0,8.0,3.0,522.2448979591836,0.0612244897959183,0.0,0.0,0.375,7.812547500008846,3.790879187313124,2.505340386552457,1.142770568618103,0.225578345331053,0.9460596551220802,True,2.994728500153993,0.9975077881619938,0.9252336448598131,0.8753894080996885,0.9327102803738319
2022-05-12 00:00:00+00:00,26.0,8.0,1.0,330.34615384615387,0.0384615384615384,0.0,0.0,0.125,4.020652066809712,3.790879187313124,0.6488901001181572,0.6426475508961034,0.0541140503495131,0.0595939290011233,True,1.3781200153867827,0.9813084112149533,0.9214953271028037,0.8523364485981308,0.918380062305296
2022-05-13 00:00:00+00:00,19.0,8.0,3.0,234.52631578947367,0.0526315789473684,0.0,0.0,0.375,2.866596934966497,3.790879187313124,2.505340386552457,0.3929236311902295,0.1608513519441926,0.9460596551220802,True,1.3245026473442565,0.9757009345794393,0.9246105919003115,0.8753894080996885,0.9252336448598131
2022-05-14 00:00:00+00:00,6.0,2.0,1.0,73.0,0.0,0.0,0.0,0.5,0.7233516901148125,0.6916206276879109,0.6488901001181572,-0.0280433160794541,-0.2356014825503297,1.3892925181825588,True,0.6256809085823473,0.9383177570093458,0.9171339563862928,0.9077881619937694,0.9210799584631361
2022-05-15 00:00:00+00:00,12.0,3.0,0.0,180.08333333333334,0.0,0.0,0.0,0.0,1.7125418031232822,1.2081637209587797,-0.2793350430989928,0.2510353202187246,-0.2356014825503297,-0.3836389340593552,True,0.3644337955045325,0.9644859813084112,0.9171339563862928,0.8504672897196262,0.9106957424714434
2022-05-16 00:00:00+00:00,29.0,9.0,3.0,322.0357142857143,0.0,0.0344827586206896,0.0,0.3333333333333333,4.515247123313947,4.307422280583992,2.505340386552457,0.6209890344176667,-0.2356014825503297,0.798315367435254,True,1.692653669399624,0.9875389408099688,0.9171339563862928,0.8728971962616823,0.9258566978193147
2022-05-17 00:00:00+00:00,22.0,8.0,4.0,112.27272727272728,0.0454545454545454,0.0,0.0,0.5,3.361191991470732,3.790879187313124,3.4335655297696075,0.0743085516651343,0.1067896017858483,1.3892925181825588,True,1.619091370479713,0.9775700934579439,0.9233644859813084,0.9077881619937694,0.9362409138110072
2022-05-18 00:00:00+00:00,16.0,9.0,3.0,546.0,0.0,0.0,0.0,0.3333333333333333,2.372001878462262,4.307422280583992,2.505340386552457,1.204680683631412,-0.2356014825503297,0.798315367435254,True,0.9782385877823954,0.9707165109034268,0.9171339563862928,0.8728971962616823,0.9202492211838006
2022-05-19 00:00:00+00:00,18.0,10.0,7.0,432.52941176470586,0.0,0.0555555555555555,0.0,0.7,2.701731916131752,4.82396537385486,6.218240959421058,0.9089556997435544,-0.2356014825503297,2.098465099079324,True,1.5215318442202488,0.9738317757009346,0.9171339563862928,0.9208722741433022,0.9372793354101766
2022-05-20 00:00:00+00:00,8.0,4.0,0.0,1005.75,0.0,0.0,0.0,0.0,1.0530817277843023,1.7247068142296484,-0.2793350430989928,2.4028727742594684,-0.2356014825503297,-0.3836389340593552,True,0.1446137703915391,0.9514018691588785,0.9171339563862928,0.8504672897196262,0.9063343717549325
2022-05-21 00:00:00+00:00,29.0,9.0,3.0,117.03448275862068,0.0,0.0,0.0,0.3333333333333333,4.515247123313947,4.307422280583992,2.505340386552457,0.0867185522321865,-0.2356014825503297,0.798315367435254,True,1.692653669399624,0.9875389408099688,0.9171339563862928,0.8728971962616823,0.9258566978193147
2022-05-22 00:00:00+00:00,8.0,5.0,3.0,419.875,0.0,0.0,0.0,0.6,1.0530817277843023,2.241249907500517,2.505340386552457,0.8759760018903273,-0.2356014825503297,1.7438788086309414,True,0.8537863512883046,0.9514018691588785,0.9171339563862928,0.9109034267912772,0.9264797507788162
2022-05-23 00:00:00+00:00,9.0,7.0,4.0,137.11111111111111,0.0,0.0,0.0,0.5714285714285714,1.2179467466190474,3.274336094042255,3.4335655297696075,0.1390418960025683,-0.2356014825503297,1.6425684399314036,True,0.8749712346667072,0.9545171339563863,0.9171339563862928,0.908411214953271,0.9266874350986501
2022-05-24 00:00:00+00:00,12.0,5.0,3.0,245.75,0.0,0.0,0.0,0.6,1.7125418031232822,2.241249907500517,2.505340386552457,0.4221745929058568,-0.2356014825503297,1.7438788086309414,True,1.073606376401298,0.9644859813084112,0.9171339563862928,0.9109034267912772,0.930841121495327
2022-05-25 00:00:00+00:00,28.0,10.0,4.0,541.0714285714286,0.0,0.0,0.0,0.4,4.350382104479202,4.82396537385486,3.4335655297696075,1.191835930387671,-0.2356014825503297,1.034706227734176,True,1.7164956165543497,0.9844236760124611,0.9171339563862928,0.8797507788161993,0.9271028037383177
2022-05-26 00:00:00+00:00,15.0,8.0,4.0,197.66666666666663,0.0,0.0,0.0,0.5,2.207136859627517,3.790879187313124,3.4335655297696075,0.2968606838443399,-0.2356014825503297,1.3892925181825588,True,1.120275965086582,0.9688473520249221,0.9171339563862928,0.9077881619937694,0.9312564901349948
2022-05-27 00:00:00+00:00,9.0,5.0,2.0,124.0,0.0,0.1111111111111111,0.0,0.4,1.2179467466190474,2.241249907500517,1.5771152433353073,0.1048719566166434,-0.2356014825503297,1.034706227734176,True,0.6723504972676313,0.9545171339563863,0.9171339563862928,0.8797507788161993,0.9171339563862929
2022-05-28 00:00:00+00:00,18.0,5.0,2.0,487.5,0.0,0.0,0.0,0.4,2.701731916131752,2.241249907500517,1.5771152433353073,1.052219047303535,-0.2356014825503297,1.034706227734176,True,1.166945553771866,0.9738317757009346,0.9171339563862928,0.8797507788161993,0.9235721703011421
2022-05-29 00:00:00+00:00,25.0,14.0,7.0,1327.625,0.0,0.04,0.0,0.5,3.855787047974967,6.890137746938335,6.218240959421058,3.2417375467899867,-0.2356014825503297,1.3892925181825588,False,1.669826027869065,0.9794392523364486,0.9171339563862928,0.9077881619937694,0.9347871235721703
2022-05-30 00:00:00+00:00,17.0,9.0,3.0,158.375,0.0,0.0588235294117647,0.0,0.3333333333333333,2.536866897297007,4.307422280583992,2.505340386552457,0.1944594565956308,-0.2356014825503297,0.798315367435254,False,1.0331935940606438,0.9713395638629283,0.9171339563862928,0.8728971962616823,0.9204569055036345
2022-05-31 00:00:00+00:00,9.0,9.0,6.0,80.75,0.0,0.1111111111111111,0.0,0.6666666666666666,1.2179467466190474,4.307422280583992,5.290015816203908,-0.0078454069932824,-0.2356014825503297,1.980269668929864,False,0.9875383109995272,0.9545171339563863,0.9171339563862928,0.9202492211838006,0.9306334371754933
2022-06-01 00:00:00+00:00,118.0,40.0,28.0,2518.846153846154,0.0508474576271186,0.0084745762711864,0.0,0.7,19.18823379960625,20.320258171980925,25.71096896698121,6.346276458649233,0.1474122728087848,2.098465099079324,False,7.144703723831454,1.0,0.92398753894081,0.9208722741433022,0.9482866043613708
2022-06-02 00:00:00+00:00,122.0,34.0,18.0,3679.0420168067226,0.0081967213114754,0.0245901639344262,0.0,0.5294117647058824,19.847693874945232,17.220999612355712,16.428717534809707,9.36995782151763,-0.1738588279979041,1.4935826036085538,False,7.055805883518628,1.0,0.9171339563862928,0.9077881619937694,0.9416407061266874
2022-06-03 00:00:00+00:00,41.0,18.0,9.0,108.7948717948718,0.0,0.048780487804878,0.0,0.5,6.493627349330887,8.956310120021811,8.074691245855359,0.0652446279546093,-0.2356014825503297,1.3892925181825588,False,2.5491061283210388,0.9950155763239875,0.9171339563862928,0.9077881619937694,0.9399792315680165
2022-06-04 00:00:00+00:00,73.0,9.0,4.0,273.9718309859155,0.0,0.0273972602739726,0.0,0.4444444444444444,11.769307952042729,4.307422280583992,3.4335655297696075,0.4957258156798988,-0.2356014825503297,1.192300134600124,False,4.242002201364175,0.9993769470404984,0.9171339563862928,0.8822429906542056,0.9329179646936656
2022-06-05 00:00:00+00:00,59.0,22.0,14.0,124.03508771929825,0.0677966101694915,0.0338983050847457,0.0338983050847457,0.6363636363636364,9.461197688356297,11.022482493105286,12.715816961941108,0.1049634015926985,0.2750835245951566,1.872819277884899,True,3.8697001636121175,0.9981308411214953,0.9283489096573209,0.9121495327102803,0.9462097611630321
2022-06-06 00:00:00+00:00,78.0,14.0,6.0,239.6794871794872,0.0128205128205128,0.0,0.0,0.4285714285714285,12.593633046216452,6.890137746938335,5.290015816203908,0.4063537327697076,-0.1390296382503821,1.1360165964337137,True,4.530206668133261,1.0,0.9177570093457944,0.8809968847352025,0.9329179646936656
2022-06-07 00:00:00+00:00,46.0,8.0,1.0,277.02222222222224,0.0217391304347826,0.0217391304347826,0.0,0.125,7.317952443504612,3.790879187313124,0.6488901001181572,0.503675689856438,-0.0718492248243313,0.0595939290011233,True,2.4352323825604683,0.9962616822429906,0.9183800623052959,0.8523364485981308,0.9223260643821392
2022-06-08 00:00:00+00:00,62.0,16.0,8.0,285.08474576271186,0.032258064516129,0.0483870967741935,0.0,0.5,9.955792744860531,7.923223933480073,7.146466102638208,0.5246880921113964,0.0073857385914741,1.3892925181825588,True,3.784157000544855,0.9993769470404984,0.9196261682242991,0.9077881619937694,0.942263759086189
2022-06-09 00:00:00+00:00,27.0,9.0,4.0,366.14814814814815,0.037037037037037,0.0,0.0,0.4444444444444444,4.185517085644457,4.307422280583992,3.4335655297696075,0.7359540574787249,0.0433838454272969,1.192300134600124,True,1.807067021890626,0.9825545171339564,0.9208722741433022,0.8822429906542056,0.9285565939771546
2022-06-10 00:00:00+00:00,26.0,8.0,5.0,259.53846153846155,0.0,0.0,0.0,0.625,4.020652066809712,3.790879187313124,4.361790672986758,0.4581098306596661,-0.2356014825503297,1.832525381243037,True,1.87252532183414,0.9813084112149533,0.9171339563862928,0.9115264797507788,0.936656282450675
2022-06-11 00:00:00+00:00,35.0,12.0,2.0,757.875,0.1142857142857142,0.0857142857142857,0.0,0.1666666666666666,5.504437236322417,5.857051560396598,1.5771152433353073,1.7568654562291703,0.6252675294949185,0.2073382166879492,True,2.112347660835095,0.9925233644859813,0.9364485981308411,0.8542056074766355,0.9277258566978194
2022-06-12 00:00:00+00:00,28.0,9.0,4.0,347.5357142857143,0.1428571428571428,0.0,0.0,0.4444444444444444,4.350382104479202,4.307422280583992,3.4335655297696075,0.6874466707657156,0.8404847825062308,1.192300134600124,True,2.127722340528519,0.9844236760124611,0.940809968847352,0.8822429906542056,0.9358255451713395
2022-06-13 00:00:00+00:00,26.0,9.0,2.0,3717.538461538461,0.2307692307692307,0.0,0.0,0.2222222222222222,4.020652066809712,4.307422280583992,1.5771152433353073,9.470286555818596,1.5026917148487298,0.4043306002703843,True,1.975891460642942,0.9813084112149533,0.9476635514018692,0.8585669781931464,0.9291796469366563
2022-06-14 00:00:00+00:00,37.0,11.0,2.0,3373.542857142857,0.081081081081081,0.054054054054054,0.0,0.1818181818181818,5.834167273991906,5.340508467125729,1.5771152433353073,8.573771466318584,0.3751501814006908,0.2610634122104316,True,2.1567936225343427,0.994392523364486,0.9302180685358256,0.854828660436137,0.9264797507788162
2022-06-15 00:00:00+00:00,30.0,15.0,6.0,353.56666666666666,0.0666666666666666,0.0,0.0,0.4,4.680112142148692,7.406680840209204,5.290015816203908,0.7031644292035875,0.2665721078093982,1.034706227734176,True,1.993796825897422,0.9881619937694704,0.9277258566978193,0.8797507788161993,0.9318795430944963
2022-06-16 00:00:00+00:00,49.0,16.0,5.0,1973.5208333333333,0.1020408163265306,0.0204081632653061,0.0,0.3125,7.812547500008846,7.923223933480073,4.361790672986758,4.925059523667893,0.5330315639186424,0.724443223591841,True,3.023340762506443,0.9975077881619938,0.9345794392523364,0.8641744548286604,0.9320872274143301
2022-06-17 00:00:00+00:00,42.0,10.0,4.0,210.73809523809524,0.1428571428571428,0.0,0.0,0.4,6.658492368165631,4.82396537385486,3.4335655297696075,0.3309272033168692,0.8404847825062308,1.034706227734176,True,2.844561126135346,0.9956386292834891,0.940809968847352,0.8797507788161993,0.9387331256490136
2022-06-18 00:00:00+00:00,29.0,12.0,5.0,1231.4642857142858,0.2413793103448276,0.0344827586206896,0.0,0.4166666666666667,4.515247123313947,5.857051560396598,4.361790672986758,2.9911252416539624,1.5826132411659286,1.0938039428089066,True,2.397221435762928,0.9875389408099688,0.9482866043613707,0.8803738317757009,0.9387331256490135
2022-06-19 00:00:00+00:00,25.0,4.0,1.0,294.32,0.04,0.0,0.0,0.25,3.855787047974967,1.7247068142296484,0.6488901001181572,0.548756843785258,0.0657026716655073,0.5028267920616017,True,1.4747721705673584,0.9794392523364486,0.9221183800623053,0.8635514018691589,0.9217030114226376
2022-06-20 00:00:00+00:00,28.0,11.0,1.0,525.3333333333334,0.0357142857142857,0.0357142857142857,0.0,0.0909090909090909,4.350382104479202,5.340508467125729,0.6488901001181572,1.150819592734954,0.0334200837138104,-0.0612877609244617,True,1.4408381424228505,0.9844236760124611,0.9202492211838006,0.8510903426791278,0.9185877466251298
2022-06-21 00:00:00+00:00,14.0,8.0,0.0,1885.142857142857,0.2857142857142857,0.0,0.0,0.0,2.042271840792772,3.790879187313124,-0.2793350430989928,4.694730449046592,1.916571047562792,-0.3836389340593552,True,1.1917346514320697,0.9682242990654205,0.9570093457943926,0.8504672897196262,0.9252336448598131
2022-06-22 00:00:00+00:00,32.0,8.0,3.0,446.64516129032256,0.0625,0.03125,0.0,0.375,5.009842179818182,3.790879187313124,2.505340386552457,0.9457439094985968,0.2351862584119157,0.9460596551220802,True,2.0636960311173924,0.9906542056074766,0.9264797507788162,0.8753894080996885,0.930841121495327
2022-06-23 00:00:00+00:00,7.0,4.0,1.0,97.14285714285714,0.1428571428571428,0.0,0.0,0.25,0.8882167089495575,1.7247068142296484,0.6488901001181572,0.0348773592304631,0.8404847825062308,0.5028267920616017,True,0.7438427611724633,0.9451713395638629,0.940809968847352,0.8635514018691589,0.9165109034267913
2022-06-24 00:00:00+00:00,7.0,5.0,0.0,1223.2857142857142,0.2857142857142857,0.0,0.0,0.0,0.8882167089495575,2.241249907500517,-0.2793350430989928,2.9698103975031174,1.916571047562792,-0.3836389340593552,True,0.8070496074843314,0.9451713395638629,0.9570093457943926,0.8504672897196262,0.9175493250259605
2022-06-25 00:00:00+00:00,5.0,5.0,1.0,1694.3333333333333,0.2,0.4,0.0,0.2,0.5584866712800676,2.241249907500517,0.6488901001181572,4.197446137474917,1.2709192885288558,0.3255336468374104,True,0.7183132022154446,0.9302180685358256,0.946417445482866,0.8579439252336448,0.9115264797507788
2022-06-26 00:00:00+00:00,11.0,4.0,2.0,132.9090909090909,0.0909090909090909,0.0,0.0,0.5,1.5476767842885373,1.7247068142296484,1.5771152433353073,0.1280906673549991,0.4491806861220272,1.3892925181825588,True,1.1287166628643746,0.9607476635514018,0.9333333333333333,0.9077881619937694,0.9339563862928348
2022-06-27 00:00:00+00:00,11.0,4.0,1.0,433.8181818181818,0.2727272727272727,0.0,0.0,0.25,1.5476767842885373,1.7247068142296484,0.6488901001181572,0.9123144688239532,1.818745023466741,0.5028267920616017,True,1.2897495332722937,0.9607476635514018,0.9532710280373832,0.8635514018691589,0.9258566978193147
2022-06-28 00:00:00+00:00,10.0,4.0,0.0,166.0,0.0,0.0,0.0,0.0,1.3828117654537924,1.7247068142296484,-0.2793350430989928,0.2143315929546062,-0.2356014825503297,-0.3836389340593552,True,0.2545237829480358,0.9582554517133957,0.9171339563862928,0.8504672897196262,0.9086188992731049
2022-06-29 00:00:00+00:00,41.0,11.0,5.0,285.7,0.073170731707317,0.024390243902439,0.0,0.4545454545454545,6.493627349330887,5.340508467125729,4.361790672986758,0.5262915565178,0.3155646532103473,1.2281169316151117,True,2.679102978052116,0.9950155763239875,0.9289719626168225,0.8834890965732087,0.9358255451713395
2022-06-30 00:00:00+00:00,25.0,6.0,0.0,65.68,0.12,0.0,0.0,0.0,3.855787047974967,2.757793000771386,-0.2793350430989928,-0.0471205669840705,0.6683109800971815,-0.3836389340593552,True,1.3801530313375976,0.9794392523364486,0.9370716510903426,0.8504672897196262,0.9223260643821392
2022-07-01 00:00:00+00:00,6.0,4.0,0.0,86.0,0.0,0.0,0.0,0.0,0.7233516901148125,1.7247068142296484,-0.2793350430989928,0.0058370475489628,-0.2356014825503297,-0.3836389340593552,True,0.0347037578350425,0.9383177570093458,0.9171339563862928,0.8504672897196262,0.9019730010384216
2022-07-02 00:00:00+00:00,4.0,2.0,0.0,26.0,0.0,0.0,0.0,0.0,0.3936216524453225,0.6916206276879109,-0.2793350430989928,-0.1505338615052696,-0.2356014825503297,-0.3836389340593552,True,-0.0752062547214541,0.9227414330218069,0.9171339563862928,0.8504672897196262,0.8967808930425752
2022-07-03 00:00:00+00:00,8.0,5.0,1.0,194.875,0.125,0.0,0.0,0.2,1.0530817277843023,2.241249907500517,0.6488901001181572,0.2895850929369555,0.7059739993741612,0.3255336468374104,True,0.6948631246652912,0.9514018691588785,0.9383177570093458,0.8579439252336448,0.9158878504672897
2022-07-04 00:00:00+00:00,4.0,3.0,0.0,527.25,0.25,0.0,0.0,0.0,0.3936216524453225,1.2081637209587797,-0.2793350430989928,1.1558147745519642,1.647549481298652,-0.3836389340593552,True,0.5525107332282064,0.9227414330218069,0.9526479750778816,0.8504672897196262,0.9086188992731049
2022-07-05 00:00:00+00:00,23.0,6.0,3.0,394.0434782608696,0.0869565217391304,0.0,0.0,0.5,3.526057010305477,2.757793000771386,2.505340386552457,0.8086543596136275,0.4194075483536637,1.3892925181825588,True,1.778252358947233,0.9781931464174455,0.9320872274143303,0.9077881619937694,0.9393561786085151
2022-07-06 00:00:00+00:00,6.0,5.0,4.0,207.66666666666663,0.5,0.0,0.0,0.8,0.7233516901148125,2.241249907500517,3.4335655297696075,0.3229225020200453,3.530700445147634,2.453051389527707,True,2.235701174930051,0.9383177570093458,0.9862928348909658,0.9264797507788162,0.9503634475597093
2022-07-07 00:00:00+00:00,1.0,1.0,1.0,51.0,0.0,0.0,0.0,1.0,-0.1009734040589123,0.1750775344170421,0.6488901001181572,-0.085379316066006,-0.2356014825503297,3.1622239704244723,True,0.94188302793841,0.8510903426791278,0.9171339563862928,1.0,0.9227414330218068
2022-07-08 00:00:00+00:00,3.0,2.0,0.0,910.6666666666666,0.3333333333333333,0.0,0.0,0.0,0.2287566336105776,0.6916206276879109,-0.2793350430989928,2.155068319772136,2.2752664692483124,-0.3836389340593552,True,0.7067947229331782,0.9096573208722741,0.9619937694704049,0.8504672897196262,0.9073727933541017
2022-07-09 00:00:00+00:00,8.0,6.0,4.0,255.1428571428572,0.25,0.125,0.0,0.6666666666666666,1.0530817277843023,2.757793000771386,3.4335655297696075,0.4466540864066088,1.647549481298652,1.980269668929864,True,1.560300292670939,0.9514018691588785,0.9526479750778816,0.9202492211838006,0.9414330218068536
2022-07-10 00:00:00+00:00,3.0,3.0,1.0,235.66666666666663,0.6666666666666666,0.0,0.0,0.3333333333333333,0.2287566336105776,1.2081637209587797,0.6488901001181572,0.3958955929120205,4.786134421046954,0.798315367435254,True,1.937735474030929,0.9096573208722741,0.9906542056074766,0.8728971962616823,0.9244029075804777
2022-07-11 00:00:00+00:00,1.0,1.0,0.0,0.0,0.0,1.0,0.0,0.0,-0.1009734040589123,0.1750775344170421,-0.2793350430989928,-0.2182945887621037,-0.2356014825503297,-0.3836389340593552,True,-0.240071273556199,0.8510903426791278,0.9171339563862928,0.8504672897196262,0.8728971962616822
2022-07-12 00:00:00+00:00,1.0,1.0,1.0,11.0,0.0,0.0,0.0,1.0,-0.1009734040589123,0.1750775344170421,0.6488901001181572,-0.1896265887688277,-0.2356014825503297,3.1622239704244723,True,0.94188302793841,0.8510903426791278,0.9171339563862928,1.0,0.9227414330218068
2022-07-13 00:00:00+00:00,12.0,3.0,1.0,999.5,0.1666666666666666,0.0,0.0,0.3333333333333333,1.7125418031232822,1.2081637209587797,0.6488901001181572,2.3865841378996526,1.019832493348991,0.798315367435254,True,1.1768965546358423,0.9644859813084112,0.9439252336448598,0.8728971962616823,0.9271028037383178
2022-07-14 00:00:00+00:00,10.0,1.0,0.0,2865.9,0.0,0.0,0.0,0.0,1.3828117654537924,0.1750775344170421,-0.2793350430989928,7.250761882213311,-0.2356014825503297,-0.3836389340593552,True,0.2545237829480358,0.9582554517133957,0.9171339563862928,0.8504672897196262,0.9086188992731049
2022-07-15 00:00:00+00:00,10.0,2.0,0.0,225.2,0.0,0.0,0.0,0.0,1.3828117654537924,0.6916206276879109,-0.2793350430989928,0.3686175565547822,-0.2356014825503297,-0.3836389340593552,True,0.2545237829480358,0.9582554517133957,0.9171339563862928,0.8504672897196262,0.9086188992731049
2022-07-16 00:00:00+00:00,31.0,6.0,2.0,588.4516129032259,0.064516129032258,0.0,0.0,0.3333333333333333,4.8449771609834364,2.757793000771386,1.5771152433353073,1.315317305306342,0.2503729597332779,0.798315367435254,True,1.964555162717323,0.9887850467289719,0.9271028037383178,0.8728971962616823,0.9295950155763238
2022-07-17 00:00:00+00:00,4.0,2.0,1.0,131.0,0.0,0.0,0.0,0.5,0.3936216524453225,0.6916206276879109,0.6488901001181572,0.1231152293396372,-0.2356014825503297,1.3892925181825588,True,0.5157708960258506,0.9227414330218069,0.9171339563862928,0.9077881619937694,0.9158878504672897
2022-07-18 00:00:00+00:00,10.0,2.0,0.0,146.9,0.1,0.0,0.0,0.0,1.3828117654537924,0.6916206276879109,-0.2793350430989928,0.1645535202390088,0.517658902989263,-0.3836389340593552,True,0.5056105781279001,0.9582554517133957,0.9339563862928348,0.8504672897196262,0.9142263759086188
2022-07-19 00:00:00+00:00,32.0,5.0,1.0,691.71875,0.28125,0.0,0.0,0.2,5.009842179818182,2.241249907500517,0.6488901001181572,1.5844502403605192,1.882943351779775,0.3255336468374104,True,2.406106392811789,0.9906542056074766,0.9545171339563863,0.8579439252336448,0.9343717549325027
2022-07-20 00:00:00+00:00,3.0,2.0,0.0,62.333333333333336,0.0,0.0,0.0,0.0,0.2287566336105776,0.6916206276879109,-0.2793350430989928,-0.0558425888002066,-0.2356014825503297,-0.3836389340593552,True,-0.1301612609997024,0.9096573208722741,0.9171339563862928,0.8504672897196262,0.8924195223260644
2022-07-21 00:00:00+00:00,13.0,3.0,0.0,257.84615384615387,0.1538461538461538,0.0,0.0,0.0,1.877406821958027,1.2081637209587797,-0.2793350430989928,0.453699369122239,0.9232606490490434,-0.3836389340593552,True,0.8056761789825718,0.9669781931464174,0.9420560747663551,0.8504672897196262,0.9198338525441329
2022-07-22 00:00:00+00:00,2.0,2.0,0.0,116.0,0.0,0.5,0.0,0.0,0.0638916147758326,0.6916206276879109,-0.2793350430989928,0.0840225020760791,-0.2356014825503297,-0.3836389340593552,True,-0.1851162672779507,0.8922118380062305,0.9171339563862928,0.8504672897196262,0.8866043613707165
2022-07-23 00:00:00+00:00,13.0,3.0,1.0,151.07692307692307,0.0,0.0,0.0,0.3333333333333333,1.877406821958027,1.2081637209587797,0.6488901001181572,0.1754393412154765,-0.2356014825503297,0.798315367435254,True,0.8133735689476506,0.9669781931464174,0.9171339563862928,0.8728971962616823,0.9190031152647974
2022-07-24 00:00:00+00:00,9.0,3.0,0.0,167.0,0.1111111111111111,0.0,0.0,0.0,1.2179467466190474,1.2081637209587797,-0.2793350430989928,0.2169377747721767,0.601354501382551,-0.3836389340593552,True,0.4785541046474144,0.9545171339563863,0.9358255451713395,0.8504672897196262,0.9136033229491174
2022-07-25 00:00:00+00:00,10.0,6.0,2.0,268.9,0.4,0.0,0.0,0.3333333333333333,1.3828117654537924,2.757793000771386,1.5771152433353073,0.4825077019826148,2.777440059608041,0.798315367435254,True,1.6528557308323626,0.9582554517133957,0.9638629283489096,0.8728971962616823,0.9316718587746626
2022-07-26 00:00:00+00:00,1.0,1.0,1.0,513.0,0.0,0.0,0.0,1.0,-0.1009734040589123,0.1750775344170421,0.6488901001181572,1.118676683651584,-0.2356014825503297,3.1622239704244723,True,0.94188302793841,0.8510903426791278,0.9171339563862928,1.0,0.9227414330218068
2022-07-27 00:00:00+00:00,18.0,7.0,1.0,535.8235294117648,0.2777777777777778,0.0555555555555555,0.0,0.1428571428571428,2.701731916131752,3.274336094042255,0.6488901001181572,1.1781589510173118,1.8567884772818724,0.1229129094383342,True,1.5604777676173194,0.9738317757009346,0.9538940809968848,0.8529595015576324,0.926895119418484
2022-07-28 00:00:00+00:00,1.0,1.0,0.0,7.0,0.0,0.0,0.0,0.0,-0.1009734040589123,0.1750775344170421,-0.2793350430989928,-0.2000513160391099,-0.2356014825503297,-0.3836389340593552,True,-0.240071273556199,0.8510903426791278,0.9171339563862928,0.8504672897196262,0.8728971962616822
2022-07-29 00:00:00+00:00,0.0,0.0,0.0,0.0,0.0,0.0,0.0,0.0,-0.2658384228936573,-0.3414655588538266,-0.2793350430989928,-0.2182945887621037,-0.2356014825503297,-0.3836389340593552,True,-0.2950262798344474,0.7707165109034267,0.9171339563862928,0.8504672897196262,0.8461059190031152
2022-07-30 00:00:00+00:00,1.0,1.0,1.0,19.0,0.0,0.0,0.0,1.0,-0.1009734040589123,0.1750775344170421,0.6488901001181572,-0.1687771342282634,-0.2356014825503297,3.1622239704244723,True,0.94188302793841,0.8510903426791278,0.9171339563862928,1.0,0.9227414330218068
2022-07-31 00:00:00+00:00,0.0,0.0,0.0,0.0,0.0,0.0,0.0,0.0,-0.2658384228936573,-0.3414655588538266,-0.2793350430989928,-0.2182945887621037,-0.2356014825503297,-0.3836389340593552,True,-0.2950262798344474,0.7707165109034267,0.9171339563862928,0.8504672897196262,0.8461059190031152
2022-08-01 00:00:00+00:00,0.0,0.0,0.0,0.0,0.0,0.0,0.0,0.0,-0.2658384228936573,-0.3414655588538266,-0.2793350430989928,-0.2182945887621037,-0.2356014825503297,-0.3836389340593552,True,-0.2950262798344474,0.7707165109034267,0.9171339563862928,0.8504672897196262,0.8461059190031152
2022-08-02 00:00:00+00:00,0.0,0.0,0.0,0.0,0.0,0.0,0.0,0.0,-0.2658384228936573,-0.3414655588538266,-0.2793350430989928,-0.2182945887621037,-0.2356014825503297,-0.3836389340593552,True,-0.2950262798344474,0.7707165109034267,0.9171339563862928,0.8504672897196262,0.8461059190031152
2022-08-03 00:00:00+00:00,1.0,1.0,1.0,22.0,0.0,0.0,0.0,1.0,-0.1009734040589123,0.1750775344170421,0.6488901001181572,-0.1609585887755518,-0.2356014825503297,3.1622239704244723,True,0.94188302793841,0.8510903426791278,0.9171339563862928,1.0,0.9227414330218068
2022-08-04 00:00:00+00:00,4.0,1.0,0.0,31.25,0.0,0.0,0.0,0.0,0.3936216524453225,0.1750775344170421,-0.2793350430989928,-0.1368514069630242,-0.2356014825503297,-0.3836389340593552,True,-0.0752062547214541,0.9227414330218069,0.9171339563862928,0.8504672897196262,0.8967808930425752
2022-08-05 00:00:00+00:00,3.0,1.0,0.0,2263.6666666666665,0.6666666666666666,0.0,0.0,0.0,0.2287566336105776,0.1750775344170421,-0.2793350430989928,5.681232318945078,4.786134421046954,-0.3836389340593552,True,1.543750706866059,0.9096573208722741,0.9906542056074766,0.8504672897196262,0.9169262720664589
2022-08-06 00:00:00+00:00,0.0,0.0,0.0,0.0,0.0,0.0,0.0,0.0,-0.2658384228936573,-0.3414655588538266,-0.2793350430989928,-0.2182945887621037,-0.2356014825503297,-0.3836389340593552,True,-0.2950262798344474,0.7707165109034267,0.9171339563862928,0.8504672897196262,0.8461059190031152
2022-08-07 00:00:00+00:00,1.0,1.0,0.0,0.0,0.0,0.0,0.0,0.0,-0.1009734040589123,0.1750775344170421,-0.2793350430989928,-0.2182945887621037,-0.2356014825503297,-0.3836389340593552,True,-0.240071273556199,0.8510903426791278,0.9171339563862928,0.8504672897196262,0.8728971962616822
2022-08-08 00:00:00+00:00,2.0,2.0,2.0,31.0,0.5,0.0,0.0,1.0,0.0638916147758326,0.6916206276879109,1.5771152433353073,-0.1375029524174169,3.530700445147634,3.1622239704244723,True,2.25227201011598,0.8922118380062305,0.9862928348909658,1.0,0.9595015576323987
2022-08-09 00:00:00+00:00,4.0,2.0,1.0,735.25,0.0,0.0,0.0,0.5,0.3936216524453225,0.6916206276879109,0.6488901001181572,1.6979005926066368,-0.2356014825503297,1.3892925181825588,True,0.5157708960258506,0.9227414330218069,0.9171339563862928,0.9077881619937694,0.9158878504672897
2022-08-10 00:00:00+00:00,0.0,0.0,0.0,0.0,0.0,0.0,0.0,0.0,-0.2658384228936573,-0.3414655588538266,-0.2793350430989928,-0.2182945887621037,-0.2356014825503297,-0.3836389340593552,True,-0.2950262798344474,0.7707165109034267,0.9171339563862928,0.8504672897196262,0.8461059190031152
2022-08-11 00:00:00+00:00,3.0,3.0,1.0,174.5,0.0,0.3333333333333333,0.0,0.3333333333333333,0.2287566336105776,1.2081637209587797,0.6488901001181572,0.2364841384039558,-0.2356014825503297,0.798315367435254,True,0.2638235061651673,0.9096573208722741,0.9171339563862928,0.8728971962616823,0.8998961578400829
2022-08-12 00:00:00+00:00,4.0,3.0,1.0,97.25,0.25,0.0,0.0,0.3333333333333333,0.3936216524453225,1.2081637209587797,0.6488901001181572,0.0351565929966314,1.647549481298652,0.798315367435254,True,0.946495500393076,0.9227414330218069,0.9526479750778816,0.8728971962616823,0.9160955347871237
2022-08-13 00:00:00+00:00,2.0,2.0,1.0,0.0,0.5,0.0,0.0,0.5,0.0638916147758326,0.6916206276879109,0.6488901001181572,-0.2182945887621037,3.530700445147634,1.3892925181825588,True,1.661294859368675,0.8922118380062305,0.9862928348909658,0.9077881619937694,0.9287642782969886
2022-08-14 00:00:00+00:00,1.0,1.0,1.0,4.0,0.0,0.0,0.0,1.0,-0.1009734040589123,0.1750775344170421,0.6488901001181572,-0.2078698614918215,-0.2356014825503297,3.1622239704244723,True,0.94188302793841,0.8510903426791278,0.9171339563862928,1.0,0.9227414330218068
2022-08-15 00:00:00+00:00,0.0,0.0,0.0,0.0,0.0,0.0,0.0,0.0,-0.2658384228936573,-0.3414655588538266,-0.2793350430989928,-0.2182945887621037,-0.2356014825503297,-0.3836389340593552,True,-0.2950262798344474,0.7707165109034267,0.9171339563862928,0.8504672897196262,0.8461059190031152
2022-08-16 00:00:00+00:00,0.0,0.0,0.0,0.0,0.0,0.0,0.0,0.0,-0.2658384228936573,-0.3414655588538266,-0.2793350430989928,-0.2182945887621037,-0.2356014825503297,-0.3836389340593552,True,-0.2950262798344474,0.7707165109034267,0.9171339563862928,0.8504672897196262,0.8461059190031152
2022-08-17 00:00:00+00:00,2.0,1.0,0.0,7.0,0.0,0.0,0.0,0.0,0.0638916147758326,0.1750775344170421,-0.2793350430989928,-0.2000513160391099,-0.2356014825503297,-0.3836389340593552,True,-0.1851162672779507,0.8922118380062305,0.9171339563862928,0.8504672897196262,0.8866043613707165
2022-08-18 00:00:00+00:00,0.0,0.0,0.0,0.0,0.0,0.0,0.0,0.0,-0.2658384228936573,-0.3414655588538266,-0.2793350430989928,-0.2182945887621037,-0.2356014825503297,-0.3836389340593552,True,-0.2950262798344474,0.7707165109034267,0.9171339563862928,0.8504672897196262,0.8461059190031152
2022-08-19 00:00:00+00:00,0.0,0.0,0.0,0.0,0.0,0.0,0.0,0.0,-0.2658384228936573,-0.3414655588538266,-0.2793350430989928,-0.2182945887621037,-0.2356014825503297,-0.3836389340593552,True,-0.2950262798344474,0.7707165109034267,0.9171339563862928,0.8504672897196262,0.8461059190031152
2022-08-20 00:00:00+00:00,4.0,4.0,0.0,298.0,0.5,0.0,0.0,0.0,0.3936216524453225,1.7247068142296484,-0.2793350430989928,0.5583475928739177,3.530700445147634,-0.3836389340593552,True,1.1802277211778671,0.9227414330218069,0.9862928348909658,0.8504672897196262,0.9198338525441329
2022-08-21 00:00:00+00:00,4.0,3.0,1.0,461.0,0.25,0.0,0.0,0.3333333333333333,0.3936216524453225,1.2081637209587797,0.6488901001181572,0.983155229137916,1.647549481298652,0.798315367435254,True,0.946495500393076,0.9227414330218069,0.9526479750778816,0.8728971962616823,0.9160955347871237
2022-08-22 00:00:00+00:00,5.0,3.0,2.0,71.2,0.4,0.0,0.0,0.6666666666666666,0.5584866712800676,1.2081637209587797,1.5771152433353073,-0.0327344433510811,2.777440059608041,1.980269668929864,True,1.7720654666059907,0.9302180685358256,0.9638629283489096,0.9202492211838006,0.9381100726895119
2022-08-23 00:00:00+00:00,2.0,2.0,1.0,10.0,0.0,0.5,0.0,0.5,0.0638916147758326,0.6916206276879109,0.6488901001181572,-0.1922327705863983,-0.2356014825503297,1.3892925181825588,True,0.4058608834693539,0.8922118380062305,0.9171339563862928,0.9077881619937694,0.905711318795431
2022-08-24 00:00:00+00:00,0.0,0.0,0.0,0.0,0.0,0.0,0.0,0.0,-0.2658384228936573,-0.3414655588538266,-0.2793350430989928,-0.2182945887621037,-0.2356014825503297,-0.3836389340593552,True,-0.2950262798344474,0.7707165109034267,0.9171339563862928,0.8504672897196262,0.8461059190031152
2022-08-25 00:00:00+00:00,0.0,0.0,0.0,0.0,0.0,0.0,0.0,0.0,-0.2658384228936573,-0.3414655588538266,-0.2793350430989928,-0.2182945887621037,-0.2356014825503297,-0.3836389340593552,True,-0.2950262798344474,0.7707165109034267,0.9171339563862928,0.8504672897196262,0.8461059190031152
2022-08-26 00:00:00+00:00,0.0,0.0,0.0,0.0,0.0,0.0,0.0,0.0,-0.2658384228936573,-0.3414655588538266,-0.2793350430989928,-0.2182945887621037,-0.2356014825503297,-0.3836389340593552,True,-0.2950262798344474,0.7707165109034267,0.9171339563862928,0.8504672897196262,0.8461059190031152
2022-08-27 00:00:00+00:00,2.0,2.0,0.0,943.0,0.5,0.0,0.0,0.0,0.0638916147758326,0.6916206276879109,-0.2793350430989928,2.2393348652069167,3.530700445147634,-0.3836389340593552,True,1.0703177086213704,0.8922118380062305,0.9862928348909658,0.8504672897196262,0.9096573208722741
2022-08-28 00:00:00+00:00,0.0,0.0,0.0,0.0,0.0,0.0,0.0,0.0,-0.2658384228936573,-0.3414655588538266,-0.2793350430989928,-0.2182945887621037,-0.2356014825503297,-0.3836389340593552,True,-0.2950262798344474,0.7707165109034267,0.9171339563862928,0.8504672897196262,0.8461059190031152
2022-08-29 00:00:00+00:00,1.0,1.0,0.0,15.0,0.0,0.0,0.0,0.0,-0.1009734040589123,0.1750775344170421,-0.2793350430989928,-0.1792018614985455,-0.2356014825503297,-0.3836389340593552,True,-0.240071273556199,0.8510903426791278,0.9171339563862928,0.8504672897196262,0.8728971962616822
2022-08-30 00:00:00+00:00,2.0,2.0,1.0,1.5,0.0,0.0,0.0,0.5,0.0638916147758326,0.6916206276879109,0.6488901001181572,-0.2143853160357479,-0.2356014825503297,1.3892925181825588,True,0.4058608834693539,0.8922118380062305,0.9171339563862928,0.9077881619937694,0.905711318795431
2022-08-31 00:00:00+00:00,3.0,2.0,0.0,634.6666666666666,0.6666666666666666,0.0,0.0,0.0,0.2287566336105776,0.6916206276879109,-0.2793350430989928,1.4357621381226664,4.786134421046954,-0.3836389340593552,True,1.543750706866059,0.9096573208722741,0.9906542056074766,0.8504672897196262,0.9169262720664589
2022-09-01 00:00:00+00:00,0.0,0.0,0.0,0.0,0.0,0.0,0.0,0.0,-0.2658384228936573,-0.3414655588538266,-0.2793350430989928,-0.2182945887621037,-0.2356014825503297,-0.3836389340593552,True,-0.2950262798344474,0.7707165109034267,0.9171339563862928,0.8504672897196262,0.8461059190031152
2022-09-02 00:00:00+00:00,3.0,2.0,1.0,5.0,0.3333333333333333,0.0,0.0,0.5,0.2287566336105776,0.6916206276879109,0.6488901001181572,-0.205263679674251,2.2752664692483124,1.3892925181825588,True,1.2977718736804829,0.9096573208722741,0.9619937694704049,0.9077881619937694,0.9264797507788162
2022-09-03 00:00:00+00:00,0.0,0.0,0.0,0.0,0.0,0.0,0.0,0.0,-0.2658384228936573,-0.3414655588538266,-0.2793350430989928,-0.2182945887621037,-0.2356014825503297,-0.3836389340593552,True,-0.2950262798344474,0.7707165109034267,0.9171339563862928,0.8504672897196262,0.8461059190031152
2022-09-04 00:00:00+00:00,1.0,1.0,1.0,59.0,0.0,0.0,0.0,1.0,-0.1009734040589123,0.1750775344170421,0.6488901001181572,-0.0645298615254417,-0.2356014825503297,3.1622239704244723,True,0.94188302793841,0.8510903426791278,0.9171339563862928,1.0,0.9227414330218068
2022-09-05 00:00:00+00:00,2.0,1.0,0.0,718.0,0.0,0.0,0.0,0.0,0.0638916147758326,0.1750775344170421,-0.2793350430989928,1.652943956253545,-0.2356014825503297,-0.3836389340593552,True,-0.1851162672779507,0.8922118380062305,0.9171339563862928,0.8504672897196262,0.8866043613707165
2022-09-06 00:00:00+00:00,4.0,3.0,2.0,5044.0,0.25,0.0,0.0,0.6666666666666666,0.3936216524453225,1.2081637209587797,1.5771152433353073,12.927286499063708,1.647549481298652,1.980269668929864,True,1.340480267557946,0.9227414330218069,0.9526479750778816,0.9202492211838006,0.9318795430944964
2022-09-07 00:00:00+00:00,0.0,0.0,0.0,0.0,0.0,0.0,0.0,0.0,-0.2658384228936573,-0.3414655588538266,-0.2793350430989928,-0.2182945887621037,-0.2356014825503297,-0.3836389340593552,True,-0.2950262798344474,0.7707165109034267,0.9171339563862928,0.8504672897196262,0.8461059190031152
2022-09-08 00:00:00+00:00,0.0,0.0,0.0,0.0,0.0,0.0,0.0,0.0,-0.2658384228936573,-0.3414655588538266,-0.2793350430989928,-0.2182945887621037,-0.2356014825503297,-0.3836389340593552,True,-0.2950262798344474,0.7707165109034267,0.9171339563862928,0.8504672897196262,0.8461059190031152
2022-09-09 00:00:00+00:00,0.0,0.0,0.0,0.0,0.0,0.0,0.0,0.0,-0.2658384228936573,-0.3414655588538266,-0.2793350430989928,-0.2182945887621037,-0.2356014825503297,-0.3836389340593552,True,-0.2950262798344474,0.7707165109034267,0.9171339563862928,0.8504672897196262,0.8461059190031152
2022-09-10 00:00:00+00:00,0.0,0.0,0.0,0.0,0.0,0.0,0.0,0.0,-0.2658384228936573,-0.3414655588538266,-0.2793350430989928,-0.2182945887621037,-0.2356014825503297,-0.3836389340593552,True,-0.2950262798344474,0.7707165109034267,0.9171339563862928,0.8504672897196262,0.8461059190031152
2022-09-11 00:00:00+00:00,1.0,1.0,0.0,3487.0,0.0,0.0,0.0,0.0,-0.1009734040589123,0.1750775344170421,-0.2793350430989928,8.869461409106375,-0.2356014825503297,-0.3836389340593552,True,-0.240071273556199,0.8510903426791278,0.9171339563862928,0.8504672897196262,0.8728971962616822
2022-09-12 00:00:00+00:00,0.0,0.0,0.0,0.0,0.0,0.0,0.0,0.0,-0.2658384228936573,-0.3414655588538266,-0.2793350430989928,-0.2182945887621037,-0.2356014825503297,-0.3836389340593552,True,-0.2950262798344474,0.7707165109034267,0.9171339563862928,0.8504672897196262,0.8461059190031152
2022-09-13 00:00:00+00:00,0.0,0.0,0.0,0.0,0.0,0.0,0.0,0.0,-0.2658384228936573,-0.3414655588538266,-0.2793350430989928,-0.2182945887621037,-0.2356014825503297,-0.3836389340593552,True,-0.2950262798344474,0.7707165109034267,0.9171339563862928,0.8504672897196262,0.8461059190031152
2022-09-14 00:00:00+00:00,0.0,0.0,0.0,0.0,0.0,0.0,0.0,0.0,-0.2658384228936573,-0.3414655588538266,-0.2793350430989928,-0.2182945887621037,-0.2356014825503297,-0.3836389340593552,True,-0.2950262798344474,0.7707165109034267,0.9171339563862928,0.8504672897196262,0.8461059190031152
2022-09-15 00:00:00+00:00,0.0,0.0,0.0,0.0,0.0,0.0,0.0,0.0,-0.2658384228936573,-0.3414655588538266,-0.2793350430989928,-0.2182945887621037,-0.2356014825503297,-0.3836389340593552,True,-0.2950262798344474,0.7707165109034267,0.9171339563862928,0.8504672897196262,0.8461059190031152
2022-09-16 00:00:00+00:00,2.0,2.0,0.0,421.0,0.0,0.5,0.0,0.0,0.0638916147758326,0.6916206276879109,-0.2793350430989928,0.8789079564350942,-0.2356014825503297,-0.3836389340593552,True,-0.1851162672779507,0.8922118380062305,0.9171339563862928,0.8504672897196262,0.8866043613707165
2022-09-17 00:00:00+00:00,0.0,0.0,0.0,0.0,0.0,0.0,0.0,0.0,-0.2658384228936573,-0.3414655588538266,-0.2793350430989928,-0.2182945887621037,-0.2356014825503297,-0.3836389340593552,True,-0.2950262798344474,0.7707165109034267,0.9171339563862928,0.8504672897196262,0.8461059190031152
2022-09-18 00:00:00+00:00,0.0,0.0,0.0,0.0,0.0,0.0,0.0,0.0,-0.2658384228936573,-0.3414655588538266,-0.2793350430989928,-0.2182945887621037,-0.2356014825503297,-0.3836389340593552,True,-0.2950262798344474,0.7707165109034267,0.9171339563862928,0.8504672897196262,0.8461059190031152
2022-09-19 00:00:00+00:00,0.0,0.0,0.0,0.0,0.0,0.0,0.0,0.0,-0.2658384228936573,-0.3414655588538266,-0.2793350430989928,-0.2182945887621037,-0.2356014825503297,-0.3836389340593552,True,-0.2950262798344474,0.7707165109034267,0.9171339563862928,0.8504672897196262,0.8461059190031152
2022-09-20 00:00:00+00:00,0.0,0.0,0.0,0.0,0.0,0.0,0.0,0.0,-0.2658384228936573,-0.3414655588538266,-0.2793350430989928,-0.2182945887621037,-0.2356014825503297,-0.3836389340593552,True,-0.2950262798344474,0.7707165109034267,0.9171339563862928,0.8504672897196262,0.8461059190031152
2022-09-21 00:00:00+00:00,0.0,0.0,0.0,0.0,0.0,0.0,0.0,0.0,-0.2658384228936573,-0.3414655588538266,-0.2793350430989928,-0.2182945887621037,-0.2356014825503297,-0.3836389340593552,True,-0.2950262798344474,0.7707165109034267,0.9171339563862928,0.8504672897196262,0.8461059190031152
2022-09-22 00:00:00+00:00,1.0,1.0,0.0,37.0,0.0,0.0,0.0,0.0,-0.1009734040589123,0.1750775344170421,-0.2793350430989928,-0.1218658615119936,-0.2356014825503297,-0.3836389340593552,True,-0.240071273556199,0.8510903426791278,0.9171339563862928,0.8504672897196262,0.8728971962616822
2022-09-23 00:00:00+00:00,1.0,1.0,1.0,12.0,0.0,0.0,0.0,1.0,-0.1009734040589123,0.1750775344170421,0.6488901001181572,-0.1870204069512572,-0.2356014825503297,3.1622239704244723,True,0.94188302793841,0.8510903426791278,0.9171339563862928,1.0,0.9227414330218068
2022-09-24 00:00:00+00:00,1.0,1.0,0.0,4.0,0.0,0.0,0.0,0.0,-0.1009734040589123,0.1750775344170421,-0.2793350430989928,-0.2078698614918215,-0.2356014825503297,-0.3836389340593552,True,-0.240071273556199,0.8510903426791278,0.9171339563862928,0.8504672897196262,0.8728971962616822
2022-09-25 00:00:00+00:00,3.0,1.0,1.0,2.0,0.0,0.0,0.0,1.0,0.2287566336105776,0.1750775344170421,0.6488901001181572,-0.2130822251269626,-0.2356014825503297,3.1622239704244723,True,1.0517930404949067,0.9096573208722741,0.9171339563862928,1.0,0.942263759086189
2022-09-26 00:00:00+00:00,4.0,4.0,3.0,1.5,0.5,0.0,0.0,0.75,0.3936216524453225,1.7247068142296484,2.505340386552457,-0.2143853160357479,3.530700445147634,2.275758244303516,True,2.066693447298824,0.9227414330218069,0.9862928348909658,0.92398753894081,0.9443406022845275
2022-09-27 00:00:00+00:00,0.0,0.0,0.0,0.0,0.0,0.0,0.0,0.0,-0.2658384228936573,-0.3414655588538266,-0.2793350430989928,-0.2182945887621037,-0.2356014825503297,-0.3836389340593552,True,-0.2950262798344474,0.7707165109034267,0.9171339563862928,0.8504672897196262,0.8461059190031152
2022-09-28 00:00:00+00:00,1.0,1.0,1.0,2.0,0.0,0.0,0.0,1.0,-0.1009734040589123,0.1750775344170421,0.6488901001181572,-0.2130822251269626,-0.2356014825503297,3.1622239704244723,True,0.94188302793841,0.8510903426791278,0.9171339563862928,1.0,0.9227414330218068
2022-09-29 00:00:00+00:00,1.0,1.0,1.0,25.0,0.0,0.0,0.0,1.0,-0.1009734040589123,0.1750775344170421,0.6488901001181572,-0.1531400433228401,-0.2356014825503297,3.1622239704244723,True,0.94188302793841,0.8510903426791278,0.9171339563862928,1.0,0.9227414330218068
2022-09-30 00:00:00+00:00,1.0,1.0,1.0,4.0,0.0,0.0,0.0,1.0,-0.1009734040589123,0.1750775344170421,0.6488901001181572,-0.2078698614918215,-0.2356014825503297,3.1622239704244723,True,0.94188302793841,0.8510903426791278,0.9171339563862928,1.0,0.9227414330218068
2022-10-01 00:00:00+00:00,0.0,0.0,0.0,0.0,0.0,0.0,0.0,0.0,-0.2658384228936573,-0.3414655588538266,-0.2793350430989928,-0.2182945887621037,-0.2356014825503297,-0.3836389340593552,True,-0.2950262798344474,0.7707165109034267,0.9171339563862928,0.8504672897196262,0.8461059190031152
2022-10-02 00:00:00+00:00,0.0,0.0,0.0,0.0,0.0,0.0,0.0,0.0,-0.2658384228936573,-0.3414655588538266,-0.2793350430989928,-0.2182945887621037,-0.2356014825503297,-0.3836389340593552,True,-0.2950262798344474,0.7707165109034267,0.9171339563862928,0.8504672897196262,0.8461059190031152
2022-10-03 00:00:00+00:00,0.0,0.0,0.0,0.0,0.0,0.0,0.0,0.0,-0.2658384228936573,-0.3414655588538266,-0.2793350430989928,-0.2182945887621037,-0.2356014825503297,-0.3836389340593552,True,-0.2950262798344474,0.7707165109034267,0.9171339563862928,0.8504672897196262,0.8461059190031152
2022-10-04 00:00:00+00:00,2.0,1.0,1.0,3.0,0.0,0.0,0.0,1.0,0.0638916147758326,0.1750775344170421,0.6488901001181572,-0.210476043309392,-0.2356014825503297,3.1622239704244723,True,0.9968380342166584,0.8922118380062305,0.9171339563862928,1.0,0.9364485981308411
2022-10-05 00:00:00+00:00,1.0,1.0,1.0,5.0,0.0,0.0,0.0,1.0,-0.1009734040589123,0.1750775344170421,0.6488901001181572,-0.205263679674251,-0.2356014825503297,3.1622239704244723,True,0.94188302793841,0.8510903426791278,0.9171339563862928,1.0,0.9227414330218068
2022-10-06 00:00:00+00:00,1.0,1.0,1.0,0.0,0.0,0.0,0.0,1.0,-0.1009734040589123,0.1750775344170421,0.6488901001181572,-0.2182945887621037,-0.2356014825503297,3.1622239704244723,True,0.94188302793841,0.8510903426791278,0.9171339563862928,1.0,0.9227414330218068
2022-10-07 00:00:00+00:00,0.0,0.0,0.0,0.0,0.0,0.0,0.0,0.0,-0.2658384228936573,-0.3414655588538266,-0.2793350430989928,-0.2182945887621037,-0.2356014825503297,-0.3836389340593552,True,-0.2950262798344474,0.7707165109034267,0.9171339563862928,0.8504672897196262,0.8461059190031152
2022-10-08 00:00:00+00:00,0.0,0.0,0.0,0.0,0.0,0.0,0.0,0.0,-0.2658384228936573,-0.3414655588538266,-0.2793350430989928,-0.2182945887621037,-0.2356014825503297,-0.3836389340593552,True,-0.2950262798344474,0.7707165109034267,0.9171339563862928,0.8504672897196262,0.8461059190031152
2022-10-09 00:00:00+00:00,0.0,0.0,0.0,0.0,0.0,0.0,0.0,0.0,-0.2658384228936573,-0.3414655588538266,-0.2793350430989928,-0.2182945887621037,-0.2356014825503297,-0.3836389340593552,True,-0.2950262798344474,0.7707165109034267,0.9171339563862928,0.8504672897196262,0.8461059190031152
2022-10-10 00:00:00+00:00,1.0,1.0,0.0,4.0,0.0,0.0,0.0,0.0,-0.1009734040589123,0.1750775344170421,-0.2793350430989928,-0.2078698614918215,-0.2356014825503297,-0.3836389340593552,True,-0.240071273556199,0.8510903426791278,0.9171339563862928,0.8504672897196262,0.8728971962616822
2022-10-11 00:00:00+00:00,0.0,0.0,0.0,0.0,0.0,0.0,0.0,0.0,-0.2658384228936573,-0.3414655588538266,-0.2793350430989928,-0.2182945887621037,-0.2356014825503297,-0.3836389340593552,True,-0.2950262798344474,0.7707165109034267,0.9171339563862928,0.8504672897196262,0.8461059190031152
2022-10-12 00:00:00+00:00,0.0,0.0,0.0,0.0,0.0,0.0,0.0,0.0,-0.2658384228936573,-0.3414655588538266,-0.2793350430989928,-0.2182945887621037,-0.2356014825503297,-0.3836389340593552,True,-0.2950262798344474,0.7707165109034267,0.9171339563862928,0.8504672897196262,0.8461059190031152
2022-10-13 00:00:00+00:00,0.0,0.0,0.0,0.0,0.0,0.0,0.0,0.0,-0.2658384228936573,-0.3414655588538266,-0.2793350430989928,-0.2182945887621037,-0.2356014825503297,-0.3836389340593552,True,-0.2950262798344474,0.7707165109034267,0.9171339563862928,0.8504672897196262,0.8461059190031152
2022-10-14 00:00:00+00:00,0.0,0.0,0.0,0.0,0.0,0.0,0.0,0.0,-0.2658384228936573,-0.3414655588538266,-0.2793350430989928,-0.2182945887621037,-0.2356014825503297,-0.3836389340593552,True,-0.2950262798344474,0.7707165109034267,0.9171339563862928,0.8504672897196262,0.8461059190031152
2022-10-15 00:00:00+00:00,0.0,0.0,0.0,0.0,0.0,0.0,0.0,0.0,-0.2658384228936573,-0.3414655588538266,-0.2793350430989928,-0.2182945887621037,-0.2356014825503297,-0.3836389340593552,True,-0.2950262798344474,0.7707165109034267,0.9171339563862928,0.8504672897196262,0.8461059190031152
2022-10-16 00:00:00+00:00,0.0,0.0,0.0,0.0,0.0,0.0,0.0,0.0,-0.2658384228936573,-0.3414655588538266,-0.2793350430989928,-0.2182945887621037,-0.2356014825503297,-0.3836389340593552,True,-0.2950262798344474,0.7707165109034267,0.9171339563862928,0.8504672897196262,0.8461059190031152
2022-10-17 00:00:00+00:00,1.0,1.0,0.0,0.0,0.0,0.0,0.0,0.0,-0.1009734040589123,0.1750775344170421,-0.2793350430989928,-0.2182945887621037,-0.2356014825503297,-0.3836389340593552,True,-0.240071273556199,0.8510903426791278,0.9171339563862928,0.8504672897196262,0.8728971962616822
2022-10-18 00:00:00+00:00,0.0,0.0,0.0,0.0,0.0,0.0,0.0,0.0,-0.2658384228936573,-0.3414655588538266,-0.2793350430989928,-0.2182945887621037,-0.2356014825503297,-0.3836389340593552,True,-0.2950262798344474,0.7707165109034267,0.9171339563862928,0.8504672897196262,0.8461059190031152
2022-10-19 00:00:00+00:00,1.0,1.0,0.0,0.0,0.0,1.0,0.0,0.0,-0.1009734040589123,0.1750775344170421,-0.2793350430989928,-0.2182945887621037,-0.2356014825503297,-0.3836389340593552,True,-0.240071273556199,0.8510903426791278,0.9171339563862928,0.8504672897196262,0.8728971962616822
2022-10-20 00:00:00+00:00,0.0,0.0,0.0,0.0,0.0,0.0,0.0,0.0,-0.2658384228936573,-0.3414655588538266,-0.2793350430989928,-0.2182945887621037,-0.2356014825503297,-0.3836389340593552,True,-0.2950262798344474,0.7707165109034267,0.9171339563862928,0.8504672897196262,0.8461059190031152
2022-10-21 00:00:00+00:00,0.0,0.0,0.0,0.0,0.0,0.0,0.0,0.0,-0.2658384228936573,-0.3414655588538266,-0.2793350430989928,-0.2182945887621037,-0.2356014825503297,-0.3836389340593552,True,-0.2950262798344474,0.7707165109034267,0.9171339563862928,0.8504672897196262,0.8461059190031152
2022-10-22 00:00:00+00:00,0.0,0.0,0.0,0.0,0.0,0.0,0.0,0.0,-0.2658384228936573,-0.3414655588538266,-0.2793350430989928,-0.2182945887621037,-0.2356014825503297,-0.3836389340593552,True,-0.2950262798344474,0.7707165109034267,0.9171339563862928,0.8504672897196262,0.8461059190031152
2022-10-23 00:00:00+00:00,0.0,0.0,0.0,0.0,0.0,0.0,0.0,0.0,-0.2658384228936573,-0.3414655588538266,-0.2793350430989928,-0.2182945887621037,-0.2356014825503297,-0.3836389340593552,True,-0.2950262798344474,0.7707165109034267,0.9171339563862928,0.8504672897196262,0.8461059190031152
2022-10-24 00:00:00+00:00,2.0,2.0,2.0,0.0,0.5,0.0,0.0,1.0,0.0638916147758326,0.6916206276879109,1.5771152433353073,-0.2182945887621037,3.530700445147634,3.1622239704244723,True,2.25227201011598,0.8922118380062305,0.9862928348909658,1.0,0.9595015576323987
2022-10-25 00:00:00+00:00,0.0,0.0,0.0,0.0,0.0,0.0,0.0,0.0,-0.2658384228936573,-0.3414655588538266,-0.2793350430989928,-0.2182945887621037,-0.2356014825503297,-0.3836389340593552,True,-0.2950262798344474,0.7707165109034267,0.9171339563862928,0.8504672897196262,0.8461059190031152
2022-10-26 00:00:00+00:00,0.0,0.0,0.0,0.0,0.0,0.0,0.0,0.0,-0.2658384228936573,-0.3414655588538266,-0.2793350430989928,-0.2182945887621037,-0.2356014825503297,-0.3836389340593552,True,-0.2950262798344474,0.7707165109034267,0.9171339563862928,0.8504672897196262,0.8461059190031152
2022-10-27 00:00:00+00:00,0.0,0.0,0.0,0.0,0.0,0.0,0.0,0.0,-0.2658384228936573,-0.3414655588538266,-0.2793350430989928,-0.2182945887621037,-0.2356014825503297,-0.3836389340593552,True,-0.2950262798344474,0.7707165109034267,0.9171339563862928,0.8504672897196262,0.8461059190031152
2022-10-28 00:00:00+00:00,0.0,0.0,0.0,0.0,0.0,0.0,0.0,0.0,-0.2658384228936573,-0.3414655588538266,-0.2793350430989928,-0.2182945887621037,-0.2356014825503297,-0.3836389340593552,True,-0.2950262798344474,0.7707165109034267,0.9171339563862928,0.8504672897196262,0.8461059190031152
2022-10-29 00:00:00+00:00,0.0,0.0,0.0,0.0,0.0,0.0,0.0,0.0,-0.2658384228936573,-0.3414655588538266,-0.2793350430989928,-0.2182945887621037,-0.2356014825503297,-0.3836389340593552,True,-0.2950262798344474,0.7707165109034267,0.9171339563862928,0.8504672897196262,0.8461059190031152
2022-10-30 00:00:00+00:00,2.0,1.0,0.0,165.5,0.0,0.0,0.0,0.0,0.0638916147758326,0.1750775344170421,-0.2793350430989928,0.2130285020458209,-0.2356014825503297,-0.3836389340593552,True,-0.1851162672779507,0.8922118380062305,0.9171339563862928,0.8504672897196262,0.8866043613707165
2022-10-31 00:00:00+00:00,0.0,0.0,0.0,0.0,0.0,0.0,0.0,0.0,-0.2658384228936573,-0.3414655588538266,-0.2793350430989928,-0.2182945887621037,-0.2356014825503297,-0.3836389340593552,True,-0.2950262798344474,0.7707165109034267,0.9171339563862928,0.8504672897196262,0.8461059190031152
2022-11-01 00:00:00+00:00,0.0,0.0,0.0,0.0,0.0,0.0,0.0,0.0,-0.2658384228936573,-0.3414655588538266,-0.2793350430989928,-0.2182945887621037,-0.2356014825503297,-0.3836389340593552,True,-0.2950262798344474,0.7707165109034267,0.9171339563862928,0.8504672897196262,0.8461059190031152
2022-11-02 00:00:00+00:00,0.0,0.0,0.0,0.0,0.0,0.0,0.0,0.0,-0.2658384228936573,-0.3414655588538266,-0.2793350430989928,-0.2182945887621037,-0.2356014825503297,-0.3836389340593552,True,-0.2950262798344474,0.7707165109034267,0.9171339563862928,0.8504672897196262,0.8461059190031152
2022-11-03 00:00:00+00:00,0.0,0.0,0.0,0.0,0.0,0.0,0.0,0.0,-0.2658384228936573,-0.3414655588538266,-0.2793350430989928,-0.2182945887621037,-0.2356014825503297,-0.3836389340593552,True,-0.2950262798344474,0.7707165109034267,0.9171339563862928,0.8504672897196262,0.8461059190031152
2022-11-04 00:00:00+00:00,0.0,0.0,0.0,0.0,0.0,0.0,0.0,0.0,-0.2658384228936573,-0.3414655588538266,-0.2793350430989928,-0.2182945887621037,-0.2356014825503297,-0.3836389340593552,True,-0.2950262798344474,0.7707165109034267,0.9171339563862928,0.8504672897196262,0.8461059190031152
2022-11-05 00:00:00+00:00,0.0,0.0,0.0,0.0,0.0,0.0,0.0,0.0,-0.2658384228936573,-0.3414655588538266,-0.2793350430989928,-0.2182945887621037,-0.2356014825503297,-0.3836389340593552,True,-0.2950262798344474,0.7707165109034267,0.9171339563862928,0.8504672897196262,0.8461059190031152
2022-11-06 00:00:00+00:00,0.0,0.0,0.0,0.0,0.0,0.0,0.0,0.0,-0.2658384228936573,-0.3414655588538266,-0.2793350430989928,-0.2182945887621037,-0.2356014825503297,-0.3836389340593552,True,-0.2950262798344474,0.7707165109034267,0.9171339563862928,0.8504672897196262,0.8461059190031152
2022-11-07 00:00:00+00:00,0.0,0.0,0.0,0.0,0.0,0.0,0.0,0.0,-0.2658384228936573,-0.3414655588538266,-0.2793350430989928,-0.2182945887621037,-0.2356014825503297,-0.3836389340593552,True,-0.2950262798344474,0.7707165109034267,0.9171339563862928,0.8504672897196262,0.8461059190031152
2022-11-08 00:00:00+00:00,0.0,0.0,0.0,0.0,0.0,0.0,0.0,0.0,-0.2658384228936573,-0.3414655588538266,-0.2793350430989928,-0.2182945887621037,-0.2356014825503297,-0.3836389340593552,True,-0.2950262798344474,0.7707165109034267,0.9171339563862928,0.8504672897196262,0.8461059190031152
2022-11-09 00:00:00+00:00,0.0,0.0,0.0,0.0,0.0,0.0,0.0,0.0,-0.2658384228936573,-0.3414655588538266,-0.2793350430989928,-0.2182945887621037,-0.2356014825503297,-0.3836389340593552,True,-0.2950262798344474,0.7707165109034267,0.9171339563862928,0.8504672897196262,0.8461059190031152
2022-11-10 00:00:00+00:00,2.0,2.0,2.0,22.0,0.5,0.0,0.0,1.0,0.0638916147758326,0.6916206276879109,1.5771152433353073,-0.1609585887755518,3.530700445147634,3.1622239704244723,True,2.25227201011598,0.8922118380062305,0.9862928348909658,1.0,0.9595015576323987
2022-11-11 00:00:00+00:00,0.0,0.0,0.0,0.0,0.0,0.0,0.0,0.0,-0.2658384228936573,-0.3414655588538266,-0.2793350430989928,-0.2182945887621037,-0.2356014825503297,-0.3836389340593552,True,-0.2950262798344474,0.7707165109034267,0.9171339563862928,0.8504672897196262,0.8461059190031152
2022-11-12 00:00:00+00:00,1.0,1.0,1.0,1.0,0.0,0.0,0.0,1.0,-0.1009734040589123,0.1750775344170421,0.6488901001181572,-0.2156884069445331,-0.2356014825503297,3.1622239704244723,True,0.94188302793841,0.8510903426791278,0.9171339563862928,1.0,0.9227414330218068
2022-11-13 00:00:00+00:00,0.0,0.0,0.0,0.0,0.0,0.0,0.0,0.0,-0.2658384228936573,-0.3414655588538266,-0.2793350430989928,-0.2182945887621037,-0.2356014825503297,-0.3836389340593552,True,-0.2950262798344474,0.7707165109034267,0.9171339563862928,0.8504672897196262,0.8461059190031152
2022-11-14 00:00:00+00:00,0.0,0.0,0.0,0.0,0.0,0.0,0.0,0.0,-0.2658384228936573,-0.3414655588538266,-0.2793350430989928,-0.2182945887621037,-0.2356014825503297,-0.3836389340593552,True,-0.2950262798344474,0.7707165109034267,0.9171339563862928,0.8504672897196262,0.8461059190031152
2022-11-15 00:00:00+00:00,0.0,0.0,0.0,0.0,0.0,0.0,0.0,0.0,-0.2658384228936573,-0.3414655588538266,-0.2793350430989928,-0.2182945887621037,-0.2356014825503297,-0.3836389340593552,True,-0.2950262798344474,0.7707165109034267,0.9171339563862928,0.8504672897196262,0.8461059190031152
2022-11-16 00:00:00+00:00,2.0,2.0,1.0,1.0,0.5,0.0,0.0,0.5,0.0638916147758326,0.6916206276879109,0.6488901001181572,-0.2156884069445331,3.530700445147634,1.3892925181825588,True,1.661294859368675,0.8922118380062305,0.9862928348909658,0.9077881619937694,0.9287642782969886
2022-11-17 00:00:00+00:00,0.0,0.0,0.0,0.0,0.0,0.0,0.0,0.0,-0.2658384228936573,-0.3414655588538266,-0.2793350430989928,-0.2182945887621037,-0.2356014825503297,-0.3836389340593552,True,-0.2950262798344474,0.7707165109034267,0.9171339563862928,0.8504672897196262,0.8461059190031152
2022-11-18 00:00:00+00:00,0.0,0.0,0.0,0.0,0.0,0.0,0.0,0.0,-0.2658384228936573,-0.3414655588538266,-0.2793350430989928,-0.2182945887621037,-0.2356014825503297,-0.3836389340593552,True,-0.2950262798344474,0.7707165109034267,0.9171339563862928,0.8504672897196262,0.8461059190031152
2022-11-19 00:00:00+00:00,0.0,0.0,0.0,0.0,0.0,0.0,0.0,0.0,-0.2658384228936573,-0.3414655588538266,-0.2793350430989928,-0.2182945887621037,-0.2356014825503297,-0.3836389340593552,True,-0.2950262798344474,0.7707165109034267,0.9171339563862928,0.8504672897196262,0.8461059190031152
2022-11-20 00:00:00+00:00,0.0,0.0,0.0,0.0,0.0,0.0,0.0,0.0,-0.2658384228936573,-0.3414655588538266,-0.2793350430989928,-0.2182945887621037,-0.2356014825503297,-0.3836389340593552,True,-0.2950262798344474,0.7707165109034267,0.9171339563862928,0.8504672897196262,0.8461059190031152
2022-11-21 00:00:00+00:00,0.0,0.0,0.0,0.0,0.0,0.0,0.0,0.0,-0.2658384228936573,-0.3414655588538266,-0.2793350430989928,-0.2182945887621037,-0.2356014825503297,-0.3836389340593552,True,-0.2950262798344474,0.7707165109034267,0.9171339563862928,0.8504672897196262,0.8461059190031152
2022-11-22 00:00:00+00:00,0.0,0.0,0.0,0.0,0.0,0.0,0.0,0.0,-0.2658384228936573,-0.3414655588538266,-0.2793350430989928,-0.2182945887621037,-0.2356014825503297,-0.3836389340593552,True,-0.2950262798344474,0.7707165109034267,0.9171339563862928,0.8504672897196262,0.8461059190031152
2022-11-23 00:00:00+00:00,1.0,1.0,0.0,0.0,0.0,1.0,0.0,0.0,-0.1009734040589123,0.1750775344170421,-0.2793350430989928,-0.2182945887621037,-0.2356014825503297,-0.3836389340593552,True,-0.240071273556199,0.8510903426791278,0.9171339563862928,0.8504672897196262,0.8728971962616822
2022-11-24 00:00:00+00:00,0.0,0.0,0.0,0.0,0.0,0.0,0.0,0.0,-0.2658384228936573,-0.3414655588538266,-0.2793350430989928,-0.2182945887621037,-0.2356014825503297,-0.3836389340593552,True,-0.2950262798344474,0.7707165109034267,0.9171339563862928,0.8504672897196262,0.8461059190031152
2022-11-25 00:00:00+00:00,2.0,2.0,1.0,564.0,0.5,0.0,0.0,0.5,0.0638916147758326,0.6916206276879109,0.6488901001181572,1.2515919563476816,3.530700445147634,1.3892925181825588,True,1.661294859368675,0.8922118380062305,0.9862928348909658,0.9077881619937694,0.9287642782969886
2022-11-26 00:00:00+00:00,0.0,0.0,0.0,0.0,0.0,0.0,0.0,0.0,-0.2658384228936573,-0.3414655588538266,-0.2793350430989928,-0.2182945887621037,-0.2356014825503297,-0.3836389340593552,True,-0.2950262798344474,0.7707165109034267,0.9171339563862928,0.8504672897196262,0.8461059190031152
2022-11-27 00:00:00+00:00,0.0,0.0,0.0,0.0,0.0,0.0,0.0,0.0,-0.2658384228936573,-0.3414655588538266,-0.2793350430989928,-0.2182945887621037,-0.2356014825503297,-0.3836389340593552,True,-0.2950262798344474,0.7707165109034267,0.9171339563862928,0.8504672897196262,0.8461059190031152
2022-11-28 00:00:00+00:00,7.0,4.0,2.0,194.0,0.4285714285714285,0.0,0.0,0.5,0.8882167089495575,1.7247068142296484,1.5771152433353073,0.2873046838465813,2.9926573126193525,1.3892925181825588,True,1.7567221799171564,0.9451713395638629,0.9644859813084112,0.9077881619937694,0.9391484942886813
2022-11-29 00:00:00+00:00,1.0,1.0,0.0,802.0,0.0,0.0,0.0,0.0,-0.1009734040589123,0.1750775344170421,-0.2793350430989928,1.8718632289294703,-0.2356014825503297,-0.3836389340593552,True,-0.240071273556199,0.8510903426791278,0.9171339563862928,0.8504672897196262,0.8728971962616822
2022-11-30 00:00:00+00:00,0.0,0.0,0.0,0.0,0.0,0.0,0.0,0.0,-0.2658384228936573,-0.3414655588538266,-0.2793350430989928,-0.2182945887621037,-0.2356014825503297,-0.3836389340593552,True,-0.2950262798344474,0.7707165109034267,0.9171339563862928,0.8504672897196262,0.8461059190031152
2022-12-01 00:00:00+00:00,0.0,0.0,0.0,0.0,0.0,0.0,0.0,0.0,-0.2658384228936573,-0.3414655588538266,-0.2793350430989928,-0.2182945887621037,-0.2356014825503297,-0.3836389340593552,True,-0.2950262798344474,0.7707165109034267,0.9171339563862928,0.8504672897196262,0.8461059190031152
2022-12-02 00:00:00+00:00,0.0,0.0,0.0,0.0,0.0,0.0,0.0,0.0,-0.2658384228936573,-0.3414655588538266,-0.2793350430989928,-0.2182945887621037,-0.2356014825503297,-0.3836389340593552,True,-0.2950262798344474,0.7707165109034267,0.9171339563862928,0.8504672897196262,0.8461059190031152
2022-12-03 00:00:00+00:00,0.0,0.0,0.0,0.0,0.0,0.0,0.0,0.0,-0.2658384228936573,-0.3414655588538266,-0.2793350430989928,-0.2182945887621037,-0.2356014825503297,-0.3836389340593552,True,-0.2950262798344474,0.7707165109034267,0.9171339563862928,0.8504672897196262,0.8461059190031152
2022-12-04 00:00:00+00:00,0.0,0.0,0.0,0.0,0.0,0.0,0.0,0.0,-0.2658384228936573,-0.3414655588538266,-0.2793350430989928,-0.2182945887621037,-0.2356014825503297,-0.3836389340593552,True,-0.2950262798344474,0.7707165109034267,0.9171339563862928,0.8504672897196262,0.8461059190031152
2022-12-05 00:00:00+00:00,0.0,0.0,0.0,0.0,0.0,0.0,0.0,0.0,-0.2658384228936573,-0.3414655588538266,-0.2793350430989928,-0.2182945887621037,-0.2356014825503297,-0.3836389340593552,True,-0.2950262798344474,0.7707165109034267,0.9171339563862928,0.8504672897196262,0.8461059190031152
2022-12-06 00:00:00+00:00,2.0,1.0,1.0,4.5,0.0,0.0,0.0,1.0,0.0638916147758326,0.1750775344170421,0.6488901001181572,-0.2065667705830362,-0.2356014825503297,3.1622239704244723,True,0.9968380342166584,0.8922118380062305,0.9171339563862928,1.0,0.9364485981308411
2022-12-07 00:00:00+00:00,0.0,0.0,0.0,0.0,0.0,0.0,0.0,0.0,-0.2658384228936573,-0.3414655588538266,-0.2793350430989928,-0.2182945887621037,-0.2356014825503297,-0.3836389340593552,True,-0.2950262798344474,0.7707165109034267,0.9171339563862928,0.8504672897196262,0.8461059190031152
2022-12-08 00:00:00+00:00,0.0,0.0,0.0,0.0,0.0,0.0,0.0,0.0,-0.2658384228936573,-0.3414655588538266,-0.2793350430989928,-0.2182945887621037,-0.2356014825503297,-0.3836389340593552,True,-0.2950262798344474,0.7707165109034267,0.9171339563862928,0.8504672897196262,0.8461059190031152
2022-12-09 00:00:00+00:00,0.0,0.0,0.0,0.0,0.0,0.0,0.0,0.0,-0.2658384228936573,-0.3414655588538266,-0.2793350430989928,-0.2182945887621037,-0.2356014825503297,-0.3836389340593552,True,-0.2950262798344474,0.7707165109034267,0.9171339563862928,0.8504672897196262,0.8461059190031152
2022-12-10 00:00:00+00:00,0.0,0.0,0.0,0.0,0.0,0.0,0.0,0.0,-0.2658384228936573,-0.3414655588538266,-0.2793350430989928,-0.2182945887621037,-0.2356014825503297,-0.3836389340593552,True,-0.2950262798344474,0.7707165109034267,0.9171339563862928,0.8504672897196262,0.8461059190031152
2022-12-11 00:00:00+00:00,0.0,0.0,0.0,0.0,0.0,0.0,0.0,0.0,-0.2658384228936573,-0.3414655588538266,-0.2793350430989928,-0.2182945887621037,-0.2356014825503297,-0.3836389340593552,True,-0.2950262798344474,0.7707165109034267,0.9171339563862928,0.8504672897196262,0.8461059190031152
2022-12-12 00:00:00+00:00,0.0,0.0,0.0,0.0,0.0,0.0,0.0,0.0,-0.2658384228936573,-0.3414655588538266,-0.2793350430989928,-0.2182945887621037,-0.2356014825503297,-0.3836389340593552,True,-0.2950262798344474,0.7707165109034267,0.9171339563862928,0.8504672897196262,0.8461059190031152
2022-12-13 00:00:00+00:00,0.0,0.0,0.0,0.0,0.0,0.0,0.0,0.0,-0.2658384228936573,-0.3414655588538266,-0.2793350430989928,-0.2182945887621037,-0.2356014825503297,-0.3836389340593552,True,-0.2950262798344474,0.7707165109034267,0.9171339563862928,0.8504672897196262,0.8461059190031152
2022-12-14 00:00:00+00:00,0.0,0.0,0.0,0.0,0.0,0.0,0.0,0.0,-0.2658384228936573,-0.3414655588538266,-0.2793350430989928,-0.2182945887621037,-0.2356014825503297,-0.3836389340593552,True,-0.2950262798344474,0.7707165109034267,0.9171339563862928,0.8504672897196262,0.8461059190031152
2022-12-15 00:00:00+00:00,0.0,0.0,0.0,0.0,0.0,0.0,0.0,0.0,-0.2658384228936573,-0.3414655588538266,-0.2793350430989928,-0.2182945887621037,-0.2356014825503297,-0.3836389340593552,True,-0.2950262798344474,0.7707165109034267,0.9171339563862928,0.8504672897196262,0.8461059190031152
2022-12-16 00:00:00+00:00,0.0,0.0,0.0,0.0,0.0,0.0,0.0,0.0,-0.2658384228936573,-0.3414655588538266,-0.2793350430989928,-0.2182945887621037,-0.2356014825503297,-0.3836389340593552,True,-0.2950262798344474,0.7707165109034267,0.9171339563862928,0.8504672897196262,0.8461059190031152
2022-12-17 00:00:00+00:00,0.0,0.0,0.0,0.0,0.0,0.0,0.0,0.0,-0.2658384228936573,-0.3414655588538266,-0.2793350430989928,-0.2182945887621037,-0.2356014825503297,-0.3836389340593552,True,-0.2950262798344474,0.7707165109034267,0.9171339563862928,0.8504672897196262,0.8461059190031152
2022-12-18 00:00:00+00:00,0.0,0.0,0.0,0.0,0.0,0.0,0.0,0.0,-0.2658384228936573,-0.3414655588538266,-0.2793350430989928,-0.2182945887621037,-0.2356014825503297,-0.3836389340593552,True,-0.2950262798344474,0.7707165109034267,0.9171339563862928,0.8504672897196262,0.8461059190031152
2022-12-19 00:00:00+00:00,6.0,1.0,0.0,115.33333333333331,0.0,0.0,0.0,0.0,0.7233516901148125,0.1750775344170421,-0.2793350430989928,0.082285047531032,-0.2356014825503297,-0.3836389340593552,True,0.0347037578350425,0.9383177570093458,0.9171339563862928,0.8504672897196262,0.9019730010384216
2022-12-20 00:00:00+00:00,2.0,1.0,0.0,298.5,0.0,0.0,0.0,0.0,0.0638916147758326,0.1750775344170421,-0.2793350430989928,0.5596506837827029,-0.2356014825503297,-0.3836389340593552,True,-0.1851162672779507,0.8922118380062305,0.9171339563862928,0.8504672897196262,0.8866043613707165
2022-12-21 00:00:00+00:00,0.0,0.0,0.0,0.0,0.0,0.0,0.0,0.0,-0.2658384228936573,-0.3414655588538266,-0.2793350430989928,-0.2182945887621037,-0.2356014825503297,-0.3836389340593552,True,-0.2950262798344474,0.7707165109034267,0.9171339563862928,0.8504672897196262,0.8461059190031152
2022-12-22 00:00:00+00:00,2.0,2.0,1.0,20.0,0.0,0.0,0.0,0.5,0.0638916147758326,0.6916206276879109,0.6488901001181572,-0.1661709524106928,-0.2356014825503297,1.3892925181825588,True,0.4058608834693539,0.8922118380062305,0.9171339563862928,0.9077881619937694,0.905711318795431
2022-12-23 00:00:00+00:00,0.0,0.0,0.0,0.0,0.0,0.0,0.0,0.0,-0.2658384228936573,-0.3414655588538266,-0.2793350430989928,-0.2182945887621037,-0.2356014825503297,-0.3836389340593552,True,-0.2950262798344474,0.7707165109034267,0.9171339563862928,0.8504672897196262,0.8461059190031152
2022-12-24 00:00:00+00:00,0.0,0.0,0.0,0.0,0.0,0.0,0.0,0.0,-0.2658384228936573,-0.3414655588538266,-0.2793350430989928,-0.2182945887621037,-0.2356014825503297,-0.3836389340593552,True,-0.2950262798344474,0.7707165109034267,0.9171339563862928,0.8504672897196262,0.8461059190031152
2022-12-25 00:00:00+00:00,0.0,0.0,0.0,0.0,0.0,0.0,0.0,0.0,-0.2658384228936573,-0.3414655588538266,-0.2793350430989928,-0.2182945887621037,-0.2356014825503297,-0.3836389340593552,True,-0.2950262798344474,0.7707165109034267,0.9171339563862928,0.8504672897196262,0.8461059190031152
2022-12-26 00:00:00+00:00,3.0,2.0,0.0,2460.0,0.0,0.0,0.0,0.0,0.2287566336105776,0.6916206276879109,-0.2793350430989928,6.1929126824614285,-0.2356014825503297,-0.3836389340593552,True,-0.1301612609997024,0.9096573208722741,0.9171339563862928,0.8504672897196262,0.8924195223260644
2022-12-27 00:00:00+00:00,1.0,1.0,1.0,24.0,0.0,0.0,0.0,1.0,-0.1009734040589123,0.1750775344170421,0.6488901001181572,-0.1557462251404107,-0.2356014825503297,3.1622239704244723,True,0.94188302793841,0.8510903426791278,0.9171339563862928,1.0,0.9227414330218068
2022-12-28 00:00:00+00:00,2.0,1.0,1.0,2.5,0.0,0.0,0.0,1.0,0.0638916147758326,0.1750775344170421,0.6488901001181572,-0.2117791342181773,-0.2356014825503297,3.1622239704244723,True,0.9968380342166584,0.8922118380062305,0.9171339563862928,1.0,0.9364485981308411
2022-12-29 00:00:00+00:00,1.0,1.0,0.0,0.0,0.0,1.0,0.0,0.0,-0.1009734040589123,0.1750775344170421,-0.2793350430989928,-0.2182945887621037,-0.2356014825503297,-0.3836389340593552,True,-0.240071273556199,0.8510903426791278,0.9171339563862928,0.8504672897196262,0.8728971962616822
2022-12-30 00:00:00+00:00,0.0,0.0,0.0,0.0,0.0,0.0,0.0,0.0,-0.2658384228936573,-0.3414655588538266,-0.2793350430989928,-0.2182945887621037,-0.2356014825503297,-0.3836389340593552,True,-0.2950262798344474,0.7707165109034267,0.9171339563862928,0.8504672897196262,0.8461059190031152
2022-12-31 00:00:00+00:00,0.0,0.0,0.0,0.0,0.0,0.0,0.0,0.0,-0.2658384228936573,-0.3414655588538266,-0.2793350430989928,-0.2182945887621037,-0.2356014825503297,-0.3836389340593552,True,-0.2950262798344474,0.7707165109034267,0.9171339563862928,0.8504672897196262,0.8461059190031152
2023-01-01 00:00:00+00:00,0.0,0.0,0.0,0.0,0.0,0.0,0.0,0.0,-0.2658384228936573,-0.3414655588538266,-0.2793350430989928,-0.2182945887621037,-0.2356014825503297,-0.3836389340593552,True,-0.2950262798344474,0.7707165109034267,0.9171339563862928,0.8504672897196262,0.8461059190031152
2023-01-02 00:00:00+00:00,0.0,0.0,0.0,0.0,0.0,0.0,0.0,0.0,-0.2658384228936573,-0.3414655588538266,-0.2793350430989928,-0.2182945887621037,-0.2356014825503297,-0.3836389340593552,True,-0.2950262798344474,0.7707165109034267,0.9171339563862928,0.8504672897196262,0.8461059190031152
2023-01-03 00:00:00+00:00,0.0,0.0,0.0,0.0,0.0,0.0,0.0,0.0,-0.2658384228936573,-0.3414655588538266,-0.2793350430989928,-0.2182945887621037,-0.2356014825503297,-0.3836389340593552,True,-0.2950262798344474,0.7707165109034267,0.9171339563862928,0.8504672897196262,0.8461059190031152
2023-01-04 00:00:00+00:00,0.0,0.0,0.0,0.0,0.0,0.0,0.0,0.0,-0.2658384228936573,-0.3414655588538266,-0.2793350430989928,-0.2182945887621037,-0.2356014825503297,-0.3836389340593552,True,-0.2950262798344474,0.7707165109034267,0.9171339563862928,0.8504672897196262,0.8461059190031152
2023-01-05 00:00:00+00:00,0.0,0.0,0.0,0.0,0.0,0.0,0.0,0.0,-0.2658384228936573,-0.3414655588538266,-0.2793350430989928,-0.2182945887621037,-0.2356014825503297,-0.3836389340593552,True,-0.2950262798344474,0.7707165109034267,0.9171339563862928,0.8504672897196262,0.8461059190031152
2023-01-06 00:00:00+00:00,1.0,1.0,1.0,8.0,0.0,0.0,0.0,1.0,-0.1009734040589123,0.1750775344170421,0.6488901001181572,-0.1974451342215393,-0.2356014825503297,3.1622239704244723,True,0.94188302793841,0.8510903426791278,0.9171339563862928,1.0,0.9227414330218068
2023-01-07 00:00:00+00:00,1.0,1.0,1.0,4.0,0.0,0.0,0.0,1.0,-0.1009734040589123,0.1750775344170421,0.6488901001181572,-0.2078698614918215,-0.2356014825503297,3.1622239704244723,True,0.94188302793841,0.8510903426791278,0.9171339563862928,1.0,0.9227414330218068
2023-01-08 00:00:00+00:00,0.0,0.0,0.0,0.0,0.0,0.0,0.0,0.0,-0.2658384228936573,-0.3414655588538266,-0.2793350430989928,-0.2182945887621037,-0.2356014825503297,-0.3836389340593552,True,-0.2950262798344474,0.7707165109034267,0.9171339563862928,0.8504672897196262,0.8461059190031152
2023-01-09 00:00:00+00:00,0.0,0.0,0.0,0.0,0.0,0.0,0.0,0.0,-0.2658384228936573,-0.3414655588538266,-0.2793350430989928,-0.2182945887621037,-0.2356014825503297,-0.3836389340593552,True,-0.2950262798344474,0.7707165109034267,0.9171339563862928,0.8504672897196262,0.8461059190031152
2023-01-10 00:00:00+00:00,0.0,0.0,0.0,0.0,0.0,0.0,0.0,0.0,-0.2658384228936573,-0.3414655588538266,-0.2793350430989928,-0.2182945887621037,-0.2356014825503297,-0.3836389340593552,True,-0.2950262798344474,0.7707165109034267,0.9171339563862928,0.8504672897196262,0.8461059190031152
2023-01-11 00:00:00+00:00,0.0,0.0,0.0,0.0,0.0,0.0,0.0,0.0,-0.2658384228936573,-0.3414655588538266,-0.2793350430989928,-0.2182945887621037,-0.2356014825503297,-0.3836389340593552,True,-0.2950262798344474,0.7707165109034267,0.9171339563862928,0.8504672897196262,0.8461059190031152
2023-01-12 00:00:00+00:00,2.0,2.0,2.0,47.0,0.5,0.0,0.0,1.0,0.0638916147758326,0.6916206276879109,1.5771152433353073,-0.0958040433362882,3.530700445147634,3.1622239704244723,True,2.25227201011598,0.8922118380062305,0.9862928348909658,1.0,0.9595015576323987
2023-01-13 00:00:00+00:00,0.0,0.0,0.0,0.0,0.0,0.0,0.0,0.0,-0.2658384228936573,-0.3414655588538266,-0.2793350430989928,-0.2182945887621037,-0.2356014825503297,-0.3836389340593552,True,-0.2950262798344474,0.7707165109034267,0.9171339563862928,0.8504672897196262,0.8461059190031152
2023-01-14 00:00:00+00:00,0.0,0.0,0.0,0.0,0.0,0.0,0.0,0.0,-0.2658384228936573,-0.3414655588538266,-0.2793350430989928,-0.2182945887621037,-0.2356014825503297,-0.3836389340593552,True,-0.2950262798344474,0.7707165109034267,0.9171339563862928,0.8504672897196262,0.8461059190031152
2023-01-15 00:00:00+00:00,2.0,1.0,1.0,44.0,0.0,0.0,0.0,1.0,0.0638916147758326,0.1750775344170421,0.6488901001181572,-0.1036225887889998,-0.2356014825503297,3.1622239704244723,True,0.9968380342166584,0.8922118380062305,0.9171339563862928,1.0,0.9364485981308411
2023-01-16 00:00:00+00:00,0.0,0.0,0.0,0.0,0.0,0.0,0.0,0.0,-0.2658384228936573,-0.3414655588538266,-0.2793350430989928,-0.2182945887621037,-0.2356014825503297,-0.3836389340593552,True,-0.2950262798344474,0.7707165109034267,0.9171339563862928,0.8504672897196262,0.8461059190031152
2023-01-17 00:00:00+00:00,0.0,0.0,0.0,0.0,0.0,0.0,0.0,0.0,-0.2658384228936573,-0.3414655588538266,-0.2793350430989928,-0.2182945887621037,-0.2356014825503297,-0.3836389340593552,True,-0.2950262798344474,0.7707165109034267,0.9171339563862928,0.8504672897196262,0.8461059190031152
2023-01-18 00:00:00+00:00,0.0,0.0,0.0,0.0,0.0,0.0,0.0,0.0,-0.2658384228936573,-0.3414655588538266,-0.2793350430989928,-0.2182945887621037,-0.2356014825503297,-0.3836389340593552,True,-0.2950262798344474,0.7707165109034267,0.9171339563862928,0.8504672897196262,0.8461059190031152
2023-01-19 00:00:00+00:00,0.0,0.0,0.0,0.0,0.0,0.0,0.0,0.0,-0.2658384228936573,-0.3414655588538266,-0.2793350430989928,-0.2182945887621037,-0.2356014825503297,-0.3836389340593552,True,-0.2950262798344474,0.7707165109034267,0.9171339563862928,0.8504672897196262,0.8461059190031152
2023-01-20 00:00:00+00:00,1.0,1.0,0.0,4.0,0.0,0.0,0.0,0.0,-0.1009734040589123,0.1750775344170421,-0.2793350430989928,-0.2078698614918215,-0.2356014825503297,-0.3836389340593552,True,-0.240071273556199,0.8510903426791278,0.9171339563862928,0.8504672897196262,0.8728971962616822
2023-01-21 00:00:00+00:00,0.0,0.0,0.0,0.0,0.0,0.0,0.0,0.0,-0.2658384228936573,-0.3414655588538266,-0.2793350430989928,-0.2182945887621037,-0.2356014825503297,-0.3836389340593552,True,-0.2950262798344474,0.7707165109034267,0.9171339563862928,0.8504672897196262,0.8461059190031152
2023-01-22 00:00:00+00:00,0.0,0.0,0.0,0.0,0.0,0.0,0.0,0.0,-0.2658384228936573,-0.3414655588538266,-0.2793350430989928,-0.2182945887621037,-0.2356014825503297,-0.3836389340593552,True,-0.2950262798344474,0.7707165109034267,0.9171339563862928,0.8504672897196262,0.8461059190031152
2023-01-23 00:00:00+00:00,0.0,0.0,0.0,0.0,0.0,0.0,0.0,0.0,-0.2658384228936573,-0.3414655588538266,-0.2793350430989928,-0.2182945887621037,-0.2356014825503297,-0.3836389340593552,True,-0.2950262798344474,0.7707165109034267,0.9171339563862928,0.8504672897196262,0.8461059190031152
2023-01-24 00:00:00+00:00,0.0,0.0,0.0,0.0,0.0,0.0,0.0,0.0,-0.2658384228936573,-0.3414655588538266,-0.2793350430989928,-0.2182945887621037,-0.2356014825503297,-0.3836389340593552,True,-0.2950262798344474,0.7707165109034267,0.9171339563862928,0.8504672897196262,0.8461059190031152
2023-01-25 00:00:00+00:00,0.0,0.0,0.0,0.0,0.0,0.0,0.0,0.0,-0.2658384228936573,-0.3414655588538266,-0.2793350430989928,-0.2182945887621037,-0.2356014825503297,-0.3836389340593552,True,-0.2950262798344474,0.7707165109034267,0.9171339563862928,0.8504672897196262,0.8461059190031152
2023-01-26 00:00:00+00:00,0.0,0.0,0.0,0.0,0.0,0.0,0.0,0.0,-0.2658384228936573,-0.3414655588538266,-0.2793350430989928,-0.2182945887621037,-0.2356014825503297,-0.3836389340593552,True,-0.2950262798344474,0.7707165109034267,0.9171339563862928,0.8504672897196262,0.8461059190031152
2023-01-27 00:00:00+00:00,0.0,0.0,0.0,0.0,0.0,0.0,0.0,0.0,-0.2658384228936573,-0.3414655588538266,-0.2793350430989928,-0.2182945887621037,-0.2356014825503297,-0.3836389340593552,True,-0.2950262798344474,0.7707165109034267,0.9171339563862928,0.8504672897196262,0.8461059190031152
2023-01-28 00:00:00+00:00,0.0,0.0,0.0,0.0,0.0,0.0,0.0,0.0,-0.2658384228936573,-0.3414655588538266,-0.2793350430989928,-0.2182945887621037,-0.2356014825503297,-0.3836389340593552,True,-0.2950262798344474,0.7707165109034267,0.9171339563862928,0.8504672897196262,0.8461059190031152
2023-01-29 00:00:00+00:00,0.0,0.0,0.0,0.0,0.0,0.0,0.0,0.0,-0.2658384228936573,-0.3414655588538266,-0.2793350430989928,-0.2182945887621037,-0.2356014825503297,-0.3836389340593552,True,-0.2950262798344474,0.7707165109034267,0.9171339563862928,0.8504672897196262,0.8461059190031152
2023-01-30 00:00:00+00:00,0.0,0.0,0.0,0.0,0.0,0.0,0.0,0.0,-0.2658384228936573,-0.3414655588538266,-0.2793350430989928,-0.2182945887621037,-0.2356014825503297,-0.3836389340593552,True,-0.2950262798344474,0.7707165109034267,0.9171339563862928,0.8504672897196262,0.8461059190031152
2023-01-31 00:00:00+00:00,0.0,0.0,0.0,0.0,0.0,0.0,0.0,0.0,-0.2658384228936573,-0.3414655588538266,-0.2793350430989928,-0.2182945887621037,-0.2356014825503297,-0.3836389340593552,True,-0.2950262798344474,0.7707165109034267,0.9171339563862928,0.8504672897196262,0.8461059190031152
2023-02-01 00:00:00+00:00,0.0,0.0,0.0,0.0,0.0,0.0,0.0,0.0,-0.2658384228936573,-0.3414655588538266,-0.2793350430989928,-0.2182945887621037,-0.2356014825503297,-0.3836389340593552,True,-0.2950262798344474,0.7707165109034267,0.9171339563862928,0.8504672897196262,0.8461059190031152
2023-02-02 00:00:00+00:00,0.0,0.0,0.0,0.0,0.0,0.0,0.0,0.0,-0.2658384228936573,-0.3414655588538266,-0.2793350430989928,-0.2182945887621037,-0.2356014825503297,-0.3836389340593552,True,-0.2950262798344474,0.7707165109034267,0.9171339563862928,0.8504672897196262,0.8461059190031152
2023-02-03 00:00:00+00:00,0.0,0.0,0.0,0.0,0.0,0.0,0.0,0.0,-0.2658384228936573,-0.3414655588538266,-0.2793350430989928,-0.2182945887621037,-0.2356014825503297,-0.3836389340593552,True,-0.2950262798344474,0.7707165109034267,0.9171339563862928,0.8504672897196262,0.8461059190031152
2023-02-04 00:00:00+00:00,0.0,0.0,0.0,0.0,0.0,0.0,0.0,0.0,-0.2658384228936573,-0.3414655588538266,-0.2793350430989928,-0.2182945887621037,-0.2356014825503297,-0.3836389340593552,True,-0.2950262798344474,0.7707165109034267,0.9171339563862928,0.8504672897196262,0.8461059190031152
2023-02-05 00:00:00+00:00,0.0,0.0,0.0,0.0,0.0,0.0,0.0,0.0,-0.2658384228936573,-0.3414655588538266,-0.2793350430989928,-0.2182945887621037,-0.2356014825503297,-0.3836389340593552,True,-0.2950262798344474,0.7707165109034267,0.9171339563862928,0.8504672897196262,0.8461059190031152
2023-02-06 00:00:00+00:00,0.0,0.0,0.0,0.0,0.0,0.0,0.0,0.0,-0.2658384228936573,-0.3414655588538266,-0.2793350430989928,-0.2182945887621037,-0.2356014825503297,-0.3836389340593552,True,-0.2950262798344474,0.7707165109034267,0.9171339563862928,0.8504672897196262,0.8461059190031152
2023-02-07 00:00:00+00:00,0.0,0.0,0.0,0.0,0.0,0.0,0.0,0.0,-0.2658384228936573,-0.3414655588538266,-0.2793350430989928,-0.2182945887621037,-0.2356014825503297,-0.3836389340593552,True,-0.2950262798344474,0.7707165109034267,0.9171339563862928,0.8504672897196262,0.8461059190031152
2023-02-08 00:00:00+00:00,7.0,4.0,3.0,2056.5,0.2857142857142857,0.1428571428571428,0.0,0.75,0.8882167089495575,1.7247068142296484,2.505340386552457,5.141318319071715,1.916571047562792,2.275758244303516,True,1.6935153336052882,0.9451713395638629,0.9570093457943926,0.92398753894081,0.9420560747663552
2023-02-09 00:00:00+00:00,0.0,0.0,0.0,0.0,0.0,0.0,0.0,0.0,-0.2658384228936573,-0.3414655588538266,-0.2793350430989928,-0.2182945887621037,-0.2356014825503297,-0.3836389340593552,True,-0.2950262798344474,0.7707165109034267,0.9171339563862928,0.8504672897196262,0.8461059190031152
2023-02-10 00:00:00+00:00,0.0,0.0,0.0,0.0,0.0,0.0,0.0,0.0,-0.2658384228936573,-0.3414655588538266,-0.2793350430989928,-0.2182945887621037,-0.2356014825503297,-0.3836389340593552,True,-0.2950262798344474,0.7707165109034267,0.9171339563862928,0.8504672897196262,0.8461059190031152
2023-02-11 00:00:00+00:00,0.0,0.0,0.0,0.0,0.0,0.0,0.0,0.0,-0.2658384228936573,-0.3414655588538266,-0.2793350430989928,-0.2182945887621037,-0.2356014825503297,-0.3836389340593552,True,-0.2950262798344474,0.7707165109034267,0.9171339563862928,0.8504672897196262,0.8461059190031152
2023-02-12 00:00:00+00:00,0.0,0.0,0.0,0.0,0.0,0.0,0.0,0.0,-0.2658384228936573,-0.3414655588538266,-0.2793350430989928,-0.2182945887621037,-0.2356014825503297,-0.3836389340593552,True,-0.2950262798344474,0.7707165109034267,0.9171339563862928,0.8504672897196262,0.8461059190031152
2023-02-13 00:00:00+00:00,0.0,0.0,0.0,0.0,0.0,0.0,0.0,0.0,-0.2658384228936573,-0.3414655588538266,-0.2793350430989928,-0.2182945887621037,-0.2356014825503297,-0.3836389340593552,True,-0.2950262798344474,0.7707165109034267,0.9171339563862928,0.8504672897196262,0.8461059190031152
2023-02-14 00:00:00+00:00,0.0,0.0,0.0,0.0,0.0,0.0,0.0,0.0,-0.2658384228936573,-0.3414655588538266,-0.2793350430989928,-0.2182945887621037,-0.2356014825503297,-0.3836389340593552,True,-0.2950262798344474,0.7707165109034267,0.9171339563862928,0.8504672897196262,0.8461059190031152
2023-02-15 00:00:00+00:00,0.0,0.0,0.0,0.0,0.0,0.0,0.0,0.0,-0.2658384228936573,-0.3414655588538266,-0.2793350430989928,-0.2182945887621037,-0.2356014825503297,-0.3836389340593552,True,-0.2950262798344474,0.7707165109034267,0.9171339563862928,0.8504672897196262,0.8461059190031152
2023-02-16 00:00:00+00:00,0.0,0.0,0.0,0.0,0.0,0.0,0.0,0.0,-0.2658384228936573,-0.3414655588538266,-0.2793350430989928,-0.2182945887621037,-0.2356014825503297,-0.3836389340593552,True,-0.2950262798344474,0.7707165109034267,0.9171339563862928,0.8504672897196262,0.8461059190031152
2023-02-17 00:00:00+00:00,0.0,0.0,0.0,0.0,0.0,0.0,0.0,0.0,-0.2658384228936573,-0.3414655588538266,-0.2793350430989928,-0.2182945887621037,-0.2356014825503297,-0.3836389340593552,True,-0.2950262798344474,0.7707165109034267,0.9171339563862928,0.8504672897196262,0.8461059190031152
2023-02-18 00:00:00+00:00,8.0,2.0,2.0,198.375,0.0,0.0,0.0,1.0,1.0530817277843023,0.6916206276879109,1.5771152433353073,0.2987067292984525,-0.2356014825503297,3.1622239704244723,True,1.3265680718861483,0.9514018691588785,0.9171339563862928,1.0,0.9561786085150571
2023-02-19 00:00:00+00:00,0.0,0.0,0.0,0.0,0.0,0.0,0.0,0.0,-0.2658384228936573,-0.3414655588538266,-0.2793350430989928,-0.2182945887621037,-0.2356014825503297,-0.3836389340593552,True,-0.2950262798344474,0.7707165109034267,0.9171339563862928,0.8504672897196262,0.8461059190031152
2023-02-20 00:00:00+00:00,0.0,0.0,0.0,0.0,0.0,0.0,0.0,0.0,-0.2658384228936573,-0.3414655588538266,-0.2793350430989928,-0.2182945887621037,-0.2356014825503297,-0.3836389340593552,True,-0.2950262798344474,0.7707165109034267,0.9171339563862928,0.8504672897196262,0.8461059190031152
2023-02-21 00:00:00+00:00,3.0,1.0,0.0,67.0,0.0,0.0,0.0,0.0,0.2287566336105776,0.1750775344170421,-0.2793350430989928,-0.0436804069848774,-0.2356014825503297,-0.3836389340593552,True,-0.1301612609997024,0.9096573208722741,0.9171339563862928,0.8504672897196262,0.8924195223260644
2023-02-22 00:00:00+00:00,0.0,0.0,0.0,0.0,0.0,0.0,0.0,0.0,-0.2658384228936573,-0.3414655588538266,-0.2793350430989928,-0.2182945887621037,-0.2356014825503297,-0.3836389340593552,True,-0.2950262798344474,0.7707165109034267,0.9171339563862928,0.8504672897196262,0.8461059190031152
2023-02-23 00:00:00+00:00,2.0,2.0,1.0,365.0,0.0,0.0,0.0,0.5,0.0638916147758326,0.6916206276879109,0.6488901001181572,0.7329617746511439,-0.2356014825503297,1.3892925181825588,True,0.4058608834693539,0.8922118380062305,0.9171339563862928,0.9077881619937694,0.905711318795431
2023-02-24 00:00:00+00:00,0.0,0.0,0.0,0.0,0.0,0.0,0.0,0.0,-0.2658384228936573,-0.3414655588538266,-0.2793350430989928,-0.2182945887621037,-0.2356014825503297,-0.3836389340593552,True,-0.2950262798344474,0.7707165109034267,0.9171339563862928,0.8504672897196262,0.8461059190031152
2023-02-25 00:00:00+00:00,0.0,0.0,0.0,0.0,0.0,0.0,0.0,0.0,-0.2658384228936573,-0.3414655588538266,-0.2793350430989928,-0.2182945887621037,-0.2356014825503297,-0.3836389340593552,True,-0.2950262798344474,0.7707165109034267,0.9171339563862928,0.8504672897196262,0.8461059190031152
2023-02-26 00:00:00+00:00,0.0,0.0,0.0,0.0,0.0,0.0,0.0,0.0,-0.2658384228936573,-0.3414655588538266,-0.2793350430989928,-0.2182945887621037,-0.2356014825503297,-0.3836389340593552,True,-0.2950262798344474,0.7707165109034267,0.9171339563862928,0.8504672897196262,0.8461059190031152
2023-02-27 00:00:00+00:00,0.0,0.0,0.0,0.0,0.0,0.0,0.0,0.0,-0.2658384228936573,-0.3414655588538266,-0.2793350430989928,-0.2182945887621037,-0.2356014825503297,-0.3836389340593552,True,-0.2950262798344474,0.7707165109034267,0.9171339563862928,0.8504672897196262,0.8461059190031152
2023-02-28 00:00:00+00:00,0.0,0.0,0.0,0.0,0.0,0.0,0.0,0.0,-0.2658384228936573,-0.3414655588538266,-0.2793350430989928,-0.2182945887621037,-0.2356014825503297,-0.3836389340593552,True,-0.2950262798344474,0.7707165109034267,0.9171339563862928,0.8504672897196262,0.8461059190031152
2023-03-01 00:00:00+00:00,0.0,0.0,0.0,0.0,0.0,0.0,0.0,0.0,-0.2658384228936573,-0.3414655588538266,-0.2793350430989928,-0.2182945887621037,-0.2356014825503297,-0.3836389340593552,True,-0.2950262798344474,0.7707165109034267,0.9171339563862928,0.8504672897196262,0.8461059190031152
2023-03-02 00:00:00+00:00,0.0,0.0,0.0,0.0,0.0,0.0,0.0,0.0,-0.2658384228936573,-0.3414655588538266,-0.2793350430989928,-0.2182945887621037,-0.2356014825503297,-0.3836389340593552,True,-0.2950262798344474,0.7707165109034267,0.9171339563862928,0.8504672897196262,0.8461059190031152
2023-03-03 00:00:00+00:00,0.0,0.0,0.0,0.0,0.0,0.0,0.0,0.0,-0.2658384228936573,-0.3414655588538266,-0.2793350430989928,-0.2182945887621037,-0.2356014825503297,-0.3836389340593552,True,-0.2950262798344474,0.7707165109034267,0.9171339563862928,0.8504672897196262,0.8461059190031152
2023-03-04 00:00:00+00:00,0.0,0.0,0.0,0.0,0.0,0.0,0.0,0.0,-0.2658384228936573,-0.3414655588538266,-0.2793350430989928,-0.2182945887621037,-0.2356014825503297,-0.3836389340593552,True,-0.2950262798344474,0.7707165109034267,0.9171339563862928,0.8504672897196262,0.8461059190031152
2023-03-05 00:00:00+00:00,0.0,0.0,0.0,0.0,0.0,0.0,0.0,0.0,-0.2658384228936573,-0.3414655588538266,-0.2793350430989928,-0.2182945887621037,-0.2356014825503297,-0.3836389340593552,True,-0.2950262798344474,0.7707165109034267,0.9171339563862928,0.8504672897196262,0.8461059190031152
2023-03-06 00:00:00+00:00,0.0,0.0,0.0,0.0,0.0,0.0,0.0,0.0,-0.2658384228936573,-0.3414655588538266,-0.2793350430989928,-0.2182945887621037,-0.2356014825503297,-0.3836389340593552,True,-0.2950262798344474,0.7707165109034267,0.9171339563862928,0.8504672897196262,0.8461059190031152
2023-03-07 00:00:00+00:00,0.0,0.0,0.0,0.0,0.0,0.0,0.0,0.0,-0.2658384228936573,-0.3414655588538266,-0.2793350430989928,-0.2182945887621037,-0.2356014825503297,-0.3836389340593552,True,-0.2950262798344474,0.7707165109034267,0.9171339563862928,0.8504672897196262,0.8461059190031152
2023-03-08 00:00:00+00:00,0.0,0.0,0.0,0.0,0.0,0.0,0.0,0.0,-0.2658384228936573,-0.3414655588538266,-0.2793350430989928,-0.2182945887621037,-0.2356014825503297,-0.3836389340593552,True,-0.2950262798344474,0.7707165109034267,0.9171339563862928,0.8504672897196262,0.8461059190031152
2023-03-09 00:00:00+00:00,0.0,0.0,0.0,0.0,0.0,0.0,0.0,0.0,-0.2658384228936573,-0.3414655588538266,-0.2793350430989928,-0.2182945887621037,-0.2356014825503297,-0.3836389340593552,True,-0.2950262798344474,0.7707165109034267,0.9171339563862928,0.8504672897196262,0.8461059190031152
2023-03-10 00:00:00+00:00,0.0,0.0,0.0,0.0,0.0,0.0,0.0,0.0,-0.2658384228936573,-0.3414655588538266,-0.2793350430989928,-0.2182945887621037,-0.2356014825503297,-0.3836389340593552,True,-0.2950262798344474,0.7707165109034267,0.9171339563862928,0.8504672897196262,0.8461059190031152
2023-03-11 00:00:00+00:00,0.0,0.0,0.0,0.0,0.0,0.0,0.0,0.0,-0.2658384228936573,-0.3414655588538266,-0.2793350430989928,-0.2182945887621037,-0.2356014825503297,-0.3836389340593552,True,-0.2950262798344474,0.7707165109034267,0.9171339563862928,0.8504672897196262,0.8461059190031152
2023-03-12 00:00:00+00:00,1.0,1.0,0.0,5.0,0.0,0.0,0.0,0.0,-0.1009734040589123,0.1750775344170421,-0.2793350430989928,-0.205263679674251,-0.2356014825503297,-0.3836389340593552,True,-0.240071273556199,0.8510903426791278,0.9171339563862928,0.8504672897196262,0.8728971962616822
2023-03-13 00:00:00+00:00,0.0,0.0,0.0,0.0,0.0,0.0,0.0,0.0,-0.2658384228936573,-0.3414655588538266,-0.2793350430989928,-0.2182945887621037,-0.2356014825503297,-0.3836389340593552,True,-0.2950262798344474,0.7707165109034267,0.9171339563862928,0.8504672897196262,0.8461059190031152
2023-03-14 00:00:00+00:00,0.0,0.0,0.0,0.0,0.0,0.0,0.0,0.0,-0.2658384228936573,-0.3414655588538266,-0.2793350430989928,-0.2182945887621037,-0.2356014825503297,-0.3836389340593552,True,-0.2950262798344474,0.7707165109034267,0.9171339563862928,0.8504672897196262,0.8461059190031152
2023-03-15 00:00:00+00:00,0.0,0.0,0.0,0.0,0.0,0.0,0.0,0.0,-0.2658384228936573,-0.3414655588538266,-0.2793350430989928,-0.2182945887621037,-0.2356014825503297,-0.3836389340593552,True,-0.2950262798344474,0.7707165109034267,0.9171339563862928,0.8504672897196262,0.8461059190031152
2023-03-16 00:00:00+00:00,0.0,0.0,0.0,0.0,0.0,0.0,0.0,0.0,-0.2658384228936573,-0.3414655588538266,-0.2793350430989928,-0.2182945887621037,-0.2356014825503297,-0.3836389340593552,True,-0.2950262798344474,0.7707165109034267,0.9171339563862928,0.8504672897196262,0.8461059190031152
2023-03-17 00:00:00+00:00,0.0,0.0,0.0,0.0,0.0,0.0,0.0,0.0,-0.2658384228936573,-0.3414655588538266,-0.2793350430989928,-0.2182945887621037,-0.2356014825503297,-0.3836389340593552,True,-0.2950262798344474,0.7707165109034267,0.9171339563862928,0.8504672897196262,0.8461059190031152
2023-03-18 00:00:00+00:00,1.0,1.0,1.0,331.0,0.0,0.0,0.0,1.0,-0.1009734040589123,0.1750775344170421,0.6488901001181572,0.6443515928537455,-0.2356014825503297,3.1622239704244723,True,0.94188302793841,0.8510903426791278,0.9171339563862928,1.0,0.9227414330218068
2023-03-19 00:00:00+00:00,1.0,1.0,0.0,373.0,0.0,0.0,0.0,0.0,-0.1009734040589123,0.1750775344170421,-0.2793350430989928,0.7538112291917082,-0.2356014825503297,-0.3836389340593552,True,-0.240071273556199,0.8510903426791278,0.9171339563862928,0.8504672897196262,0.8728971962616822
2023-03-20 00:00:00+00:00,3.0,1.0,0.0,1990.3333333333333,0.3333333333333333,0.0,0.0,0.0,0.2287566336105776,0.1750775344170421,-0.2793350430989928,4.968875955475798,2.2752664692483124,-0.3836389340593552,True,0.7067947229331782,0.9096573208722741,0.9619937694704049,0.8504672897196262,0.9073727933541017
2023-03-21 00:00:00+00:00,2.0,2.0,2.0,11.0,0.5,0.0,0.0,1.0,0.0638916147758326,0.6916206276879109,1.5771152433353073,-0.1896265887688277,3.530700445147634,3.1622239704244723,True,2.25227201011598,0.8922118380062305,0.9862928348909658,1.0,0.9595015576323987
2023-03-22 00:00:00+00:00,2.0,2.0,1.0,21.0,0.5,0.0,0.0,0.5,0.0638916147758326,0.6916206276879109,0.6488901001181572,-0.1635647705931223,3.530700445147634,1.3892925181825588,True,1.661294859368675,0.8922118380062305,0.9862928348909658,0.9077881619937694,0.9287642782969886
2023-03-23 00:00:00+00:00,11.0,4.0,0.0,245.9090909090909,0.0909090909090909,0.0,0.0,0.0,1.5476767842885373,1.7247068142296484,-0.2793350430989928,0.4225892127404703,0.4491806861220272,-0.3836389340593552,True,0.5377395121170698,0.9607476635514018,0.9333333333333333,0.8504672897196262,0.9148494288681205
2023-03-24 00:00:00+00:00,7.0,4.0,1.0,702.4285714285714,0.2857142857142857,0.0,0.0,0.25,0.8882167089495575,1.7247068142296484,0.6488901001181572,1.6123619822370896,1.916571047562792,0.5028267920616017,True,1.1025381828579837,0.9451713395638629,0.9570093457943926,0.8635514018691589,0.9219106957424715
2023-03-25 00:00:00+00:00,0.0,0.0,0.0,0.0,0.0,0.0,0.0,0.0,-0.2658384228936573,-0.3414655588538266,-0.2793350430989928,-0.2182945887621037,-0.2356014825503297,-0.3836389340593552,True,-0.2950262798344474,0.7707165109034267,0.9171339563862928,0.8504672897196262,0.8461059190031152
2023-03-26 00:00:00+00:00,3.0,1.0,0.0,198.3333333333333,0.0,0.0,0.0,0.0,0.2287566336105776,0.1750775344170421,-0.2793350430989928,0.298598138389387,-0.2356014825503297,-0.3836389340593552,True,-0.1301612609997024,0.9096573208722741,0.9171339563862928,0.8504672897196262,0.8924195223260644
2023-03-27 00:00:00+00:00,2.0,2.0,0.0,406.0,0.5,0.0,0.0,0.0,0.0638916147758326,0.6916206276879109,-0.2793350430989928,0.8398152291715361,3.530700445147634,-0.3836389340593552,True,1.0703177086213704,0.8922118380062305,0.9862928348909658,0.8504672897196262,0.9096573208722741
2023-03-28 00:00:00+00:00,2.0,2.0,0.0,721.5,0.5,0.0,0.0,0.0,0.0638916147758326,0.6916206276879109,-0.2793350430989928,1.6620655926150418,3.530700445147634,-0.3836389340593552,True,1.0703177086213704,0.8922118380062305,0.9862928348909658,0.8504672897196262,0.9096573208722741
2023-03-29 00:00:00+00:00,1.0,1.0,0.0,825.0,0.0,0.0,0.0,0.0,-0.1009734040589123,0.1750775344170421,-0.2793350430989928,1.931805410733593,-0.2356014825503297,-0.3836389340593552,True,-0.240071273556199,0.8510903426791278,0.9171339563862928,0.8504672897196262,0.8728971962616822
2023-03-30 00:00:00+00:00,5.0,2.0,1.0,369.0,0.2,0.2,0.0,0.5,0.5584866712800676,0.6916206276879109,0.6488901001181572,0.7433865019214261,1.2709192885288558,1.3892925181825588,True,1.0728994926638271,0.9302180685358256,0.946417445482866,0.9077881619937694,0.928141225337487
2023-03-31 00:00:00+00:00,22.0,5.0,1.0,158.52380952380952,0.0454545454545454,0.0454545454545454,0.0,0.2,3.361191991470732,2.241249907500517,0.6488901001181572,0.1948472812708645,0.1067896017858483,0.3255336468374104,True,1.2645050800313302,0.9775700934579439,0.9233644859813084,0.8579439252336448,0.919626168224299
2023-04-01 00:00:00+00:00,32.0,5.0,0.0,564.75,0.03125,0.0,0.0,0.0,5.009842179818182,2.241249907500517,-0.2793350430989928,1.2535465927108596,-0.0002076120692069,-0.3836389340593552,True,1.5419985445632065,0.9906542056074766,0.9190031152647975,0.8504672897196262,0.9200415368639668
2023-04-02 00:00:00+00:00,19.0,4.0,1.0,148.55555555555554,0.0,0.0526315789473684,0.0,0.25,2.866596934966497,1.7247068142296484,0.6488901001181572,0.1688681990258756,-0.2356014825503297,0.5028267920616017,True,1.044607414825923,0.9757009345794393,0.9171339563862928,0.8635514018691589,0.9187954309449636
2023-04-03 00:00:00+00:00,16.0,3.0,0.0,508.8666666666667,0.0625,0.0625,0.0,0.0,2.372001878462262,1.2081637209587797,-0.2793350430989928,1.1079044654722925,0.2351862584119157,-0.3836389340593552,True,0.7411830676049408,0.9707165109034268,0.9264797507788162,0.8504672897196262,0.9158878504672897
2023-04-04 00:00:00+00:00,7.0,2.0,0.0,83.71428571428571,0.0,0.0,0.0,0.0,0.8882167089495575,0.6916206276879109,-0.2793350430989928,-0.0001199394626269,-0.2356014825503297,-0.3836389340593552,True,0.0896587641132908,0.9451713395638629,0.9171339563862928,0.8504672897196262,0.9042575285565939
2023-04-05 00:00:00+00:00,7.0,4.0,0.0,26.142857142857142,0.0,0.0,0.0,0.0,0.8882167089495575,1.7247068142296484,-0.2793350430989928,-0.1501615498170452,-0.2356014825503297,-0.3836389340593552,True,0.0896587641132908,0.9451713395638629,0.9171339563862928,0.8504672897196262,0.9042575285565939
2023-04-06 00:00:00+00:00,0.0,0.0,0.0,0.0,0.0,0.0,0.0,0.0,-0.2658384228936573,-0.3414655588538266,-0.2793350430989928,-0.2182945887621037,-0.2356014825503297,-0.3836389340593552,True,-0.2950262798344474,0.7707165109034267,0.9171339563862928,0.8504672897196262,0.8461059190031152
2023-04-07 00:00:00+00:00,0.0,0.0,0.0,0.0,0.0,0.0,0.0,0.0,-0.2658384228936573,-0.3414655588538266,-0.2793350430989928,-0.2182945887621037,-0.2356014825503297,-0.3836389340593552,True,-0.2950262798344474,0.7707165109034267,0.9171339563862928,0.8504672897196262,0.8461059190031152
2023-04-08 00:00:00+00:00,0.0,0.0,0.0,0.0,0.0,0.0,0.0,0.0,-0.2658384228936573,-0.3414655588538266,-0.2793350430989928,-0.2182945887621037,-0.2356014825503297,-0.3836389340593552,True,-0.2950262798344474,0.7707165109034267,0.9171339563862928,0.8504672897196262,0.8461059190031152
2023-04-09 00:00:00+00:00,0.0,0.0,0.0,0.0,0.0,0.0,0.0,0.0,-0.2658384228936573,-0.3414655588538266,-0.2793350430989928,-0.2182945887621037,-0.2356014825503297,-0.3836389340593552,True,-0.2950262798344474,0.7707165109034267,0.9171339563862928,0.8504672897196262,0.8461059190031152
2023-04-10 00:00:00+00:00,0.0,0.0,0.0,0.0,0.0,0.0,0.0,0.0,-0.2658384228936573,-0.3414655588538266,-0.2793350430989928,-0.2182945887621037,-0.2356014825503297,-0.3836389340593552,True,-0.2950262798344474,0.7707165109034267,0.9171339563862928,0.8504672897196262,0.8461059190031152
2023-04-11 00:00:00+00:00,1.0,1.0,1.0,5.0,0.0,0.0,0.0,1.0,-0.1009734040589123,0.1750775344170421,0.6488901001181572,-0.205263679674251,-0.2356014825503297,3.1622239704244723,True,0.94188302793841,0.8510903426791278,0.9171339563862928,1.0,0.9227414330218068
2023-04-12 00:00:00+00:00,4.0,4.0,1.0,220.0,0.5,0.0,0.0,0.25,0.3936216524453225,1.7247068142296484,0.6488901001181572,0.3550654111034154,3.530700445147634,0.5028267920616017,True,1.4757162965515194,0.9227414330218069,0.9862928348909658,0.8635514018691589,0.9241952232606438
2023-04-13 00:00:00+00:00,0.0,0.0,0.0,0.0,0.0,0.0,0.0,0.0,-0.2658384228936573,-0.3414655588538266,-0.2793350430989928,-0.2182945887621037,-0.2356014825503297,-0.3836389340593552,True,-0.2950262798344474,0.7707165109034267,0.9171339563862928,0.8504672897196262,0.8461059190031152
2023-04-14 00:00:00+00:00,2.0,2.0,0.0,75.0,0.0,0.5,0.0,0.0,0.0638916147758326,0.6916206276879109,-0.2793350430989928,-0.022830952444313,-0.2356014825503297,-0.3836389340593552,True,-0.1851162672779507,0.8922118380062305,0.9171339563862928,0.8504672897196262,0.8866043613707165
2023-04-15 00:00:00+00:00,0.0,0.0,0.0,0.0,0.0,0.0,0.0,0.0,-0.2658384228936573,-0.3414655588538266,-0.2793350430989928,-0.2182945887621037,-0.2356014825503297,-0.3836389340593552,True,-0.2950262798344474,0.7707165109034267,0.9171339563862928,0.8504672897196262,0.8461059190031152
2023-04-16 00:00:00+00:00,0.0,0.0,0.0,0.0,0.0,0.0,0.0,0.0,-0.2658384228936573,-0.3414655588538266,-0.2793350430989928,-0.2182945887621037,-0.2356014825503297,-0.3836389340593552,True,-0.2950262798344474,0.7707165109034267,0.9171339563862928,0.8504672897196262,0.8461059190031152
2023-04-17 00:00:00+00:00,2.0,2.0,1.0,19.0,0.5,0.0,0.0,0.5,0.0638916147758326,0.6916206276879109,0.6488901001181572,-0.1687771342282634,3.530700445147634,1.3892925181825588,True,1.661294859368675,0.8922118380062305,0.9862928348909658,0.9077881619937694,0.9287642782969886
2023-04-18 00:00:00+00:00,0.0,0.0,0.0,0.0,0.0,0.0,0.0,0.0,-0.2658384228936573,-0.3414655588538266,-0.2793350430989928,-0.2182945887621037,-0.2356014825503297,-0.3836389340593552,True,-0.2950262798344474,0.7707165109034267,0.9171339563862928,0.8504672897196262,0.8461059190031152
2023-04-19 00:00:00+00:00,0.0,0.0,0.0,0.0,0.0,0.0,0.0,0.0,-0.2658384228936573,-0.3414655588538266,-0.2793350430989928,-0.2182945887621037,-0.2356014825503297,-0.3836389340593552,True,-0.2950262798344474,0.7707165109034267,0.9171339563862928,0.8504672897196262,0.8461059190031152
2023-04-20 00:00:00+00:00,0.0,0.0,0.0,0.0,0.0,0.0,0.0,0.0,-0.2658384228936573,-0.3414655588538266,-0.2793350430989928,-0.2182945887621037,-0.2356014825503297,-0.3836389340593552,True,-0.2950262798344474,0.7707165109034267,0.9171339563862928,0.8504672897196262,0.8461059190031152
2023-04-21 00:00:00+00:00,37.0,3.0,0.0,289.9189189189189,0.081081081081081,0.0,0.0,0.0,5.834167273991906,1.2081637209587797,-0.2793350430989928,0.5372868262940909,0.3751501814006908,-0.3836389340593552,True,1.9418928404444136,0.994392523364486,0.9302180685358256,0.8504672897196262,0.9250259605399792
2023-04-22 00:00:00+00:00,2.0,1.0,0.0,8.0,0.0,0.0,0.0,0.0,0.0638916147758326,0.1750775344170421,-0.2793350430989928,-0.1974451342215393,-0.2356014825503297,-0.3836389340593552,True,-0.1851162672779507,0.8922118380062305,0.9171339563862928,0.8504672897196262,0.8866043613707165
2023-04-23 00:00:00+00:00,6.0,1.0,0.0,429.3333333333333,0.0,0.0,0.0,0.0,0.7233516901148125,0.1750775344170421,-0.2793350430989928,0.9006261382481822,-0.2356014825503297,-0.3836389340593552,True,0.0347037578350425,0.9383177570093458,0.9171339563862928,0.8504672897196262,0.9019730010384216
2023-04-24 00:00:00+00:00,12.0,4.0,0.0,129.1,0.0833333333333333,0.1666666666666666,0.0,0.0,1.7125418031232822,1.7247068142296484,-0.2793350430989928,0.1181634838862532,0.3921155053993306,-0.3836389340593552,True,0.5736727914877525,0.9644859813084112,0.9314641744548287,0.8504672897196262,0.915472481827622
2023-04-25 00:00:00+00:00,1.0,1.0,0.0,31.0,0.0,0.0,0.0,0.0,-0.1009734040589123,0.1750775344170421,-0.2793350430989928,-0.1375029524174169,-0.2356014825503297,-0.3836389340593552,True,-0.240071273556199,0.8510903426791278,0.9171339563862928,0.8504672897196262,0.8728971962616822
2023-04-26 00:00:00+00:00,3.0,3.0,3.0,13.666666666666666,0.3333333333333333,0.0,0.0,1.0,0.2287566336105776,1.2081637209587797,2.505340386552457,-0.1826767705886396,2.2752664692483124,3.1622239704244723,True,1.8887490244277876,0.9096573208722741,0.9619937694704049,1.0,0.9572170301142263
2023-04-27 00:00:00+00:00,0.0,0.0,0.0,0.0,0.0,0.0,0.0,0.0,-0.2658384228936573,-0.3414655588538266,-0.2793350430989928,-0.2182945887621037,-0.2356014825503297,-0.3836389340593552,True,-0.2950262798344474,0.7707165109034267,0.9171339563862928,0.8504672897196262,0.8461059190031152
2023-04-28 00:00:00+00:00,0.0,0.0,0.0,0.0,0.0,0.0,0.0,0.0,-0.2658384228936573,-0.3414655588538266,-0.2793350430989928,-0.2182945887621037,-0.2356014825503297,-0.3836389340593552,True,-0.2950262798344474,0.7707165109034267,0.9171339563862928,0.8504672897196262,0.8461059190031152
2023-04-29 00:00:00+00:00,0.0,0.0,0.0,0.0,0.0,0.0,0.0,0.0,-0.2658384228936573,-0.3414655588538266,-0.2793350430989928,-0.2182945887621037,-0.2356014825503297,-0.3836389340593552,True,-0.2950262798344474,0.7707165109034267,0.9171339563862928,0.8504672897196262,0.8461059190031152
2023-04-30 00:00:00+00:00,0.0,0.0,0.0,0.0,0.0,0.0,0.0,0.0,-0.2658384228936573,-0.3414655588538266,-0.2793350430989928,-0.2182945887621037,-0.2356014825503297,-0.3836389340593552,True,-0.2950262798344474,0.7707165109034267,0.9171339563862928,0.8504672897196262,0.8461059190031152
2023-05-01 00:00:00+00:00,2.0,2.0,1.0,2595.0,0.5,0.0,0.0,0.5,0.0638916147758326,0.6916206276879109,0.6488901001181572,6.544747227833451,3.530700445147634,1.3892925181825588,True,1.661294859368675,0.8922118380062305,0.9862928348909658,0.9077881619937694,0.9287642782969886
2023-05-02 00:00:00+00:00,2.0,1.0,1.0,9.0,0.0,0.0,0.0,1.0,0.0638916147758326,0.1750775344170421,0.6488901001181572,-0.1948389524039688,-0.2356014825503297,3.1622239704244723,True,0.9968380342166584,0.8922118380062305,0.9171339563862928,1.0,0.9364485981308411
2023-05-03 00:00:00+00:00,1.0,1.0,0.0,18.0,1.0,0.0,0.0,0.0,-0.1009734040589123,0.1750775344170421,-0.2793350430989928,-0.1713833160458339,7.297002372845597,-0.3836389340593552,True,2.270796678242443,0.8510903426791278,1.0,0.8504672897196262,0.9005192107995846
2023-05-04 00:00:00+00:00,0.0,0.0,0.0,0.0,0.0,0.0,0.0,0.0,-0.2658384228936573,-0.3414655588538266,-0.2793350430989928,-0.2182945887621037,-0.2356014825503297,-0.3836389340593552,True,-0.2950262798344474,0.7707165109034267,0.9171339563862928,0.8504672897196262,0.8461059190031152
2023-05-05 00:00:00+00:00,0.0,0.0,0.0,0.0,0.0,0.0,0.0,0.0,-0.2658384228936573,-0.3414655588538266,-0.2793350430989928,-0.2182945887621037,-0.2356014825503297,-0.3836389340593552,True,-0.2950262798344474,0.7707165109034267,0.9171339563862928,0.8504672897196262,0.8461059190031152
2023-05-06 00:00:00+00:00,0.0,0.0,0.0,0.0,0.0,0.0,0.0,0.0,-0.2658384228936573,-0.3414655588538266,-0.2793350430989928,-0.2182945887621037,-0.2356014825503297,-0.3836389340593552,True,-0.2950262798344474,0.7707165109034267,0.9171339563862928,0.8504672897196262,0.8461059190031152
2023-05-07 00:00:00+00:00,0.0,0.0,0.0,0.0,0.0,0.0,0.0,0.0,-0.2658384228936573,-0.3414655588538266,-0.2793350430989928,-0.2182945887621037,-0.2356014825503297,-0.3836389340593552,True,-0.2950262798344474,0.7707165109034267,0.9171339563862928,0.8504672897196262,0.8461059190031152
2023-05-08 00:00:00+00:00,2.0,2.0,1.0,5.0,0.5,0.0,0.0,0.5,0.0638916147758326,0.6916206276879109,0.6488901001181572,-0.205263679674251,3.530700445147634,1.3892925181825588,True,1.661294859368675,0.8922118380062305,0.9862928348909658,0.9077881619937694,0.9287642782969886
2023-05-09 00:00:00+00:00,0.0,0.0,0.0,0.0,0.0,0.0,0.0,0.0,-0.2658384228936573,-0.3414655588538266,-0.2793350430989928,-0.2182945887621037,-0.2356014825503297,-0.3836389340593552,True,-0.2950262798344474,0.7707165109034267,0.9171339563862928,0.8504672897196262,0.8461059190031152
2023-05-10 00:00:00+00:00,0.0,0.0,0.0,0.0,0.0,0.0,0.0,0.0,-0.2658384228936573,-0.3414655588538266,-0.2793350430989928,-0.2182945887621037,-0.2356014825503297,-0.3836389340593552,True,-0.2950262798344474,0.7707165109034267,0.9171339563862928,0.8504672897196262,0.8461059190031152
2023-05-11 00:00:00+00:00,0.0,0.0,0.0,0.0,0.0,0.0,0.0,0.0,-0.2658384228936573,-0.3414655588538266,-0.2793350430989928,-0.2182945887621037,-0.2356014825503297,-0.3836389340593552,True,-0.2950262798344474,0.7707165109034267,0.9171339563862928,0.8504672897196262,0.8461059190031152
2023-05-12 00:00:00+00:00,0.0,0.0,0.0,0.0,0.0,0.0,0.0,0.0,-0.2658384228936573,-0.3414655588538266,-0.2793350430989928,-0.2182945887621037,-0.2356014825503297,-0.3836389340593552,True,-0.2950262798344474,0.7707165109034267,0.9171339563862928,0.8504672897196262,0.8461059190031152
2023-05-13 00:00:00+00:00,0.0,0.0,0.0,0.0,0.0,0.0,0.0,0.0,-0.2658384228936573,-0.3414655588538266,-0.2793350430989928,-0.2182945887621037,-0.2356014825503297,-0.3836389340593552,True,-0.2950262798344474,0.7707165109034267,0.9171339563862928,0.8504672897196262,0.8461059190031152
2023-05-14 00:00:00+00:00,0.0,0.0,0.0,0.0,0.0,0.0,0.0,0.0,-0.2658384228936573,-0.3414655588538266,-0.2793350430989928,-0.2182945887621037,-0.2356014825503297,-0.3836389340593552,True,-0.2950262798344474,0.7707165109034267,0.9171339563862928,0.8504672897196262,0.8461059190031152
2023-05-15 00:00:00+00:00,0.0,0.0,0.0,0.0,0.0,0.0,0.0,0.0,-0.2658384228936573,-0.3414655588538266,-0.2793350430989928,-0.2182945887621037,-0.2356014825503297,-0.3836389340593552,True,-0.2950262798344474,0.7707165109034267,0.9171339563862928,0.8504672897196262,0.8461059190031152
2023-05-16 00:00:00+00:00,0.0,0.0,0.0,0.0,0.0,0.0,0.0,0.0,-0.2658384228936573,-0.3414655588538266,-0.2793350430989928,-0.2182945887621037,-0.2356014825503297,-0.3836389340593552,True,-0.2950262798344474,0.7707165109034267,0.9171339563862928,0.8504672897196262,0.8461059190031152
2023-05-17 00:00:00+00:00,0.0,0.0,0.0,0.0,0.0,0.0,0.0,0.0,-0.2658384228936573,-0.3414655588538266,-0.2793350430989928,-0.2182945887621037,-0.2356014825503297,-0.3836389340593552,True,-0.2950262798344474,0.7707165109034267,0.9171339563862928,0.8504672897196262,0.8461059190031152
2023-05-18 00:00:00+00:00,0.0,0.0,0.0,0.0,0.0,0.0,0.0,0.0,-0.2658384228936573,-0.3414655588538266,-0.2793350430989928,-0.2182945887621037,-0.2356014825503297,-0.3836389340593552,True,-0.2950262798344474,0.7707165109034267,0.9171339563862928,0.8504672897196262,0.8461059190031152
2023-05-19 00:00:00+00:00,6.0,4.0,2.0,10.0,0.3333333333333333,0.0,0.0,0.5,0.7233516901148125,1.7247068142296484,1.5771152433353073,-0.1922327705863983,2.2752664692483124,1.3892925181825588,True,1.4626368925152278,0.9383177570093458,0.9619937694704049,0.9077881619937694,0.9360332294911734
2023-05-20 00:00:00+00:00,0.0,0.0,0.0,0.0,0.0,0.0,0.0,0.0,-0.2658384228936573,-0.3414655588538266,-0.2793350430989928,-0.2182945887621037,-0.2356014825503297,-0.3836389340593552,True,-0.2950262798344474,0.7707165109034267,0.9171339563862928,0.8504672897196262,0.8461059190031152
2023-05-21 00:00:00+00:00,0.0,0.0,0.0,0.0,0.0,0.0,0.0,0.0,-0.2658384228936573,-0.3414655588538266,-0.2793350430989928,-0.2182945887621037,-0.2356014825503297,-0.3836389340593552,True,-0.2950262798344474,0.7707165109034267,0.9171339563862928,0.8504672897196262,0.8461059190031152
2023-05-22 00:00:00+00:00,0.0,0.0,0.0,0.0,0.0,0.0,0.0,0.0,-0.2658384228936573,-0.3414655588538266,-0.2793350430989928,-0.2182945887621037,-0.2356014825503297,-0.3836389340593552,True,-0.2950262798344474,0.7707165109034267,0.9171339563862928,0.8504672897196262,0.8461059190031152
2023-05-23 00:00:00+00:00,0.0,0.0,0.0,0.0,0.0,0.0,0.0,0.0,-0.2658384228936573,-0.3414655588538266,-0.2793350430989928,-0.2182945887621037,-0.2356014825503297,-0.3836389340593552,True,-0.2950262798344474,0.7707165109034267,0.9171339563862928,0.8504672897196262,0.8461059190031152
2023-05-24 00:00:00+00:00,0.0,0.0,0.0,0.0,0.0,0.0,0.0,0.0,-0.2658384228936573,-0.3414655588538266,-0.2793350430989928,-0.2182945887621037,-0.2356014825503297,-0.3836389340593552,True,-0.2950262798344474,0.7707165109034267,0.9171339563862928,0.8504672897196262,0.8461059190031152
2023-05-25 00:00:00+00:00,1.0,1.0,0.0,0.0,0.0,1.0,0.0,0.0,-0.1009734040589123,0.1750775344170421,-0.2793350430989928,-0.2182945887621037,-0.2356014825503297,-0.3836389340593552,True,-0.240071273556199,0.8510903426791278,0.9171339563862928,0.8504672897196262,0.8728971962616822
2023-05-26 00:00:00+00:00,1.0,1.0,1.0,4.0,0.0,0.0,0.0,1.0,-0.1009734040589123,0.1750775344170421,0.6488901001181572,-0.2078698614918215,-0.2356014825503297,3.1622239704244723,True,0.94188302793841,0.8510903426791278,0.9171339563862928,1.0,0.9227414330218068
2023-05-27 00:00:00+00:00,1.0,1.0,1.0,116.0,0.0,0.0,0.0,1.0,-0.1009734040589123,0.1750775344170421,0.6488901001181572,0.0840225020760791,-0.2356014825503297,3.1622239704244723,True,0.94188302793841,0.8510903426791278,0.9171339563862928,1.0,0.9227414330218068
2023-05-28 00:00:00+00:00,0.0,0.0,0.0,0.0,0.0,0.0,0.0,0.0,-0.2658384228936573,-0.3414655588538266,-0.2793350430989928,-0.2182945887621037,-0.2356014825503297,-0.3836389340593552,True,-0.2950262798344474,0.7707165109034267,0.9171339563862928,0.8504672897196262,0.8461059190031152
2023-05-29 00:00:00+00:00,0.0,0.0,0.0,0.0,0.0,0.0,0.0,0.0,-0.2658384228936573,-0.3414655588538266,-0.2793350430989928,-0.2182945887621037,-0.2356014825503297,-0.3836389340593552,True,-0.2950262798344474,0.7707165109034267,0.9171339563862928,0.8504672897196262,0.8461059190031152
2023-05-30 00:00:00+00:00,2.0,2.0,1.0,118.0,0.5,0.0,0.0,0.5,0.0638916147758326,0.6916206276879109,0.6488901001181572,0.0892348657112201,3.530700445147634,1.3892925181825588,True,1.661294859368675,0.8922118380062305,0.9862928348909658,0.9077881619937694,0.9287642782969886
2023-05-31 00:00:00+00:00,0.0,0.0,0.0,0.0,0.0,0.0,0.0,0.0,-0.2658384228936573,-0.3414655588538266,-0.2793350430989928,-0.2182945887621037,-0.2356014825503297,-0.3836389340593552,True,-0.2950262798344474,0.7707165109034267,0.9171339563862928,0.8504672897196262,0.8461059190031152
2023-06-01 00:00:00+00:00,0.0,0.0,0.0,0.0,0.0,0.0,0.0,0.0,-0.2658384228936573,-0.3414655588538266,-0.2793350430989928,-0.2182945887621037,-0.2356014825503297,-0.3836389340593552,True,-0.2950262798344474,0.7707165109034267,0.9171339563862928,0.8504672897196262,0.8461059190031152
2023-06-02 00:00:00+00:00,0.0,0.0,0.0,0.0,0.0,0.0,0.0,0.0,-0.2658384228936573,-0.3414655588538266,-0.2793350430989928,-0.2182945887621037,-0.2356014825503297,-0.3836389340593552,True,-0.2950262798344474,0.7707165109034267,0.9171339563862928,0.8504672897196262,0.8461059190031152
2023-06-03 00:00:00+00:00,1.0,1.0,1.0,665.0,0.0,0.0,0.0,1.0,-0.1009734040589123,0.1750775344170421,0.6488901001181572,1.5148163199223064,-0.2356014825503297,3.1622239704244723,True,0.94188302793841,0.8510903426791278,0.9171339563862928,1.0,0.9227414330218068
2023-06-04 00:00:00+00:00,0.0,0.0,0.0,0.0,0.0,0.0,0.0,0.0,-0.2658384228936573,-0.3414655588538266,-0.2793350430989928,-0.2182945887621037,-0.2356014825503297,-0.3836389340593552,True,-0.2950262798344474,0.7707165109034267,0.9171339563862928,0.8504672897196262,0.8461059190031152
2023-06-05 00:00:00+00:00,0.0,0.0,0.0,0.0,0.0,0.0,0.0,0.0,-0.2658384228936573,-0.3414655588538266,-0.2793350430989928,-0.2182945887621037,-0.2356014825503297,-0.3836389340593552,True,-0.2950262798344474,0.7707165109034267,0.9171339563862928,0.8504672897196262,0.8461059190031152
2023-06-06 00:00:00+00:00,0.0,0.0,0.0,0.0,0.0,0.0,0.0,0.0,-0.2658384228936573,-0.3414655588538266,-0.2793350430989928,-0.2182945887621037,-0.2356014825503297,-0.3836389340593552,True,-0.2950262798344474,0.7707165109034267,0.9171339563862928,0.8504672897196262,0.8461059190031152
2023-06-07 00:00:00+00:00,0.0,0.0,0.0,0.0,0.0,0.0,0.0,0.0,-0.2658384228936573,-0.3414655588538266,-0.2793350430989928,-0.2182945887621037,-0.2356014825503297,-0.3836389340593552,True,-0.2950262798344474,0.7707165109034267,0.9171339563862928,0.8504672897196262,0.8461059190031152
2023-06-08 00:00:00+00:00,0.0,0.0,0.0,0.0,0.0,0.0,0.0,0.0,-0.2658384228936573,-0.3414655588538266,-0.2793350430989928,-0.2182945887621037,-0.2356014825503297,-0.3836389340593552,True,-0.2950262798344474,0.7707165109034267,0.9171339563862928,0.8504672897196262,0.8461059190031152
2023-06-09 00:00:00+00:00,0.0,0.0,0.0,0.0,0.0,0.0,0.0,0.0,-0.2658384228936573,-0.3414655588538266,-0.2793350430989928,-0.2182945887621037,-0.2356014825503297,-0.3836389340593552,True,-0.2950262798344474,0.7707165109034267,0.9171339563862928,0.8504672897196262,0.8461059190031152
2023-06-10 00:00:00+00:00,0.0,0.0,0.0,0.0,0.0,0.0,0.0,0.0,-0.2658384228936573,-0.3414655588538266,-0.2793350430989928,-0.2182945887621037,-0.2356014825503297,-0.3836389340593552,True,-0.2950262798344474,0.7707165109034267,0.9171339563862928,0.8504672897196262,0.8461059190031152
2023-06-11 00:00:00+00:00,0.0,0.0,0.0,0.0,0.0,0.0,0.0,0.0,-0.2658384228936573,-0.3414655588538266,-0.2793350430989928,-0.2182945887621037,-0.2356014825503297,-0.3836389340593552,True,-0.2950262798344474,0.7707165109034267,0.9171339563862928,0.8504672897196262,0.8461059190031152
2023-06-12 00:00:00+00:00,0.0,0.0,0.0,0.0,0.0,0.0,0.0,0.0,-0.2658384228936573,-0.3414655588538266,-0.2793350430989928,-0.2182945887621037,-0.2356014825503297,-0.3836389340593552,True,-0.2950262798344474,0.7707165109034267,0.9171339563862928,0.8504672897196262,0.8461059190031152
2023-06-13 00:00:00+00:00,0.0,0.0,0.0,0.0,0.0,0.0,0.0,0.0,-0.2658384228936573,-0.3414655588538266,-0.2793350430989928,-0.2182945887621037,-0.2356014825503297,-0.3836389340593552,True,-0.2950262798344474,0.7707165109034267,0.9171339563862928,0.8504672897196262,0.8461059190031152
2023-06-14 00:00:00+00:00,0.0,0.0,0.0,0.0,0.0,0.0,0.0,0.0,-0.2658384228936573,-0.3414655588538266,-0.2793350430989928,-0.2182945887621037,-0.2356014825503297,-0.3836389340593552,True,-0.2950262798344474,0.7707165109034267,0.9171339563862928,0.8504672897196262,0.8461059190031152
2023-06-15 00:00:00+00:00,0.0,0.0,0.0,0.0,0.0,0.0,0.0,0.0,-0.2658384228936573,-0.3414655588538266,-0.2793350430989928,-0.2182945887621037,-0.2356014825503297,-0.3836389340593552,True,-0.2950262798344474,0.7707165109034267,0.9171339563862928,0.8504672897196262,0.8461059190031152
2023-06-16 00:00:00+00:00,4.0,4.0,2.0,723.3333333333334,0.0,0.25,0.0,0.5,0.3936216524453225,1.7247068142296484,1.5771152433353073,1.6668435926139211,-0.2356014825503297,1.3892925181825588,True,0.5157708960258506,0.9227414330218069,0.9171339563862928,0.9077881619937694,0.9158878504672897
2023-06-17 00:00:00+00:00,1.0,1.0,0.0,2166.0,1.0,0.0,0.0,0.0,-0.1009734040589123,0.1750775344170421,-0.2793350430989928,5.426695228095689,7.297002372845597,-0.3836389340593552,True,2.270796678242443,0.8510903426791278,1.0,0.8504672897196262,0.9005192107995846
2023-06-18 00:00:00+00:00,0.0,0.0,0.0,0.0,0.0,0.0,0.0,0.0,-0.2658384228936573,-0.3414655588538266,-0.2793350430989928,-0.2182945887621037,-0.2356014825503297,-0.3836389340593552,True,-0.2950262798344474,0.7707165109034267,0.9171339563862928,0.8504672897196262,0.8461059190031152
2023-06-19 00:00:00+00:00,0.0,0.0,0.0,0.0,0.0,0.0,0.0,0.0,-0.2658384228936573,-0.3414655588538266,-0.2793350430989928,-0.2182945887621037,-0.2356014825503297,-0.3836389340593552,True,-0.2950262798344474,0.7707165109034267,0.9171339563862928,0.8504672897196262,0.8461059190031152
2023-06-20 00:00:00+00:00,2.0,2.0,1.0,1779.0,0.0,0.0,0.0,0.5,0.0638916147758326,0.6916206276879109,0.6488901001181572,4.41810286469589,-0.2356014825503297,1.3892925181825588,True,0.4058608834693539,0.8922118380062305,0.9171339563862928,0.9077881619937694,0.905711318795431
2023-06-21 00:00:00+00:00,2.0,1.0,0.0,748.0,0.0,0.0,0.0,0.0,0.0638916147758326,0.1750775344170421,-0.2793350430989928,1.7311294107806612,-0.2356014825503297,-0.3836389340593552,True,-0.1851162672779507,0.8922118380062305,0.9171339563862928,0.8504672897196262,0.8866043613707165
2023-06-22 00:00:00+00:00,0.0,0.0,0.0,0.0,0.0,0.0,0.0,0.0,-0.2658384228936573,-0.3414655588538266,-0.2793350430989928,-0.2182945887621037,-0.2356014825503297,-0.3836389340593552,True,-0.2950262798344474,0.7707165109034267,0.9171339563862928,0.8504672897196262,0.8461059190031152
2023-06-23 00:00:00+00:00,0.0,0.0,0.0,0.0,0.0,0.0,0.0,0.0,-0.2658384228936573,-0.3414655588538266,-0.2793350430989928,-0.2182945887621037,-0.2356014825503297,-0.3836389340593552,True,-0.2950262798344474,0.7707165109034267,0.9171339563862928,0.8504672897196262,0.8461059190031152
2023-06-24 00:00:00+00:00,0.0,0.0,0.0,0.0,0.0,0.0,0.0,0.0,-0.2658384228936573,-0.3414655588538266,-0.2793350430989928,-0.2182945887621037,-0.2356014825503297,-0.3836389340593552,True,-0.2950262798344474,0.7707165109034267,0.9171339563862928,0.8504672897196262,0.8461059190031152
2023-06-25 00:00:00+00:00,0.0,0.0,0.0,0.0,0.0,0.0,0.0,0.0,-0.2658384228936573,-0.3414655588538266,-0.2793350430989928,-0.2182945887621037,-0.2356014825503297,-0.3836389340593552,True,-0.2950262798344474,0.7707165109034267,0.9171339563862928,0.8504672897196262,0.8461059190031152
2023-06-26 00:00:00+00:00,0.0,0.0,0.0,0.0,0.0,0.0,0.0,0.0,-0.2658384228936573,-0.3414655588538266,-0.2793350430989928,-0.2182945887621037,-0.2356014825503297,-0.3836389340593552,True,-0.2950262798344474,0.7707165109034267,0.9171339563862928,0.8504672897196262,0.8461059190031152
2023-06-27 00:00:00+00:00,1.0,1.0,1.0,4.0,0.0,0.0,0.0,1.0,-0.1009734040589123,0.1750775344170421,0.6488901001181572,-0.2078698614918215,-0.2356014825503297,3.1622239704244723,True,0.94188302793841,0.8510903426791278,0.9171339563862928,1.0,0.9227414330218068
2023-06-28 00:00:00+00:00,0.0,0.0,0.0,0.0,0.0,0.0,0.0,0.0,-0.2658384228936573,-0.3414655588538266,-0.2793350430989928,-0.2182945887621037,-0.2356014825503297,-0.3836389340593552,True,-0.2950262798344474,0.7707165109034267,0.9171339563862928,0.8504672897196262,0.8461059190031152
2023-06-29 00:00:00+00:00,0.0,0.0,0.0,0.0,0.0,0.0,0.0,0.0,-0.2658384228936573,-0.3414655588538266,-0.2793350430989928,-0.2182945887621037,-0.2356014825503297,-0.3836389340593552,True,-0.2950262798344474,0.7707165109034267,0.9171339563862928,0.8504672897196262,0.8461059190031152
2023-06-30 00:00:00+00:00,0.0,0.0,0.0,0.0,0.0,0.0,0.0,0.0,-0.2658384228936573,-0.3414655588538266,-0.2793350430989928,-0.2182945887621037,-0.2356014825503297,-0.3836389340593552,True,-0.2950262798344474,0.7707165109034267,0.9171339563862928,0.8504672897196262,0.8461059190031152
2023-07-01 00:00:00+00:00,0.0,0.0,0.0,0.0,0.0,0.0,0.0,0.0,-0.2658384228936573,-0.3414655588538266,-0.2793350430989928,-0.2182945887621037,-0.2356014825503297,-0.3836389340593552,True,-0.2950262798344474,0.7707165109034267,0.9171339563862928,0.8504672897196262,0.8461059190031152
2023-07-02 00:00:00+00:00,0.0,0.0,0.0,0.0,0.0,0.0,0.0,0.0,-0.2658384228936573,-0.3414655588538266,-0.2793350430989928,-0.2182945887621037,-0.2356014825503297,-0.3836389340593552,True,-0.2950262798344474,0.7707165109034267,0.9171339563862928,0.8504672897196262,0.8461059190031152
2023-07-03 00:00:00+00:00,0.0,0.0,0.0,0.0,0.0,0.0,0.0,0.0,-0.2658384228936573,-0.3414655588538266,-0.2793350430989928,-0.2182945887621037,-0.2356014825503297,-0.3836389340593552,True,-0.2950262798344474,0.7707165109034267,0.9171339563862928,0.8504672897196262,0.8461059190031152
2023-07-04 00:00:00+00:00,0.0,0.0,0.0,0.0,0.0,0.0,0.0,0.0,-0.2658384228936573,-0.3414655588538266,-0.2793350430989928,-0.2182945887621037,-0.2356014825503297,-0.3836389340593552,True,-0.2950262798344474,0.7707165109034267,0.9171339563862928,0.8504672897196262,0.8461059190031152
2023-07-05 00:00:00+00:00,0.0,0.0,0.0,0.0,0.0,0.0,0.0,0.0,-0.2658384228936573,-0.3414655588538266,-0.2793350430989928,-0.2182945887621037,-0.2356014825503297,-0.3836389340593552,True,-0.2950262798344474,0.7707165109034267,0.9171339563862928,0.8504672897196262,0.8461059190031152
2023-07-06 00:00:00+00:00,8.0,1.0,0.0,4.25,0.0,0.0,0.0,0.0,1.0530817277843023,0.1750775344170421,-0.2793350430989928,-0.2072183160374289,-0.2356014825503297,-0.3836389340593552,True,0.1446137703915391,0.9514018691588785,0.9171339563862928,0.8504672897196262,0.9063343717549325
2023-07-07 00:00:00+00:00,1.0,1.0,0.0,45.0,0.0,0.0,0.0,0.0,-0.1009734040589123,0.1750775344170421,-0.2793350430989928,-0.1010164069714293,-0.2356014825503297,-0.3836389340593552,True,-0.240071273556199,0.8510903426791278,0.9171339563862928,0.8504672897196262,0.8728971962616822
2023-07-08 00:00:00+00:00,0.0,0.0,0.0,0.0,0.0,0.0,0.0,0.0,-0.2658384228936573,-0.3414655588538266,-0.2793350430989928,-0.2182945887621037,-0.2356014825503297,-0.3836389340593552,True,-0.2950262798344474,0.7707165109034267,0.9171339563862928,0.8504672897196262,0.8461059190031152
2023-07-09 00:00:00+00:00,0.0,0.0,0.0,0.0,0.0,0.0,0.0,0.0,-0.2658384228936573,-0.3414655588538266,-0.2793350430989928,-0.2182945887621037,-0.2356014825503297,-0.3836389340593552,True,-0.2950262798344474,0.7707165109034267,0.9171339563862928,0.8504672897196262,0.8461059190031152
2023-07-10 00:00:00+00:00,0.0,0.0,0.0,0.0,0.0,0.0,0.0,0.0,-0.2658384228936573,-0.3414655588538266,-0.2793350430989928,-0.2182945887621037,-0.2356014825503297,-0.3836389340593552,True,-0.2950262798344474,0.7707165109034267,0.9171339563862928,0.8504672897196262,0.8461059190031152
2023-07-11 00:00:00+00:00,0.0,0.0,0.0,0.0,0.0,0.0,0.0,0.0,-0.2658384228936573,-0.3414655588538266,-0.2793350430989928,-0.2182945887621037,-0.2356014825503297,-0.3836389340593552,True,-0.2950262798344474,0.7707165109034267,0.9171339563862928,0.8504672897196262,0.8461059190031152
2023-07-12 00:00:00+00:00,0.0,0.0,0.0,0.0,0.0,0.0,0.0,0.0,-0.2658384228936573,-0.3414655588538266,-0.2793350430989928,-0.2182945887621037,-0.2356014825503297,-0.3836389340593552,True,-0.2950262798344474,0.7707165109034267,0.9171339563862928,0.8504672897196262,0.8461059190031152
2023-07-13 00:00:00+00:00,0.0,0.0,0.0,0.0,0.0,0.0,0.0,0.0,-0.2658384228936573,-0.3414655588538266,-0.2793350430989928,-0.2182945887621037,-0.2356014825503297,-0.3836389340593552,True,-0.2950262798344474,0.7707165109034267,0.9171339563862928,0.8504672897196262,0.8461059190031152
2023-07-14 00:00:00+00:00,0.0,0.0,0.0,0.0,0.0,0.0,0.0,0.0,-0.2658384228936573,-0.3414655588538266,-0.2793350430989928,-0.2182945887621037,-0.2356014825503297,-0.3836389340593552,True,-0.2950262798344474,0.7707165109034267,0.9171339563862928,0.8504672897196262,0.8461059190031152
2023-07-15 00:00:00+00:00,0.0,0.0,0.0,0.0,0.0,0.0,0.0,0.0,-0.2658384228936573,-0.3414655588538266,-0.2793350430989928,-0.2182945887621037,-0.2356014825503297,-0.3836389340593552,True,-0.2950262798344474,0.7707165109034267,0.9171339563862928,0.8504672897196262,0.8461059190031152
2023-07-16 00:00:00+00:00,0.0,0.0,0.0,0.0,0.0,0.0,0.0,0.0,-0.2658384228936573,-0.3414655588538266,-0.2793350430989928,-0.2182945887621037,-0.2356014825503297,-0.3836389340593552,True,-0.2950262798344474,0.7707165109034267,0.9171339563862928,0.8504672897196262,0.8461059190031152
2023-07-17 00:00:00+00:00,0.0,0.0,0.0,0.0,0.0,0.0,0.0,0.0,-0.2658384228936573,-0.3414655588538266,-0.2793350430989928,-0.2182945887621037,-0.2356014825503297,-0.3836389340593552,True,-0.2950262798344474,0.7707165109034267,0.9171339563862928,0.8504672897196262,0.8461059190031152
2023-07-18 00:00:00+00:00,0.0,0.0,0.0,0.0,0.0,0.0,0.0,0.0,-0.2658384228936573,-0.3414655588538266,-0.2793350430989928,-0.2182945887621037,-0.2356014825503297,-0.3836389340593552,True,-0.2950262798344474,0.7707165109034267,0.9171339563862928,0.8504672897196262,0.8461059190031152
2023-07-19 00:00:00+00:00,0.0,0.0,0.0,0.0,0.0,0.0,0.0,0.0,-0.2658384228936573,-0.3414655588538266,-0.2793350430989928,-0.2182945887621037,-0.2356014825503297,-0.3836389340593552,True,-0.2950262798344474,0.7707165109034267,0.9171339563862928,0.8504672897196262,0.8461059190031152
2023-07-20 00:00:00+00:00,1.0,1.0,1.0,396.0,0.0,0.0,0.0,1.0,-0.1009734040589123,0.1750775344170421,0.6488901001181572,0.8137534109958307,-0.2356014825503297,3.1622239704244723,True,0.94188302793841,0.8510903426791278,0.9171339563862928,1.0,0.9227414330218068
2023-07-21 00:00:00+00:00,0.0,0.0,0.0,0.0,0.0,0.0,0.0,0.0,-0.2658384228936573,-0.3414655588538266,-0.2793350430989928,-0.2182945887621037,-0.2356014825503297,-0.3836389340593552,True,-0.2950262798344474,0.7707165109034267,0.9171339563862928,0.8504672897196262,0.8461059190031152
2023-07-22 00:00:00+00:00,0.0,0.0,0.0,0.0,0.0,0.0,0.0,0.0,-0.2658384228936573,-0.3414655588538266,-0.2793350430989928,-0.2182945887621037,-0.2356014825503297,-0.3836389340593552,True,-0.2950262798344474,0.7707165109034267,0.9171339563862928,0.8504672897196262,0.8461059190031152
2023-07-23 00:00:00+00:00,2.0,1.0,0.0,10.0,0.0,0.0,0.0,0.0,0.0638916147758326,0.1750775344170421,-0.2793350430989928,-0.1922327705863983,-0.2356014825503297,-0.3836389340593552,True,-0.1851162672779507,0.8922118380062305,0.9171339563862928,0.8504672897196262,0.8866043613707165
2023-07-24 00:00:00+00:00,0.0,0.0,0.0,0.0,0.0,0.0,0.0,0.0,-0.2658384228936573,-0.3414655588538266,-0.2793350430989928,-0.2182945887621037,-0.2356014825503297,-0.3836389340593552,True,-0.2950262798344474,0.7707165109034267,0.9171339563862928,0.8504672897196262,0.8461059190031152
2023-07-25 00:00:00+00:00,0.0,0.0,0.0,0.0,0.0,0.0,0.0,0.0,-0.2658384228936573,-0.3414655588538266,-0.2793350430989928,-0.2182945887621037,-0.2356014825503297,-0.3836389340593552,True,-0.2950262798344474,0.7707165109034267,0.9171339563862928,0.8504672897196262,0.8461059190031152
2023-07-26 00:00:00+00:00,3.0,3.0,2.0,106.0,0.3333333333333333,0.0,0.0,0.6666666666666666,0.2287566336105776,1.2081637209587797,1.5771152433353073,0.0579606839003737,2.2752664692483124,1.980269668929864,True,1.4947642572629178,0.9096573208722741,0.9619937694704049,0.9202492211838006,0.9306334371754933
2023-07-27 00:00:00+00:00,0.0,0.0,0.0,0.0,0.0,0.0,0.0,0.0,-0.2658384228936573,-0.3414655588538266,-0.2793350430989928,-0.2182945887621037,-0.2356014825503297,-0.3836389340593552,True,-0.2950262798344474,0.7707165109034267,0.9171339563862928,0.8504672897196262,0.8461059190031152
2023-07-28 00:00:00+00:00,0.0,0.0,0.0,0.0,0.0,0.0,0.0,0.0,-0.2658384228936573,-0.3414655588538266,-0.2793350430989928,-0.2182945887621037,-0.2356014825503297,-0.3836389340593552,True,-0.2950262798344474,0.7707165109034267,0.9171339563862928,0.8504672897196262,0.8461059190031152
2023-07-29 00:00:00+00:00,1.0,1.0,1.0,2.0,0.0,0.0,0.0,1.0,-0.1009734040589123,0.1750775344170421,0.6488901001181572,-0.2130822251269626,-0.2356014825503297,3.1622239704244723,True,0.94188302793841,0.8510903426791278,0.9171339563862928,1.0,0.9227414330218068
2023-07-30 00:00:00+00:00,0.0,0.0,0.0,0.0,0.0,0.0,0.0,0.0,-0.2658384228936573,-0.3414655588538266,-0.2793350430989928,-0.2182945887621037,-0.2356014825503297,-0.3836389340593552,True,-0.2950262798344474,0.7707165109034267,0.9171339563862928,0.8504672897196262,0.8461059190031152
2023-07-31 00:00:00+00:00,0.0,0.0,0.0,0.0,0.0,0.0,0.0,0.0,-0.2658384228936573,-0.3414655588538266,-0.2793350430989928,-0.2182945887621037,-0.2356014825503297,-0.3836389340593552,True,-0.2950262798344474,0.7707165109034267,0.9171339563862928,0.8504672897196262,0.8461059190031152
2023-08-01 00:00:00+00:00,1.0,1.0,0.0,4.0,0.0,0.0,0.0,0.0,-0.1009734040589123,0.1750775344170421,-0.2793350430989928,-0.2078698614918215,-0.2356014825503297,-0.3836389340593552,True,-0.240071273556199,0.8510903426791278,0.9171339563862928,0.8504672897196262,0.8728971962616822
2023-08-02 00:00:00+00:00,0.0,0.0,0.0,0.0,0.0,0.0,0.0,0.0,-0.2658384228936573,-0.3414655588538266,-0.2793350430989928,-0.2182945887621037,-0.2356014825503297,-0.3836389340593552,True,-0.2950262798344474,0.7707165109034267,0.9171339563862928,0.8504672897196262,0.8461059190031152
2023-08-03 00:00:00+00:00,0.0,0.0,0.0,0.0,0.0,0.0,0.0,0.0,-0.2658384228936573,-0.3414655588538266,-0.2793350430989928,-0.2182945887621037,-0.2356014825503297,-0.3836389340593552,True,-0.2950262798344474,0.7707165109034267,0.9171339563862928,0.8504672897196262,0.8461059190031152
2023-08-04 00:00:00+00:00,0.0,0.0,0.0,0.0,0.0,0.0,0.0,0.0,-0.2658384228936573,-0.3414655588538266,-0.2793350430989928,-0.2182945887621037,-0.2356014825503297,-0.3836389340593552,True,-0.2950262798344474,0.7707165109034267,0.9171339563862928,0.8504672897196262,0.8461059190031152
2023-08-05 00:00:00+00:00,4.0,2.0,0.0,319.3333333333333,0.0,0.25,0.0,0.0,0.3936216524453225,0.6916206276879109,-0.2793350430989928,0.6139461383154226,-0.2356014825503297,-0.3836389340593552,True,-0.0752062547214541,0.9227414330218069,0.9171339563862928,0.8504672897196262,0.8967808930425752
2023-08-06 00:00:00+00:00,0.0,0.0,0.0,0.0,0.0,0.0,0.0,0.0,-0.2658384228936573,-0.3414655588538266,-0.2793350430989928,-0.2182945887621037,-0.2356014825503297,-0.3836389340593552,True,-0.2950262798344474,0.7707165109034267,0.9171339563862928,0.8504672897196262,0.8461059190031152
2023-08-07 00:00:00+00:00,0.0,0.0,0.0,0.0,0.0,0.0,0.0,0.0,-0.2658384228936573,-0.3414655588538266,-0.2793350430989928,-0.2182945887621037,-0.2356014825503297,-0.3836389340593552,True,-0.2950262798344474,0.7707165109034267,0.9171339563862928,0.8504672897196262,0.8461059190031152
2023-08-08 00:00:00+00:00,0.0,0.0,0.0,0.0,0.0,0.0,0.0,0.0,-0.2658384228936573,-0.3414655588538266,-0.2793350430989928,-0.2182945887621037,-0.2356014825503297,-0.3836389340593552,True,-0.2950262798344474,0.7707165109034267,0.9171339563862928,0.8504672897196262,0.8461059190031152
2023-08-09 00:00:00+00:00,1.0,1.0,1.0,122.0,0.0,0.0,0.0,1.0,-0.1009734040589123,0.1750775344170421,0.6488901001181572,0.0996595929815023,-0.2356014825503297,3.1622239704244723,True,0.94188302793841,0.8510903426791278,0.9171339563862928,1.0,0.9227414330218068
2023-08-10 00:00:00+00:00,0.0,0.0,0.0,0.0,0.0,0.0,0.0,0.0,-0.2658384228936573,-0.3414655588538266,-0.2793350430989928,-0.2182945887621037,-0.2356014825503297,-0.3836389340593552,True,-0.2950262798344474,0.7707165109034267,0.9171339563862928,0.8504672897196262,0.8461059190031152
2023-08-11 00:00:00+00:00,0.0,0.0,0.0,0.0,0.0,0.0,0.0,0.0,-0.2658384228936573,-0.3414655588538266,-0.2793350430989928,-0.2182945887621037,-0.2356014825503297,-0.3836389340593552,True,-0.2950262798344474,0.7707165109034267,0.9171339563862928,0.8504672897196262,0.8461059190031152
2023-08-12 00:00:00+00:00,0.0,0.0,0.0,0.0,0.0,0.0,0.0,0.0,-0.2658384228936573,-0.3414655588538266,-0.2793350430989928,-0.2182945887621037,-0.2356014825503297,-0.3836389340593552,True,-0.2950262798344474,0.7707165109034267,0.9171339563862928,0.8504672897196262,0.8461059190031152
2023-08-13 00:00:00+00:00,0.0,0.0,0.0,0.0,0.0,0.0,0.0,0.0,-0.2658384228936573,-0.3414655588538266,-0.2793350430989928,-0.2182945887621037,-0.2356014825503297,-0.3836389340593552,True,-0.2950262798344474,0.7707165109034267,0.9171339563862928,0.8504672897196262,0.8461059190031152
2023-08-14 00:00:00+00:00,0.0,0.0,0.0,0.0,0.0,0.0,0.0,0.0,-0.2658384228936573,-0.3414655588538266,-0.2793350430989928,-0.2182945887621037,-0.2356014825503297,-0.3836389340593552,True,-0.2950262798344474,0.7707165109034267,0.9171339563862928,0.8504672897196262,0.8461059190031152
2023-08-15 00:00:00+00:00,0.0,0.0,0.0,0.0,0.0,0.0,0.0,0.0,-0.2658384228936573,-0.3414655588538266,-0.2793350430989928,-0.2182945887621037,-0.2356014825503297,-0.3836389340593552,True,-0.2950262798344474,0.7707165109034267,0.9171339563862928,0.8504672897196262,0.8461059190031152
2023-08-16 00:00:00+00:00,3.0,3.0,3.0,80.66666666666667,0.0,0.0,0.0,1.0,0.2287566336105776,1.2081637209587797,2.505340386552457,-0.0080625888114133,-0.2356014825503297,3.1622239704244723,True,1.0517930404949067,0.9096573208722741,0.9171339563862928,1.0,0.942263759086189
2023-08-17 00:00:00+00:00,0.0,0.0,0.0,0.0,0.0,0.0,0.0,0.0,-0.2658384228936573,-0.3414655588538266,-0.2793350430989928,-0.2182945887621037,-0.2356014825503297,-0.3836389340593552,True,-0.2950262798344474,0.7707165109034267,0.9171339563862928,0.8504672897196262,0.8461059190031152
2023-08-18 00:00:00+00:00,2.0,2.0,2.0,28.5,0.0,0.0,0.0,1.0,0.0638916147758326,0.6916206276879109,1.5771152433353073,-0.1440184069613432,-0.2356014825503297,3.1622239704244723,True,0.9968380342166584,0.8922118380062305,0.9171339563862928,1.0,0.9364485981308411
2023-08-19 00:00:00+00:00,0.0,0.0,0.0,0.0,0.0,0.0,0.0,0.0,-0.2658384228936573,-0.3414655588538266,-0.2793350430989928,-0.2182945887621037,-0.2356014825503297,-0.3836389340593552,True,-0.2950262798344474,0.7707165109034267,0.9171339563862928,0.8504672897196262,0.8461059190031152
2023-08-20 00:00:00+00:00,2.0,2.0,2.0,17.5,0.0,0.0,0.0,1.0,0.0638916147758326,0.6916206276879109,1.5771152433353073,-0.1726864069546192,-0.2356014825503297,3.1622239704244723,True,0.9968380342166584,0.8922118380062305,0.9171339563862928,1.0,0.9364485981308411
2023-08-21 00:00:00+00:00,6.0,3.0,3.0,59.2,0.0,0.1666666666666666,0.0,1.0,0.7233516901148125,1.2081637209587797,2.505340386552457,-0.0640086251619276,-0.2356014825503297,3.1622239704244723,True,1.2166580593296517,0.9383177570093458,0.9171339563862928,1.0,0.9518172377985462
2023-08-22 00:00:00+00:00,0.0,0.0,0.0,0.0,0.0,0.0,0.0,0.0,-0.2658384228936573,-0.3414655588538266,-0.2793350430989928,-0.2182945887621037,-0.2356014825503297,-0.3836389340593552,True,-0.2950262798344474,0.7707165109034267,0.9171339563862928,0.8504672897196262,0.8461059190031152
2023-08-23 00:00:00+00:00,0.0,0.0,0.0,0.0,0.0,0.0,0.0,0.0,-0.2658384228936573,-0.3414655588538266,-0.2793350430989928,-0.2182945887621037,-0.2356014825503297,-0.3836389340593552,True,-0.2950262798344474,0.7707165109034267,0.9171339563862928,0.8504672897196262,0.8461059190031152
2023-08-24 00:00:00+00:00,1.0,1.0,1.0,36.0,0.0,0.0,0.0,1.0,-0.1009734040589123,0.1750775344170421,0.6488901001181572,-0.1244720433295642,-0.2356014825503297,3.1622239704244723,True,0.94188302793841,0.8510903426791278,0.9171339563862928,1.0,0.9227414330218068
2023-08-25 00:00:00+00:00,0.0,0.0,0.0,0.0,0.0,0.0,0.0,0.0,-0.2658384228936573,-0.3414655588538266,-0.2793350430989928,-0.2182945887621037,-0.2356014825503297,-0.3836389340593552,True,-0.2950262798344474,0.7707165109034267,0.9171339563862928,0.8504672897196262,0.8461059190031152
2023-08-26 00:00:00+00:00,2.0,2.0,1.0,302.5,0.0,0.0,0.0,0.5,0.0638916147758326,0.6916206276879109,0.6488901001181572,0.5700754110529851,-0.2356014825503297,1.3892925181825588,True,0.4058608834693539,0.8922118380062305,0.9171339563862928,0.9077881619937694,0.905711318795431
2023-08-27 00:00:00+00:00,0.0,0.0,0.0,0.0,0.0,0.0,0.0,0.0,-0.2658384228936573,-0.3414655588538266,-0.2793350430989928,-0.2182945887621037,-0.2356014825503297,-0.3836389340593552,True,-0.2950262798344474,0.7707165109034267,0.9171339563862928,0.8504672897196262,0.8461059190031152
2023-08-28 00:00:00+00:00,1.0,1.0,0.0,0.0,0.0,1.0,0.0,0.0,-0.1009734040589123,0.1750775344170421,-0.2793350430989928,-0.2182945887621037,-0.2356014825503297,-0.3836389340593552,True,-0.240071273556199,0.8510903426791278,0.9171339563862928,0.8504672897196262,0.8728971962616822
2023-08-29 00:00:00+00:00,0.0,0.0,0.0,0.0,0.0,0.0,0.0,0.0,-0.2658384228936573,-0.3414655588538266,-0.2793350430989928,-0.2182945887621037,-0.2356014825503297,-0.3836389340593552,True,-0.2950262798344474,0.7707165109034267,0.9171339563862928,0.8504672897196262,0.8461059190031152
2023-08-30 00:00:00+00:00,0.0,0.0,0.0,0.0,0.0,0.0,0.0,0.0,-0.2658384228936573,-0.3414655588538266,-0.2793350430989928,-0.2182945887621037,-0.2356014825503297,-0.3836389340593552,True,-0.2950262798344474,0.7707165109034267,0.9171339563862928,0.8504672897196262,0.8461059190031152
2023-08-31 00:00:00+00:00,0.0,0.0,0.0,0.0,0.0,0.0,0.0,0.0,-0.2658384228936573,-0.3414655588538266,-0.2793350430989928,-0.2182945887621037,-0.2356014825503297,-0.3836389340593552,True,-0.2950262798344474,0.7707165109034267,0.9171339563862928,0.8504672897196262,0.8461059190031152
2023-09-01 00:00:00+00:00,1.0,1.0,1.0,47.0,0.0,0.0,0.0,1.0,-0.1009734040589123,0.1750775344170421,0.6488901001181572,-0.0958040433362882,-0.2356014825503297,3.1622239704244723,True,0.94188302793841,0.8510903426791278,0.9171339563862928,1.0,0.9227414330218068
2023-09-02 00:00:00+00:00,0.0,0.0,0.0,0.0,0.0,0.0,0.0,0.0,-0.2658384228936573,-0.3414655588538266,-0.2793350430989928,-0.2182945887621037,-0.2356014825503297,-0.3836389340593552,True,-0.2950262798344474,0.7707165109034267,0.9171339563862928,0.8504672897196262,0.8461059190031152
2023-09-03 00:00:00+00:00,0.0,0.0,0.0,0.0,0.0,0.0,0.0,0.0,-0.2658384228936573,-0.3414655588538266,-0.2793350430989928,-0.2182945887621037,-0.2356014825503297,-0.3836389340593552,True,-0.2950262798344474,0.7707165109034267,0.9171339563862928,0.8504672897196262,0.8461059190031152
2023-09-04 00:00:00+00:00,0.0,0.0,0.0,0.0,0.0,0.0,0.0,0.0,-0.2658384228936573,-0.3414655588538266,-0.2793350430989928,-0.2182945887621037,-0.2356014825503297,-0.3836389340593552,True,-0.2950262798344474,0.7707165109034267,0.9171339563862928,0.8504672897196262,0.8461059190031152
2023-09-05 00:00:00+00:00,0.0,0.0,0.0,0.0,0.0,0.0,0.0,0.0,-0.2658384228936573,-0.3414655588538266,-0.2793350430989928,-0.2182945887621037,-0.2356014825503297,-0.3836389340593552,True,-0.2950262798344474,0.7707165109034267,0.9171339563862928,0.8504672897196262,0.8461059190031152
2023-09-06 00:00:00+00:00,2.0,1.0,1.0,177.0,0.0,0.0,0.0,1.0,0.0638916147758326,0.1750775344170421,0.6488901001181572,0.2429995929478821,-0.2356014825503297,3.1622239704244723,True,0.9968380342166584,0.8922118380062305,0.9171339563862928,1.0,0.9364485981308411
2023-09-07 00:00:00+00:00,0.0,0.0,0.0,0.0,0.0,0.0,0.0,0.0,-0.2658384228936573,-0.3414655588538266,-0.2793350430989928,-0.2182945887621037,-0.2356014825503297,-0.3836389340593552,True,-0.2950262798344474,0.7707165109034267,0.9171339563862928,0.8504672897196262,0.8461059190031152
2023-09-08 00:00:00+00:00,0.0,0.0,0.0,0.0,0.0,0.0,0.0,0.0,-0.2658384228936573,-0.3414655588538266,-0.2793350430989928,-0.2182945887621037,-0.2356014825503297,-0.3836389340593552,True,-0.2950262798344474,0.7707165109034267,0.9171339563862928,0.8504672897196262,0.8461059190031152
2023-09-09 00:00:00+00:00,5.0,1.0,1.0,1016.8,0.0,0.0,0.0,1.0,0.5584866712800676,0.1750775344170421,0.6488901001181572,2.431671083343623,-0.2356014825503297,3.1622239704244723,True,1.1617030530514034,0.9302180685358256,0.9171339563862928,1.0,0.9491173416407062
2023-09-10 00:00:00+00:00,3.0,1.0,0.0,301.6666666666667,0.0,0.0,0.0,0.0,0.2287566336105776,0.1750775344170421,-0.2793350430989928,0.5679035928716764,-0.2356014825503297,-0.3836389340593552,True,-0.1301612609997024,0.9096573208722741,0.9171339563862928,0.8504672897196262,0.8924195223260644
2023-09-11 00:00:00+00:00,0.0,0.0,0.0,0.0,0.0,0.0,0.0,0.0,-0.2658384228936573,-0.3414655588538266,-0.2793350430989928,-0.2182945887621037,-0.2356014825503297,-0.3836389340593552,True,-0.2950262798344474,0.7707165109034267,0.9171339563862928,0.8504672897196262,0.8461059190031152
2023-09-12 00:00:00+00:00,2.0,1.0,0.0,67.0,0.0,0.0,0.0,0.0,0.0638916147758326,0.1750775344170421,-0.2793350430989928,-0.0436804069848774,-0.2356014825503297,-0.3836389340593552,True,-0.1851162672779507,0.8922118380062305,0.9171339563862928,0.8504672897196262,0.8866043613707165
2023-09-13 00:00:00+00:00,0.0,0.0,0.0,0.0,0.0,0.0,0.0,0.0,-0.2658384228936573,-0.3414655588538266,-0.2793350430989928,-0.2182945887621037,-0.2356014825503297,-0.3836389340593552,True,-0.2950262798344474,0.7707165109034267,0.9171339563862928,0.8504672897196262,0.8461059190031152
2023-09-14 00:00:00+00:00,2.0,1.0,0.0,453.5,0.0,0.0,0.0,0.0,0.0638916147758326,0.1750775344170421,-0.2793350430989928,0.9636088655061368,-0.2356014825503297,-0.3836389340593552,True,-0.1851162672779507,0.8922118380062305,0.9171339563862928,0.8504672897196262,0.8866043613707165
2023-09-15 00:00:00+00:00,0.0,0.0,0.0,0.0,0.0,0.0,0.0,0.0,-0.2658384228936573,-0.3414655588538266,-0.2793350430989928,-0.2182945887621037,-0.2356014825503297,-0.3836389340593552,True,-0.2950262798344474,0.7707165109034267,0.9171339563862928,0.8504672897196262,0.8461059190031152
2023-09-16 00:00:00+00:00,0.0,0.0,0.0,0.0,0.0,0.0,0.0,0.0,-0.2658384228936573,-0.3414655588538266,-0.2793350430989928,-0.2182945887621037,-0.2356014825503297,-0.3836389340593552,True,-0.2950262798344474,0.7707165109034267,0.9171339563862928,0.8504672897196262,0.8461059190031152
2023-09-17 00:00:00+00:00,1.0,1.0,1.0,0.0,0.0,0.0,0.0,1.0,-0.1009734040589123,0.1750775344170421,0.6488901001181572,-0.2182945887621037,-0.2356014825503297,3.1622239704244723,True,0.94188302793841,0.8510903426791278,0.9171339563862928,1.0,0.9227414330218068
2023-09-18 00:00:00+00:00,2.0,2.0,0.0,213.0,0.0,0.0,0.0,0.0,0.0638916147758326,0.6916206276879109,-0.2793350430989928,0.3368221383804216,-0.2356014825503297,-0.3836389340593552,True,-0.1851162672779507,0.8922118380062305,0.9171339563862928,0.8504672897196262,0.8866043613707165
2023-09-19 00:00:00+00:00,1.0,1.0,1.0,12.0,0.0,0.0,0.0,1.0,-0.1009734040589123,0.1750775344170421,0.6488901001181572,-0.1870204069512572,-0.2356014825503297,3.1622239704244723,True,0.94188302793841,0.8510903426791278,0.9171339563862928,1.0,0.9227414330218068
2023-09-20 00:00:00+00:00,0.0,0.0,0.0,0.0,0.0,0.0,0.0,0.0,-0.2658384228936573,-0.3414655588538266,-0.2793350430989928,-0.2182945887621037,-0.2356014825503297,-0.3836389340593552,True,-0.2950262798344474,0.7707165109034267,0.9171339563862928,0.8504672897196262,0.8461059190031152
2023-09-21 00:00:00+00:00,0.0,0.0,0.0,0.0,0.0,0.0,0.0,0.0,-0.2658384228936573,-0.3414655588538266,-0.2793350430989928,-0.2182945887621037,-0.2356014825503297,-0.3836389340593552,True,-0.2950262798344474,0.7707165109034267,0.9171339563862928,0.8504672897196262,0.8461059190031152
2023-09-22 00:00:00+00:00,0.0,0.0,0.0,0.0,0.0,0.0,0.0,0.0,-0.2658384228936573,-0.3414655588538266,-0.2793350430989928,-0.2182945887621037,-0.2356014825503297,-0.3836389340593552,True,-0.2950262798344474,0.7707165109034267,0.9171339563862928,0.8504672897196262,0.8461059190031152
2023-09-23 00:00:00+00:00,0.0,0.0,0.0,0.0,0.0,0.0,0.0,0.0,-0.2658384228936573,-0.3414655588538266,-0.2793350430989928,-0.2182945887621037,-0.2356014825503297,-0.3836389340593552,True,-0.2950262798344474,0.7707165109034267,0.9171339563862928,0.8504672897196262,0.8461059190031152
2023-09-24 00:00:00+00:00,0.0,0.0,0.0,0.0,0.0,0.0,0.0,0.0,-0.2658384228936573,-0.3414655588538266,-0.2793350430989928,-0.2182945887621037,-0.2356014825503297,-0.3836389340593552,True,-0.2950262798344474,0.7707165109034267,0.9171339563862928,0.8504672897196262,0.8461059190031152
2023-09-25 00:00:00+00:00,0.0,0.0,0.0,0.0,0.0,0.0,0.0,0.0,-0.2658384228936573,-0.3414655588538266,-0.2793350430989928,-0.2182945887621037,-0.2356014825503297,-0.3836389340593552,True,-0.2950262798344474,0.7707165109034267,0.9171339563862928,0.8504672897196262,0.8461059190031152
2023-09-26 00:00:00+00:00,0.0,0.0,0.0,0.0,0.0,0.0,0.0,0.0,-0.2658384228936573,-0.3414655588538266,-0.2793350430989928,-0.2182945887621037,-0.2356014825503297,-0.3836389340593552,True,-0.2950262798344474,0.7707165109034267,0.9171339563862928,0.8504672897196262,0.8461059190031152
2023-09-27 00:00:00+00:00,0.0,0.0,0.0,0.0,0.0,0.0,0.0,0.0,-0.2658384228936573,-0.3414655588538266,-0.2793350430989928,-0.2182945887621037,-0.2356014825503297,-0.3836389340593552,True,-0.2950262798344474,0.7707165109034267,0.9171339563862928,0.8504672897196262,0.8461059190031152
2023-09-28 00:00:00+00:00,1.0,1.0,1.0,646.0,0.0,0.0,0.0,1.0,-0.1009734040589123,0.1750775344170421,0.6488901001181572,1.465298865388466,-0.2356014825503297,3.1622239704244723,True,0.94188302793841,0.8510903426791278,0.9171339563862928,1.0,0.9227414330218068
2023-09-29 00:00:00+00:00,0.0,0.0,0.0,0.0,0.0,0.0,0.0,0.0,-0.2658384228936573,-0.3414655588538266,-0.2793350430989928,-0.2182945887621037,-0.2356014825503297,-0.3836389340593552,True,-0.2950262798344474,0.7707165109034267,0.9171339563862928,0.8504672897196262,0.8461059190031152
2023-09-30 00:00:00+00:00,1.0,1.0,1.0,6.0,0.0,0.0,0.0,1.0,-0.1009734040589123,0.1750775344170421,0.6488901001181572,-0.2026574978566804,-0.2356014825503297,3.1622239704244723,True,0.94188302793841,0.8510903426791278,0.9171339563862928,1.0,0.9227414330218068
2023-10-01 00:00:00+00:00,1.0,1.0,0.0,6.0,1.0,0.0,0.0,0.0,-0.1009734040589123,0.1750775344170421,-0.2793350430989928,-0.2026574978566804,7.297002372845597,-0.3836389340593552,True,2.270796678242443,0.8510903426791278,1.0,0.8504672897196262,0.9005192107995846
2023-10-02 00:00:00+00:00,0.0,0.0,0.0,0.0,0.0,0.0,0.0,0.0,-0.2658384228936573,-0.3414655588538266,-0.2793350430989928,-0.2182945887621037,-0.2356014825503297,-0.3836389340593552,True,-0.2950262798344474,0.7707165109034267,0.9171339563862928,0.8504672897196262,0.8461059190031152
2023-10-03 00:00:00+00:00,0.0,0.0,0.0,0.0,0.0,0.0,0.0,0.0,-0.2658384228936573,-0.3414655588538266,-0.2793350430989928,-0.2182945887621037,-0.2356014825503297,-0.3836389340593552,True,-0.2950262798344474,0.7707165109034267,0.9171339563862928,0.8504672897196262,0.8461059190031152
2023-10-04 00:00:00+00:00,0.0,0.0,0.0,0.0,0.0,0.0,0.0,0.0,-0.2658384228936573,-0.3414655588538266,-0.2793350430989928,-0.2182945887621037,-0.2356014825503297,-0.3836389340593552,True,-0.2950262798344474,0.7707165109034267,0.9171339563862928,0.8504672897196262,0.8461059190031152
2023-10-05 00:00:00+00:00,0.0,0.0,0.0,0.0,0.0,0.0,0.0,0.0,-0.2658384228936573,-0.3414655588538266,-0.2793350430989928,-0.2182945887621037,-0.2356014825503297,-0.3836389340593552,True,-0.2950262798344474,0.7707165109034267,0.9171339563862928,0.8504672897196262,0.8461059190031152
2023-10-06 00:00:00+00:00,0.0,0.0,0.0,0.0,0.0,0.0,0.0,0.0,-0.2658384228936573,-0.3414655588538266,-0.2793350430989928,-0.2182945887621037,-0.2356014825503297,-0.3836389340593552,True,-0.2950262798344474,0.7707165109034267,0.9171339563862928,0.8504672897196262,0.8461059190031152
2023-10-07 00:00:00+00:00,0.0,0.0,0.0,0.0,0.0,0.0,0.0,0.0,-0.2658384228936573,-0.3414655588538266,-0.2793350430989928,-0.2182945887621037,-0.2356014825503297,-0.3836389340593552,True,-0.2950262798344474,0.7707165109034267,0.9171339563862928,0.8504672897196262,0.8461059190031152
2023-10-08 00:00:00+00:00,0.0,0.0,0.0,0.0,0.0,0.0,0.0,0.0,-0.2658384228936573,-0.3414655588538266,-0.2793350430989928,-0.2182945887621037,-0.2356014825503297,-0.3836389340593552,True,-0.2950262798344474,0.7707165109034267,0.9171339563862928,0.8504672897196262,0.8461059190031152
2023-10-09 00:00:00+00:00,0.0,0.0,0.0,0.0,0.0,0.0,0.0,0.0,-0.2658384228936573,-0.3414655588538266,-0.2793350430989928,-0.2182945887621037,-0.2356014825503297,-0.3836389340593552,True,-0.2950262798344474,0.7707165109034267,0.9171339563862928,0.8504672897196262,0.8461059190031152
2023-10-10 00:00:00+00:00,0.0,0.0,0.0,0.0,0.0,0.0,0.0,0.0,-0.2658384228936573,-0.3414655588538266,-0.2793350430989928,-0.2182945887621037,-0.2356014825503297,-0.3836389340593552,True,-0.2950262798344474,0.7707165109034267,0.9171339563862928,0.8504672897196262,0.8461059190031152
2023-10-11 00:00:00+00:00,0.0,0.0,0.0,0.0,0.0,0.0,0.0,0.0,-0.2658384228936573,-0.3414655588538266,-0.2793350430989928,-0.2182945887621037,-0.2356014825503297,-0.3836389340593552,True,-0.2950262798344474,0.7707165109034267,0.9171339563862928,0.8504672897196262,0.8461059190031152
2023-10-12 00:00:00+00:00,0.0,0.0,0.0,0.0,0.0,0.0,0.0,0.0,-0.2658384228936573,-0.3414655588538266,-0.2793350430989928,-0.2182945887621037,-0.2356014825503297,-0.3836389340593552,True,-0.2950262798344474,0.7707165109034267,0.9171339563862928,0.8504672897196262,0.8461059190031152
2023-10-13 00:00:00+00:00,0.0,0.0,0.0,0.0,0.0,0.0,0.0,0.0,-0.2658384228936573,-0.3414655588538266,-0.2793350430989928,-0.2182945887621037,-0.2356014825503297,-0.3836389340593552,True,-0.2950262798344474,0.7707165109034267,0.9171339563862928,0.8504672897196262,0.8461059190031152
2023-10-14 00:00:00+00:00,0.0,0.0,0.0,0.0,0.0,0.0,0.0,0.0,-0.2658384228936573,-0.3414655588538266,-0.2793350430989928,-0.2182945887621037,-0.2356014825503297,-0.3836389340593552,True,-0.2950262798344474,0.7707165109034267,0.9171339563862928,0.8504672897196262,0.8461059190031152
2023-10-15 00:00:00+00:00,0.0,0.0,0.0,0.0,0.0,0.0,0.0,0.0,-0.2658384228936573,-0.3414655588538266,-0.2793350430989928,-0.2182945887621037,-0.2356014825503297,-0.3836389340593552,True,-0.2950262798344474,0.7707165109034267,0.9171339563862928,0.8504672897196262,0.8461059190031152
2023-10-16 00:00:00+00:00,0.0,0.0,0.0,0.0,0.0,0.0,0.0,0.0,-0.2658384228936573,-0.3414655588538266,-0.2793350430989928,-0.2182945887621037,-0.2356014825503297,-0.3836389340593552,True,-0.2950262798344474,0.7707165109034267,0.9171339563862928,0.8504672897196262,0.8461059190031152
2023-10-17 00:00:00+00:00,0.0,0.0,0.0,0.0,0.0,0.0,0.0,0.0,-0.2658384228936573,-0.3414655588538266,-0.2793350430989928,-0.2182945887621037,-0.2356014825503297,-0.3836389340593552,True,-0.2950262798344474,0.7707165109034267,0.9171339563862928,0.8504672897196262,0.8461059190031152
2023-10-18 00:00:00+00:00,0.0,0.0,0.0,0.0,0.0,0.0,0.0,0.0,-0.2658384228936573,-0.3414655588538266,-0.2793350430989928,-0.2182945887621037,-0.2356014825503297,-0.3836389340593552,True,-0.2950262798344474,0.7707165109034267,0.9171339563862928,0.8504672897196262,0.8461059190031152
2023-10-19 00:00:00+00:00,0.0,0.0,0.0,0.0,0.0,0.0,0.0,0.0,-0.2658384228936573,-0.3414655588538266,-0.2793350430989928,-0.2182945887621037,-0.2356014825503297,-0.3836389340593552,True,-0.2950262798344474,0.7707165109034267,0.9171339563862928,0.8504672897196262,0.8461059190031152
2023-10-20 00:00:00+00:00,0.0,0.0,0.0,0.0,0.0,0.0,0.0,0.0,-0.2658384228936573,-0.3414655588538266,-0.2793350430989928,-0.2182945887621037,-0.2356014825503297,-0.3836389340593552,True,-0.2950262798344474,0.7707165109034267,0.9171339563862928,0.8504672897196262,0.8461059190031152
2023-10-21 00:00:00+00:00,0.0,0.0,0.0,0.0,0.0,0.0,0.0,0.0,-0.2658384228936573,-0.3414655588538266,-0.2793350430989928,-0.2182945887621037,-0.2356014825503297,-0.3836389340593552,True,-0.2950262798344474,0.7707165109034267,0.9171339563862928,0.8504672897196262,0.8461059190031152
2023-10-22 00:00:00+00:00,0.0,0.0,0.0,0.0,0.0,0.0,0.0,0.0,-0.2658384228936573,-0.3414655588538266,-0.2793350430989928,-0.2182945887621037,-0.2356014825503297,-0.3836389340593552,True,-0.2950262798344474,0.7707165109034267,0.9171339563862928,0.8504672897196262,0.8461059190031152
2023-10-23 00:00:00+00:00,2.0,2.0,2.0,15.0,0.5,0.0,0.0,1.0,0.0638916147758326,0.6916206276879109,1.5771152433353073,-0.1792018614985455,3.530700445147634,3.1622239704244723,True,2.25227201011598,0.8922118380062305,0.9862928348909658,1.0,0.9595015576323987
2023-10-24 00:00:00+00:00,0.0,0.0,0.0,0.0,0.0,0.0,0.0,0.0,-0.2658384228936573,-0.3414655588538266,-0.2793350430989928,-0.2182945887621037,-0.2356014825503297,-0.3836389340593552,True,-0.2950262798344474,0.7707165109034267,0.9171339563862928,0.8504672897196262,0.8461059190031152
2023-10-25 00:00:00+00:00,2.0,2.0,2.0,1.0,0.5,0.0,0.0,1.0,0.0638916147758326,0.6916206276879109,1.5771152433353073,-0.2156884069445331,3.530700445147634,3.1622239704244723,True,2.25227201011598,0.8922118380062305,0.9862928348909658,1.0,0.9595015576323987
2023-10-26 00:00:00+00:00,0.0,0.0,0.0,0.0,0.0,0.0,0.0,0.0,-0.2658384228936573,-0.3414655588538266,-0.2793350430989928,-0.2182945887621037,-0.2356014825503297,-0.3836389340593552,True,-0.2950262798344474,0.7707165109034267,0.9171339563862928,0.8504672897196262,0.8461059190031152
2023-10-27 00:00:00+00:00,0.0,0.0,0.0,0.0,0.0,0.0,0.0,0.0,-0.2658384228936573,-0.3414655588538266,-0.2793350430989928,-0.2182945887621037,-0.2356014825503297,-0.3836389340593552,True,-0.2950262798344474,0.7707165109034267,0.9171339563862928,0.8504672897196262,0.8461059190031152
2023-10-28 00:00:00+00:00,0.0,0.0,0.0,0.0,0.0,0.0,0.0,0.0,-0.2658384228936573,-0.3414655588538266,-0.2793350430989928,-0.2182945887621037,-0.2356014825503297,-0.3836389340593552,True,-0.2950262798344474,0.7707165109034267,0.9171339563862928,0.8504672897196262,0.8461059190031152
2023-10-29 00:00:00+00:00,0.0,0.0,0.0,0.0,0.0,0.0,0.0,0.0,-0.2658384228936573,-0.3414655588538266,-0.2793350430989928,-0.2182945887621037,-0.2356014825503297,-0.3836389340593552,True,-0.2950262798344474,0.7707165109034267,0.9171339563862928,0.8504672897196262,0.8461059190031152
2023-10-30 00:00:00+00:00,0.0,0.0,0.0,0.0,0.0,0.0,0.0,0.0,-0.2658384228936573,-0.3414655588538266,-0.2793350430989928,-0.2182945887621037,-0.2356014825503297,-0.3836389340593552,True,-0.2950262798344474,0.7707165109034267,0.9171339563862928,0.8504672897196262,0.8461059190031152
2023-10-31 00:00:00+00:00,0.0,0.0,0.0,0.0,0.0,0.0,0.0,0.0,-0.2658384228936573,-0.3414655588538266,-0.2793350430989928,-0.2182945887621037,-0.2356014825503297,-0.3836389340593552,True,-0.2950262798344474,0.7707165109034267,0.9171339563862928,0.8504672897196262,0.8461059190031152
2023-11-01 00:00:00+00:00,0.0,0.0,0.0,0.0,0.0,0.0,0.0,0.0,-0.2658384228936573,-0.3414655588538266,-0.2793350430989928,-0.2182945887621037,-0.2356014825503297,-0.3836389340593552,True,-0.2950262798344474,0.7707165109034267,0.9171339563862928,0.8504672897196262,0.8461059190031152
2023-11-02 00:00:00+00:00,0.0,0.0,0.0,0.0,0.0,0.0,0.0,0.0,-0.2658384228936573,-0.3414655588538266,-0.2793350430989928,-0.2182945887621037,-0.2356014825503297,-0.3836389340593552,True,-0.2950262798344474,0.7707165109034267,0.9171339563862928,0.8504672897196262,0.8461059190031152
2023-11-03 00:00:00+00:00,0.0,0.0,0.0,0.0,0.0,0.0,0.0,0.0,-0.2658384228936573,-0.3414655588538266,-0.2793350430989928,-0.2182945887621037,-0.2356014825503297,-0.3836389340593552,True,-0.2950262798344474,0.7707165109034267,0.9171339563862928,0.8504672897196262,0.8461059190031152
2023-11-04 00:00:00+00:00,0.0,0.0,0.0,0.0,0.0,0.0,0.0,0.0,-0.2658384228936573,-0.3414655588538266,-0.2793350430989928,-0.2182945887621037,-0.2356014825503297,-0.3836389340593552,True,-0.2950262798344474,0.7707165109034267,0.9171339563862928,0.8504672897196262,0.8461059190031152
2023-11-05 00:00:00+00:00,0.0,0.0,0.0,0.0,0.0,0.0,0.0,0.0,-0.2658384228936573,-0.3414655588538266,-0.2793350430989928,-0.2182945887621037,-0.2356014825503297,-0.3836389340593552,True,-0.2950262798344474,0.7707165109034267,0.9171339563862928,0.8504672897196262,0.8461059190031152
2023-11-06 00:00:00+00:00,0.0,0.0,0.0,0.0,0.0,0.0,0.0,0.0,-0.2658384228936573,-0.3414655588538266,-0.2793350430989928,-0.2182945887621037,-0.2356014825503297,-0.3836389340593552,True,-0.2950262798344474,0.7707165109034267,0.9171339563862928,0.8504672897196262,0.8461059190031152
2023-11-07 00:00:00+00:00,0.0,0.0,0.0,0.0,0.0,0.0,0.0,0.0,-0.2658384228936573,-0.3414655588538266,-0.2793350430989928,-0.2182945887621037,-0.2356014825503297,-0.3836389340593552,True,-0.2950262798344474,0.7707165109034267,0.9171339563862928,0.8504672897196262,0.8461059190031152
2023-11-08 00:00:00+00:00,0.0,0.0,0.0,0.0,0.0,0.0,0.0,0.0,-0.2658384228936573,-0.3414655588538266,-0.2793350430989928,-0.2182945887621037,-0.2356014825503297,-0.3836389340593552,True,-0.2950262798344474,0.7707165109034267,0.9171339563862928,0.8504672897196262,0.8461059190031152
2023-11-09 00:00:00+00:00,0.0,0.0,0.0,0.0,0.0,0.0,0.0,0.0,-0.2658384228936573,-0.3414655588538266,-0.2793350430989928,-0.2182945887621037,-0.2356014825503297,-0.3836389340593552,True,-0.2950262798344474,0.7707165109034267,0.9171339563862928,0.8504672897196262,0.8461059190031152
2023-11-10 00:00:00+00:00,0.0,0.0,0.0,0.0,0.0,0.0,0.0,0.0,-0.2658384228936573,-0.3414655588538266,-0.2793350430989928,-0.2182945887621037,-0.2356014825503297,-0.3836389340593552,True,-0.2950262798344474,0.7707165109034267,0.9171339563862928,0.8504672897196262,0.8461059190031152
2023-11-11 00:00:00+00:00,0.0,0.0,0.0,0.0,0.0,0.0,0.0,0.0,-0.2658384228936573,-0.3414655588538266,-0.2793350430989928,-0.2182945887621037,-0.2356014825503297,-0.3836389340593552,True,-0.2950262798344474,0.7707165109034267,0.9171339563862928,0.8504672897196262,0.8461059190031152
2023-11-12 00:00:00+00:00,0.0,0.0,0.0,0.0,0.0,0.0,0.0,0.0,-0.2658384228936573,-0.3414655588538266,-0.2793350430989928,-0.2182945887621037,-0.2356014825503297,-0.3836389340593552,True,-0.2950262798344474,0.7707165109034267,0.9171339563862928,0.8504672897196262,0.8461059190031152
2023-11-13 00:00:00+00:00,1.0,1.0,1.0,8.0,0.0,0.0,0.0,1.0,-0.1009734040589123,0.1750775344170421,0.6488901001181572,-0.1974451342215393,-0.2356014825503297,3.1622239704244723,True,0.94188302793841,0.8510903426791278,0.9171339563862928,1.0,0.9227414330218068
2023-11-14 00:00:00+00:00,0.0,0.0,0.0,0.0,0.0,0.0,0.0,0.0,-0.2658384228936573,-0.3414655588538266,-0.2793350430989928,-0.2182945887621037,-0.2356014825503297,-0.3836389340593552,True,-0.2950262798344474,0.7707165109034267,0.9171339563862928,0.8504672897196262,0.8461059190031152
2023-11-15 00:00:00+00:00,0.0,0.0,0.0,0.0,0.0,0.0,0.0,0.0,-0.2658384228936573,-0.3414655588538266,-0.2793350430989928,-0.2182945887621037,-0.2356014825503297,-0.3836389340593552,True,-0.2950262798344474,0.7707165109034267,0.9171339563862928,0.8504672897196262,0.8461059190031152
2023-11-16 00:00:00+00:00,0.0,0.0,0.0,0.0,0.0,0.0,0.0,0.0,-0.2658384228936573,-0.3414655588538266,-0.2793350430989928,-0.2182945887621037,-0.2356014825503297,-0.3836389340593552,True,-0.2950262798344474,0.7707165109034267,0.9171339563862928,0.8504672897196262,0.8461059190031152
2023-11-17 00:00:00+00:00,0.0,0.0,0.0,0.0,0.0,0.0,0.0,0.0,-0.2658384228936573,-0.3414655588538266,-0.2793350430989928,-0.2182945887621037,-0.2356014825503297,-0.3836389340593552,True,-0.2950262798344474,0.7707165109034267,0.9171339563862928,0.8504672897196262,0.8461059190031152
2023-11-18 00:00:00+00:00,0.0,0.0,0.0,0.0,0.0,0.0,0.0,0.0,-0.2658384228936573,-0.3414655588538266,-0.2793350430989928,-0.2182945887621037,-0.2356014825503297,-0.3836389340593552,True,-0.2950262798344474,0.7707165109034267,0.9171339563862928,0.8504672897196262,0.8461059190031152
2023-11-19 00:00:00+00:00,0.0,0.0,0.0,0.0,0.0,0.0,0.0,0.0,-0.2658384228936573,-0.3414655588538266,-0.2793350430989928,-0.2182945887621037,-0.2356014825503297,-0.3836389340593552,True,-0.2950262798344474,0.7707165109034267,0.9171339563862928,0.8504672897196262,0.8461059190031152
2023-11-20 00:00:00+00:00,1.0,1.0,1.0,36.0,0.0,0.0,0.0,1.0,-0.1009734040589123,0.1750775344170421,0.6488901001181572,-0.1244720433295642,-0.2356014825503297,3.1622239704244723,True,0.94188302793841,0.8510903426791278,0.9171339563862928,1.0,0.9227414330218068
2023-11-21 00:00:00+00:00,4.0,2.0,2.0,35.25,0.0,0.0,0.0,1.0,0.3936216524453225,0.6916206276879109,1.5771152433353073,-0.1264266796927421,-0.2356014825503297,3.1622239704244723,True,1.106748046773155,0.9227414330218069,0.9171339563862928,1.0,0.9466251298026999
2023-11-22 00:00:00+00:00,0.0,0.0,0.0,0.0,0.0,0.0,0.0,0.0,-0.2658384228936573,-0.3414655588538266,-0.2793350430989928,-0.2182945887621037,-0.2356014825503297,-0.3836389340593552,True,-0.2950262798344474,0.7707165109034267,0.9171339563862928,0.8504672897196262,0.8461059190031152
2023-11-23 00:00:00+00:00,0.0,0.0,0.0,0.0,0.0,0.0,0.0,0.0,-0.2658384228936573,-0.3414655588538266,-0.2793350430989928,-0.2182945887621037,-0.2356014825503297,-0.3836389340593552,True,-0.2950262798344474,0.7707165109034267,0.9171339563862928,0.8504672897196262,0.8461059190031152
2023-11-24 00:00:00+00:00,8.0,3.0,3.0,12.25,0.625,0.0,0.0,1.0,1.0530817277843023,1.2081637209587797,2.505340386552457,-0.1863688614968645,4.472275927072125,3.1622239704244723,True,2.8958605417603,0.9514018691588785,0.9881619937694704,1.0,0.9798546209761163
2023-11-25 00:00:00+00:00,0.0,0.0,0.0,0.0,0.0,0.0,0.0,0.0,-0.2658384228936573,-0.3414655588538266,-0.2793350430989928,-0.2182945887621037,-0.2356014825503297,-0.3836389340593552,True,-0.2950262798344474,0.7707165109034267,0.9171339563862928,0.8504672897196262,0.8461059190031152
2023-11-26 00:00:00+00:00,0.0,0.0,0.0,0.0,0.0,0.0,0.0,0.0,-0.2658384228936573,-0.3414655588538266,-0.2793350430989928,-0.2182945887621037,-0.2356014825503297,-0.3836389340593552,True,-0.2950262798344474,0.7707165109034267,0.9171339563862928,0.8504672897196262,0.8461059190031152
2023-11-27 00:00:00+00:00,0.0,0.0,0.0,0.0,0.0,0.0,0.0,0.0,-0.2658384228936573,-0.3414655588538266,-0.2793350430989928,-0.2182945887621037,-0.2356014825503297,-0.3836389340593552,True,-0.2950262798344474,0.7707165109034267,0.9171339563862928,0.8504672897196262,0.8461059190031152
2023-11-28 00:00:00+00:00,0.0,0.0,0.0,0.0,0.0,0.0,0.0,0.0,-0.2658384228936573,-0.3414655588538266,-0.2793350430989928,-0.2182945887621037,-0.2356014825503297,-0.3836389340593552,True,-0.2950262798344474,0.7707165109034267,0.9171339563862928,0.8504672897196262,0.8461059190031152
2023-11-29 00:00:00+00:00,0.0,0.0,0.0,0.0,0.0,0.0,0.0,0.0,-0.2658384228936573,-0.3414655588538266,-0.2793350430989928,-0.2182945887621037,-0.2356014825503297,-0.3836389340593552,True,-0.2950262798344474,0.7707165109034267,0.9171339563862928,0.8504672897196262,0.8461059190031152
2023-11-30 00:00:00+00:00,0.0,0.0,0.0,0.0,0.0,0.0,0.0,0.0,-0.2658384228936573,-0.3414655588538266,-0.2793350430989928,-0.2182945887621037,-0.2356014825503297,-0.3836389340593552,True,-0.2950262798344474,0.7707165109034267,0.9171339563862928,0.8504672897196262,0.8461059190031152
2023-12-01 00:00:00+00:00,0.0,0.0,0.0,0.0,0.0,0.0,0.0,0.0,-0.2658384228936573,-0.3414655588538266,-0.2793350430989928,-0.2182945887621037,-0.2356014825503297,-0.3836389340593552,True,-0.2950262798344474,0.7707165109034267,0.9171339563862928,0.8504672897196262,0.8461059190031152
2023-12-02 00:00:00+00:00,0.0,0.0,0.0,0.0,0.0,0.0,0.0,0.0,-0.2658384228936573,-0.3414655588538266,-0.2793350430989928,-0.2182945887621037,-0.2356014825503297,-0.3836389340593552,True,-0.2950262798344474,0.7707165109034267,0.9171339563862928,0.8504672897196262,0.8461059190031152
2023-12-03 00:00:00+00:00,0.0,0.0,0.0,0.0,0.0,0.0,0.0,0.0,-0.2658384228936573,-0.3414655588538266,-0.2793350430989928,-0.2182945887621037,-0.2356014825503297,-0.3836389340593552,True,-0.2950262798344474,0.7707165109034267,0.9171339563862928,0.8504672897196262,0.8461059190031152
2023-12-04 00:00:00+00:00,0.0,0.0,0.0,0.0,0.0,0.0,0.0,0.0,-0.2658384228936573,-0.3414655588538266,-0.2793350430989928,-0.2182945887621037,-0.2356014825503297,-0.3836389340593552,True,-0.2950262798344474,0.7707165109034267,0.9171339563862928,0.8504672897196262,0.8461059190031152
2023-12-05 00:00:00+00:00,5.0,4.0,4.0,206.0,0.4,0.0,0.0,1.0,0.5584866712800676,1.7247068142296484,3.4335655297696075,0.3185788656574278,2.777440059608041,3.1622239704244723,True,2.1660502337708603,0.9302180685358256,0.9638629283489096,1.0,0.9646936656282451
2023-12-06 00:00:00+00:00,0.0,0.0,0.0,0.0,0.0,0.0,0.0,0.0,-0.2658384228936573,-0.3414655588538266,-0.2793350430989928,-0.2182945887621037,-0.2356014825503297,-0.3836389340593552,True,-0.2950262798344474,0.7707165109034267,0.9171339563862928,0.8504672897196262,0.8461059190031152
2023-12-07 00:00:00+00:00,0.0,0.0,0.0,0.0,0.0,0.0,0.0,0.0,-0.2658384228936573,-0.3414655588538266,-0.2793350430989928,-0.2182945887621037,-0.2356014825503297,-0.3836389340593552,True,-0.2950262798344474,0.7707165109034267,0.9171339563862928,0.8504672897196262,0.8461059190031152
2023-12-08 00:00:00+00:00,0.0,0.0,0.0,0.0,0.0,0.0,0.0,0.0,-0.2658384228936573,-0.3414655588538266,-0.2793350430989928,-0.2182945887621037,-0.2356014825503297,-0.3836389340593552,True,-0.2950262798344474,0.7707165109034267,0.9171339563862928,0.8504672897196262,0.8461059190031152
2023-12-09 00:00:00+00:00,0.0,0.0,0.0,0.0,0.0,0.0,0.0,0.0,-0.2658384228936573,-0.3414655588538266,-0.2793350430989928,-0.2182945887621037,-0.2356014825503297,-0.3836389340593552,True,-0.2950262798344474,0.7707165109034267,0.9171339563862928,0.8504672897196262,0.8461059190031152
2023-12-10 00:00:00+00:00,0.0,0.0,0.0,0.0,0.0,0.0,0.0,0.0,-0.2658384228936573,-0.3414655588538266,-0.2793350430989928,-0.2182945887621037,-0.2356014825503297,-0.3836389340593552,True,-0.2950262798344474,0.7707165109034267,0.9171339563862928,0.8504672897196262,0.8461059190031152
2023-12-11 00:00:00+00:00,0.0,0.0,0.0,0.0,0.0,0.0,0.0,0.0,-0.2658384228936573,-0.3414655588538266,-0.2793350430989928,-0.2182945887621037,-0.2356014825503297,-0.3836389340593552,True,-0.2950262798344474,0.7707165109034267,0.9171339563862928,0.8504672897196262,0.8461059190031152
2023-12-12 00:00:00+00:00,3.0,1.0,1.0,3.6666666666666665,0.0,0.0,0.0,1.0,0.2287566336105776,0.1750775344170421,0.6488901001181572,-0.208738588764345,-0.2356014825503297,3.1622239704244723,True,1.0517930404949067,0.9096573208722741,0.9171339563862928,1.0,0.942263759086189
2023-12-13 00:00:00+00:00,0.0,0.0,0.0,0.0,0.0,0.0,0.0,0.0,-0.2658384228936573,-0.3414655588538266,-0.2793350430989928,-0.2182945887621037,-0.2356014825503297,-0.3836389340593552,True,-0.2950262798344474,0.7707165109034267,0.9171339563862928,0.8504672897196262,0.8461059190031152
2023-12-14 00:00:00+00:00,0.0,0.0,0.0,0.0,0.0,0.0,0.0,0.0,-0.2658384228936573,-0.3414655588538266,-0.2793350430989928,-0.2182945887621037,-0.2356014825503297,-0.3836389340593552,True,-0.2950262798344474,0.7707165109034267,0.9171339563862928,0.8504672897196262,0.8461059190031152
2023-12-15 00:00:00+00:00,1.0,1.0,0.0,1027.0,0.0,0.0,0.0,0.0,-0.1009734040589123,0.1750775344170421,-0.2793350430989928,2.458254137882842,-0.2356014825503297,-0.3836389340593552,True,-0.240071273556199,0.8510903426791278,0.9171339563862928,0.8504672897196262,0.8728971962616822
2023-12-16 00:00:00+00:00,1.0,1.0,1.0,2.0,0.0,0.0,0.0,1.0,-0.1009734040589123,0.1750775344170421,0.6488901001181572,-0.2130822251269626,-0.2356014825503297,3.1622239704244723,True,0.94188302793841,0.8510903426791278,0.9171339563862928,1.0,0.9227414330218068
2023-12-17 00:00:00+00:00,0.0,0.0,0.0,0.0,0.0,0.0,0.0,0.0,-0.2658384228936573,-0.3414655588538266,-0.2793350430989928,-0.2182945887621037,-0.2356014825503297,-0.3836389340593552,True,-0.2950262798344474,0.7707165109034267,0.9171339563862928,0.8504672897196262,0.8461059190031152
2023-12-18 00:00:00+00:00,1.0,1.0,1.0,56.0,0.0,0.0,0.0,1.0,-0.1009734040589123,0.1750775344170421,0.6488901001181572,-0.0723484069781533,-0.2356014825503297,3.1622239704244723,True,0.94188302793841,0.8510903426791278,0.9171339563862928,1.0,0.9227414330218068
2023-12-19 00:00:00+00:00,0.0,0.0,0.0,0.0,0.0,0.0,0.0,0.0,-0.2658384228936573,-0.3414655588538266,-0.2793350430989928,-0.2182945887621037,-0.2356014825503297,-0.3836389340593552,True,-0.2950262798344474,0.7707165109034267,0.9171339563862928,0.8504672897196262,0.8461059190031152
2023-12-20 00:00:00+00:00,1.0,1.0,0.0,4.0,0.0,0.0,0.0,0.0,-0.1009734040589123,0.1750775344170421,-0.2793350430989928,-0.2078698614918215,-0.2356014825503297,-0.3836389340593552,True,-0.240071273556199,0.8510903426791278,0.9171339563862928,0.8504672897196262,0.8728971962616822
2023-12-21 00:00:00+00:00,0.0,0.0,0.0,0.0,0.0,0.0,0.0,0.0,-0.2658384228936573,-0.3414655588538266,-0.2793350430989928,-0.2182945887621037,-0.2356014825503297,-0.3836389340593552,True,-0.2950262798344474,0.7707165109034267,0.9171339563862928,0.8504672897196262,0.8461059190031152
2023-12-22 00:00:00+00:00,0.0,0.0,0.0,0.0,0.0,0.0,0.0,0.0,-0.2658384228936573,-0.3414655588538266,-0.2793350430989928,-0.2182945887621037,-0.2356014825503297,-0.3836389340593552,True,-0.2950262798344474,0.7707165109034267,0.9171339563862928,0.8504672897196262,0.8461059190031152
2023-12-23 00:00:00+00:00,1.0,1.0,1.0,8.0,0.0,0.0,0.0,1.0,-0.1009734040589123,0.1750775344170421,0.6488901001181572,-0.1974451342215393,-0.2356014825503297,3.1622239704244723,True,0.94188302793841,0.8510903426791278,0.9171339563862928,1.0,0.9227414330218068
2023-12-24 00:00:00+00:00,0.0,0.0,0.0,0.0,0.0,0.0,0.0,0.0,-0.2658384228936573,-0.3414655588538266,-0.2793350430989928,-0.2182945887621037,-0.2356014825503297,-0.3836389340593552,True,-0.2950262798344474,0.7707165109034267,0.9171339563862928,0.8504672897196262,0.8461059190031152
2023-12-25 00:00:00+00:00,0.0,0.0,0.0,0.0,0.0,0.0,0.0,0.0,-0.2658384228936573,-0.3414655588538266,-0.2793350430989928,-0.2182945887621037,-0.2356014825503297,-0.3836389340593552,True,-0.2950262798344474,0.7707165109034267,0.9171339563862928,0.8504672897196262,0.8461059190031152
2023-12-26 00:00:00+00:00,0.0,0.0,0.0,0.0,0.0,0.0,0.0,0.0,-0.2658384228936573,-0.3414655588538266,-0.2793350430989928,-0.2182945887621037,-0.2356014825503297,-0.3836389340593552,True,-0.2950262798344474,0.7707165109034267,0.9171339563862928,0.8504672897196262,0.8461059190031152
2023-12-27 00:00:00+00:00,0.0,0.0,0.0,0.0,0.0,0.0,0.0,0.0,-0.2658384228936573,-0.3414655588538266,-0.2793350430989928,-0.2182945887621037,-0.2356014825503297,-0.3836389340593552,True,-0.2950262798344474,0.7707165109034267,0.9171339563862928,0.8504672897196262,0.8461059190031152
2023-12-28 00:00:00+00:00,0.0,0.0,0.0,0.0,0.0,0.0,0.0,0.0,-0.2658384228936573,-0.3414655588538266,-0.2793350430989928,-0.2182945887621037,-0.2356014825503297,-0.3836389340593552,True,-0.2950262798344474,0.7707165109034267,0.9171339563862928,0.8504672897196262,0.8461059190031152
2023-12-29 00:00:00+00:00,0.0,0.0,0.0,0.0,0.0,0.0,0.0,0.0,-0.2658384228936573,-0.3414655588538266,-0.2793350430989928,-0.2182945887621037,-0.2356014825503297,-0.3836389340593552,True,-0.2950262798344474,0.7707165109034267,0.9171339563862928,0.8504672897196262,0.8461059190031152
2023-12-30 00:00:00+00:00,0.0,0.0,0.0,0.0,0.0,0.0,0.0,0.0,-0.2658384228936573,-0.3414655588538266,-0.2793350430989928,-0.2182945887621037,-0.2356014825503297,-0.3836389340593552,True,-0.2950262798344474,0.7707165109034267,0.9171339563862928,0.8504672897196262,0.8461059190031152
2023-12-31 00:00:00+00:00,1.0,1.0,1.0,4.0,0.0,0.0,0.0,1.0,-0.1009734040589123,0.1750775344170421,0.6488901001181572,-0.2078698614918215,-0.2356014825503297,3.1622239704244723,True,0.94188302793841,0.8510903426791278,0.9171339563862928,1.0,0.9227414330218068
2024-01-01 00:00:00+00:00,1.0,1.0,0.0,19.0,0.0,0.0,0.0,0.0,-0.1009734040589123,0.1750775344170421,-0.2793350430989928,-0.1687771342282634,-0.2356014825503297,-0.3836389340593552,True,-0.240071273556199,0.8510903426791278,0.9171339563862928,0.8504672897196262,0.8728971962616822
2024-01-02 00:00:00+00:00,0.0,0.0,0.0,0.0,0.0,0.0,0.0,0.0,-0.2658384228936573,-0.3414655588538266,-0.2793350430989928,-0.2182945887621037,-0.2356014825503297,-0.3836389340593552,True,-0.2950262798344474,0.7707165109034267,0.9171339563862928,0.8504672897196262,0.8461059190031152
2024-01-03 00:00:00+00:00,0.0,0.0,0.0,0.0,0.0,0.0,0.0,0.0,-0.2658384228936573,-0.3414655588538266,-0.2793350430989928,-0.2182945887621037,-0.2356014825503297,-0.3836389340593552,True,-0.2950262798344474,0.7707165109034267,0.9171339563862928,0.8504672897196262,0.8461059190031152
2024-01-04 00:00:00+00:00,0.0,0.0,0.0,0.0,0.0,0.0,0.0,0.0,-0.2658384228936573,-0.3414655588538266,-0.2793350430989928,-0.2182945887621037,-0.2356014825503297,-0.3836389340593552,True,-0.2950262798344474,0.7707165109034267,0.9171339563862928,0.8504672897196262,0.8461059190031152
2024-01-05 00:00:00+00:00,0.0,0.0,0.0,0.0,0.0,0.0,0.0,0.0,-0.2658384228936573,-0.3414655588538266,-0.2793350430989928,-0.2182945887621037,-0.2356014825503297,-0.3836389340593552,True,-0.2950262798344474,0.7707165109034267,0.9171339563862928,0.8504672897196262,0.8461059190031152
2024-01-06 00:00:00+00:00,0.0,0.0,0.0,0.0,0.0,0.0,0.0,0.0,-0.2658384228936573,-0.3414655588538266,-0.2793350430989928,-0.2182945887621037,-0.2356014825503297,-0.3836389340593552,True,-0.2950262798344474,0.7707165109034267,0.9171339563862928,0.8504672897196262,0.8461059190031152
2024-01-07 00:00:00+00:00,0.0,0.0,0.0,0.0,0.0,0.0,0.0,0.0,-0.2658384228936573,-0.3414655588538266,-0.2793350430989928,-0.2182945887621037,-0.2356014825503297,-0.3836389340593552,True,-0.2950262798344474,0.7707165109034267,0.9171339563862928,0.8504672897196262,0.8461059190031152
2024-01-08 00:00:00+00:00,0.0,0.0,0.0,0.0,0.0,0.0,0.0,0.0,-0.2658384228936573,-0.3414655588538266,-0.2793350430989928,-0.2182945887621037,-0.2356014825503297,-0.3836389340593552,True,-0.2950262798344474,0.7707165109034267,0.9171339563862928,0.8504672897196262,0.8461059190031152
2024-01-09 00:00:00+00:00,0.0,0.0,0.0,0.0,0.0,0.0,0.0,0.0,-0.2658384228936573,-0.3414655588538266,-0.2793350430989928,-0.2182945887621037,-0.2356014825503297,-0.3836389340593552,True,-0.2950262798344474,0.7707165109034267,0.9171339563862928,0.8504672897196262,0.8461059190031152
2024-01-10 00:00:00+00:00,0.0,0.0,0.0,0.0,0.0,0.0,0.0,0.0,-0.2658384228936573,-0.3414655588538266,-0.2793350430989928,-0.2182945887621037,-0.2356014825503297,-0.3836389340593552,True,-0.2950262798344474,0.7707165109034267,0.9171339563862928,0.8504672897196262,0.8461059190031152
2024-01-11 00:00:00+00:00,0.0,0.0,0.0,0.0,0.0,0.0,0.0,0.0,-0.2658384228936573,-0.3414655588538266,-0.2793350430989928,-0.2182945887621037,-0.2356014825503297,-0.3836389340593552,True,-0.2950262798344474,0.7707165109034267,0.9171339563862928,0.8504672897196262,0.8461059190031152
2024-01-12 00:00:00+00:00,0.0,0.0,0.0,0.0,0.0,0.0,0.0,0.0,-0.2658384228936573,-0.3414655588538266,-0.2793350430989928,-0.2182945887621037,-0.2356014825503297,-0.3836389340593552,True,-0.2950262798344474,0.7707165109034267,0.9171339563862928,0.8504672897196262,0.8461059190031152
2024-01-13 00:00:00+00:00,0.0,0.0,0.0,0.0,0.0,0.0,0.0,0.0,-0.2658384228936573,-0.3414655588538266,-0.2793350430989928,-0.2182945887621037,-0.2356014825503297,-0.3836389340593552,True,-0.2950262798344474,0.7707165109034267,0.9171339563862928,0.8504672897196262,0.8461059190031152
2024-01-14 00:00:00+00:00,0.0,0.0,0.0,0.0,0.0,0.0,0.0,0.0,-0.2658384228936573,-0.3414655588538266,-0.2793350430989928,-0.2182945887621037,-0.2356014825503297,-0.3836389340593552,True,-0.2950262798344474,0.7707165109034267,0.9171339563862928,0.8504672897196262,0.8461059190031152
2024-01-15 00:00:00+00:00,0.0,0.0,0.0,0.0,0.0,0.0,0.0,0.0,-0.2658384228936573,-0.3414655588538266,-0.2793350430989928,-0.2182945887621037,-0.2356014825503297,-0.3836389340593552,True,-0.2950262798344474,0.7707165109034267,0.9171339563862928,0.8504672897196262,0.8461059190031152
2024-01-16 00:00:00+00:00,0.0,0.0,0.0,0.0,0.0,0.0,0.0,0.0,-0.2658384228936573,-0.3414655588538266,-0.2793350430989928,-0.2182945887621037,-0.2356014825503297,-0.3836389340593552,True,-0.2950262798344474,0.7707165109034267,0.9171339563862928,0.8504672897196262,0.8461059190031152
2024-01-17 00:00:00+00:00,0.0,0.0,0.0,0.0,0.0,0.0,0.0,0.0,-0.2658384228936573,-0.3414655588538266,-0.2793350430989928,-0.2182945887621037,-0.2356014825503297,-0.3836389340593552,True,-0.2950262798344474,0.7707165109034267,0.9171339563862928,0.8504672897196262,0.8461059190031152
2024-01-18 00:00:00+00:00,2.0,2.0,0.0,0.0,0.0,1.0,0.0,0.0,0.0638916147758326,0.6916206276879109,-0.2793350430989928,-0.2182945887621037,-0.2356014825503297,-0.3836389340593552,True,-0.1851162672779507,0.8922118380062305,0.9171339563862928,0.8504672897196262,0.8866043613707165
2024-01-19 00:00:00+00:00,1.0,1.0,0.0,33.0,0.0,0.0,0.0,0.0,-0.1009734040589123,0.1750775344170421,-0.2793350430989928,-0.1322905887822758,-0.2356014825503297,-0.3836389340593552,True,-0.240071273556199,0.8510903426791278,0.9171339563862928,0.8504672897196262,0.8728971962616822
2024-01-20 00:00:00+00:00,0.0,0.0,0.0,0.0,0.0,0.0,0.0,0.0,-0.2658384228936573,-0.3414655588538266,-0.2793350430989928,-0.2182945887621037,-0.2356014825503297,-0.3836389340593552,True,-0.2950262798344474,0.7707165109034267,0.9171339563862928,0.8504672897196262,0.8461059190031152
2024-01-21 00:00:00+00:00,2.0,1.0,1.0,4.0,0.0,0.0,0.0,1.0,0.0638916147758326,0.1750775344170421,0.6488901001181572,-0.2078698614918215,-0.2356014825503297,3.1622239704244723,True,0.9968380342166584,0.8922118380062305,0.9171339563862928,1.0,0.9364485981308411
2024-01-22 00:00:00+00:00,1.0,1.0,0.0,87.0,0.0,0.0,0.0,0.0,-0.1009734040589123,0.1750775344170421,-0.2793350430989928,0.0084432293665334,-0.2356014825503297,-0.3836389340593552,True,-0.240071273556199,0.8510903426791278,0.9171339563862928,0.8504672897196262,0.8728971962616822
2024-01-23 00:00:00+00:00,0.0,0.0,0.0,0.0,0.0,0.0,0.0,0.0,-0.2658384228936573,-0.3414655588538266,-0.2793350430989928,-0.2182945887621037,-0.2356014825503297,-0.3836389340593552,True,-0.2950262798344474,0.7707165109034267,0.9171339563862928,0.8504672897196262,0.8461059190031152
2024-01-24 00:00:00+00:00,0.0,0.0,0.0,0.0,0.0,0.0,0.0,0.0,-0.2658384228936573,-0.3414655588538266,-0.2793350430989928,-0.2182945887621037,-0.2356014825503297,-0.3836389340593552,True,-0.2950262798344474,0.7707165109034267,0.9171339563862928,0.8504672897196262,0.8461059190031152
2024-01-25 00:00:00+00:00,0.0,0.0,0.0,0.0,0.0,0.0,0.0,0.0,-0.2658384228936573,-0.3414655588538266,-0.2793350430989928,-0.2182945887621037,-0.2356014825503297,-0.3836389340593552,True,-0.2950262798344474,0.7707165109034267,0.9171339563862928,0.8504672897196262,0.8461059190031152
2024-01-26 00:00:00+00:00,0.0,0.0,0.0,0.0,0.0,0.0,0.0,0.0,-0.2658384228936573,-0.3414655588538266,-0.2793350430989928,-0.2182945887621037,-0.2356014825503297,-0.3836389340593552,True,-0.2950262798344474,0.7707165109034267,0.9171339563862928,0.8504672897196262,0.8461059190031152
2024-01-27 00:00:00+00:00,1.0,1.0,0.0,0.0,0.0,1.0,0.0,0.0,-0.1009734040589123,0.1750775344170421,-0.2793350430989928,-0.2182945887621037,-0.2356014825503297,-0.3836389340593552,True,-0.240071273556199,0.8510903426791278,0.9171339563862928,0.8504672897196262,0.8728971962616822
2024-01-28 00:00:00+00:00,0.0,0.0,0.0,0.0,0.0,0.0,0.0,0.0,-0.2658384228936573,-0.3414655588538266,-0.2793350430989928,-0.2182945887621037,-0.2356014825503297,-0.3836389340593552,True,-0.2950262798344474,0.7707165109034267,0.9171339563862928,0.8504672897196262,0.8461059190031152
2024-01-29 00:00:00+00:00,0.0,0.0,0.0,0.0,0.0,0.0,0.0,0.0,-0.2658384228936573,-0.3414655588538266,-0.2793350430989928,-0.2182945887621037,-0.2356014825503297,-0.3836389340593552,True,-0.2950262798344474,0.7707165109034267,0.9171339563862928,0.8504672897196262,0.8461059190031152
2024-01-30 00:00:00+00:00,0.0,0.0,0.0,0.0,0.0,0.0,0.0,0.0,-0.2658384228936573,-0.3414655588538266,-0.2793350430989928,-0.2182945887621037,-0.2356014825503297,-0.3836389340593552,True,-0.2950262798344474,0.7707165109034267,0.9171339563862928,0.8504672897196262,0.8461059190031152
2024-01-31 00:00:00+00:00,0.0,0.0,0.0,0.0,0.0,0.0,0.0,0.0,-0.2658384228936573,-0.3414655588538266,-0.2793350430989928,-0.2182945887621037,-0.2356014825503297,-0.3836389340593552,True,-0.2950262798344474,0.7707165109034267,0.9171339563862928,0.8504672897196262,0.8461059190031152
2024-02-01 00:00:00+00:00,0.0,0.0,0.0,0.0,0.0,0.0,0.0,0.0,-0.2658384228936573,-0.3414655588538266,-0.2793350430989928,-0.2182945887621037,-0.2356014825503297,-0.3836389340593552,True,-0.2950262798344474,0.7707165109034267,0.9171339563862928,0.8504672897196262,0.8461059190031152
2024-02-02 00:00:00+00:00,0.0,0.0,0.0,0.0,0.0,0.0,0.0,0.0,-0.2658384228936573,-0.3414655588538266,-0.2793350430989928,-0.2182945887621037,-0.2356014825503297,-0.3836389340593552,True,-0.2950262798344474,0.7707165109034267,0.9171339563862928,0.8504672897196262,0.8461059190031152
2024-02-03 00:00:00+00:00,0.0,0.0,0.0,0.0,0.0,0.0,0.0,0.0,-0.2658384228936573,-0.3414655588538266,-0.2793350430989928,-0.2182945887621037,-0.2356014825503297,-0.3836389340593552,True,-0.2950262798344474,0.7707165109034267,0.9171339563862928,0.8504672897196262,0.8461059190031152
2024-02-04 00:00:00+00:00,0.0,0.0,0.0,0.0,0.0,0.0,0.0,0.0,-0.2658384228936573,-0.3414655588538266,-0.2793350430989928,-0.2182945887621037,-0.2356014825503297,-0.3836389340593552,True,-0.2950262798344474,0.7707165109034267,0.9171339563862928,0.8504672897196262,0.8461059190031152
2024-02-05 00:00:00+00:00,0.0,0.0,0.0,0.0,0.0,0.0,0.0,0.0,-0.2658384228936573,-0.3414655588538266,-0.2793350430989928,-0.2182945887621037,-0.2356014825503297,-0.3836389340593552,True,-0.2950262798344474,0.7707165109034267,0.9171339563862928,0.8504672897196262,0.8461059190031152
2024-02-06 00:00:00+00:00,0.0,0.0,0.0,0.0,0.0,0.0,0.0,0.0,-0.2658384228936573,-0.3414655588538266,-0.2793350430989928,-0.2182945887621037,-0.2356014825503297,-0.3836389340593552,True,-0.2950262798344474,0.7707165109034267,0.9171339563862928,0.8504672897196262,0.8461059190031152
2024-02-07 00:00:00+00:00,0.0,0.0,0.0,0.0,0.0,0.0,0.0,0.0,-0.2658384228936573,-0.3414655588538266,-0.2793350430989928,-0.2182945887621037,-0.2356014825503297,-0.3836389340593552,True,-0.2950262798344474,0.7707165109034267,0.9171339563862928,0.8504672897196262,0.8461059190031152
2024-02-08 00:00:00+00:00,0.0,0.0,0.0,0.0,0.0,0.0,0.0,0.0,-0.2658384228936573,-0.3414655588538266,-0.2793350430989928,-0.2182945887621037,-0.2356014825503297,-0.3836389340593552,True,-0.2950262798344474,0.7707165109034267,0.9171339563862928,0.8504672897196262,0.8461059190031152
2024-02-09 00:00:00+00:00,0.0,0.0,0.0,0.0,0.0,0.0,0.0,0.0,-0.2658384228936573,-0.3414655588538266,-0.2793350430989928,-0.2182945887621037,-0.2356014825503297,-0.3836389340593552,True,-0.2950262798344474,0.7707165109034267,0.9171339563862928,0.8504672897196262,0.8461059190031152
2024-02-10 00:00:00+00:00,0.0,0.0,0.0,0.0,0.0,0.0,0.0,0.0,-0.2658384228936573,-0.3414655588538266,-0.2793350430989928,-0.2182945887621037,-0.2356014825503297,-0.3836389340593552,True,-0.2950262798344474,0.7707165109034267,0.9171339563862928,0.8504672897196262,0.8461059190031152
2024-02-11 00:00:00+00:00,0.0,0.0,0.0,0.0,0.0,0.0,0.0,0.0,-0.2658384228936573,-0.3414655588538266,-0.2793350430989928,-0.2182945887621037,-0.2356014825503297,-0.3836389340593552,True,-0.2950262798344474,0.7707165109034267,0.9171339563862928,0.8504672897196262,0.8461059190031152
2024-02-12 00:00:00+00:00,0.0,0.0,0.0,0.0,0.0,0.0,0.0,0.0,-0.2658384228936573,-0.3414655588538266,-0.2793350430989928,-0.2182945887621037,-0.2356014825503297,-0.3836389340593552,True,-0.2950262798344474,0.7707165109034267,0.9171339563862928,0.8504672897196262,0.8461059190031152
2024-02-13 00:00:00+00:00,0.0,0.0,0.0,0.0,0.0,0.0,0.0,0.0,-0.2658384228936573,-0.3414655588538266,-0.2793350430989928,-0.2182945887621037,-0.2356014825503297,-0.3836389340593552,True,-0.2950262798344474,0.7707165109034267,0.9171339563862928,0.8504672897196262,0.8461059190031152
2024-02-14 00:00:00+00:00,0.0,0.0,0.0,0.0,0.0,0.0,0.0,0.0,-0.2658384228936573,-0.3414655588538266,-0.2793350430989928,-0.2182945887621037,-0.2356014825503297,-0.3836389340593552,True,-0.2950262798344474,0.7707165109034267,0.9171339563862928,0.8504672897196262,0.8461059190031152
2024-02-15 00:00:00+00:00,0.0,0.0,0.0,0.0,0.0,0.0,0.0,0.0,-0.2658384228936573,-0.3414655588538266,-0.2793350430989928,-0.2182945887621037,-0.2356014825503297,-0.3836389340593552,True,-0.2950262798344474,0.7707165109034267,0.9171339563862928,0.8504672897196262,0.8461059190031152
2024-02-16 00:00:00+00:00,0.0,0.0,0.0,0.0,0.0,0.0,0.0,0.0,-0.2658384228936573,-0.3414655588538266,-0.2793350430989928,-0.2182945887621037,-0.2356014825503297,-0.3836389340593552,True,-0.2950262798344474,0.7707165109034267,0.9171339563862928,0.8504672897196262,0.8461059190031152
2024-02-17 00:00:00+00:00,0.0,0.0,0.0,0.0,0.0,0.0,0.0,0.0,-0.2658384228936573,-0.3414655588538266,-0.2793350430989928,-0.2182945887621037,-0.2356014825503297,-0.3836389340593552,True,-0.2950262798344474,0.7707165109034267,0.9171339563862928,0.8504672897196262,0.8461059190031152
2024-02-18 00:00:00+00:00,0.0,0.0,0.0,0.0,0.0,0.0,0.0,0.0,-0.2658384228936573,-0.3414655588538266,-0.2793350430989928,-0.2182945887621037,-0.2356014825503297,-0.3836389340593552,True,-0.2950262798344474,0.7707165109034267,0.9171339563862928,0.8504672897196262,0.8461059190031152
2024-02-19 00:00:00+00:00,0.0,0.0,0.0,0.0,0.0,0.0,0.0,0.0,-0.2658384228936573,-0.3414655588538266,-0.2793350430989928,-0.2182945887621037,-0.2356014825503297,-0.3836389340593552,True,-0.2950262798344474,0.7707165109034267,0.9171339563862928,0.8504672897196262,0.8461059190031152
2024-02-20 00:00:00+00:00,0.0,0.0,0.0,0.0,0.0,0.0,0.0,0.0,-0.2658384228936573,-0.3414655588538266,-0.2793350430989928,-0.2182945887621037,-0.2356014825503297,-0.3836389340593552,True,-0.2950262798344474,0.7707165109034267,0.9171339563862928,0.8504672897196262,0.8461059190031152
2024-02-21 00:00:00+00:00,0.0,0.0,0.0,0.0,0.0,0.0,0.0,0.0,-0.2658384228936573,-0.3414655588538266,-0.2793350430989928,-0.2182945887621037,-0.2356014825503297,-0.3836389340593552,True,-0.2950262798344474,0.7707165109034267,0.9171339563862928,0.8504672897196262,0.8461059190031152
2024-02-22 00:00:00+00:00,8.0,2.0,2.0,62.25,0.125,0.0,0.0,1.0,1.0530817277843023,0.6916206276879109,1.5771152433353073,-0.0560597706183374,0.7059739993741612,3.1622239704244723,True,1.6404265658609785,0.9514018691588785,0.9383177570093458,1.0,0.9632398753894081
2024-02-23 00:00:00+00:00,1.0,1.0,0.0,1.0,0.0,0.0,0.0,0.0,-0.1009734040589123,0.1750775344170421,-0.2793350430989928,-0.2156884069445331,-0.2356014825503297,-0.3836389340593552,True,-0.240071273556199,0.8510903426791278,0.9171339563862928,0.8504672897196262,0.8728971962616822
2024-02-24 00:00:00+00:00,0.0,0.0,0.0,0.0,0.0,0.0,0.0,0.0,-0.2658384228936573,-0.3414655588538266,-0.2793350430989928,-0.2182945887621037,-0.2356014825503297,-0.3836389340593552,True,-0.2950262798344474,0.7707165109034267,0.9171339563862928,0.8504672897196262,0.8461059190031152
2024-02-25 00:00:00+00:00,0.0,0.0,0.0,0.0,0.0,0.0,0.0,0.0,-0.2658384228936573,-0.3414655588538266,-0.2793350430989928,-0.2182945887621037,-0.2356014825503297,-0.3836389340593552,True,-0.2950262798344474,0.7707165109034267,0.9171339563862928,0.8504672897196262,0.8461059190031152
2024-02-26 00:00:00+00:00,0.0,0.0,0.0,0.0,0.0,0.0,0.0,0.0,-0.2658384228936573,-0.3414655588538266,-0.2793350430989928,-0.2182945887621037,-0.2356014825503297,-0.3836389340593552,True,-0.2950262798344474,0.7707165109034267,0.9171339563862928,0.8504672897196262,0.8461059190031152
2024-02-27 00:00:00+00:00,2.0,2.0,2.0,15.0,0.5,0.0,0.0,1.0,0.0638916147758326,0.6916206276879109,1.5771152433353073,-0.1792018614985455,3.530700445147634,3.1622239704244723,True,2.25227201011598,0.8922118380062305,0.9862928348909658,1.0,0.9595015576323987
2024-02-28 00:00:00+00:00,0.0,0.0,0.0,0.0,0.0,0.0,0.0,0.0,-0.2658384228936573,-0.3414655588538266,-0.2793350430989928,-0.2182945887621037,-0.2356014825503297,-0.3836389340593552,True,-0.2950262798344474,0.7707165109034267,0.9171339563862928,0.8504672897196262,0.8461059190031152
2024-02-29 00:00:00+00:00,2.0,2.0,1.0,4.0,0.5,0.0,0.0,0.5,0.0638916147758326,0.6916206276879109,0.6488901001181572,-0.2078698614918215,3.530700445147634,1.3892925181825588,True,1.661294859368675,0.8922118380062305,0.9862928348909658,0.9077881619937694,0.9287642782969886
2024-03-01 00:00:00+00:00,0.0,0.0,0.0,0.0,0.0,0.0,0.0,0.0,-0.2658384228936573,-0.3414655588538266,-0.2793350430989928,-0.2182945887621037,-0.2356014825503297,-0.3836389340593552,True,-0.2950262798344474,0.7707165109034267,0.9171339563862928,0.8504672897196262,0.8461059190031152
2024-03-02 00:00:00+00:00,0.0,0.0,0.0,0.0,0.0,0.0,0.0,0.0,-0.2658384228936573,-0.3414655588538266,-0.2793350430989928,-0.2182945887621037,-0.2356014825503297,-0.3836389340593552,True,-0.2950262798344474,0.7707165109034267,0.9171339563862928,0.8504672897196262,0.8461059190031152
2024-03-03 00:00:00+00:00,0.0,0.0,0.0,0.0,0.0,0.0,0.0,0.0,-0.2658384228936573,-0.3414655588538266,-0.2793350430989928,-0.2182945887621037,-0.2356014825503297,-0.3836389340593552,True,-0.2950262798344474,0.7707165109034267,0.9171339563862928,0.8504672897196262,0.8461059190031152
2024-03-04 00:00:00+00:00,0.0,0.0,0.0,0.0,0.0,0.0,0.0,0.0,-0.2658384228936573,-0.3414655588538266,-0.2793350430989928,-0.2182945887621037,-0.2356014825503297,-0.3836389340593552,True,-0.2950262798344474,0.7707165109034267,0.9171339563862928,0.8504672897196262,0.8461059190031152
2024-03-05 00:00:00+00:00,0.0,0.0,0.0,0.0,0.0,0.0,0.0,0.0,-0.2658384228936573,-0.3414655588538266,-0.2793350430989928,-0.2182945887621037,-0.2356014825503297,-0.3836389340593552,True,-0.2950262798344474,0.7707165109034267,0.9171339563862928,0.8504672897196262,0.8461059190031152
2024-03-06 00:00:00+00:00,0.0,0.0,0.0,0.0,0.0,0.0,0.0,0.0,-0.2658384228936573,-0.3414655588538266,-0.2793350430989928,-0.2182945887621037,-0.2356014825503297,-0.3836389340593552,True,-0.2950262798344474,0.7707165109034267,0.9171339563862928,0.8504672897196262,0.8461059190031152
2024-03-07 00:00:00+00:00,0.0,0.0,0.0,0.0,0.0,0.0,0.0,0.0,-0.2658384228936573,-0.3414655588538266,-0.2793350430989928,-0.2182945887621037,-0.2356014825503297,-0.3836389340593552,True,-0.2950262798344474,0.7707165109034267,0.9171339563862928,0.8504672897196262,0.8461059190031152
2024-03-08 00:00:00+00:00,0.0,0.0,0.0,0.0,0.0,0.0,0.0,0.0,-0.2658384228936573,-0.3414655588538266,-0.2793350430989928,-0.2182945887621037,-0.2356014825503297,-0.3836389340593552,True,-0.2950262798344474,0.7707165109034267,0.9171339563862928,0.8504672897196262,0.8461059190031152
2024-03-09 00:00:00+00:00,0.0,0.0,0.0,0.0,0.0,0.0,0.0,0.0,-0.2658384228936573,-0.3414655588538266,-0.2793350430989928,-0.2182945887621037,-0.2356014825503297,-0.3836389340593552,True,-0.2950262798344474,0.7707165109034267,0.9171339563862928,0.8504672897196262,0.8461059190031152
2024-03-10 00:00:00+00:00,0.0,0.0,0.0,0.0,0.0,0.0,0.0,0.0,-0.2658384228936573,-0.3414655588538266,-0.2793350430989928,-0.2182945887621037,-0.2356014825503297,-0.3836389340593552,True,-0.2950262798344474,0.7707165109034267,0.9171339563862928,0.8504672897196262,0.8461059190031152
2024-03-11 00:00:00+00:00,0.0,0.0,0.0,0.0,0.0,0.0,0.0,0.0,-0.2658384228936573,-0.3414655588538266,-0.2793350430989928,-0.2182945887621037,-0.2356014825503297,-0.3836389340593552,True,-0.2950262798344474,0.7707165109034267,0.9171339563862928,0.8504672897196262,0.8461059190031152
2024-03-12 00:00:00+00:00,0.0,0.0,0.0,0.0,0.0,0.0,0.0,0.0,-0.2658384228936573,-0.3414655588538266,-0.2793350430989928,-0.2182945887621037,-0.2356014825503297,-0.3836389340593552,True,-0.2950262798344474,0.7707165109034267,0.9171339563862928,0.8504672897196262,0.8461059190031152
2024-03-13 00:00:00+00:00,0.0,0.0,0.0,0.0,0.0,0.0,0.0,0.0,-0.2658384228936573,-0.3414655588538266,-0.2793350430989928,-0.2182945887621037,-0.2356014825503297,-0.3836389340593552,True,-0.2950262798344474,0.7707165109034267,0.9171339563862928,0.8504672897196262,0.8461059190031152
2024-03-14 00:00:00+00:00,0.0,0.0,0.0,0.0,0.0,0.0,0.0,0.0,-0.2658384228936573,-0.3414655588538266,-0.2793350430989928,-0.2182945887621037,-0.2356014825503297,-0.3836389340593552,True,-0.2950262798344474,0.7707165109034267,0.9171339563862928,0.8504672897196262,0.8461059190031152
2024-03-15 00:00:00+00:00,0.0,0.0,0.0,0.0,0.0,0.0,0.0,0.0,-0.2658384228936573,-0.3414655588538266,-0.2793350430989928,-0.2182945887621037,-0.2356014825503297,-0.3836389340593552,True,-0.2950262798344474,0.7707165109034267,0.9171339563862928,0.8504672897196262,0.8461059190031152
2024-03-16 00:00:00+00:00,0.0,0.0,0.0,0.0,0.0,0.0,0.0,0.0,-0.2658384228936573,-0.3414655588538266,-0.2793350430989928,-0.2182945887621037,-0.2356014825503297,-0.3836389340593552,True,-0.2950262798344474,0.7707165109034267,0.9171339563862928,0.8504672897196262,0.8461059190031152
2024-03-17 00:00:00+00:00,1.0,1.0,0.0,36.0,0.0,0.0,0.0,0.0,-0.1009734040589123,0.1750775344170421,-0.2793350430989928,-0.1244720433295642,-0.2356014825503297,-0.3836389340593552,True,-0.240071273556199,0.8510903426791278,0.9171339563862928,0.8504672897196262,0.8728971962616822
2024-03-18 00:00:00+00:00,0.0,0.0,0.0,0.0,0.0,0.0,0.0,0.0,-0.2658384228936573,-0.3414655588538266,-0.2793350430989928,-0.2182945887621037,-0.2356014825503297,-0.3836389340593552,True,-0.2950262798344474,0.7707165109034267,0.9171339563862928,0.8504672897196262,0.8461059190031152
2024-03-19 00:00:00+00:00,0.0,0.0,0.0,0.0,0.0,0.0,0.0,0.0,-0.2658384228936573,-0.3414655588538266,-0.2793350430989928,-0.2182945887621037,-0.2356014825503297,-0.3836389340593552,True,-0.2950262798344474,0.7707165109034267,0.9171339563862928,0.8504672897196262,0.8461059190031152
2024-03-20 00:00:00+00:00,0.0,0.0,0.0,0.0,0.0,0.0,0.0,0.0,-0.2658384228936573,-0.3414655588538266,-0.2793350430989928,-0.2182945887621037,-0.2356014825503297,-0.3836389340593552,True,-0.2950262798344474,0.7707165109034267,0.9171339563862928,0.8504672897196262,0.8461059190031152
2024-03-21 00:00:00+00:00,0.0,0.0,0.0,0.0,0.0,0.0,0.0,0.0,-0.2658384228936573,-0.3414655588538266,-0.2793350430989928,-0.2182945887621037,-0.2356014825503297,-0.3836389340593552,True,-0.2950262798344474,0.7707165109034267,0.9171339563862928,0.8504672897196262,0.8461059190031152
2024-03-22 00:00:00+00:00,0.0,0.0,0.0,0.0,0.0,0.0,0.0,0.0,-0.2658384228936573,-0.3414655588538266,-0.2793350430989928,-0.2182945887621037,-0.2356014825503297,-0.3836389340593552,True,-0.2950262798344474,0.7707165109034267,0.9171339563862928,0.8504672897196262,0.8461059190031152
2024-03-23 00:00:00+00:00,0.0,0.0,0.0,0.0,0.0,0.0,0.0,0.0,-0.2658384228936573,-0.3414655588538266,-0.2793350430989928,-0.2182945887621037,-0.2356014825503297,-0.3836389340593552,True,-0.2950262798344474,0.7707165109034267,0.9171339563862928,0.8504672897196262,0.8461059190031152
2024-03-24 00:00:00+00:00,0.0,0.0,0.0,0.0,0.0,0.0,0.0,0.0,-0.2658384228936573,-0.3414655588538266,-0.2793350430989928,-0.2182945887621037,-0.2356014825503297,-0.3836389340593552,True,-0.2950262798344474,0.7707165109034267,0.9171339563862928,0.8504672897196262,0.8461059190031152
2024-03-25 00:00:00+00:00,0.0,0.0,0.0,0.0,0.0,0.0,0.0,0.0,-0.2658384228936573,-0.3414655588538266,-0.2793350430989928,-0.2182945887621037,-0.2356014825503297,-0.3836389340593552,True,-0.2950262798344474,0.7707165109034267,0.9171339563862928,0.8504672897196262,0.8461059190031152
2024-03-26 00:00:00+00:00,0.0,0.0,0.0,0.0,0.0,0.0,0.0,0.0,-0.2658384228936573,-0.3414655588538266,-0.2793350430989928,-0.2182945887621037,-0.2356014825503297,-0.3836389340593552,True,-0.2950262798344474,0.7707165109034267,0.9171339563862928,0.8504672897196262,0.8461059190031152
2024-03-27 00:00:00+00:00,9.0,5.0,4.0,252.22222222222223,0.3333333333333333,0.0,0.0,0.8,1.2179467466190474,2.241249907500517,3.4335655297696075,0.4390423807806884,2.2752664692483124,2.453051389527707,True,1.982088201798356,0.9545171339563863,0.9619937694704049,0.9264797507788162,0.9476635514018691
2024-03-28 00:00:00+00:00,0.0,0.0,0.0,0.0,0.0,0.0,0.0,0.0,-0.2658384228936573,-0.3414655588538266,-0.2793350430989928,-0.2182945887621037,-0.2356014825503297,-0.3836389340593552,True,-0.2950262798344474,0.7707165109034267,0.9171339563862928,0.8504672897196262,0.8461059190031152
2024-03-29 00:00:00+00:00,0.0,0.0,0.0,0.0,0.0,0.0,0.0,0.0,-0.2658384228936573,-0.3414655588538266,-0.2793350430989928,-0.2182945887621037,-0.2356014825503297,-0.3836389340593552,True,-0.2950262798344474,0.7707165109034267,0.9171339563862928,0.8504672897196262,0.8461059190031152
2024-03-30 00:00:00+00:00,0.0,0.0,0.0,0.0,0.0,0.0,0.0,0.0,-0.2658384228936573,-0.3414655588538266,-0.2793350430989928,-0.2182945887621037,-0.2356014825503297,-0.3836389340593552,True,-0.2950262798344474,0.7707165109034267,0.9171339563862928,0.8504672897196262,0.8461059190031152
2024-03-31 00:00:00+00:00,0.0,0.0,0.0,0.0,0.0,0.0,0.0,0.0,-0.2658384228936573,-0.3414655588538266,-0.2793350430989928,-0.2182945887621037,-0.2356014825503297,-0.3836389340593552,True,-0.2950262798344474,0.7707165109034267,0.9171339563862928,0.8504672897196262,0.8461059190031152
2024-04-01 00:00:00+00:00,0.0,0.0,0.0,0.0,0.0,0.0,0.0,0.0,-0.2658384228936573,-0.3414655588538266,-0.2793350430989928,-0.2182945887621037,-0.2356014825503297,-0.3836389340593552,True,-0.2950262798344474,0.7707165109034267,0.9171339563862928,0.8504672897196262,0.8461059190031152
2024-04-02 00:00:00+00:00,0.0,0.0,0.0,0.0,0.0,0.0,0.0,0.0,-0.2658384228936573,-0.3414655588538266,-0.2793350430989928,-0.2182945887621037,-0.2356014825503297,-0.3836389340593552,True,-0.2950262798344474,0.7707165109034267,0.9171339563862928,0.8504672897196262,0.8461059190031152
2024-04-03 00:00:00+00:00,0.0,0.0,0.0,0.0,0.0,0.0,0.0,0.0,-0.2658384228936573,-0.3414655588538266,-0.2793350430989928,-0.2182945887621037,-0.2356014825503297,-0.3836389340593552,True,-0.2950262798344474,0.7707165109034267,0.9171339563862928,0.8504672897196262,0.8461059190031152
2024-04-04 00:00:00+00:00,4.0,4.0,3.0,1675.5,0.5,0.0,0.0,0.75,0.3936216524453225,1.7247068142296484,2.505340386552457,4.148363046577339,3.530700445147634,2.275758244303516,True,2.066693447298824,0.9227414330218069,0.9862928348909658,0.92398753894081,0.9443406022845275
2024-04-05 00:00:00+00:00,0.0,0.0,0.0,0.0,0.0,0.0,0.0,0.0,-0.2658384228936573,-0.3414655588538266,-0.2793350430989928,-0.2182945887621037,-0.2356014825503297,-0.3836389340593552,True,-0.2950262798344474,0.7707165109034267,0.9171339563862928,0.8504672897196262,0.8461059190031152
2024-04-06 00:00:00+00:00,0.0,0.0,0.0,0.0,0.0,0.0,0.0,0.0,-0.2658384228936573,-0.3414655588538266,-0.2793350430989928,-0.2182945887621037,-0.2356014825503297,-0.3836389340593552,True,-0.2950262798344474,0.7707165109034267,0.9171339563862928,0.8504672897196262,0.8461059190031152
2024-04-07 00:00:00+00:00,0.0,0.0,0.0,0.0,0.0,0.0,0.0,0.0,-0.2658384228936573,-0.3414655588538266,-0.2793350430989928,-0.2182945887621037,-0.2356014825503297,-0.3836389340593552,True,-0.2950262798344474,0.7707165109034267,0.9171339563862928,0.8504672897196262,0.8461059190031152
2024-04-08 00:00:00+00:00,0.0,0.0,0.0,0.0,0.0,0.0,0.0,0.0,-0.2658384228936573,-0.3414655588538266,-0.2793350430989928,-0.2182945887621037,-0.2356014825503297,-0.3836389340593552,True,-0.2950262798344474,0.7707165109034267,0.9171339563862928,0.8504672897196262,0.8461059190031152
2024-04-09 00:00:00+00:00,0.0,0.0,0.0,0.0,0.0,0.0,0.0,0.0,-0.2658384228936573,-0.3414655588538266,-0.2793350430989928,-0.2182945887621037,-0.2356014825503297,-0.3836389340593552,True,-0.2950262798344474,0.7707165109034267,0.9171339563862928,0.8504672897196262,0.8461059190031152
2024-04-10 00:00:00+00:00,19.0,2.0,1.0,375.3684210526316,0.0,0.0,0.0,0.5,2.866596934966497,0.6916206276879109,0.6488901001181572,0.7599837650754282,-0.2356014825503297,1.3892925181825588,True,1.3400959901995757,0.9757009345794393,0.9171339563862928,0.9077881619937694,0.9335410176531672
2024-04-11 00:00:00+00:00,2.0,1.0,0.0,11.0,0.0,0.0,0.0,0.0,0.0638916147758326,0.1750775344170421,-0.2793350430989928,-0.1896265887688277,-0.2356014825503297,-0.3836389340593552,True,-0.1851162672779507,0.8922118380062305,0.9171339563862928,0.8504672897196262,0.8866043613707165
2024-04-12 00:00:00+00:00,0.0,0.0,0.0,0.0,0.0,0.0,0.0,0.0,-0.2658384228936573,-0.3414655588538266,-0.2793350430989928,-0.2182945887621037,-0.2356014825503297,-0.3836389340593552,True,-0.2950262798344474,0.7707165109034267,0.9171339563862928,0.8504672897196262,0.8461059190031152
2024-04-13 00:00:00+00:00,0.0,0.0,0.0,0.0,0.0,0.0,0.0,0.0,-0.2658384228936573,-0.3414655588538266,-0.2793350430989928,-0.2182945887621037,-0.2356014825503297,-0.3836389340593552,True,-0.2950262798344474,0.7707165109034267,0.9171339563862928,0.8504672897196262,0.8461059190031152
2024-04-14 00:00:00+00:00,0.0,0.0,0.0,0.0,0.0,0.0,0.0,0.0,-0.2658384228936573,-0.3414655588538266,-0.2793350430989928,-0.2182945887621037,-0.2356014825503297,-0.3836389340593552,True,-0.2950262798344474,0.7707165109034267,0.9171339563862928,0.8504672897196262,0.8461059190031152
2024-04-15 00:00:00+00:00,0.0,0.0,0.0,0.0,0.0,0.0,0.0,0.0,-0.2658384228936573,-0.3414655588538266,-0.2793350430989928,-0.2182945887621037,-0.2356014825503297,-0.3836389340593552,True,-0.2950262798344474,0.7707165109034267,0.9171339563862928,0.8504672897196262,0.8461059190031152
2024-04-16 00:00:00+00:00,0.0,0.0,0.0,0.0,0.0,0.0,0.0,0.0,-0.2658384228936573,-0.3414655588538266,-0.2793350430989928,-0.2182945887621037,-0.2356014825503297,-0.3836389340593552,True,-0.2950262798344474,0.7707165109034267,0.9171339563862928,0.8504672897196262,0.8461059190031152
2024-04-17 00:00:00+00:00,0.0,0.0,0.0,0.0,0.0,0.0,0.0,0.0,-0.2658384228936573,-0.3414655588538266,-0.2793350430989928,-0.2182945887621037,-0.2356014825503297,-0.3836389340593552,True,-0.2950262798344474,0.7707165109034267,0.9171339563862928,0.8504672897196262,0.8461059190031152
2024-04-18 00:00:00+00:00,4.0,3.0,2.0,36.75,0.25,0.0,0.0,0.6666666666666666,0.3936216524453225,1.2081637209587797,1.5771152433353073,-0.1225174069663863,1.647549481298652,1.980269668929864,True,1.340480267557946,0.9227414330218069,0.9526479750778816,0.9202492211838006,0.9318795430944964
2024-04-19 00:00:00+00:00,1.0,1.0,1.0,92.0,0.0,0.0,0.0,1.0,-0.1009734040589123,0.1750775344170421,0.6488901001181572,0.0214741384543861,-0.2356014825503297,3.1622239704244723,True,0.94188302793841,0.8510903426791278,0.9171339563862928,1.0,0.9227414330218068
2024-04-20 00:00:00+00:00,1.0,1.0,0.0,92.0,1.0,0.0,0.0,0.0,-0.1009734040589123,0.1750775344170421,-0.2793350430989928,0.0214741384543861,7.297002372845597,-0.3836389340593552,True,2.270796678242443,0.8510903426791278,1.0,0.8504672897196262,0.9005192107995846
2024-04-21 00:00:00+00:00,0.0,0.0,0.0,0.0,0.0,0.0,0.0,0.0,-0.2658384228936573,-0.3414655588538266,-0.2793350430989928,-0.2182945887621037,-0.2356014825503297,-0.3836389340593552,True,-0.2950262798344474,0.7707165109034267,0.9171339563862928,0.8504672897196262,0.8461059190031152
2024-04-22 00:00:00+00:00,0.0,0.0,0.0,0.0,0.0,0.0,0.0,0.0,-0.2658384228936573,-0.3414655588538266,-0.2793350430989928,-0.2182945887621037,-0.2356014825503297,-0.3836389340593552,True,-0.2950262798344474,0.7707165109034267,0.9171339563862928,0.8504672897196262,0.8461059190031152
2024-04-23 00:00:00+00:00,0.0,0.0,0.0,0.0,0.0,0.0,0.0,0.0,-0.2658384228936573,-0.3414655588538266,-0.2793350430989928,-0.2182945887621037,-0.2356014825503297,-0.3836389340593552,True,-0.2950262798344474,0.7707165109034267,0.9171339563862928,0.8504672897196262,0.8461059190031152
2024-04-24 00:00:00+00:00,0.0,0.0,0.0,0.0,0.0,0.0,0.0,0.0,-0.2658384228936573,-0.3414655588538266,-0.2793350430989928,-0.2182945887621037,-0.2356014825503297,-0.3836389340593552,True,-0.2950262798344474,0.7707165109034267,0.9171339563862928,0.8504672897196262,0.8461059190031152
2024-04-25 00:00:00+00:00,0.0,0.0,0.0,0.0,0.0,0.0,0.0,0.0,-0.2658384228936573,-0.3414655588538266,-0.2793350430989928,-0.2182945887621037,-0.2356014825503297,-0.3836389340593552,True,-0.2950262798344474,0.7707165109034267,0.9171339563862928,0.8504672897196262,0.8461059190031152
2024-04-26 00:00:00+00:00,1.0,1.0,1.0,37.0,0.0,0.0,0.0,1.0,-0.1009734040589123,0.1750775344170421,0.6488901001181572,-0.1218658615119936,-0.2356014825503297,3.1622239704244723,True,0.94188302793841,0.8510903426791278,0.9171339563862928,1.0,0.9227414330218068
2024-04-27 00:00:00+00:00,1.0,1.0,0.0,0.0,0.0,1.0,0.0,0.0,-0.1009734040589123,0.1750775344170421,-0.2793350430989928,-0.2182945887621037,-0.2356014825503297,-0.3836389340593552,True,-0.240071273556199,0.8510903426791278,0.9171339563862928,0.8504672897196262,0.8728971962616822
2024-04-28 00:00:00+00:00,0.0,0.0,0.0,0.0,0.0,0.0,0.0,0.0,-0.2658384228936573,-0.3414655588538266,-0.2793350430989928,-0.2182945887621037,-0.2356014825503297,-0.3836389340593552,True,-0.2950262798344474,0.7707165109034267,0.9171339563862928,0.8504672897196262,0.8461059190031152
2024-04-29 00:00:00+00:00,0.0,0.0,0.0,0.0,0.0,0.0,0.0,0.0,-0.2658384228936573,-0.3414655588538266,-0.2793350430989928,-0.2182945887621037,-0.2356014825503297,-0.3836389340593552,True,-0.2950262798344474,0.7707165109034267,0.9171339563862928,0.8504672897196262,0.8461059190031152
2024-04-30 00:00:00+00:00,0.0,0.0,0.0,0.0,0.0,0.0,0.0,0.0,-0.2658384228936573,-0.3414655588538266,-0.2793350430989928,-0.2182945887621037,-0.2356014825503297,-0.3836389340593552,True,-0.2950262798344474,0.7707165109034267,0.9171339563862928,0.8504672897196262,0.8461059190031152
2024-05-01 00:00:00+00:00,0.0,0.0,0.0,0.0,0.0,0.0,0.0,0.0,-0.2658384228936573,-0.3414655588538266,-0.2793350430989928,-0.2182945887621037,-0.2356014825503297,-0.3836389340593552,True,-0.2950262798344474,0.7707165109034267,0.9171339563862928,0.8504672897196262,0.8461059190031152
2024-05-02 00:00:00+00:00,0.0,0.0,0.0,0.0,0.0,0.0,0.0,0.0,-0.2658384228936573,-0.3414655588538266,-0.2793350430989928,-0.2182945887621037,-0.2356014825503297,-0.3836389340593552,True,-0.2950262798344474,0.7707165109034267,0.9171339563862928,0.8504672897196262,0.8461059190031152
2024-05-03 00:00:00+00:00,1.0,1.0,1.0,24.0,0.0,0.0,0.0,1.0,-0.1009734040589123,0.1750775344170421,0.6488901001181572,-0.1557462251404107,-0.2356014825503297,3.1622239704244723,True,0.94188302793841,0.8510903426791278,0.9171339563862928,1.0,0.9227414330218068
2024-05-04 00:00:00+00:00,0.0,0.0,0.0,0.0,0.0,0.0,0.0,0.0,-0.2658384228936573,-0.3414655588538266,-0.2793350430989928,-0.2182945887621037,-0.2356014825503297,-0.3836389340593552,True,-0.2950262798344474,0.7707165109034267,0.9171339563862928,0.8504672897196262,0.8461059190031152
2024-05-05 00:00:00+00:00,0.0,0.0,0.0,0.0,0.0,0.0,0.0,0.0,-0.2658384228936573,-0.3414655588538266,-0.2793350430989928,-0.2182945887621037,-0.2356014825503297,-0.3836389340593552,True,-0.2950262798344474,0.7707165109034267,0.9171339563862928,0.8504672897196262,0.8461059190031152
2024-05-06 00:00:00+00:00,0.0,0.0,0.0,0.0,0.0,0.0,0.0,0.0,-0.2658384228936573,-0.3414655588538266,-0.2793350430989928,-0.2182945887621037,-0.2356014825503297,-0.3836389340593552,True,-0.2950262798344474,0.7707165109034267,0.9171339563862928,0.8504672897196262,0.8461059190031152
2024-05-07 00:00:00+00:00,1.0,1.0,0.0,23.0,0.0,0.0,0.0,0.0,-0.1009734040589123,0.1750775344170421,-0.2793350430989928,-0.1583524069579812,-0.2356014825503297,-0.3836389340593552,True,-0.240071273556199,0.8510903426791278,0.9171339563862928,0.8504672897196262,0.8728971962616822
2024-05-08 00:00:00+00:00,0.0,0.0,0.0,0.0,0.0,0.0,0.0,0.0,-0.2658384228936573,-0.3414655588538266,-0.2793350430989928,-0.2182945887621037,-0.2356014825503297,-0.3836389340593552,True,-0.2950262798344474,0.7707165109034267,0.9171339563862928,0.8504672897196262,0.8461059190031152
2024-05-09 00:00:00+00:00,0.0,0.0,0.0,0.0,0.0,0.0,0.0,0.0,-0.2658384228936573,-0.3414655588538266,-0.2793350430989928,-0.2182945887621037,-0.2356014825503297,-0.3836389340593552,True,-0.2950262798344474,0.7707165109034267,0.9171339563862928,0.8504672897196262,0.8461059190031152
2024-05-10 00:00:00+00:00,0.0,0.0,0.0,0.0,0.0,0.0,0.0,0.0,-0.2658384228936573,-0.3414655588538266,-0.2793350430989928,-0.2182945887621037,-0.2356014825503297,-0.3836389340593552,True,-0.2950262798344474,0.7707165109034267,0.9171339563862928,0.8504672897196262,0.8461059190031152
2024-05-11 00:00:00+00:00,0.0,0.0,0.0,0.0,0.0,0.0,0.0,0.0,-0.2658384228936573,-0.3414655588538266,-0.2793350430989928,-0.2182945887621037,-0.2356014825503297,-0.3836389340593552,True,-0.2950262798344474,0.7707165109034267,0.9171339563862928,0.8504672897196262,0.8461059190031152
2024-05-12 00:00:00+00:00,0.0,0.0,0.0,0.0,0.0,0.0,0.0,0.0,-0.2658384228936573,-0.3414655588538266,-0.2793350430989928,-0.2182945887621037,-0.2356014825503297,-0.3836389340593552,True,-0.2950262798344474,0.7707165109034267,0.9171339563862928,0.8504672897196262,0.8461059190031152
2024-05-13 00:00:00+00:00,0.0,0.0,0.0,0.0,0.0,0.0,0.0,0.0,-0.2658384228936573,-0.3414655588538266,-0.2793350430989928,-0.2182945887621037,-0.2356014825503297,-0.3836389340593552,True,-0.2950262798344474,0.7707165109034267,0.9171339563862928,0.8504672897196262,0.8461059190031152
2024-05-14 00:00:00+00:00,0.0,0.0,0.0,0.0,0.0,0.0,0.0,0.0,-0.2658384228936573,-0.3414655588538266,-0.2793350430989928,-0.2182945887621037,-0.2356014825503297,-0.3836389340593552,True,-0.2950262798344474,0.7707165109034267,0.9171339563862928,0.8504672897196262,0.8461059190031152
2024-05-15 00:00:00+00:00,3.0,3.0,2.0,2307.0,0.0,0.3333333333333333,0.0,0.6666666666666666,0.2287566336105776,1.2081637209587797,1.5771152433353073,5.794166864373135,-0.2356014825503297,1.980269668929864,True,0.6578082733300371,0.9096573208722741,0.9171339563862928,0.9202492211838006,0.9156801661474558
2024-05-16 00:00:00+00:00,0.0,0.0,0.0,0.0,0.0,0.0,0.0,0.0,-0.2658384228936573,-0.3414655588538266,-0.2793350430989928,-0.2182945887621037,-0.2356014825503297,-0.3836389340593552,True,-0.2950262798344474,0.7707165109034267,0.9171339563862928,0.8504672897196262,0.8461059190031152
2024-05-17 00:00:00+00:00,6.0,1.0,0.0,671.6666666666666,0.1666666666666666,0.0,0.0,0.0,0.7233516901148125,0.1750775344170421,-0.2793350430989928,1.5321908653727765,1.019832493348991,-0.3836389340593552,True,0.4531817498014828,0.9383177570093458,0.9439252336448598,0.8504672897196262,0.9109034267912772
2024-05-18 00:00:00+00:00,1.0,1.0,0.0,4024.0,1.0,0.0,0.0,0.0,-0.1009734040589123,0.1750775344170421,-0.2793350430989928,10.268981045141755,7.297002372845597,-0.3836389340593552,True,2.270796678242443,0.8510903426791278,1.0,0.8504672897196262,0.9005192107995846
2024-05-19 00:00:00+00:00,0.0,0.0,0.0,0.0,0.0,0.0,0.0,0.0,-0.2658384228936573,-0.3414655588538266,-0.2793350430989928,-0.2182945887621037,-0.2356014825503297,-0.3836389340593552,True,-0.2950262798344474,0.7707165109034267,0.9171339563862928,0.8504672897196262,0.8461059190031152
2024-05-20 00:00:00+00:00,0.0,0.0,0.0,0.0,0.0,0.0,0.0,0.0,-0.2658384228936573,-0.3414655588538266,-0.2793350430989928,-0.2182945887621037,-0.2356014825503297,-0.3836389340593552,True,-0.2950262798344474,0.7707165109034267,0.9171339563862928,0.8504672897196262,0.8461059190031152
2024-05-21 00:00:00+00:00,1.0,1.0,1.0,38.0,0.0,0.0,0.0,1.0,-0.1009734040589123,0.1750775344170421,0.6488901001181572,-0.1192596796944231,-0.2356014825503297,3.1622239704244723,True,0.94188302793841,0.8510903426791278,0.9171339563862928,1.0,0.9227414330218068
2024-05-22 00:00:00+00:00,3.0,1.0,0.0,63.0,0.0,0.0,0.0,0.0,0.2287566336105776,0.1750775344170421,-0.2793350430989928,-0.0541051342551595,-0.2356014825503297,-0.3836389340593552,True,-0.1301612609997024,0.9096573208722741,0.9171339563862928,0.8504672897196262,0.8924195223260644
2024-05-23 00:00:00+00:00,0.0,0.0,0.0,0.0,0.0,0.0,0.0,0.0,-0.2658384228936573,-0.3414655588538266,-0.2793350430989928,-0.2182945887621037,-0.2356014825503297,-0.3836389340593552,True,-0.2950262798344474,0.7707165109034267,0.9171339563862928,0.8504672897196262,0.8461059190031152
2024-05-24 00:00:00+00:00,0.0,0.0,0.0,0.0,0.0,0.0,0.0,0.0,-0.2658384228936573,-0.3414655588538266,-0.2793350430989928,-0.2182945887621037,-0.2356014825503297,-0.3836389340593552,True,-0.2950262798344474,0.7707165109034267,0.9171339563862928,0.8504672897196262,0.8461059190031152
2024-05-25 00:00:00+00:00,0.0,0.0,0.0,0.0,0.0,0.0,0.0,0.0,-0.2658384228936573,-0.3414655588538266,-0.2793350430989928,-0.2182945887621037,-0.2356014825503297,-0.3836389340593552,True,-0.2950262798344474,0.7707165109034267,0.9171339563862928,0.8504672897196262,0.8461059190031152
2024-05-26 00:00:00+00:00,0.0,0.0,0.0,0.0,0.0,0.0,0.0,0.0,-0.2658384228936573,-0.3414655588538266,-0.2793350430989928,-0.2182945887621037,-0.2356014825503297,-0.3836389340593552,True,-0.2950262798344474,0.7707165109034267,0.9171339563862928,0.8504672897196262,0.8461059190031152
2024-05-27 00:00:00+00:00,0.0,0.0,0.0,0.0,0.0,0.0,0.0,0.0,-0.2658384228936573,-0.3414655588538266,-0.2793350430989928,-0.2182945887621037,-0.2356014825503297,-0.3836389340593552,True,-0.2950262798344474,0.7707165109034267,0.9171339563862928,0.8504672897196262,0.8461059190031152
2024-05-28 00:00:00+00:00,6.0,4.0,3.0,6.0,0.5,0.0,0.0,0.75,0.7233516901148125,1.7247068142296484,2.505340386552457,-0.2026574978566804,3.530700445147634,2.275758244303516,True,2.176603459855321,0.9383177570093458,0.9862928348909658,0.92398753894081,0.9495327102803738
2024-05-29 00:00:00+00:00,5.0,1.0,0.0,850.0,0.0,0.0,0.0,0.0,0.5584866712800676,0.1750775344170421,-0.2793350430989928,1.9969599561728568,-0.2356014825503297,-0.3836389340593552,True,-0.0202512484432057,0.9302180685358256,0.9171339563862928,0.8504672897196262,0.8992731048805815
2024-05-30 00:00:00+00:00,0.0,0.0,0.0,0.0,0.0,0.0,0.0,0.0,-0.2658384228936573,-0.3414655588538266,-0.2793350430989928,-0.2182945887621037,-0.2356014825503297,-0.3836389340593552,True,-0.2950262798344474,0.7707165109034267,0.9171339563862928,0.8504672897196262,0.8461059190031152
2024-05-31 00:00:00+00:00,0.0,0.0,0.0,0.0,0.0,0.0,0.0,0.0,-0.2658384228936573,-0.3414655588538266,-0.2793350430989928,-0.2182945887621037,-0.2356014825503297,-0.3836389340593552,True,-0.2950262798344474,0.7707165109034267,0.9171339563862928,0.8504672897196262,0.8461059190031152
2024-06-01 00:00:00+00:00,0.0,0.0,0.0,0.0,0.0,0.0,0.0,0.0,-0.2658384228936573,-0.3414655588538266,-0.2793350430989928,-0.2182945887621037,-0.2356014825503297,-0.3836389340593552,True,-0.2950262798344474,0.7707165109034267,0.9171339563862928,0.8504672897196262,0.8461059190031152
2024-06-02 00:00:00+00:00,0.0,0.0,0.0,0.0,0.0,0.0,0.0,0.0,-0.2658384228936573,-0.3414655588538266,-0.2793350430989928,-0.2182945887621037,-0.2356014825503297,-0.3836389340593552,True,-0.2950262798344474,0.7707165109034267,0.9171339563862928,0.8504672897196262,0.8461059190031152
2024-06-03 00:00:00+00:00,0.0,0.0,0.0,0.0,0.0,0.0,0.0,0.0,-0.2658384228936573,-0.3414655588538266,-0.2793350430989928,-0.2182945887621037,-0.2356014825503297,-0.3836389340593552,True,-0.2950262798344474,0.7707165109034267,0.9171339563862928,0.8504672897196262,0.8461059190031152
2024-06-04 00:00:00+00:00,0.0,0.0,0.0,0.0,0.0,0.0,0.0,0.0,-0.2658384228936573,-0.3414655588538266,-0.2793350430989928,-0.2182945887621037,-0.2356014825503297,-0.3836389340593552,True,-0.2950262798344474,0.7707165109034267,0.9171339563862928,0.8504672897196262,0.8461059190031152
2024-06-05 00:00:00+00:00,0.0,0.0,0.0,0.0,0.0,0.0,0.0,0.0,-0.2658384228936573,-0.3414655588538266,-0.2793350430989928,-0.2182945887621037,-0.2356014825503297,-0.3836389340593552,True,-0.2950262798344474,0.7707165109034267,0.9171339563862928,0.8504672897196262,0.8461059190031152
2024-06-06 00:00:00+00:00,0.0,0.0,0.0,0.0,0.0,0.0,0.0,0.0,-0.2658384228936573,-0.3414655588538266,-0.2793350430989928,-0.2182945887621037,-0.2356014825503297,-0.3836389340593552,True,-0.2950262798344474,0.7707165109034267,0.9171339563862928,0.8504672897196262,0.8461059190031152
2024-06-07 00:00:00+00:00,0.0,0.0,0.0,0.0,0.0,0.0,0.0,0.0,-0.2658384228936573,-0.3414655588538266,-0.2793350430989928,-0.2182945887621037,-0.2356014825503297,-0.3836389340593552,True,-0.2950262798344474,0.7707165109034267,0.9171339563862928,0.8504672897196262,0.8461059190031152
2024-06-08 00:00:00+00:00,0.0,0.0,0.0,0.0,0.0,0.0,0.0,0.0,-0.2658384228936573,-0.3414655588538266,-0.2793350430989928,-0.2182945887621037,-0.2356014825503297,-0.3836389340593552,True,-0.2950262798344474,0.7707165109034267,0.9171339563862928,0.8504672897196262,0.8461059190031152
2024-06-09 00:00:00+00:00,0.0,0.0,0.0,0.0,0.0,0.0,0.0,0.0,-0.2658384228936573,-0.3414655588538266,-0.2793350430989928,-0.2182945887621037,-0.2356014825503297,-0.3836389340593552,True,-0.2950262798344474,0.7707165109034267,0.9171339563862928,0.8504672897196262,0.8461059190031152
2024-06-10 00:00:00+00:00,0.0,0.0,0.0,0.0,0.0,0.0,0.0,0.0,-0.2658384228936573,-0.3414655588538266,-0.2793350430989928,-0.2182945887621037,-0.2356014825503297,-0.3836389340593552,True,-0.2950262798344474,0.7707165109034267,0.9171339563862928,0.8504672897196262,0.8461059190031152
2024-06-11 00:00:00+00:00,0.0,0.0,0.0,0.0,0.0,0.0,0.0,0.0,-0.2658384228936573,-0.3414655588538266,-0.2793350430989928,-0.2182945887621037,-0.2356014825503297,-0.3836389340593552,True,-0.2950262798344474,0.7707165109034267,0.9171339563862928,0.8504672897196262,0.8461059190031152
2024-06-12 00:00:00+00:00,0.0,0.0,0.0,0.0,0.0,0.0,0.0,0.0,-0.2658384228936573,-0.3414655588538266,-0.2793350430989928,-0.2182945887621037,-0.2356014825503297,-0.3836389340593552,True,-0.2950262798344474,0.7707165109034267,0.9171339563862928,0.8504672897196262,0.8461059190031152
2024-06-13 00:00:00+00:00,0.0,0.0,0.0,0.0,0.0,0.0,0.0,0.0,-0.2658384228936573,-0.3414655588538266,-0.2793350430989928,-0.2182945887621037,-0.2356014825503297,-0.3836389340593552,True,-0.2950262798344474,0.7707165109034267,0.9171339563862928,0.8504672897196262,0.8461059190031152
2024-06-14 00:00:00+00:00,0.0,0.0,0.0,0.0,0.0,0.0,0.0,0.0,-0.2658384228936573,-0.3414655588538266,-0.2793350430989928,-0.2182945887621037,-0.2356014825503297,-0.3836389340593552,True,-0.2950262798344474,0.7707165109034267,0.9171339563862928,0.8504672897196262,0.8461059190031152
2024-06-15 00:00:00+00:00,0.0,0.0,0.0,0.0,0.0,0.0,0.0,0.0,-0.2658384228936573,-0.3414655588538266,-0.2793350430989928,-0.2182945887621037,-0.2356014825503297,-0.3836389340593552,True,-0.2950262798344474,0.7707165109034267,0.9171339563862928,0.8504672897196262,0.8461059190031152
2024-06-16 00:00:00+00:00,0.0,0.0,0.0,0.0,0.0,0.0,0.0,0.0,-0.2658384228936573,-0.3414655588538266,-0.2793350430989928,-0.2182945887621037,-0.2356014825503297,-0.3836389340593552,True,-0.2950262798344474,0.7707165109034267,0.9171339563862928,0.8504672897196262,0.8461059190031152
2024-06-17 00:00:00+00:00,0.0,0.0,0.0,0.0,0.0,0.0,0.0,0.0,-0.2658384228936573,-0.3414655588538266,-0.2793350430989928,-0.2182945887621037,-0.2356014825503297,-0.3836389340593552,True,-0.2950262798344474,0.7707165109034267,0.9171339563862928,0.8504672897196262,0.8461059190031152
2024-06-18 00:00:00+00:00,0.0,0.0,0.0,0.0,0.0,0.0,0.0,0.0,-0.2658384228936573,-0.3414655588538266,-0.2793350430989928,-0.2182945887621037,-0.2356014825503297,-0.3836389340593552,True,-0.2950262798344474,0.7707165109034267,0.9171339563862928,0.8504672897196262,0.8461059190031152
2024-06-19 00:00:00+00:00,0.0,0.0,0.0,0.0,0.0,0.0,0.0,0.0,-0.2658384228936573,-0.3414655588538266,-0.2793350430989928,-0.2182945887621037,-0.2356014825503297,-0.3836389340593552,True,-0.2950262798344474,0.7707165109034267,0.9171339563862928,0.8504672897196262,0.8461059190031152
2024-06-20 00:00:00+00:00,0.0,0.0,0.0,0.0,0.0,0.0,0.0,0.0,-0.2658384228936573,-0.3414655588538266,-0.2793350430989928,-0.2182945887621037,-0.2356014825503297,-0.3836389340593552,True,-0.2950262798344474,0.7707165109034267,0.9171339563862928,0.8504672897196262,0.8461059190031152
2024-06-21 00:00:00+00:00,0.0,0.0,0.0,0.0,0.0,0.0,0.0,0.0,-0.2658384228936573,-0.3414655588538266,-0.2793350430989928,-0.2182945887621037,-0.2356014825503297,-0.3836389340593552,True,-0.2950262798344474,0.7707165109034267,0.9171339563862928,0.8504672897196262,0.8461059190031152
2024-06-22 00:00:00+00:00,1.0,1.0,1.0,0.0,0.0,0.0,0.0,1.0,-0.1009734040589123,0.1750775344170421,0.6488901001181572,-0.2182945887621037,-0.2356014825503297,3.1622239704244723,True,0.94188302793841,0.8510903426791278,0.9171339563862928,1.0,0.9227414330218068
2024-06-23 00:00:00+00:00,0.0,0.0,0.0,0.0,0.0,0.0,0.0,0.0,-0.2658384228936573,-0.3414655588538266,-0.2793350430989928,-0.2182945887621037,-0.2356014825503297,-0.3836389340593552,True,-0.2950262798344474,0.7707165109034267,0.9171339563862928,0.8504672897196262,0.8461059190031152
2024-06-24 00:00:00+00:00,0.0,0.0,0.0,0.0,0.0,0.0,0.0,0.0,-0.2658384228936573,-0.3414655588538266,-0.2793350430989928,-0.2182945887621037,-0.2356014825503297,-0.3836389340593552,True,-0.2950262798344474,0.7707165109034267,0.9171339563862928,0.8504672897196262,0.8461059190031152
2024-06-25 00:00:00+00:00,0.0,0.0,0.0,0.0,0.0,0.0,0.0,0.0,-0.2658384228936573,-0.3414655588538266,-0.2793350430989928,-0.2182945887621037,-0.2356014825503297,-0.3836389340593552,True,-0.2950262798344474,0.7707165109034267,0.9171339563862928,0.8504672897196262,0.8461059190031152
2024-06-26 00:00:00+00:00,2.0,2.0,2.0,470.0,0.5,0.0,0.0,1.0,0.0638916147758326,0.6916206276879109,1.5771152433353073,1.0066108654960508,3.530700445147634,3.1622239704244723,True,2.25227201011598,0.8922118380062305,0.9862928348909658,1.0,0.9595015576323987
2024-06-27 00:00:00+00:00,0.0,0.0,0.0,0.0,0.0,0.0,0.0,0.0,-0.2658384228936573,-0.3414655588538266,-0.2793350430989928,-0.2182945887621037,-0.2356014825503297,-0.3836389340593552,True,-0.2950262798344474,0.7707165109034267,0.9171339563862928,0.8504672897196262,0.8461059190031152
2024-06-28 00:00:00+00:00,0.0,0.0,0.0,0.0,0.0,0.0,0.0,0.0,-0.2658384228936573,-0.3414655588538266,-0.2793350430989928,-0.2182945887621037,-0.2356014825503297,-0.3836389340593552,True,-0.2950262798344474,0.7707165109034267,0.9171339563862928,0.8504672897196262,0.8461059190031152
2024-06-29 00:00:00+00:00,0.0,0.0,0.0,0.0,0.0,0.0,0.0,0.0,-0.2658384228936573,-0.3414655588538266,-0.2793350430989928,-0.2182945887621037,-0.2356014825503297,-0.3836389340593552,True,-0.2950262798344474,0.7707165109034267,0.9171339563862928,0.8504672897196262,0.8461059190031152
2024-06-30 00:00:00+00:00,0.0,0.0,0.0,0.0,0.0,0.0,0.0,0.0,-0.2658384228936573,-0.3414655588538266,-0.2793350430989928,-0.2182945887621037,-0.2356014825503297,-0.3836389340593552,True,-0.2950262798344474,0.7707165109034267,0.9171339563862928,0.8504672897196262,0.8461059190031152
2024-07-01 00:00:00+00:00,0.0,0.0,0.0,0.0,0.0,0.0,0.0,0.0,-0.2658384228936573,-0.3414655588538266,-0.2793350430989928,-0.2182945887621037,-0.2356014825503297,-0.3836389340593552,True,-0.2950262798344474,0.7707165109034267,0.9171339563862928,0.8504672897196262,0.8461059190031152
2024-07-02 00:00:00+00:00,0.0,0.0,0.0,0.0,0.0,0.0,0.0,0.0,-0.2658384228936573,-0.3414655588538266,-0.2793350430989928,-0.2182945887621037,-0.2356014825503297,-0.3836389340593552,True,-0.2950262798344474,0.7707165109034267,0.9171339563862928,0.8504672897196262,0.8461059190031152
2024-07-03 00:00:00+00:00,0.0,0.0,0.0,0.0,0.0,0.0,0.0,0.0,-0.2658384228936573,-0.3414655588538266,-0.2793350430989928,-0.2182945887621037,-0.2356014825503297,-0.3836389340593552,True,-0.2950262798344474,0.7707165109034267,0.9171339563862928,0.8504672897196262,0.8461059190031152
2024-07-04 00:00:00+00:00,0.0,0.0,0.0,0.0,0.0,0.0,0.0,0.0,-0.2658384228936573,-0.3414655588538266,-0.2793350430989928,-0.2182945887621037,-0.2356014825503297,-0.3836389340593552,True,-0.2950262798344474,0.7707165109034267,0.9171339563862928,0.8504672897196262,0.8461059190031152
2024-07-05 00:00:00+00:00,0.0,0.0,0.0,0.0,0.0,0.0,0.0,0.0,-0.2658384228936573,-0.3414655588538266,-0.2793350430989928,-0.2182945887621037,-0.2356014825503297,-0.3836389340593552,True,-0.2950262798344474,0.7707165109034267,0.9171339563862928,0.8504672897196262,0.8461059190031152
2024-07-06 00:00:00+00:00,0.0,0.0,0.0,0.0,0.0,0.0,0.0,0.0,-0.2658384228936573,-0.3414655588538266,-0.2793350430989928,-0.2182945887621037,-0.2356014825503297,-0.3836389340593552,True,-0.2950262798344474,0.7707165109034267,0.9171339563862928,0.8504672897196262,0.8461059190031152
2024-07-07 00:00:00+00:00,0.0,0.0,0.0,0.0,0.0,0.0,0.0,0.0,-0.2658384228936573,-0.3414655588538266,-0.2793350430989928,-0.2182945887621037,-0.2356014825503297,-0.3836389340593552,True,-0.2950262798344474,0.7707165109034267,0.9171339563862928,0.8504672897196262,0.8461059190031152
2024-07-08 00:00:00+00:00,0.0,0.0,0.0,0.0,0.0,0.0,0.0,0.0,-0.2658384228936573,-0.3414655588538266,-0.2793350430989928,-0.2182945887621037,-0.2356014825503297,-0.3836389340593552,True,-0.2950262798344474,0.7707165109034267,0.9171339563862928,0.8504672897196262,0.8461059190031152
2024-07-09 00:00:00+00:00,0.0,0.0,0.0,0.0,0.0,0.0,0.0,0.0,-0.2658384228936573,-0.3414655588538266,-0.2793350430989928,-0.2182945887621037,-0.2356014825503297,-0.3836389340593552,True,-0.2950262798344474,0.7707165109034267,0.9171339563862928,0.8504672897196262,0.8461059190031152
2024-07-10 00:00:00+00:00,1.0,1.0,1.0,45.0,0.0,0.0,0.0,1.0,-0.1009734040589123,0.1750775344170421,0.6488901001181572,-0.1010164069714293,-0.2356014825503297,3.1622239704244723,True,0.94188302793841,0.8510903426791278,0.9171339563862928,1.0,0.9227414330218068
2024-07-11 00:00:00+00:00,3.0,3.0,2.0,16.333333333333332,0.6666666666666666,0.0,0.0,0.6666666666666666,0.2287566336105776,1.2081637209587797,1.5771152433353073,-0.1757269524084515,4.786134421046954,1.980269668929864,True,2.3317202411957987,0.9096573208722741,0.9906542056074766,0.9202492211838006,0.9401869158878505
2024-07-12 00:00:00+00:00,0.0,0.0,0.0,0.0,0.0,0.0,0.0,0.0,-0.2658384228936573,-0.3414655588538266,-0.2793350430989928,-0.2182945887621037,-0.2356014825503297,-0.3836389340593552,True,-0.2950262798344474,0.7707165109034267,0.9171339563862928,0.8504672897196262,0.8461059190031152
2024-07-13 00:00:00+00:00,0.0,0.0,0.0,0.0,0.0,0.0,0.0,0.0,-0.2658384228936573,-0.3414655588538266,-0.2793350430989928,-0.2182945887621037,-0.2356014825503297,-0.3836389340593552,True,-0.2950262798344474,0.7707165109034267,0.9171339563862928,0.8504672897196262,0.8461059190031152
2024-07-14 00:00:00+00:00,1.0,1.0,0.0,45.0,1.0,0.0,0.0,0.0,-0.1009734040589123,0.1750775344170421,-0.2793350430989928,-0.1010164069714293,7.297002372845597,-0.3836389340593552,True,2.270796678242443,0.8510903426791278,1.0,0.8504672897196262,0.9005192107995846
2024-07-15 00:00:00+00:00,0.0,0.0,0.0,0.0,0.0,0.0,0.0,0.0,-0.2658384228936573,-0.3414655588538266,-0.2793350430989928,-0.2182945887621037,-0.2356014825503297,-0.3836389340593552,True,-0.2950262798344474,0.7707165109034267,0.9171339563862928,0.8504672897196262,0.8461059190031152
2024-07-16 00:00:00+00:00,0.0,0.0,0.0,0.0,0.0,0.0,0.0,0.0,-0.2658384228936573,-0.3414655588538266,-0.2793350430989928,-0.2182945887621037,-0.2356014825503297,-0.3836389340593552,True,-0.2950262798344474,0.7707165109034267,0.9171339563862928,0.8504672897196262,0.8461059190031152
2024-07-17 00:00:00+00:00,0.0,0.0,0.0,0.0,0.0,0.0,0.0,0.0,-0.2658384228936573,-0.3414655588538266,-0.2793350430989928,-0.2182945887621037,-0.2356014825503297,-0.3836389340593552,True,-0.2950262798344474,0.7707165109034267,0.9171339563862928,0.8504672897196262,0.8461059190031152
2024-07-18 00:00:00+00:00,1.0,1.0,0.0,45.0,1.0,0.0,0.0,0.0,-0.1009734040589123,0.1750775344170421,-0.2793350430989928,-0.1010164069714293,7.297002372845597,-0.3836389340593552,True,2.270796678242443,0.8510903426791278,1.0,0.8504672897196262,0.9005192107995846
2024-07-19 00:00:00+00:00,0.0,0.0,0.0,0.0,0.0,0.0,0.0,0.0,-0.2658384228936573,-0.3414655588538266,-0.2793350430989928,-0.2182945887621037,-0.2356014825503297,-0.3836389340593552,True,-0.2950262798344474,0.7707165109034267,0.9171339563862928,0.8504672897196262,0.8461059190031152
2024-07-20 00:00:00+00:00,2.0,2.0,0.0,45.0,1.0,0.0,0.0,0.0,0.0638916147758326,0.6916206276879109,-0.2793350430989928,-0.1010164069714293,7.297002372845597,-0.3836389340593552,True,2.325751684520692,0.8922118380062305,1.0,0.8504672897196262,0.9142263759086188
2024-07-21 00:00:00+00:00,0.0,0.0,0.0,0.0,0.0,0.0,0.0,0.0,-0.2658384228936573,-0.3414655588538266,-0.2793350430989928,-0.2182945887621037,-0.2356014825503297,-0.3836389340593552,True,-0.2950262798344474,0.7707165109034267,0.9171339563862928,0.8504672897196262,0.8461059190031152
2024-07-22 00:00:00+00:00,0.0,0.0,0.0,0.0,0.0,0.0,0.0,0.0,-0.2658384228936573,-0.3414655588538266,-0.2793350430989928,-0.2182945887621037,-0.2356014825503297,-0.3836389340593552,True,-0.2950262798344474,0.7707165109034267,0.9171339563862928,0.8504672897196262,0.8461059190031152
2024-07-23 00:00:00+00:00,0.0,0.0,0.0,0.0,0.0,0.0,0.0,0.0,-0.2658384228936573,-0.3414655588538266,-0.2793350430989928,-0.2182945887621037,-0.2356014825503297,-0.3836389340593552,True,-0.2950262798344474,0.7707165109034267,0.9171339563862928,0.8504672897196262,0.8461059190031152
2024-07-24 00:00:00+00:00,0.0,0.0,0.0,0.0,0.0,0.0,0.0,0.0,-0.2658384228936573,-0.3414655588538266,-0.2793350430989928,-0.2182945887621037,-0.2356014825503297,-0.3836389340593552,True,-0.2950262798344474,0.7707165109034267,0.9171339563862928,0.8504672897196262,0.8461059190031152
2024-07-25 00:00:00+00:00,0.0,0.0,0.0,0.0,0.0,0.0,0.0,0.0,-0.2658384228936573,-0.3414655588538266,-0.2793350430989928,-0.2182945887621037,-0.2356014825503297,-0.3836389340593552,True,-0.2950262798344474,0.7707165109034267,0.9171339563862928,0.8504672897196262,0.8461059190031152
2024-07-26 00:00:00+00:00,0.0,0.0,0.0,0.0,0.0,0.0,0.0,0.0,-0.2658384228936573,-0.3414655588538266,-0.2793350430989928,-0.2182945887621037,-0.2356014825503297,-0.3836389340593552,True,-0.2950262798344474,0.7707165109034267,0.9171339563862928,0.8504672897196262,0.8461059190031152
2024-07-27 00:00:00+00:00,0.0,0.0,0.0,0.0,0.0,0.0,0.0,0.0,-0.2658384228936573,-0.3414655588538266,-0.2793350430989928,-0.2182945887621037,-0.2356014825503297,-0.3836389340593552,True,-0.2950262798344474,0.7707165109034267,0.9171339563862928,0.8504672897196262,0.8461059190031152
2024-07-28 00:00:00+00:00,0.0,0.0,0.0,0.0,0.0,0.0,0.0,0.0,-0.2658384228936573,-0.3414655588538266,-0.2793350430989928,-0.2182945887621037,-0.2356014825503297,-0.3836389340593552,True,-0.2950262798344474,0.7707165109034267,0.9171339563862928,0.8504672897196262,0.8461059190031152
2024-07-29 00:00:00+00:00,0.0,0.0,0.0,0.0,0.0,0.0,0.0,0.0,-0.2658384228936573,-0.3414655588538266,-0.2793350430989928,-0.2182945887621037,-0.2356014825503297,-0.3836389340593552,True,-0.2950262798344474,0.7707165109034267,0.9171339563862928,0.8504672897196262,0.8461059190031152
2024-07-30 00:00:00+00:00,2.0,2.0,1.0,4886.0,0.5,0.0,0.0,0.5,0.0638916147758326,0.6916206276879109,0.6488901001181572,12.515509771887562,3.530700445147634,1.3892925181825588,True,1.661294859368675,0.8922118380062305,0.9862928348909658,0.9077881619937694,0.9287642782969886
2024-07-31 00:00:00+00:00,1.0,1.0,0.0,45.0,1.0,0.0,0.0,0.0,-0.1009734040589123,0.1750775344170421,-0.2793350430989928,-0.1010164069714293,7.297002372845597,-0.3836389340593552,True,2.270796678242443,0.8510903426791278,1.0,0.8504672897196262,0.9005192107995846
2024-08-01 00:00:00+00:00,4.0,1.0,1.0,11.0,0.0,0.0,0.0,1.0,0.3936216524453225,0.1750775344170421,0.6488901001181572,-0.1896265887688277,-0.2356014825503297,3.1622239704244723,True,1.106748046773155,0.9227414330218069,0.9171339563862928,1.0,0.9466251298026999
2024-08-02 00:00:00+00:00,0.0,0.0,0.0,0.0,0.0,0.0,0.0,0.0,-0.2658384228936573,-0.3414655588538266,-0.2793350430989928,-0.2182945887621037,-0.2356014825503297,-0.3836389340593552,True,-0.2950262798344474,0.7707165109034267,0.9171339563862928,0.8504672897196262,0.8461059190031152
2024-08-03 00:00:00+00:00,0.0,0.0,0.0,0.0,0.0,0.0,0.0,0.0,-0.2658384228936573,-0.3414655588538266,-0.2793350430989928,-0.2182945887621037,-0.2356014825503297,-0.3836389340593552,True,-0.2950262798344474,0.7707165109034267,0.9171339563862928,0.8504672897196262,0.8461059190031152
2024-08-04 00:00:00+00:00,0.0,0.0,0.0,0.0,0.0,0.0,0.0,0.0,-0.2658384228936573,-0.3414655588538266,-0.2793350430989928,-0.2182945887621037,-0.2356014825503297,-0.3836389340593552,True,-0.2950262798344474,0.7707165109034267,0.9171339563862928,0.8504672897196262,0.8461059190031152
2024-08-05 00:00:00+00:00,0.0,0.0,0.0,0.0,0.0,0.0,0.0,0.0,-0.2658384228936573,-0.3414655588538266,-0.2793350430989928,-0.2182945887621037,-0.2356014825503297,-0.3836389340593552,True,-0.2950262798344474,0.7707165109034267,0.9171339563862928,0.8504672897196262,0.8461059190031152
2024-08-06 00:00:00+00:00,4.0,2.0,1.0,1.5,0.25,0.0,0.0,0.5,0.3936216524453225,0.6916206276879109,0.6488901001181572,-0.2143853160357479,1.647549481298652,1.3892925181825588,True,1.1434878839755112,0.9227414330218069,0.9526479750778816,0.9077881619937694,0.9277258566978194
2024-08-07 00:00:00+00:00,0.0,0.0,0.0,0.0,0.0,0.0,0.0,0.0,-0.2658384228936573,-0.3414655588538266,-0.2793350430989928,-0.2182945887621037,-0.2356014825503297,-0.3836389340593552,True,-0.2950262798344474,0.7707165109034267,0.9171339563862928,0.8504672897196262,0.8461059190031152
2024-08-08 00:00:00+00:00,0.0,0.0,0.0,0.0,0.0,0.0,0.0,0.0,-0.2658384228936573,-0.3414655588538266,-0.2793350430989928,-0.2182945887621037,-0.2356014825503297,-0.3836389340593552,True,-0.2950262798344474,0.7707165109034267,0.9171339563862928,0.8504672897196262,0.8461059190031152
2024-08-09 00:00:00+00:00,0.0,0.0,0.0,0.0,0.0,0.0,0.0,0.0,-0.2658384228936573,-0.3414655588538266,-0.2793350430989928,-0.2182945887621037,-0.2356014825503297,-0.3836389340593552,True,-0.2950262798344474,0.7707165109034267,0.9171339563862928,0.8504672897196262,0.8461059190031152
2024-08-10 00:00:00+00:00,0.0,0.0,0.0,0.0,0.0,0.0,0.0,0.0,-0.2658384228936573,-0.3414655588538266,-0.2793350430989928,-0.2182945887621037,-0.2356014825503297,-0.3836389340593552,True,-0.2950262798344474,0.7707165109034267,0.9171339563862928,0.8504672897196262,0.8461059190031152
2024-08-11 00:00:00+00:00,0.0,0.0,0.0,0.0,0.0,0.0,0.0,0.0,-0.2658384228936573,-0.3414655588538266,-0.2793350430989928,-0.2182945887621037,-0.2356014825503297,-0.3836389340593552,True,-0.2950262798344474,0.7707165109034267,0.9171339563862928,0.8504672897196262,0.8461059190031152
2024-08-12 00:00:00+00:00,0.0,0.0,0.0,0.0,0.0,0.0,0.0,0.0,-0.2658384228936573,-0.3414655588538266,-0.2793350430989928,-0.2182945887621037,-0.2356014825503297,-0.3836389340593552,True,-0.2950262798344474,0.7707165109034267,0.9171339563862928,0.8504672897196262,0.8461059190031152
2024-08-13 00:00:00+00:00,0.0,0.0,0.0,0.0,0.0,0.0,0.0,0.0,-0.2658384228936573,-0.3414655588538266,-0.2793350430989928,-0.2182945887621037,-0.2356014825503297,-0.3836389340593552,True,-0.2950262798344474,0.7707165109034267,0.9171339563862928,0.8504672897196262,0.8461059190031152
2024-08-14 00:00:00+00:00,0.0,0.0,0.0,0.0,0.0,0.0,0.0,0.0,-0.2658384228936573,-0.3414655588538266,-0.2793350430989928,-0.2182945887621037,-0.2356014825503297,-0.3836389340593552,True,-0.2950262798344474,0.7707165109034267,0.9171339563862928,0.8504672897196262,0.8461059190031152
2024-08-15 00:00:00+00:00,0.0,0.0,0.0,0.0,0.0,0.0,0.0,0.0,-0.2658384228936573,-0.3414655588538266,-0.2793350430989928,-0.2182945887621037,-0.2356014825503297,-0.3836389340593552,True,-0.2950262798344474,0.7707165109034267,0.9171339563862928,0.8504672897196262,0.8461059190031152
2024-08-16 00:00:00+00:00,0.0,0.0,0.0,0.0,0.0,0.0,0.0,0.0,-0.2658384228936573,-0.3414655588538266,-0.2793350430989928,-0.2182945887621037,-0.2356014825503297,-0.3836389340593552,True,-0.2950262798344474,0.7707165109034267,0.9171339563862928,0.8504672897196262,0.8461059190031152
2024-08-17 00:00:00+00:00,0.0,0.0,0.0,0.0,0.0,0.0,0.0,0.0,-0.2658384228936573,-0.3414655588538266,-0.2793350430989928,-0.2182945887621037,-0.2356014825503297,-0.3836389340593552,True,-0.2950262798344474,0.7707165109034267,0.9171339563862928,0.8504672897196262,0.8461059190031152
2024-08-18 00:00:00+00:00,0.0,0.0,0.0,0.0,0.0,0.0,0.0,0.0,-0.2658384228936573,-0.3414655588538266,-0.2793350430989928,-0.2182945887621037,-0.2356014825503297,-0.3836389340593552,True,-0.2950262798344474,0.7707165109034267,0.9171339563862928,0.8504672897196262,0.8461059190031152
2024-08-19 00:00:00+00:00,0.0,0.0,0.0,0.0,0.0,0.0,0.0,0.0,-0.2658384228936573,-0.3414655588538266,-0.2793350430989928,-0.2182945887621037,-0.2356014825503297,-0.3836389340593552,True,-0.2950262798344474,0.7707165109034267,0.9171339563862928,0.8504672897196262,0.8461059190031152
2024-08-20 00:00:00+00:00,0.0,0.0,0.0,0.0,0.0,0.0,0.0,0.0,-0.2658384228936573,-0.3414655588538266,-0.2793350430989928,-0.2182945887621037,-0.2356014825503297,-0.3836389340593552,True,-0.2950262798344474,0.7707165109034267,0.9171339563862928,0.8504672897196262,0.8461059190031152
2024-08-21 00:00:00+00:00,0.0,0.0,0.0,0.0,0.0,0.0,0.0,0.0,-0.2658384228936573,-0.3414655588538266,-0.2793350430989928,-0.2182945887621037,-0.2356014825503297,-0.3836389340593552,True,-0.2950262798344474,0.7707165109034267,0.9171339563862928,0.8504672897196262,0.8461059190031152
2024-08-22 00:00:00+00:00,0.0,0.0,0.0,0.0,0.0,0.0,0.0,0.0,-0.2658384228936573,-0.3414655588538266,-0.2793350430989928,-0.2182945887621037,-0.2356014825503297,-0.3836389340593552,True,-0.2950262798344474,0.7707165109034267,0.9171339563862928,0.8504672897196262,0.8461059190031152
2024-08-23 00:00:00+00:00,0.0,0.0,0.0,0.0,0.0,0.0,0.0,0.0,-0.2658384228936573,-0.3414655588538266,-0.2793350430989928,-0.2182945887621037,-0.2356014825503297,-0.3836389340593552,True,-0.2950262798344474,0.7707165109034267,0.9171339563862928,0.8504672897196262,0.8461059190031152
2024-08-24 00:00:00+00:00,4.0,2.0,0.0,12.0,0.0,0.25,0.0,0.0,0.3936216524453225,0.6916206276879109,-0.2793350430989928,-0.1870204069512572,-0.2356014825503297,-0.3836389340593552,True,-0.0752062547214541,0.9227414330218069,0.9171339563862928,0.8504672897196262,0.8967808930425752
2024-08-25 00:00:00+00:00,0.0,0.0,0.0,0.0,0.0,0.0,0.0,0.0,-0.2658384228936573,-0.3414655588538266,-0.2793350430989928,-0.2182945887621037,-0.2356014825503297,-0.3836389340593552,True,-0.2950262798344474,0.7707165109034267,0.9171339563862928,0.8504672897196262,0.8461059190031152
2024-08-26 00:00:00+00:00,0.0,0.0,0.0,0.0,0.0,0.0,0.0,0.0,-0.2658384228936573,-0.3414655588538266,-0.2793350430989928,-0.2182945887621037,-0.2356014825503297,-0.3836389340593552,True,-0.2950262798344474,0.7707165109034267,0.9171339563862928,0.8504672897196262,0.8461059190031152
2024-08-27 00:00:00+00:00,0.0,0.0,0.0,0.0,0.0,0.0,0.0,0.0,-0.2658384228936573,-0.3414655588538266,-0.2793350430989928,-0.2182945887621037,-0.2356014825503297,-0.3836389340593552,True,-0.2950262798344474,0.7707165109034267,0.9171339563862928,0.8504672897196262,0.8461059190031152
2024-08-28 00:00:00+00:00,0.0,0.0,0.0,0.0,0.0,0.0,0.0,0.0,-0.2658384228936573,-0.3414655588538266,-0.2793350430989928,-0.2182945887621037,-0.2356014825503297,-0.3836389340593552,True,-0.2950262798344474,0.7707165109034267,0.9171339563862928,0.8504672897196262,0.8461059190031152
2024-08-29 00:00:00+00:00,0.0,0.0,0.0,0.0,0.0,0.0,0.0,0.0,-0.2658384228936573,-0.3414655588538266,-0.2793350430989928,-0.2182945887621037,-0.2356014825503297,-0.3836389340593552,True,-0.2950262798344474,0.7707165109034267,0.9171339563862928,0.8504672897196262,0.8461059190031152
2024-08-30 00:00:00+00:00,6.0,3.0,3.0,2219.0,0.1666666666666666,0.0,0.0,1.0,0.7233516901148125,1.2081637209587797,2.505340386552457,5.564822864426928,1.019832493348991,3.1622239704244723,True,1.635136051296092,0.9383177570093458,0.9439252336448598,1.0,0.9607476635514018
2024-08-31 00:00:00+00:00,7.0,5.0,3.0,2241.6666666666665,0.1428571428571428,0.1428571428571428,0.0,0.6,0.8882167089495575,2.241249907500517,2.505340386552457,5.623896318958527,0.8404847825062308,1.7438788086309414,True,1.1575267666955764,0.9451713395638629,0.940809968847352,0.9109034267912772,0.932294911734164
2024-09-01 00:00:00+00:00,29.0,5.0,2.0,1394.5862068965516,0.1724137931034483,0.0,0.0,0.4,4.515247123313947,2.241249907500517,1.5771152433353073,3.4162506266863586,1.0631233201041406,1.034706227734176,True,2.204358890384088,0.9875389408099688,0.9445482866043614,0.8797507788161993,0.9372793354101766
2024-09-02 00:00:00+00:00,6.0,3.0,1.0,2634.8,0.0,0.1666666666666666,0.0,0.3333333333333333,0.7233516901148125,1.2081637209587797,0.6488901001181572,6.648473264172759,-0.2356014825503297,0.798315367435254,True,0.4286885249999122,0.9383177570093458,0.9171339563862928,0.8728971962616823,0.9094496365524402
2024-09-03 00:00:00+00:00,0.0,0.0,0.0,0.0,0.0,0.0,0.0,0.0,-0.2658384228936573,-0.3414655588538266,-0.2793350430989928,-0.2182945887621037,-0.2356014825503297,-0.3836389340593552,True,-0.2950262798344474,0.7707165109034267,0.9171339563862928,0.8504672897196262,0.8461059190031152
2024-09-04 00:00:00+00:00,11.0,2.0,0.0,1456.2727272727273,0.5454545454545454,0.0,0.0,0.0,1.5476767842885373,0.6916206276879109,-0.2793350430989928,3.5770169144799424,3.873091529483812,-0.3836389340593552,True,1.679043126570998,0.9607476635514018,0.9869158878504672,0.8504672897196262,0.9327102803738317
2024-09-05 00:00:00+00:00,1.0,1.0,0.0,3984.0,0.0,0.0,0.0,0.0,-0.1009734040589123,0.1750775344170421,-0.2793350430989928,10.164733772438934,-0.2356014825503297,-0.3836389340593552,True,-0.240071273556199,0.8510903426791278,0.9171339563862928,0.8504672897196262,0.8728971962616822
2024-09-06 00:00:00+00:00,5.0,2.0,1.0,83.5,0.2,0.2,0.0,0.5,0.5584866712800676,0.6916206276879109,0.6488901001181572,-0.0006784069949634,1.2709192885288558,1.3892925181825588,True,1.0728994926638271,0.9302180685358256,0.946417445482866,0.9077881619937694,0.928141225337487
2024-09-07 00:00:00+00:00,12.0,2.0,0.0,136.75,0.0,0.0,0.0,0.0,1.7125418031232822,0.6916206276879109,-0.2793350430989928,0.1381007747906678,-0.2356014825503297,-0.3836389340593552,True,0.3644337955045325,0.9644859813084112,0.9171339563862928,0.8504672897196262,0.9106957424714434
2024-09-08 00:00:00+00:00,18.0,3.0,1.0,304.22222222222223,0.2222222222222222,0.0,0.0,0.3333333333333333,2.701731916131752,1.2081637209587797,0.6488901001181572,0.5745638352943566,1.4383104853154318,0.798315367435254,True,1.6461192562941462,0.9738317757009346,0.9470404984423676,0.8728971962616823,0.9312564901349948
2024-09-09 00:00:00+00:00,3.0,1.0,0.0,960.6666666666666,1.0,0.0,0.0,0.0,0.2287566336105776,0.1750775344170421,-0.2793350430989928,2.285377410650663,7.297002372845597,-0.3836389340593552,True,2.38070669079894,0.9096573208722741,1.0,0.8504672897196262,0.9200415368639668
2024-09-10 00:00:00+00:00,0.0,0.0,0.0,0.0,0.0,0.0,0.0,0.0,-0.2658384228936573,-0.3414655588538266,-0.2793350430989928,-0.2182945887621037,-0.2356014825503297,-0.3836389340593552,True,-0.2950262798344474,0.7707165109034267,0.9171339563862928,0.8504672897196262,0.8461059190031152
2024-09-11 00:00:00+00:00,0.0,0.0,0.0,0.0,0.0,0.0,0.0,0.0,-0.2658384228936573,-0.3414655588538266,-0.2793350430989928,-0.2182945887621037,-0.2356014825503297,-0.3836389340593552,True,-0.2950262798344474,0.7707165109034267,0.9171339563862928,0.8504672897196262,0.8461059190031152
2024-09-12 00:00:00+00:00,0.0,0.0,0.0,0.0,0.0,0.0,0.0,0.0,-0.2658384228936573,-0.3414655588538266,-0.2793350430989928,-0.2182945887621037,-0.2356014825503297,-0.3836389340593552,True,-0.2950262798344474,0.7707165109034267,0.9171339563862928,0.8504672897196262,0.8461059190031152
2024-09-13 00:00:00+00:00,0.0,0.0,0.0,0.0,0.0,0.0,0.0,0.0,-0.2658384228936573,-0.3414655588538266,-0.2793350430989928,-0.2182945887621037,-0.2356014825503297,-0.3836389340593552,True,-0.2950262798344474,0.7707165109034267,0.9171339563862928,0.8504672897196262,0.8461059190031152
2024-09-14 00:00:00+00:00,0.0,0.0,0.0,0.0,0.0,0.0,0.0,0.0,-0.2658384228936573,-0.3414655588538266,-0.2793350430989928,-0.2182945887621037,-0.2356014825503297,-0.3836389340593552,True,-0.2950262798344474,0.7707165109034267,0.9171339563862928,0.8504672897196262,0.8461059190031152
2024-09-15 00:00:00+00:00,0.0,0.0,0.0,0.0,0.0,0.0,0.0,0.0,-0.2658384228936573,-0.3414655588538266,-0.2793350430989928,-0.2182945887621037,-0.2356014825503297,-0.3836389340593552,True,-0.2950262798344474,0.7707165109034267,0.9171339563862928,0.8504672897196262,0.8461059190031152
2024-09-16 00:00:00+00:00,0.0,0.0,0.0,0.0,0.0,0.0,0.0,0.0,-0.2658384228936573,-0.3414655588538266,-0.2793350430989928,-0.2182945887621037,-0.2356014825503297,-0.3836389340593552,True,-0.2950262798344474,0.7707165109034267,0.9171339563862928,0.8504672897196262,0.8461059190031152
2024-09-17 00:00:00+00:00,0.0,0.0,0.0,0.0,0.0,0.0,0.0,0.0,-0.2658384228936573,-0.3414655588538266,-0.2793350430989928,-0.2182945887621037,-0.2356014825503297,-0.3836389340593552,True,-0.2950262798344474,0.7707165109034267,0.9171339563862928,0.8504672897196262,0.8461059190031152
2024-09-18 00:00:00+00:00,0.0,0.0,0.0,0.0,0.0,0.0,0.0,0.0,-0.2658384228936573,-0.3414655588538266,-0.2793350430989928,-0.2182945887621037,-0.2356014825503297,-0.3836389340593552,True,-0.2950262798344474,0.7707165109034267,0.9171339563862928,0.8504672897196262,0.8461059190031152
2024-09-19 00:00:00+00:00,0.0,0.0,0.0,0.0,0.0,0.0,0.0,0.0,-0.2658384228936573,-0.3414655588538266,-0.2793350430989928,-0.2182945887621037,-0.2356014825503297,-0.3836389340593552,True,-0.2950262798344474,0.7707165109034267,0.9171339563862928,0.8504672897196262,0.8461059190031152
2024-09-20 00:00:00+00:00,0.0,0.0,0.0,0.0,0.0,0.0,0.0,0.0,-0.2658384228936573,-0.3414655588538266,-0.2793350430989928,-0.2182945887621037,-0.2356014825503297,-0.3836389340593552,True,-0.2950262798344474,0.7707165109034267,0.9171339563862928,0.8504672897196262,0.8461059190031152
2024-09-21 00:00:00+00:00,0.0,0.0,0.0,0.0,0.0,0.0,0.0,0.0,-0.2658384228936573,-0.3414655588538266,-0.2793350430989928,-0.2182945887621037,-0.2356014825503297,-0.3836389340593552,True,-0.2950262798344474,0.7707165109034267,0.9171339563862928,0.8504672897196262,0.8461059190031152
2024-09-22 00:00:00+00:00,1.0,1.0,0.0,29.0,0.0,0.0,0.0,0.0,-0.1009734040589123,0.1750775344170421,-0.2793350430989928,-0.142715316052558,-0.2356014825503297,-0.3836389340593552,True,-0.240071273556199,0.8510903426791278,0.9171339563862928,0.8504672897196262,0.8728971962616822
2024-09-23 00:00:00+00:00,0.0,0.0,0.0,0.0,0.0,0.0,0.0,0.0,-0.2658384228936573,-0.3414655588538266,-0.2793350430989928,-0.2182945887621037,-0.2356014825503297,-0.3836389340593552,True,-0.2950262798344474,0.7707165109034267,0.9171339563862928,0.8504672897196262,0.8461059190031152
2024-09-24 00:00:00+00:00,0.0,0.0,0.0,0.0,0.0,0.0,0.0,0.0,-0.2658384228936573,-0.3414655588538266,-0.2793350430989928,-0.2182945887621037,-0.2356014825503297,-0.3836389340593552,True,-0.2950262798344474,0.7707165109034267,0.9171339563862928,0.8504672897196262,0.8461059190031152
2024-09-25 00:00:00+00:00,0.0,0.0,0.0,0.0,0.0,0.0,0.0,0.0,-0.2658384228936573,-0.3414655588538266,-0.2793350430989928,-0.2182945887621037,-0.2356014825503297,-0.3836389340593552,True,-0.2950262798344474,0.7707165109034267,0.9171339563862928,0.8504672897196262,0.8461059190031152
2024-09-26 00:00:00+00:00,0.0,0.0,0.0,0.0,0.0,0.0,0.0,0.0,-0.2658384228936573,-0.3414655588538266,-0.2793350430989928,-0.2182945887621037,-0.2356014825503297,-0.3836389340593552,True,-0.2950262798344474,0.7707165109034267,0.9171339563862928,0.8504672897196262,0.8461059190031152
2024-09-27 00:00:00+00:00,0.0,0.0,0.0,0.0,0.0,0.0,0.0,0.0,-0.2658384228936573,-0.3414655588538266,-0.2793350430989928,-0.2182945887621037,-0.2356014825503297,-0.3836389340593552,True,-0.2950262798344474,0.7707165109034267,0.9171339563862928,0.8504672897196262,0.8461059190031152
2024-09-28 00:00:00+00:00,0.0,0.0,0.0,0.0,0.0,0.0,0.0,0.0,-0.2658384228936573,-0.3414655588538266,-0.2793350430989928,-0.2182945887621037,-0.2356014825503297,-0.3836389340593552,True,-0.2950262798344474,0.7707165109034267,0.9171339563862928,0.8504672897196262,0.8461059190031152
2024-09-29 00:00:00+00:00,0.0,0.0,0.0,0.0,0.0,0.0,0.0,0.0,-0.2658384228936573,-0.3414655588538266,-0.2793350430989928,-0.2182945887621037,-0.2356014825503297,-0.3836389340593552,True,-0.2950262798344474,0.7707165109034267,0.9171339563862928,0.8504672897196262,0.8461059190031152
2024-09-30 00:00:00+00:00,1.0,1.0,0.0,44.0,0.0,0.0,0.0,0.0,-0.1009734040589123,0.1750775344170421,-0.2793350430989928,-0.1036225887889998,-0.2356014825503297,-0.3836389340593552,True,-0.240071273556199,0.8510903426791278,0.9171339563862928,0.8504672897196262,0.8728971962616822
2024-10-01 00:00:00+00:00,0.0,0.0,0.0,0.0,0.0,0.0,0.0,0.0,-0.2658384228936573,-0.3414655588538266,-0.2793350430989928,-0.2182945887621037,-0.2356014825503297,-0.3836389340593552,True,-0.2950262798344474,0.7707165109034267,0.9171339563862928,0.8504672897196262,0.8461059190031152
2024-10-02 00:00:00+00:00,3.0,1.0,0.0,277.0,0.0,0.0,0.0,0.0,0.2287566336105776,0.1750775344170421,-0.2793350430989928,0.5036177747049363,-0.2356014825503297,-0.3836389340593552,True,-0.1301612609997024,0.9096573208722741,0.9171339563862928,0.8504672897196262,0.8924195223260644
2024-10-03 00:00:00+00:00,0.0,0.0,0.0,0.0,0.0,0.0,0.0,0.0,-0.2658384228936573,-0.3414655588538266,-0.2793350430989928,-0.2182945887621037,-0.2356014825503297,-0.3836389340593552,True,-0.2950262798344474,0.7707165109034267,0.9171339563862928,0.8504672897196262,0.8461059190031152
2024-10-04 00:00:00+00:00,0.0,0.0,0.0,0.0,0.0,0.0,0.0,0.0,-0.2658384228936573,-0.3414655588538266,-0.2793350430989928,-0.2182945887621037,-0.2356014825503297,-0.3836389340593552,True,-0.2950262798344474,0.7707165109034267,0.9171339563862928,0.8504672897196262,0.8461059190031152
2024-10-05 00:00:00+00:00,0.0,0.0,0.0,0.0,0.0,0.0,0.0,0.0,-0.2658384228936573,-0.3414655588538266,-0.2793350430989928,-0.2182945887621037,-0.2356014825503297,-0.3836389340593552,True,-0.2950262798344474,0.7707165109034267,0.9171339563862928,0.8504672897196262,0.8461059190031152
2024-10-06 00:00:00+00:00,0.0,0.0,0.0,0.0,0.0,0.0,0.0,0.0,-0.2658384228936573,-0.3414655588538266,-0.2793350430989928,-0.2182945887621037,-0.2356014825503297,-0.3836389340593552,True,-0.2950262798344474,0.7707165109034267,0.9171339563862928,0.8504672897196262,0.8461059190031152
2024-10-07 00:00:00+00:00,0.0,0.0,0.0,0.0,0.0,0.0,0.0,0.0,-0.2658384228936573,-0.3414655588538266,-0.2793350430989928,-0.2182945887621037,-0.2356014825503297,-0.3836389340593552,True,-0.2950262798344474,0.7707165109034267,0.9171339563862928,0.8504672897196262,0.8461059190031152
2024-10-08 00:00:00+00:00,0.0,0.0,0.0,0.0,0.0,0.0,0.0,0.0,-0.2658384228936573,-0.3414655588538266,-0.2793350430989928,-0.2182945887621037,-0.2356014825503297,-0.3836389340593552,True,-0.2950262798344474,0.7707165109034267,0.9171339563862928,0.8504672897196262,0.8461059190031152
2024-10-09 00:00:00+00:00,0.0,0.0,0.0,0.0,0.0,0.0,0.0,0.0,-0.2658384228936573,-0.3414655588538266,-0.2793350430989928,-0.2182945887621037,-0.2356014825503297,-0.3836389340593552,True,-0.2950262798344474,0.7707165109034267,0.9171339563862928,0.8504672897196262,0.8461059190031152
2024-10-10 00:00:00+00:00,0.0,0.0,0.0,0.0,0.0,0.0,0.0,0.0,-0.2658384228936573,-0.3414655588538266,-0.2793350430989928,-0.2182945887621037,-0.2356014825503297,-0.3836389340593552,True,-0.2950262798344474,0.7707165109034267,0.9171339563862928,0.8504672897196262,0.8461059190031152
2024-10-11 00:00:00+00:00,0.0,0.0,0.0,0.0,0.0,0.0,0.0,0.0,-0.2658384228936573,-0.3414655588538266,-0.2793350430989928,-0.2182945887621037,-0.2356014825503297,-0.3836389340593552,True,-0.2950262798344474,0.7707165109034267,0.9171339563862928,0.8504672897196262,0.8461059190031152
2024-10-12 00:00:00+00:00,1.0,1.0,0.0,20.0,0.0,0.0,0.0,0.0,-0.1009734040589123,0.1750775344170421,-0.2793350430989928,-0.1661709524106928,-0.2356014825503297,-0.3836389340593552,True,-0.240071273556199,0.8510903426791278,0.9171339563862928,0.8504672897196262,0.8728971962616822
2024-10-13 00:00:00+00:00,0.0,0.0,0.0,0.0,0.0,0.0,0.0,0.0,-0.2658384228936573,-0.3414655588538266,-0.2793350430989928,-0.2182945887621037,-0.2356014825503297,-0.3836389340593552,True,-0.2950262798344474,0.7707165109034267,0.9171339563862928,0.8504672897196262,0.8461059190031152
2024-10-14 00:00:00+00:00,0.0,0.0,0.0,0.0,0.0,0.0,0.0,0.0,-0.2658384228936573,-0.3414655588538266,-0.2793350430989928,-0.2182945887621037,-0.2356014825503297,-0.3836389340593552,True,-0.2950262798344474,0.7707165109034267,0.9171339563862928,0.8504672897196262,0.8461059190031152
2024-10-15 00:00:00+00:00,0.0,0.0,0.0,0.0,0.0,0.0,0.0,0.0,-0.2658384228936573,-0.3414655588538266,-0.2793350430989928,-0.2182945887621037,-0.2356014825503297,-0.3836389340593552,True,-0.2950262798344474,0.7707165109034267,0.9171339563862928,0.8504672897196262,0.8461059190031152
2024-10-16 00:00:00+00:00,0.0,0.0,0.0,0.0,0.0,0.0,0.0,0.0,-0.2658384228936573,-0.3414655588538266,-0.2793350430989928,-0.2182945887621037,-0.2356014825503297,-0.3836389340593552,True,-0.2950262798344474,0.7707165109034267,0.9171339563862928,0.8504672897196262,0.8461059190031152
2024-10-17 00:00:00+00:00,1.0,1.0,0.0,15.0,0.0,0.0,0.0,0.0,-0.1009734040589123,0.1750775344170421,-0.2793350430989928,-0.1792018614985455,-0.2356014825503297,-0.3836389340593552,True,-0.240071273556199,0.8510903426791278,0.9171339563862928,0.8504672897196262,0.8728971962616822
2024-10-18 00:00:00+00:00,0.0,0.0,0.0,0.0,0.0,0.0,0.0,0.0,-0.2658384228936573,-0.3414655588538266,-0.2793350430989928,-0.2182945887621037,-0.2356014825503297,-0.3836389340593552,True,-0.2950262798344474,0.7707165109034267,0.9171339563862928,0.8504672897196262,0.8461059190031152
2024-10-19 00:00:00+00:00,2.0,2.0,0.0,16.0,0.0,0.5,0.0,0.0,0.0638916147758326,0.6916206276879109,-0.2793350430989928,-0.176595679680975,-0.2356014825503297,-0.3836389340593552,True,-0.1851162672779507,0.8922118380062305,0.9171339563862928,0.8504672897196262,0.8866043613707165
2024-10-20 00:00:00+00:00,0.0,0.0,0.0,0.0,0.0,0.0,0.0,0.0,-0.2658384228936573,-0.3414655588538266,-0.2793350430989928,-0.2182945887621037,-0.2356014825503297,-0.3836389340593552,True,-0.2950262798344474,0.7707165109034267,0.9171339563862928,0.8504672897196262,0.8461059190031152
2024-10-21 00:00:00+00:00,0.0,0.0,0.0,0.0,0.0,0.0,0.0,0.0,-0.2658384228936573,-0.3414655588538266,-0.2793350430989928,-0.2182945887621037,-0.2356014825503297,-0.3836389340593552,True,-0.2950262798344474,0.7707165109034267,0.9171339563862928,0.8504672897196262,0.8461059190031152
2024-10-22 00:00:00+00:00,0.0,0.0,0.0,0.0,0.0,0.0,0.0,0.0,-0.2658384228936573,-0.3414655588538266,-0.2793350430989928,-0.2182945887621037,-0.2356014825503297,-0.3836389340593552,True,-0.2950262798344474,0.7707165109034267,0.9171339563862928,0.8504672897196262,0.8461059190031152
2024-10-23 00:00:00+00:00,0.0,0.0,0.0,0.0,0.0,0.0,0.0,0.0,-0.2658384228936573,-0.3414655588538266,-0.2793350430989928,-0.2182945887621037,-0.2356014825503297,-0.3836389340593552,True,-0.2950262798344474,0.7707165109034267,0.9171339563862928,0.8504672897196262,0.8461059190031152
2024-10-24 00:00:00+00:00,0.0,0.0,0.0,0.0,0.0,0.0,0.0,0.0,-0.2658384228936573,-0.3414655588538266,-0.2793350430989928,-0.2182945887621037,-0.2356014825503297,-0.3836389340593552,True,-0.2950262798344474,0.7707165109034267,0.9171339563862928,0.8504672897196262,0.8461059190031152
2024-10-25 00:00:00+00:00,0.0,0.0,0.0,0.0,0.0,0.0,0.0,0.0,-0.2658384228936573,-0.3414655588538266,-0.2793350430989928,-0.2182945887621037,-0.2356014825503297,-0.3836389340593552,True,-0.2950262798344474,0.7707165109034267,0.9171339563862928,0.8504672897196262,0.8461059190031152
2024-10-26 00:00:00+00:00,0.0,0.0,0.0,0.0,0.0,0.0,0.0,0.0,-0.2658384228936573,-0.3414655588538266,-0.2793350430989928,-0.2182945887621037,-0.2356014825503297,-0.3836389340593552,True,-0.2950262798344474,0.7707165109034267,0.9171339563862928,0.8504672897196262,0.8461059190031152
2024-10-27 00:00:00+00:00,0.0,0.0,0.0,0.0,0.0,0.0,0.0,0.0,-0.2658384228936573,-0.3414655588538266,-0.2793350430989928,-0.2182945887621037,-0.2356014825503297,-0.3836389340593552,True,-0.2950262798344474,0.7707165109034267,0.9171339563862928,0.8504672897196262,0.8461059190031152
2024-10-28 00:00:00+00:00,0.0,0.0,0.0,0.0,0.0,0.0,0.0,0.0,-0.2658384228936573,-0.3414655588538266,-0.2793350430989928,-0.2182945887621037,-0.2356014825503297,-0.3836389340593552,True,-0.2950262798344474,0.7707165109034267,0.9171339563862928,0.8504672897196262,0.8461059190031152
2024-10-29 00:00:00+00:00,0.0,0.0,0.0,0.0,0.0,0.0,0.0,0.0,-0.2658384228936573,-0.3414655588538266,-0.2793350430989928,-0.2182945887621037,-0.2356014825503297,-0.3836389340593552,True,-0.2950262798344474,0.7707165109034267,0.9171339563862928,0.8504672897196262,0.8461059190031152
2024-10-30 00:00:00+00:00,0.0,0.0,0.0,0.0,0.0,0.0,0.0,0.0,-0.2658384228936573,-0.3414655588538266,-0.2793350430989928,-0.2182945887621037,-0.2356014825503297,-0.3836389340593552,True,-0.2950262798344474,0.7707165109034267,0.9171339563862928,0.8504672897196262,0.8461059190031152
2024-10-31 00:00:00+00:00,0.0,0.0,0.0,0.0,0.0,0.0,0.0,0.0,-0.2658384228936573,-0.3414655588538266,-0.2793350430989928,-0.2182945887621037,-0.2356014825503297,-0.3836389340593552,True,-0.2950262798344474,0.7707165109034267,0.9171339563862928,0.8504672897196262,0.8461059190031152
2024-11-01 00:00:00+00:00,0.0,0.0,0.0,0.0,0.0,0.0,0.0,0.0,-0.2658384228936573,-0.3414655588538266,-0.2793350430989928,-0.2182945887621037,-0.2356014825503297,-0.3836389340593552,True,-0.2950262798344474,0.7707165109034267,0.9171339563862928,0.8504672897196262,0.8461059190031152
2024-11-02 00:00:00+00:00,0.0,0.0,0.0,0.0,0.0,0.0,0.0,0.0,-0.2658384228936573,-0.3414655588538266,-0.2793350430989928,-0.2182945887621037,-0.2356014825503297,-0.3836389340593552,True,-0.2950262798344474,0.7707165109034267,0.9171339563862928,0.8504672897196262,0.8461059190031152
2024-11-03 00:00:00+00:00,0.0,0.0,0.0,0.0,0.0,0.0,0.0,0.0,-0.2658384228936573,-0.3414655588538266,-0.2793350430989928,-0.2182945887621037,-0.2356014825503297,-0.3836389340593552,True,-0.2950262798344474,0.7707165109034267,0.9171339563862928,0.8504672897196262,0.8461059190031152
2024-11-04 00:00:00+00:00,2.0,2.0,1.0,27.0,0.0,0.0,0.0,0.5,0.0638916147758326,0.6916206276879109,0.6488901001181572,-0.1479276796876991,-0.2356014825503297,1.3892925181825588,True,0.4058608834693539,0.8922118380062305,0.9171339563862928,0.9077881619937694,0.905711318795431
2024-11-05 00:00:00+00:00,0.0,0.0,0.0,0.0,0.0,0.0,0.0,0.0,-0.2658384228936573,-0.3414655588538266,-0.2793350430989928,-0.2182945887621037,-0.2356014825503297,-0.3836389340593552,True,-0.2950262798344474,0.7707165109034267,0.9171339563862928,0.8504672897196262,0.8461059190031152
2024-11-06 00:00:00+00:00,0.0,0.0,0.0,0.0,0.0,0.0,0.0,0.0,-0.2658384228936573,-0.3414655588538266,-0.2793350430989928,-0.2182945887621037,-0.2356014825503297,-0.3836389340593552,True,-0.2950262798344474,0.7707165109034267,0.9171339563862928,0.8504672897196262,0.8461059190031152
2024-11-07 00:00:00+00:00,0.0,0.0,0.0,0.0,0.0,0.0,0.0,0.0,-0.2658384228936573,-0.3414655588538266,-0.2793350430989928,-0.2182945887621037,-0.2356014825503297,-0.3836389340593552,True,-0.2950262798344474,0.7707165109034267,0.9171339563862928,0.8504672897196262,0.8461059190031152
2024-11-08 00:00:00+00:00,0.0,0.0,0.0,0.0,0.0,0.0,0.0,0.0,-0.2658384228936573,-0.3414655588538266,-0.2793350430989928,-0.2182945887621037,-0.2356014825503297,-0.3836389340593552,True,-0.2950262798344474,0.7707165109034267,0.9171339563862928,0.8504672897196262,0.8461059190031152
2024-11-09 00:00:00+00:00,0.0,0.0,0.0,0.0,0.0,0.0,0.0,0.0,-0.2658384228936573,-0.3414655588538266,-0.2793350430989928,-0.2182945887621037,-0.2356014825503297,-0.3836389340593552,True,-0.2950262798344474,0.7707165109034267,0.9171339563862928,0.8504672897196262,0.8461059190031152
2024-11-10 00:00:00+00:00,3.0,1.0,1.0,38.66666666666666,0.0,0.0,0.0,1.0,0.2287566336105776,0.1750775344170421,0.6488901001181572,-0.1175222251493761,-0.2356014825503297,3.1622239704244723,True,1.0517930404949067,0.9096573208722741,0.9171339563862928,1.0,0.942263759086189
2024-11-11 00:00:00+00:00,0.0,0.0,0.0,0.0,0.0,0.0,0.0,0.0,-0.2658384228936573,-0.3414655588538266,-0.2793350430989928,-0.2182945887621037,-0.2356014825503297,-0.3836389340593552,True,-0.2950262798344474,0.7707165109034267,0.9171339563862928,0.8504672897196262,0.8461059190031152
2024-11-12 00:00:00+00:00,1.0,1.0,1.0,71.0,1.0,0.0,0.0,1.0,-0.1009734040589123,0.1750775344170421,0.6488901001181572,-0.0332556797145952,7.297002372845597,3.1622239704244723,True,3.4527509797370524,0.8510903426791278,1.0,1.0,0.9503634475597093
2024-11-13 00:00:00+00:00,0.0,0.0,0.0,0.0,0.0,0.0,0.0,0.0,-0.2658384228936573,-0.3414655588538266,-0.2793350430989928,-0.2182945887621037,-0.2356014825503297,-0.3836389340593552,True,-0.2950262798344474,0.7707165109034267,0.9171339563862928,0.8504672897196262,0.8461059190031152
2024-11-14 00:00:00+00:00,0.0,0.0,0.0,0.0,0.0,0.0,0.0,0.0,-0.2658384228936573,-0.3414655588538266,-0.2793350430989928,-0.2182945887621037,-0.2356014825503297,-0.3836389340593552,True,-0.2950262798344474,0.7707165109034267,0.9171339563862928,0.8504672897196262,0.8461059190031152
2024-11-15 00:00:00+00:00,0.0,0.0,0.0,0.0,0.0,0.0,0.0,0.0,-0.2658384228936573,-0.3414655588538266,-0.2793350430989928,-0.2182945887621037,-0.2356014825503297,-0.3836389340593552,True,-0.2950262798344474,0.7707165109034267,0.9171339563862928,0.8504672897196262,0.8461059190031152
2024-11-16 00:00:00+00:00,0.0,0.0,0.0,0.0,0.0,0.0,0.0,0.0,-0.2658384228936573,-0.3414655588538266,-0.2793350430989928,-0.2182945887621037,-0.2356014825503297,-0.3836389340593552,True,-0.2950262798344474,0.7707165109034267,0.9171339563862928,0.8504672897196262,0.8461059190031152
2024-11-17 00:00:00+00:00,0.0,0.0,0.0,0.0,0.0,0.0,0.0,0.0,-0.2658384228936573,-0.3414655588538266,-0.2793350430989928,-0.2182945887621037,-0.2356014825503297,-0.3836389340593552,True,-0.2950262798344474,0.7707165109034267,0.9171339563862928,0.8504672897196262,0.8461059190031152
2024-11-18 00:00:00+00:00,0.0,0.0,0.0,0.0,0.0,0.0,0.0,0.0,-0.2658384228936573,-0.3414655588538266,-0.2793350430989928,-0.2182945887621037,-0.2356014825503297,-0.3836389340593552,True,-0.2950262798344474,0.7707165109034267,0.9171339563862928,0.8504672897196262,0.8461059190031152
2024-11-19 00:00:00+00:00,0.0,0.0,0.0,0.0,0.0,0.0,0.0,0.0,-0.2658384228936573,-0.3414655588538266,-0.2793350430989928,-0.2182945887621037,-0.2356014825503297,-0.3836389340593552,True,-0.2950262798344474,0.7707165109034267,0.9171339563862928,0.8504672897196262,0.8461059190031152
2024-11-20 00:00:00+00:00,0.0,0.0,0.0,0.0,0.0,0.0,0.0,0.0,-0.2658384228936573,-0.3414655588538266,-0.2793350430989928,-0.2182945887621037,-0.2356014825503297,-0.3836389340593552,True,-0.2950262798344474,0.7707165109034267,0.9171339563862928,0.8504672897196262,0.8461059190031152
2024-11-21 00:00:00+00:00,0.0,0.0,0.0,0.0,0.0,0.0,0.0,0.0,-0.2658384228936573,-0.3414655588538266,-0.2793350430989928,-0.2182945887621037,-0.2356014825503297,-0.3836389340593552,True,-0.2950262798344474,0.7707165109034267,0.9171339563862928,0.8504672897196262,0.8461059190031152
2024-11-22 00:00:00+00:00,0.0,0.0,0.0,0.0,0.0,0.0,0.0,0.0,-0.2658384228936573,-0.3414655588538266,-0.2793350430989928,-0.2182945887621037,-0.2356014825503297,-0.3836389340593552,True,-0.2950262798344474,0.7707165109034267,0.9171339563862928,0.8504672897196262,0.8461059190031152
2024-11-23 00:00:00+00:00,0.0,0.0,0.0,0.0,0.0,0.0,0.0,0.0,-0.2658384228936573,-0.3414655588538266,-0.2793350430989928,-0.2182945887621037,-0.2356014825503297,-0.3836389340593552,True,-0.2950262798344474,0.7707165109034267,0.9171339563862928,0.8504672897196262,0.8461059190031152
2024-11-24 00:00:00+00:00,0.0,0.0,0.0,0.0,0.0,0.0,0.0,0.0,-0.2658384228936573,-0.3414655588538266,-0.2793350430989928,-0.2182945887621037,-0.2356014825503297,-0.3836389340593552,True,-0.2950262798344474,0.7707165109034267,0.9171339563862928,0.8504672897196262,0.8461059190031152
2024-11-25 00:00:00+00:00,0.0,0.0,0.0,0.0,0.0,0.0,0.0,0.0,-0.2658384228936573,-0.3414655588538266,-0.2793350430989928,-0.2182945887621037,-0.2356014825503297,-0.3836389340593552,True,-0.2950262798344474,0.7707165109034267,0.9171339563862928,0.8504672897196262,0.8461059190031152
2024-11-26 00:00:00+00:00,0.0,0.0,0.0,0.0,0.0,0.0,0.0,0.0,-0.2658384228936573,-0.3414655588538266,-0.2793350430989928,-0.2182945887621037,-0.2356014825503297,-0.3836389340593552,True,-0.2950262798344474,0.7707165109034267,0.9171339563862928,0.8504672897196262,0.8461059190031152
2024-11-27 00:00:00+00:00,0.0,0.0,0.0,0.0,0.0,0.0,0.0,0.0,-0.2658384228936573,-0.3414655588538266,-0.2793350430989928,-0.2182945887621037,-0.2356014825503297,-0.3836389340593552,True,-0.2950262798344474,0.7707165109034267,0.9171339563862928,0.8504672897196262,0.8461059190031152
2024-11-28 00:00:00+00:00,0.0,0.0,0.0,0.0,0.0,0.0,0.0,0.0,-0.2658384228936573,-0.3414655588538266,-0.2793350430989928,-0.2182945887621037,-0.2356014825503297,-0.3836389340593552,True,-0.2950262798344474,0.7707165109034267,0.9171339563862928,0.8504672897196262,0.8461059190031152
2024-11-29 00:00:00+00:00,0.0,0.0,0.0,0.0,0.0,0.0,0.0,0.0,-0.2658384228936573,-0.3414655588538266,-0.2793350430989928,-0.2182945887621037,-0.2356014825503297,-0.3836389340593552,True,-0.2950262798344474,0.7707165109034267,0.9171339563862928,0.8504672897196262,0.8461059190031152
2024-11-30 00:00:00+00:00,0.0,0.0,0.0,0.0,0.0,0.0,0.0,0.0,-0.2658384228936573,-0.3414655588538266,-0.2793350430989928,-0.2182945887621037,-0.2356014825503297,-0.3836389340593552,True,-0.2950262798344474,0.7707165109034267,0.9171339563862928,0.8504672897196262,0.8461059190031152
2024-12-01 00:00:00+00:00,0.0,0.0,0.0,0.0,0.0,0.0,0.0,0.0,-0.2658384228936573,-0.3414655588538266,-0.2793350430989928,-0.2182945887621037,-0.2356014825503297,-0.3836389340593552,True,-0.2950262798344474,0.7707165109034267,0.9171339563862928,0.8504672897196262,0.8461059190031152
2024-12-02 00:00:00+00:00,0.0,0.0,0.0,0.0,0.0,0.0,0.0,0.0,-0.2658384228936573,-0.3414655588538266,-0.2793350430989928,-0.2182945887621037,-0.2356014825503297,-0.3836389340593552,True,-0.2950262798344474,0.7707165109034267,0.9171339563862928,0.8504672897196262,0.8461059190031152
2024-12-03 00:00:00+00:00,0.0,0.0,0.0,0.0,0.0,0.0,0.0,0.0,-0.2658384228936573,-0.3414655588538266,-0.2793350430989928,-0.2182945887621037,-0.2356014825503297,-0.3836389340593552,True,-0.2950262798344474,0.7707165109034267,0.9171339563862928,0.8504672897196262,0.8461059190031152
2024-12-04 00:00:00+00:00,0.0,0.0,0.0,0.0,0.0,0.0,0.0,0.0,-0.2658384228936573,-0.3414655588538266,-0.2793350430989928,-0.2182945887621037,-0.2356014825503297,-0.3836389340593552,True,-0.2950262798344474,0.7707165109034267,0.9171339563862928,0.8504672897196262,0.8461059190031152
2024-12-05 00:00:00+00:00,0.0,0.0,0.0,0.0,0.0,0.0,0.0,0.0,-0.2658384228936573,-0.3414655588538266,-0.2793350430989928,-0.2182945887621037,-0.2356014825503297,-0.3836389340593552,True,-0.2950262798344474,0.7707165109034267,0.9171339563862928,0.8504672897196262,0.8461059190031152
2024-12-06 00:00:00+00:00,0.0,0.0,0.0,0.0,0.0,0.0,0.0,0.0,-0.2658384228936573,-0.3414655588538266,-0.2793350430989928,-0.2182945887621037,-0.2356014825503297,-0.3836389340593552,True,-0.2950262798344474,0.7707165109034267,0.9171339563862928,0.8504672897196262,0.8461059190031152
2024-12-07 00:00:00+00:00,0.0,0.0,0.0,0.0,0.0,0.0,0.0,0.0,-0.2658384228936573,-0.3414655588538266,-0.2793350430989928,-0.2182945887621037,-0.2356014825503297,-0.3836389340593552,True,-0.2950262798344474,0.7707165109034267,0.9171339563862928,0.8504672897196262,0.8461059190031152
2024-12-08 00:00:00+00:00,0.0,0.0,0.0,0.0,0.0,0.0,0.0,0.0,-0.2658384228936573,-0.3414655588538266,-0.2793350430989928,-0.2182945887621037,-0.2356014825503297,-0.3836389340593552,True,-0.2950262798344474,0.7707165109034267,0.9171339563862928,0.8504672897196262,0.8461059190031152
2024-12-09 00:00:00+00:00,0.0,0.0,0.0,0.0,0.0,0.0,0.0,0.0,-0.2658384228936573,-0.3414655588538266,-0.2793350430989928,-0.2182945887621037,-0.2356014825503297,-0.3836389340593552,True,-0.2950262798344474,0.7707165109034267,0.9171339563862928,0.8504672897196262,0.8461059190031152
2024-12-10 00:00:00+00:00,0.0,0.0,0.0,0.0,0.0,0.0,0.0,0.0,-0.2658384228936573,-0.3414655588538266,-0.2793350430989928,-0.2182945887621037,-0.2356014825503297,-0.3836389340593552,True,-0.2950262798344474,0.7707165109034267,0.9171339563862928,0.8504672897196262,0.8461059190031152
2024-12-11 00:00:00+00:00,0.0,0.0,0.0,0.0,0.0,0.0,0.0,0.0,-0.2658384228936573,-0.3414655588538266,-0.2793350430989928,-0.2182945887621037,-0.2356014825503297,-0.3836389340593552,True,-0.2950262798344474,0.7707165109034267,0.9171339563862928,0.8504672897196262,0.8461059190031152
2024-12-12 00:00:00+00:00,1.0,1.0,0.0,57.0,0.0,0.0,0.0,0.0,-0.1009734040589123,0.1750775344170421,-0.2793350430989928,-0.0697422251605828,-0.2356014825503297,-0.3836389340593552,True,-0.240071273556199,0.8510903426791278,0.9171339563862928,0.8504672897196262,0.8728971962616822
2024-12-13 00:00:00+00:00,0.0,0.0,0.0,0.0,0.0,0.0,0.0,0.0,-0.2658384228936573,-0.3414655588538266,-0.2793350430989928,-0.2182945887621037,-0.2356014825503297,-0.3836389340593552,True,-0.2950262798344474,0.7707165109034267,0.9171339563862928,0.8504672897196262,0.8461059190031152
2024-12-14 00:00:00+00:00,0.0,0.0,0.0,0.0,0.0,0.0,0.0,0.0,-0.2658384228936573,-0.3414655588538266,-0.2793350430989928,-0.2182945887621037,-0.2356014825503297,-0.3836389340593552,True,-0.2950262798344474,0.7707165109034267,0.9171339563862928,0.8504672897196262,0.8461059190031152
2024-12-15 00:00:00+00:00,0.0,0.0,0.0,0.0,0.0,0.0,0.0,0.0,-0.2658384228936573,-0.3414655588538266,-0.2793350430989928,-0.2182945887621037,-0.2356014825503297,-0.3836389340593552,True,-0.2950262798344474,0.7707165109034267,0.9171339563862928,0.8504672897196262,0.8461059190031152
2024-12-16 00:00:00+00:00,0.0,0.0,0.0,0.0,0.0,0.0,0.0,0.0,-0.2658384228936573,-0.3414655588538266,-0.2793350430989928,-0.2182945887621037,-0.2356014825503297,-0.3836389340593552,True,-0.2950262798344474,0.7707165109034267,0.9171339563862928,0.8504672897196262,0.8461059190031152
2024-12-17 00:00:00+00:00,0.0,0.0,0.0,0.0,0.0,0.0,0.0,0.0,-0.2658384228936573,-0.3414655588538266,-0.2793350430989928,-0.2182945887621037,-0.2356014825503297,-0.3836389340593552,True,-0.2950262798344474,0.7707165109034267,0.9171339563862928,0.8504672897196262,0.8461059190031152
2024-12-18 00:00:00+00:00,0.0,0.0,0.0,0.0,0.0,0.0,0.0,0.0,-0.2658384228936573,-0.3414655588538266,-0.2793350430989928,-0.2182945887621037,-0.2356014825503297,-0.3836389340593552,True,-0.2950262798344474,0.7707165109034267,0.9171339563862928,0.8504672897196262,0.8461059190031152
2024-12-19 00:00:00+00:00,0.0,0.0,0.0,0.0,0.0,0.0,0.0,0.0,-0.2658384228936573,-0.3414655588538266,-0.2793350430989928,-0.2182945887621037,-0.2356014825503297,-0.3836389340593552,True,-0.2950262798344474,0.7707165109034267,0.9171339563862928,0.8504672897196262,0.8461059190031152
2024-12-20 00:00:00+00:00,0.0,0.0,0.0,0.0,0.0,0.0,0.0,0.0,-0.2658384228936573,-0.3414655588538266,-0.2793350430989928,-0.2182945887621037,-0.2356014825503297,-0.3836389340593552,True,-0.2950262798344474,0.7707165109034267,0.9171339563862928,0.8504672897196262,0.8461059190031152
2024-12-21 00:00:00+00:00,0.0,0.0,0.0,0.0,0.0,0.0,0.0,0.0,-0.2658384228936573,-0.3414655588538266,-0.2793350430989928,-0.2182945887621037,-0.2356014825503297,-0.3836389340593552,True,-0.2950262798344474,0.7707165109034267,0.9171339563862928,0.8504672897196262,0.8461059190031152
2024-12-22 00:00:00+00:00,0.0,0.0,0.0,0.0,0.0,0.0,0.0,0.0,-0.2658384228936573,-0.3414655588538266,-0.2793350430989928,-0.2182945887621037,-0.2356014825503297,-0.3836389340593552,True,-0.2950262798344474,0.7707165109034267,0.9171339563862928,0.8504672897196262,0.8461059190031152
2024-12-23 00:00:00+00:00,1.0,1.0,1.0,702.0,0.0,0.0,0.0,1.0,-0.1009734040589123,0.1750775344170421,0.6488901001181572,1.6112450471724165,-0.2356014825503297,3.1622239704244723,True,0.94188302793841,0.8510903426791278,0.9171339563862928,1.0,0.9227414330218068
2024-12-24 00:00:00+00:00,0.0,0.0,0.0,0.0,0.0,0.0,0.0,0.0,-0.2658384228936573,-0.3414655588538266,-0.2793350430989928,-0.2182945887621037,-0.2356014825503297,-0.3836389340593552,True,-0.2950262798344474,0.7707165109034267,0.9171339563862928,0.8504672897196262,0.8461059190031152
2024-12-25 00:00:00+00:00,0.0,0.0,0.0,0.0,0.0,0.0,0.0,0.0,-0.2658384228936573,-0.3414655588538266,-0.2793350430989928,-0.2182945887621037,-0.2356014825503297,-0.3836389340593552,True,-0.2950262798344474,0.7707165109034267,0.9171339563862928,0.8504672897196262,0.8461059190031152
2024-12-26 00:00:00+00:00,0.0,0.0,0.0,0.0,0.0,0.0,0.0,0.0,-0.2658384228936573,-0.3414655588538266,-0.2793350430989928,-0.2182945887621037,-0.2356014825503297,-0.3836389340593552,True,-0.2950262798344474,0.7707165109034267,0.9171339563862928,0.8504672897196262,0.8461059190031152
2024-12-27 00:00:00+00:00,0.0,0.0,0.0,0.0,0.0,0.0,0.0,0.0,-0.2658384228936573,-0.3414655588538266,-0.2793350430989928,-0.2182945887621037,-0.2356014825503297,-0.3836389340593552,True,-0.2950262798344474,0.7707165109034267,0.9171339563862928,0.8504672897196262,0.8461059190031152
2024-12-28 00:00:00+00:00,0.0,0.0,0.0,0.0,0.0,0.0,0.0,0.0,-0.2658384228936573,-0.3414655588538266,-0.2793350430989928,-0.2182945887621037,-0.2356014825503297,-0.3836389340593552,True,-0.2950262798344474,0.7707165109034267,0.9171339563862928,0.8504672897196262,0.8461059190031152
2024-12-29 00:00:00+00:00,0.0,0.0,0.0,0.0,0.0,0.0,0.0,0.0,-0.2658384228936573,-0.3414655588538266,-0.2793350430989928,-0.2182945887621037,-0.2356014825503297,-0.3836389340593552,True,-0.2950262798344474,0.7707165109034267,0.9171339563862928,0.8504672897196262,0.8461059190031152
2024-12-30 00:00:00+00:00,0.0,0.0,0.0,0.0,0.0,0.0,0.0,0.0,-0.2658384228936573,-0.3414655588538266,-0.2793350430989928,-0.2182945887621037,-0.2356014825503297,-0.3836389340593552,True,-0.2950262798344474,0.7707165109034267,0.9171339563862928,0.8504672897196262,0.8461059190031152
2024-12-31 00:00:00+00:00,0.0,0.0,0.0,0.0,0.0,0.0,0.0,0.0,-0.2658384228936573,-0.3414655588538266,-0.2793350430989928,-0.2182945887621037,-0.2356014825503297,-0.3836389340593552,True,-0.2950262798344474,0.7707165109034267,0.9171339563862928,0.8504672897196262,0.8461059190031152
2025-01-01 00:00:00+00:00,0.0,0.0,0.0,0.0,0.0,0.0,0.0,0.0,-0.2658384228936573,-0.3414655588538266,-0.2793350430989928,-0.2182945887621037,-0.2356014825503297,-0.3836389340593552,True,-0.2950262798344474,0.7707165109034267,0.9171339563862928,0.8504672897196262,0.8461059190031152
2025-01-02 00:00:00+00:00,0.0,0.0,0.0,0.0,0.0,0.0,0.0,0.0,-0.2658384228936573,-0.3414655588538266,-0.2793350430989928,-0.2182945887621037,-0.2356014825503297,-0.3836389340593552,True,-0.2950262798344474,0.7707165109034267,0.9171339563862928,0.8504672897196262,0.8461059190031152
2025-01-03 00:00:00+00:00,0.0,0.0,0.0,0.0,0.0,0.0,0.0,0.0,-0.2658384228936573,-0.3414655588538266,-0.2793350430989928,-0.2182945887621037,-0.2356014825503297,-0.3836389340593552,True,-0.2950262798344474,0.7707165109034267,0.9171339563862928,0.8504672897196262,0.8461059190031152
2025-01-04 00:00:00+00:00,0.0,0.0,0.0,0.0,0.0,0.0,0.0,0.0,-0.2658384228936573,-0.3414655588538266,-0.2793350430989928,-0.2182945887621037,-0.2356014825503297,-0.3836389340593552,True,-0.2950262798344474,0.7707165109034267,0.9171339563862928,0.8504672897196262,0.8461059190031152
2025-01-05 00:00:00+00:00,0.0,0.0,0.0,0.0,0.0,0.0,0.0,0.0,-0.2658384228936573,-0.3414655588538266,-0.2793350430989928,-0.2182945887621037,-0.2356014825503297,-0.3836389340593552,True,-0.2950262798344474,0.7707165109034267,0.9171339563862928,0.8504672897196262,0.8461059190031152
2025-01-06 00:00:00+00:00,0.0,0.0,0.0,0.0,0.0,0.0,0.0,0.0,-0.2658384228936573,-0.3414655588538266,-0.2793350430989928,-0.2182945887621037,-0.2356014825503297,-0.3836389340593552,True,-0.2950262798344474,0.7707165109034267,0.9171339563862928,0.8504672897196262,0.8461059190031152
2025-01-07 00:00:00+00:00,0.0,0.0,0.0,0.0,0.0,0.0,0.0,0.0,-0.2658384228936573,-0.3414655588538266,-0.2793350430989928,-0.2182945887621037,-0.2356014825503297,-0.3836389340593552,True,-0.2950262798344474,0.7707165109034267,0.9171339563862928,0.8504672897196262,0.8461059190031152
2025-01-08 00:00:00+00:00,0.0,0.0,0.0,0.0,0.0,0.0,0.0,0.0,-0.2658384228936573,-0.3414655588538266,-0.2793350430989928,-0.2182945887621037,-0.2356014825503297,-0.3836389340593552,True,-0.2950262798344474,0.7707165109034267,0.9171339563862928,0.8504672897196262,0.8461059190031152
2025-01-09 00:00:00+00:00,0.0,0.0,0.0,0.0,0.0,0.0,0.0,0.0,-0.2658384228936573,-0.3414655588538266,-0.2793350430989928,-0.2182945887621037,-0.2356014825503297,-0.3836389340593552,True,-0.2950262798344474,0.7707165109034267,0.9171339563862928,0.8504672897196262,0.8461059190031152
2025-01-10 00:00:00+00:00,0.0,0.0,0.0,0.0,0.0,0.0,0.0,0.0,-0.2658384228936573,-0.3414655588538266,-0.2793350430989928,-0.2182945887621037,-0.2356014825503297,-0.3836389340593552,True,-0.2950262798344474,0.7707165109034267,0.9171339563862928,0.8504672897196262,0.8461059190031152
2025-01-11 00:00:00+00:00,0.0,0.0,0.0,0.0,0.0,0.0,0.0,0.0,-0.2658384228936573,-0.3414655588538266,-0.2793350430989928,-0.2182945887621037,-0.2356014825503297,-0.3836389340593552,True,-0.2950262798344474,0.7707165109034267,0.9171339563862928,0.8504672897196262,0.8461059190031152
2025-01-12 00:00:00+00:00,0.0,0.0,0.0,0.0,0.0,0.0,0.0,0.0,-0.2658384228936573,-0.3414655588538266,-0.2793350430989928,-0.2182945887621037,-0.2356014825503297,-0.3836389340593552,True,-0.2950262798344474,0.7707165109034267,0.9171339563862928,0.8504672897196262,0.8461059190031152
2025-01-13 00:00:00+00:00,0.0,0.0,0.0,0.0,0.0,0.0,0.0,0.0,-0.2658384228936573,-0.3414655588538266,-0.2793350430989928,-0.2182945887621037,-0.2356014825503297,-0.3836389340593552,True,-0.2950262798344474,0.7707165109034267,0.9171339563862928,0.8504672897196262,0.8461059190031152
2025-01-14 00:00:00+00:00,0.0,0.0,0.0,0.0,0.0,0.0,0.0,0.0,-0.2658384228936573,-0.3414655588538266,-0.2793350430989928,-0.2182945887621037,-0.2356014825503297,-0.3836389340593552,True,-0.2950262798344474,0.7707165109034267,0.9171339563862928,0.8504672897196262,0.8461059190031152
2025-01-15 00:00:00+00:00,0.0,0.0,0.0,0.0,0.0,0.0,0.0,0.0,-0.2658384228936573,-0.3414655588538266,-0.2793350430989928,-0.2182945887621037,-0.2356014825503297,-0.3836389340593552,True,-0.2950262798344474,0.7707165109034267,0.9171339563862928,0.8504672897196262,0.8461059190031152
2025-01-16 00:00:00+00:00,0.0,0.0,0.0,0.0,0.0,0.0,0.0,0.0,-0.2658384228936573,-0.3414655588538266,-0.2793350430989928,-0.2182945887621037,-0.2356014825503297,-0.3836389340593552,True,-0.2950262798344474,0.7707165109034267,0.9171339563862928,0.8504672897196262,0.8461059190031152
2025-01-17 00:00:00+00:00,0.0,0.0,0.0,0.0,0.0,0.0,0.0,0.0,-0.2658384228936573,-0.3414655588538266,-0.2793350430989928,-0.2182945887621037,-0.2356014825503297,-0.3836389340593552,True,-0.2950262798344474,0.7707165109034267,0.9171339563862928,0.8504672897196262,0.8461059190031152
2025-01-18 00:00:00+00:00,0.0,0.0,0.0,0.0,0.0,0.0,0.0,0.0,-0.2658384228936573,-0.3414655588538266,-0.2793350430989928,-0.2182945887621037,-0.2356014825503297,-0.3836389340593552,True,-0.2950262798344474,0.7707165109034267,0.9171339563862928,0.8504672897196262,0.8461059190031152
2025-01-19 00:00:00+00:00,0.0,0.0,0.0,0.0,0.0,0.0,0.0,0.0,-0.2658384228936573,-0.3414655588538266,-0.2793350430989928,-0.2182945887621037,-0.2356014825503297,-0.3836389340593552,True,-0.2950262798344474,0.7707165109034267,0.9171339563862928,0.8504672897196262,0.8461059190031152
2025-01-20 00:00:00+00:00,0.0,0.0,0.0,0.0,0.0,0.0,0.0,0.0,-0.2658384228936573,-0.3414655588538266,-0.2793350430989928,-0.2182945887621037,-0.2356014825503297,-0.3836389340593552,True,-0.2950262798344474,0.7707165109034267,0.9171339563862928,0.8504672897196262,0.8461059190031152
2025-01-21 00:00:00+00:00,0.0,0.0,0.0,0.0,0.0,0.0,0.0,0.0,-0.2658384228936573,-0.3414655588538266,-0.2793350430989928,-0.2182945887621037,-0.2356014825503297,-0.3836389340593552,True,-0.2950262798344474,0.7707165109034267,0.9171339563862928,0.8504672897196262,0.8461059190031152
2025-01-22 00:00:00+00:00,0.0,0.0,0.0,0.0,0.0,0.0,0.0,0.0,-0.2658384228936573,-0.3414655588538266,-0.2793350430989928,-0.2182945887621037,-0.2356014825503297,-0.3836389340593552,True,-0.2950262798344474,0.7707165109034267,0.9171339563862928,0.8504672897196262,0.8461059190031152
2025-01-23 00:00:00+00:00,0.0,0.0,0.0,0.0,0.0,0.0,0.0,0.0,-0.2658384228936573,-0.3414655588538266,-0.2793350430989928,-0.2182945887621037,-0.2356014825503297,-0.3836389340593552,True,-0.2950262798344474,0.7707165109034267,0.9171339563862928,0.8504672897196262,0.8461059190031152
2025-01-24 00:00:00+00:00,0.0,0.0,0.0,0.0,0.0,0.0,0.0,0.0,-0.2658384228936573,-0.3414655588538266,-0.2793350430989928,-0.2182945887621037,-0.2356014825503297,-0.3836389340593552,True,-0.2950262798344474,0.7707165109034267,0.9171339563862928,0.8504672897196262,0.8461059190031152
2025-01-25 00:00:00+00:00,0.0,0.0,0.0,0.0,0.0,0.0,0.0,0.0,-0.2658384228936573,-0.3414655588538266,-0.2793350430989928,-0.2182945887621037,-0.2356014825503297,-0.3836389340593552,True,-0.2950262798344474,0.7707165109034267,0.9171339563862928,0.8504672897196262,0.8461059190031152
2025-01-26 00:00:00+00:00,0.0,0.0,0.0,0.0,0.0,0.0,0.0,0.0,-0.2658384228936573,-0.3414655588538266,-0.2793350430989928,-0.2182945887621037,-0.2356014825503297,-0.3836389340593552,True,-0.2950262798344474,0.7707165109034267,0.9171339563862928,0.8504672897196262,0.8461059190031152
2025-01-27 00:00:00+00:00,0.0,0.0,0.0,0.0,0.0,0.0,0.0,0.0,-0.2658384228936573,-0.3414655588538266,-0.2793350430989928,-0.2182945887621037,-0.2356014825503297,-0.3836389340593552,True,-0.2950262798344474,0.7707165109034267,0.9171339563862928,0.8504672897196262,0.8461059190031152
2025-01-28 00:00:00+00:00,0.0,0.0,0.0,0.0,0.0,0.0,0.0,0.0,-0.2658384228936573,-0.3414655588538266,-0.2793350430989928,-0.2182945887621037,-0.2356014825503297,-0.3836389340593552,True,-0.2950262798344474,0.7707165109034267,0.9171339563862928,0.8504672897196262,0.8461059190031152
2025-01-29 00:00:00+00:00,0.0,0.0,0.0,0.0,0.0,0.0,0.0,0.0,-0.2658384228936573,-0.3414655588538266,-0.2793350430989928,-0.2182945887621037,-0.2356014825503297,-0.3836389340593552,True,-0.2950262798344474,0.7707165109034267,0.9171339563862928,0.8504672897196262,0.8461059190031152
2025-01-30 00:00:00+00:00,2.0,1.0,1.0,0.0,0.0,1.0,0.0,1.0,0.0638916147758326,0.1750775344170421,0.6488901001181572,-0.2182945887621037,-0.2356014825503297,3.1622239704244723,True,0.9968380342166584,0.8922118380062305,0.9171339563862928,1.0,0.9364485981308411
2025-01-31 00:00:00+00:00,0.0,0.0,0.0,0.0,0.0,0.0,0.0,0.0,-0.2658384228936573,-0.3414655588538266,-0.2793350430989928,-0.2182945887621037,-0.2356014825503297,-0.3836389340593552,True,-0.2950262798344474,0.7707165109034267,0.9171339563862928,0.8504672897196262,0.8461059190031152
2025-02-01 00:00:00+00:00,0.0,0.0,0.0,0.0,0.0,0.0,0.0,0.0,-0.2658384228936573,-0.3414655588538266,-0.2793350430989928,-0.2182945887621037,-0.2356014825503297,-0.3836389340593552,True,-0.2950262798344474,0.7707165109034267,0.9171339563862928,0.8504672897196262,0.8461059190031152
2025-02-02 00:00:00+00:00,0.0,0.0,0.0,0.0,0.0,0.0,0.0,0.0,-0.2658384228936573,-0.3414655588538266,-0.2793350430989928,-0.2182945887621037,-0.2356014825503297,-0.3836389340593552,True,-0.2950262798344474,0.7707165109034267,0.9171339563862928,0.8504672897196262,0.8461059190031152
2025-02-03 00:00:00+00:00,0.0,0.0,0.0,0.0,0.0,0.0,0.0,0.0,-0.2658384228936573,-0.3414655588538266,-0.2793350430989928,-0.2182945887621037,-0.2356014825503297,-0.3836389340593552,True,-0.2950262798344474,0.7707165109034267,0.9171339563862928,0.8504672897196262,0.8461059190031152
2025-02-04 00:00:00+00:00,0.0,0.0,0.0,0.0,0.0,0.0,0.0,0.0,-0.2658384228936573,-0.3414655588538266,-0.2793350430989928,-0.2182945887621037,-0.2356014825503297,-0.3836389340593552,True,-0.2950262798344474,0.7707165109034267,0.9171339563862928,0.8504672897196262,0.8461059190031152
2025-02-05 00:00:00+00:00,0.0,0.0,0.0,0.0,0.0,0.0,0.0,0.0,-0.2658384228936573,-0.3414655588538266,-0.2793350430989928,-0.2182945887621037,-0.2356014825503297,-0.3836389340593552,True,-0.2950262798344474,0.7707165109034267,0.9171339563862928,0.8504672897196262,0.8461059190031152
2025-02-06 00:00:00+00:00,1.0,1.0,0.0,3.0,0.0,0.0,0.0,0.0,-0.1009734040589123,0.1750775344170421,-0.2793350430989928,-0.210476043309392,-0.2356014825503297,-0.3836389340593552,True,-0.240071273556199,0.8510903426791278,0.9171339563862928,0.8504672897196262,0.8728971962616822
2025-02-07 00:00:00+00:00,0.0,0.0,0.0,0.0,0.0,0.0,0.0,0.0,-0.2658384228936573,-0.3414655588538266,-0.2793350430989928,-0.2182945887621037,-0.2356014825503297,-0.3836389340593552,True,-0.2950262798344474,0.7707165109034267,0.9171339563862928,0.8504672897196262,0.8461059190031152
2025-02-08 00:00:00+00:00,1.0,1.0,1.0,3.0,1.0,0.0,0.0,1.0,-0.1009734040589123,0.1750775344170421,0.6488901001181572,-0.210476043309392,7.297002372845597,3.1622239704244723,True,3.4527509797370524,0.8510903426791278,1.0,1.0,0.9503634475597093
2025-02-09 00:00:00+00:00,0.0,0.0,0.0,0.0,0.0,0.0,0.0,0.0,-0.2658384228936573,-0.3414655588538266,-0.2793350430989928,-0.2182945887621037,-0.2356014825503297,-0.3836389340593552,True,-0.2950262798344474,0.7707165109034267,0.9171339563862928,0.8504672897196262,0.8461059190031152
2025-02-10 00:00:00+00:00,0.0,0.0,0.0,0.0,0.0,0.0,0.0,0.0,-0.2658384228936573,-0.3414655588538266,-0.2793350430989928,-0.2182945887621037,-0.2356014825503297,-0.3836389340593552,True,-0.2950262798344474,0.7707165109034267,0.9171339563862928,0.8504672897196262,0.8461059190031152
2025-02-11 00:00:00+00:00,0.0,0.0,0.0,0.0,0.0,0.0,0.0,0.0,-0.2658384228936573,-0.3414655588538266,-0.2793350430989928,-0.2182945887621037,-0.2356014825503297,-0.3836389340593552,True,-0.2950262798344474,0.7707165109034267,0.9171339563862928,0.8504672897196262,0.8461059190031152
2025-02-12 00:00:00+00:00,0.0,0.0,0.0,0.0,0.0,0.0,0.0,0.0,-0.2658384228936573,-0.3414655588538266,-0.2793350430989928,-0.2182945887621037,-0.2356014825503297,-0.3836389340593552,True,-0.2950262798344474,0.7707165109034267,0.9171339563862928,0.8504672897196262,0.8461059190031152
2025-02-13 00:00:00+00:00,0.0,0.0,0.0,0.0,0.0,0.0,0.0,0.0,-0.2658384228936573,-0.3414655588538266,-0.2793350430989928,-0.2182945887621037,-0.2356014825503297,-0.3836389340593552,True,-0.2950262798344474,0.7707165109034267,0.9171339563862928,0.8504672897196262,0.8461059190031152
2025-02-14 00:00:00+00:00,0.0,0.0,0.0,0.0,0.0,0.0,0.0,0.0,-0.2658384228936573,-0.3414655588538266,-0.2793350430989928,-0.2182945887621037,-0.2356014825503297,-0.3836389340593552,True,-0.2950262798344474,0.7707165109034267,0.9171339563862928,0.8504672897196262,0.8461059190031152
2025-02-15 00:00:00+00:00,1.0,1.0,0.0,2547.0,0.0,0.0,0.0,0.0,-0.1009734040589123,0.1750775344170421,-0.2793350430989928,6.419650500590065,-0.2356014825503297,-0.3836389340593552,True,-0.240071273556199,0.8510903426791278,0.9171339563862928,0.8504672897196262,0.8728971962616822
2025-02-16 00:00:00+00:00,0.0,0.0,0.0,0.0,0.0,0.0,0.0,0.0,-0.2658384228936573,-0.3414655588538266,-0.2793350430989928,-0.2182945887621037,-0.2356014825503297,-0.3836389340593552,True,-0.2950262798344474,0.7707165109034267,0.9171339563862928,0.8504672897196262,0.8461059190031152
2025-02-17 00:00:00+00:00,0.0,0.0,0.0,0.0,0.0,0.0,0.0,0.0,-0.2658384228936573,-0.3414655588538266,-0.2793350430989928,-0.2182945887621037,-0.2356014825503297,-0.3836389340593552,True,-0.2950262798344474,0.7707165109034267,0.9171339563862928,0.8504672897196262,0.8461059190031152
2025-02-18 00:00:00+00:00,0.0,0.0,0.0,0.0,0.0,0.0,0.0,0.0,-0.2658384228936573,-0.3414655588538266,-0.2793350430989928,-0.2182945887621037,-0.2356014825503297,-0.3836389340593552,True,-0.2950262798344474,0.7707165109034267,0.9171339563862928,0.8504672897196262,0.8461059190031152
2025-02-19 00:00:00+00:00,0.0,0.0,0.0,0.0,0.0,0.0,0.0,0.0,-0.2658384228936573,-0.3414655588538266,-0.2793350430989928,-0.2182945887621037,-0.2356014825503297,-0.3836389340593552,True,-0.2950262798344474,0.7707165109034267,0.9171339563862928,0.8504672897196262,0.8461059190031152
2025-02-20 00:00:00+00:00,0.0,0.0,0.0,0.0,0.0,0.0,0.0,0.0,-0.2658384228936573,-0.3414655588538266,-0.2793350430989928,-0.2182945887621037,-0.2356014825503297,-0.3836389340593552,True,-0.2950262798344474,0.7707165109034267,0.9171339563862928,0.8504672897196262,0.8461059190031152
2025-02-21 00:00:00+00:00,0.0,0.0,0.0,0.0,0.0,0.0,0.0,0.0,-0.2658384228936573,-0.3414655588538266,-0.2793350430989928,-0.2182945887621037,-0.2356014825503297,-0.3836389340593552,True,-0.2950262798344474,0.7707165109034267,0.9171339563862928,0.8504672897196262,0.8461059190031152
2025-02-22 00:00:00+00:00,0.0,0.0,0.0,0.0,0.0,0.0,0.0,0.0,-0.2658384228936573,-0.3414655588538266,-0.2793350430989928,-0.2182945887621037,-0.2356014825503297,-0.3836389340593552,True,-0.2950262798344474,0.7707165109034267,0.9171339563862928,0.8504672897196262,0.8461059190031152
2025-02-23 00:00:00+00:00,0.0,0.0,0.0,0.0,0.0,0.0,0.0,0.0,-0.2658384228936573,-0.3414655588538266,-0.2793350430989928,-0.2182945887621037,-0.2356014825503297,-0.3836389340593552,True,-0.2950262798344474,0.7707165109034267,0.9171339563862928,0.8504672897196262,0.8461059190031152
2025-02-24 00:00:00+00:00,0.0,0.0,0.0,0.0,0.0,0.0,0.0,0.0,-0.2658384228936573,-0.3414655588538266,-0.2793350430989928,-0.2182945887621037,-0.2356014825503297,-0.3836389340593552,True,-0.2950262798344474,0.7707165109034267,0.9171339563862928,0.8504672897196262,0.8461059190031152
2025-02-25 00:00:00+00:00,0.0,0.0,0.0,0.0,0.0,0.0,0.0,0.0,-0.2658384228936573,-0.3414655588538266,-0.2793350430989928,-0.2182945887621037,-0.2356014825503297,-0.3836389340593552,True,-0.2950262798344474,0.7707165109034267,0.9171339563862928,0.8504672897196262,0.8461059190031152
2025-02-26 00:00:00+00:00,0.0,0.0,0.0,0.0,0.0,0.0,0.0,0.0,-0.2658384228936573,-0.3414655588538266,-0.2793350430989928,-0.2182945887621037,-0.2356014825503297,-0.3836389340593552,True,-0.2950262798344474,0.7707165109034267,0.9171339563862928,0.8504672897196262,0.8461059190031152
2025-02-27 00:00:00+00:00,0.0,0.0,0.0,0.0,0.0,0.0,0.0,0.0,-0.2658384228936573,-0.3414655588538266,-0.2793350430989928,-0.2182945887621037,-0.2356014825503297,-0.3836389340593552,True,-0.2950262798344474,0.7707165109034267,0.9171339563862928,0.8504672897196262,0.8461059190031152
2025-02-28 00:00:00+00:00,0.0,0.0,0.0,0.0,0.0,0.0,0.0,0.0,-0.2658384228936573,-0.3414655588538266,-0.2793350430989928,-0.2182945887621037,-0.2356014825503297,-0.3836389340593552,True,-0.2950262798344474,0.7707165109034267,0.9171339563862928,0.8504672897196262,0.8461059190031152
2025-03-01 00:00:00+00:00,0.0,0.0,0.0,0.0,0.0,0.0,0.0,0.0,-0.2658384228936573,-0.3414655588538266,-0.2793350430989928,-0.2182945887621037,-0.2356014825503297,-0.3836389340593552,True,-0.2950262798344474,0.7707165109034267,0.9171339563862928,0.8504672897196262,0.8461059190031152
2025-03-02 00:00:00+00:00,0.0,0.0,0.0,0.0,0.0,0.0,0.0,0.0,-0.2658384228936573,-0.3414655588538266,-0.2793350430989928,-0.2182945887621037,-0.2356014825503297,-0.3836389340593552,True,-0.2950262798344474,0.7707165109034267,0.9171339563862928,0.8504672897196262,0.8461059190031152
2025-03-03 00:00:00+00:00,0.0,0.0,0.0,0.0,0.0,0.0,0.0,0.0,-0.2658384228936573,-0.3414655588538266,-0.2793350430989928,-0.2182945887621037,-0.2356014825503297,-0.3836389340593552,True,-0.2950262798344474,0.7707165109034267,0.9171339563862928,0.8504672897196262,0.8461059190031152
2025-03-04 00:00:00+00:00,0.0,0.0,0.0,0.0,0.0,0.0,0.0,0.0,-0.2658384228936573,-0.3414655588538266,-0.2793350430989928,-0.2182945887621037,-0.2356014825503297,-0.3836389340593552,True,-0.2950262798344474,0.7707165109034267,0.9171339563862928,0.8504672897196262,0.8461059190031152
2025-03-05 00:00:00+00:00,3.0,3.0,2.0,1.0,0.0,0.6666666666666666,0.0,0.6666666666666666,0.2287566336105776,1.2081637209587797,1.5771152433353073,-0.2156884069445331,-0.2356014825503297,1.980269668929864,True,0.6578082733300371,0.9096573208722741,0.9171339563862928,0.9202492211838006,0.9156801661474558
2025-03-06 00:00:00+00:00,0.0,0.0,0.0,0.0,0.0,0.0,0.0,0.0,-0.2658384228936573,-0.3414655588538266,-0.2793350430989928,-0.2182945887621037,-0.2356014825503297,-0.3836389340593552,True,-0.2950262798344474,0.7707165109034267,0.9171339563862928,0.8504672897196262,0.8461059190031152
2025-03-07 00:00:00+00:00,0.0,0.0,0.0,0.0,0.0,0.0,0.0,0.0,-0.2658384228936573,-0.3414655588538266,-0.2793350430989928,-0.2182945887621037,-0.2356014825503297,-0.3836389340593552,True,-0.2950262798344474,0.7707165109034267,0.9171339563862928,0.8504672897196262,0.8461059190031152
2025-03-08 00:00:00+00:00,0.0,0.0,0.0,0.0,0.0,0.0,0.0,0.0,-0.2658384228936573,-0.3414655588538266,-0.2793350430989928,-0.2182945887621037,-0.2356014825503297,-0.3836389340593552,True,-0.2950262798344474,0.7707165109034267,0.9171339563862928,0.8504672897196262,0.8461059190031152
2025-03-09 00:00:00+00:00,1.0,1.0,1.0,1.0,0.0,0.0,0.0,1.0,-0.1009734040589123,0.1750775344170421,0.6488901001181572,-0.2156884069445331,-0.2356014825503297,3.1622239704244723,True,0.94188302793841,0.8510903426791278,0.9171339563862928,1.0,0.9227414330218068
2025-03-10 00:00:00+00:00,0.0,0.0,0.0,0.0,0.0,0.0,0.0,0.0,-0.2658384228936573,-0.3414655588538266,-0.2793350430989928,-0.2182945887621037,-0.2356014825503297,-0.3836389340593552,True,-0.2950262798344474,0.7707165109034267,0.9171339563862928,0.8504672897196262,0.8461059190031152
2025-03-11 00:00:00+00:00,0.0,0.0,0.0,0.0,0.0,0.0,0.0,0.0,-0.2658384228936573,-0.3414655588538266,-0.2793350430989928,-0.2182945887621037,-0.2356014825503297,-0.3836389340593552,True,-0.2950262798344474,0.7707165109034267,0.9171339563862928,0.8504672897196262,0.8461059190031152
2025-03-12 00:00:00+00:00,0.0,0.0,0.0,0.0,0.0,0.0,0.0,0.0,-0.2658384228936573,-0.3414655588538266,-0.2793350430989928,-0.2182945887621037,-0.2356014825503297,-0.3836389340593552,True,-0.2950262798344474,0.7707165109034267,0.9171339563862928,0.8504672897196262,0.8461059190031152
2025-03-13 00:00:00+00:00,0.0,0.0,0.0,0.0,0.0,0.0,0.0,0.0,-0.2658384228936573,-0.3414655588538266,-0.2793350430989928,-0.2182945887621037,-0.2356014825503297,-0.3836389340593552,True,-0.2950262798344474,0.7707165109034267,0.9171339563862928,0.8504672897196262,0.8461059190031152
2025-03-14 00:00:00+00:00,0.0,0.0,0.0,0.0,0.0,0.0,0.0,0.0,-0.2658384228936573,-0.3414655588538266,-0.2793350430989928,-0.2182945887621037,-0.2356014825503297,-0.3836389340593552,True,-0.2950262798344474,0.7707165109034267,0.9171339563862928,0.8504672897196262,0.8461059190031152
2025-03-15 00:00:00+00:00,0.0,0.0,0.0,0.0,0.0,0.0,0.0,0.0,-0.2658384228936573,-0.3414655588538266,-0.2793350430989928,-0.2182945887621037,-0.2356014825503297,-0.3836389340593552,True,-0.2950262798344474,0.7707165109034267,0.9171339563862928,0.8504672897196262,0.8461059190031152
2025-03-16 00:00:00+00:00,0.0,0.0,0.0,0.0,0.0,0.0,0.0,0.0,-0.2658384228936573,-0.3414655588538266,-0.2793350430989928,-0.2182945887621037,-0.2356014825503297,-0.3836389340593552,True,-0.2950262798344474,0.7707165109034267,0.9171339563862928,0.8504672897196262,0.8461059190031152
2025-03-17 00:00:00+00:00,0.0,0.0,0.0,0.0,0.0,0.0,0.0,0.0,-0.2658384228936573,-0.3414655588538266,-0.2793350430989928,-0.2182945887621037,-0.2356014825503297,-0.3836389340593552,True,-0.2950262798344474,0.7707165109034267,0.9171339563862928,0.8504672897196262,0.8461059190031152
2025-03-18 00:00:00+00:00,0.0,0.0,0.0,0.0,0.0,0.0,0.0,0.0,-0.2658384228936573,-0.3414655588538266,-0.2793350430989928,-0.2182945887621037,-0.2356014825503297,-0.3836389340593552,True,-0.2950262798344474,0.7707165109034267,0.9171339563862928,0.8504672897196262,0.8461059190031152
2025-03-19 00:00:00+00:00,0.0,0.0,0.0,0.0,0.0,0.0,0.0,0.0,-0.2658384228936573,-0.3414655588538266,-0.2793350430989928,-0.2182945887621037,-0.2356014825503297,-0.3836389340593552,True,-0.2950262798344474,0.7707165109034267,0.9171339563862928,0.8504672897196262,0.8461059190031152
2025-03-20 00:00:00+00:00,0.0,0.0,0.0,0.0,0.0,0.0,0.0,0.0,-0.2658384228936573,-0.3414655588538266,-0.2793350430989928,-0.2182945887621037,-0.2356014825503297,-0.3836389340593552,True,-0.2950262798344474,0.7707165109034267,0.9171339563862928,0.8504672897196262,0.8461059190031152
2025-03-21 00:00:00+00:00,0.0,0.0,0.0,0.0,0.0,0.0,0.0,0.0,-0.2658384228936573,-0.3414655588538266,-0.2793350430989928,-0.2182945887621037,-0.2356014825503297,-0.3836389340593552,True,-0.2950262798344474,0.7707165109034267,0.9171339563862928,0.8504672897196262,0.8461059190031152
2025-03-22 00:00:00+00:00,0.0,0.0,0.0,0.0,0.0,0.0,0.0,0.0,-0.2658384228936573,-0.3414655588538266,-0.2793350430989928,-0.2182945887621037,-0.2356014825503297,-0.3836389340593552,True,-0.2950262798344474,0.7707165109034267,0.9171339563862928,0.8504672897196262,0.8461059190031152
2025-03-23 00:00:00+00:00,0.0,0.0,0.0,0.0,0.0,0.0,0.0,0.0,-0.2658384228936573,-0.3414655588538266,-0.2793350430989928,-0.2182945887621037,-0.2356014825503297,-0.3836389340593552,True,-0.2950262798344474,0.7707165109034267,0.9171339563862928,0.8504672897196262,0.8461059190031152
2025-03-24 00:00:00+00:00,0.0,0.0,0.0,0.0,0.0,0.0,0.0,0.0,-0.2658384228936573,-0.3414655588538266,-0.2793350430989928,-0.2182945887621037,-0.2356014825503297,-0.3836389340593552,True,-0.2950262798344474,0.7707165109034267,0.9171339563862928,0.8504672897196262,0.8461059190031152
2025-03-25 00:00:00+00:00,0.0,0.0,0.0,0.0,0.0,0.0,0.0,0.0,-0.2658384228936573,-0.3414655588538266,-0.2793350430989928,-0.2182945887621037,-0.2356014825503297,-0.3836389340593552,True,-0.2950262798344474,0.7707165109034267,0.9171339563862928,0.8504672897196262,0.8461059190031152
2025-03-26 00:00:00+00:00,0.0,0.0,0.0,0.0,0.0,0.0,0.0,0.0,-0.2658384228936573,-0.3414655588538266,-0.2793350430989928,-0.2182945887621037,-0.2356014825503297,-0.3836389340593552,True,-0.2950262798344474,0.7707165109034267,0.9171339563862928,0.8504672897196262,0.8461059190031152
2025-03-27 00:00:00+00:00,0.0,0.0,0.0,0.0,0.0,0.0,0.0,0.0,-0.2658384228936573,-0.3414655588538266,-0.2793350430989928,-0.2182945887621037,-0.2356014825503297,-0.3836389340593552,True,-0.2950262798344474,0.7707165109034267,0.9171339563862928,0.8504672897196262,0.8461059190031152
2025-03-28 00:00:00+00:00,0.0,0.0,0.0,0.0,0.0,0.0,0.0,0.0,-0.2658384228936573,-0.3414655588538266,-0.2793350430989928,-0.2182945887621037,-0.2356014825503297,-0.3836389340593552,True,-0.2950262798344474,0.7707165109034267,0.9171339563862928,0.8504672897196262,0.8461059190031152
2025-03-29 00:00:00+00:00,0.0,0.0,0.0,0.0,0.0,0.0,0.0,0.0,-0.2658384228936573,-0.3414655588538266,-0.2793350430989928,-0.2182945887621037,-0.2356014825503297,-0.3836389340593552,True,-0.2950262798344474,0.7707165109034267,0.9171339563862928,0.8504672897196262,0.8461059190031152
2025-03-30 00:00:00+00:00,0.0,0.0,0.0,0.0,0.0,0.0,0.0,0.0,-0.2658384228936573,-0.3414655588538266,-0.2793350430989928,-0.2182945887621037,-0.2356014825503297,-0.3836389340593552,True,-0.2950262798344474,0.7707165109034267,0.9171339563862928,0.8504672897196262,0.8461059190031152
2025-03-31 00:00:00+00:00,4.0,3.0,2.0,15.0,0.5,0.0,0.0,0.6666666666666666,0.3936216524453225,1.2081637209587797,1.5771152433353073,-0.1792018614985455,3.530700445147634,1.980269668929864,True,1.9681972555076068,0.9227414330218069,0.9862928348909658,0.9202492211838006,0.9430944963655244
2025-04-01 00:00:00+00:00,0.0,0.0,0.0,0.0,0.0,0.0,0.0,0.0,-0.2658384228936573,-0.3414655588538266,-0.2793350430989928,-0.2182945887621037,-0.2356014825503297,-0.3836389340593552,True,-0.2950262798344474,0.7707165109034267,0.9171339563862928,0.8504672897196262,0.8461059190031152
2025-04-02 00:00:00+00:00,0.0,0.0,0.0,0.0,0.0,0.0,0.0,0.0,-0.2658384228936573,-0.3414655588538266,-0.2793350430989928,-0.2182945887621037,-0.2356014825503297,-0.3836389340593552,True,-0.2950262798344474,0.7707165109034267,0.9171339563862928,0.8504672897196262,0.8461059190031152
2025-04-03 00:00:00+00:00,1.0,1.0,0.0,0.0,0.0,1.0,0.0,0.0,-0.1009734040589123,0.1750775344170421,-0.2793350430989928,-0.2182945887621037,-0.2356014825503297,-0.3836389340593552,True,-0.240071273556199,0.8510903426791278,0.9171339563862928,0.8504672897196262,0.8728971962616822
2025-04-04 00:00:00+00:00,0.0,0.0,0.0,0.0,0.0,0.0,0.0,0.0,-0.2658384228936573,-0.3414655588538266,-0.2793350430989928,-0.2182945887621037,-0.2356014825503297,-0.3836389340593552,True,-0.2950262798344474,0.7707165109034267,0.9171339563862928,0.8504672897196262,0.8461059190031152
2025-04-05 00:00:00+00:00,0.0,0.0,0.0,0.0,0.0,0.0,0.0,0.0,-0.2658384228936573,-0.3414655588538266,-0.2793350430989928,-0.2182945887621037,-0.2356014825503297,-0.3836389340593552,True,-0.2950262798344474,0.7707165109034267,0.9171339563862928,0.8504672897196262,0.8461059190031152
2025-04-06 00:00:00+00:00,0.0,0.0,0.0,0.0,0.0,0.0,0.0,0.0,-0.2658384228936573,-0.3414655588538266,-0.2793350430989928,-0.2182945887621037,-0.2356014825503297,-0.3836389340593552,True,-0.2950262798344474,0.7707165109034267,0.9171339563862928,0.8504672897196262,0.8461059190031152
2025-04-07 00:00:00+00:00,0.0,0.0,0.0,0.0,0.0,0.0,0.0,0.0,-0.2658384228936573,-0.3414655588538266,-0.2793350430989928,-0.2182945887621037,-0.2356014825503297,-0.3836389340593552,True,-0.2950262798344474,0.7707165109034267,0.9171339563862928,0.8504672897196262,0.8461059190031152
2025-04-08 00:00:00+00:00,0.0,0.0,0.0,0.0,0.0,0.0,0.0,0.0,-0.2658384228936573,-0.3414655588538266,-0.2793350430989928,-0.2182945887621037,-0.2356014825503297,-0.3836389340593552,True,-0.2950262798344474,0.7707165109034267,0.9171339563862928,0.8504672897196262,0.8461059190031152
2025-04-09 00:00:00+00:00,0.0,0.0,0.0,0.0,0.0,0.0,0.0,0.0,-0.2658384228936573,-0.3414655588538266,-0.2793350430989928,-0.2182945887621037,-0.2356014825503297,-0.3836389340593552,True,-0.2950262798344474,0.7707165109034267,0.9171339563862928,0.8504672897196262,0.8461059190031152
2025-04-10 00:00:00+00:00,0.0,0.0,0.0,0.0,0.0,0.0,0.0,0.0,-0.2658384228936573,-0.3414655588538266,-0.2793350430989928,-0.2182945887621037,-0.2356014825503297,-0.3836389340593552,True,-0.2950262798344474,0.7707165109034267,0.9171339563862928,0.8504672897196262,0.8461059190031152
2025-04-11 00:00:00+00:00,0.0,0.0,0.0,0.0,0.0,0.0,0.0,0.0,-0.2658384228936573,-0.3414655588538266,-0.2793350430989928,-0.2182945887621037,-0.2356014825503297,-0.3836389340593552,True,-0.2950262798344474,0.7707165109034267,0.9171339563862928,0.8504672897196262,0.8461059190031152
2025-04-12 00:00:00+00:00,0.0,0.0,0.0,0.0,0.0,0.0,0.0,0.0,-0.2658384228936573,-0.3414655588538266,-0.2793350430989928,-0.2182945887621037,-0.2356014825503297,-0.3836389340593552,True,-0.2950262798344474,0.7707165109034267,0.9171339563862928,0.8504672897196262,0.8461059190031152
2025-04-13 00:00:00+00:00,0.0,0.0,0.0,0.0,0.0,0.0,0.0,0.0,-0.2658384228936573,-0.3414655588538266,-0.2793350430989928,-0.2182945887621037,-0.2356014825503297,-0.3836389340593552,True,-0.2950262798344474,0.7707165109034267,0.9171339563862928,0.8504672897196262,0.8461059190031152
2025-04-14 00:00:00+00:00,0.0,0.0,0.0,0.0,0.0,0.0,0.0,0.0,-0.2658384228936573,-0.3414655588538266,-0.2793350430989928,-0.2182945887621037,-0.2356014825503297,-0.3836389340593552,True,-0.2950262798344474,0.7707165109034267,0.9171339563862928,0.8504672897196262,0.8461059190031152
2025-04-15 00:00:00+00:00,0.0,0.0,0.0,0.0,0.0,0.0,0.0,0.0,-0.2658384228936573,-0.3414655588538266,-0.2793350430989928,-0.2182945887621037,-0.2356014825503297,-0.3836389340593552,True,-0.2950262798344474,0.7707165109034267,0.9171339563862928,0.8504672897196262,0.8461059190031152
2025-04-16 00:00:00+00:00,0.0,0.0,0.0,0.0,0.0,0.0,0.0,0.0,-0.2658384228936573,-0.3414655588538266,-0.2793350430989928,-0.2182945887621037,-0.2356014825503297,-0.3836389340593552,True,-0.2950262798344474,0.7707165109034267,0.9171339563862928,0.8504672897196262,0.8461059190031152
2025-04-17 00:00:00+00:00,0.0,0.0,0.0,0.0,0.0,0.0,0.0,0.0,-0.2658384228936573,-0.3414655588538266,-0.2793350430989928,-0.2182945887621037,-0.2356014825503297,-0.3836389340593552,True,-0.2950262798344474,0.7707165109034267,0.9171339563862928,0.8504672897196262,0.8461059190031152
2025-04-18 00:00:00+00:00,0.0,0.0,0.0,0.0,0.0,0.0,0.0,0.0,-0.2658384228936573,-0.3414655588538266,-0.2793350430989928,-0.2182945887621037,-0.2356014825503297,-0.3836389340593552,True,-0.2950262798344474,0.7707165109034267,0.9171339563862928,0.8504672897196262,0.8461059190031152
2025-04-19 00:00:00+00:00,0.0,0.0,0.0,0.0,0.0,0.0,0.0,0.0,-0.2658384228936573,-0.3414655588538266,-0.2793350430989928,-0.2182945887621037,-0.2356014825503297,-0.3836389340593552,True,-0.2950262798344474,0.7707165109034267,0.9171339563862928,0.8504672897196262,0.8461059190031152
2025-04-20 00:00:00+00:00,0.0,0.0,0.0,0.0,0.0,0.0,0.0,0.0,-0.2658384228936573,-0.3414655588538266,-0.2793350430989928,-0.2182945887621037,-0.2356014825503297,-0.3836389340593552,True,-0.2950262798344474,0.7707165109034267,0.9171339563862928,0.8504672897196262,0.8461059190031152
2025-04-21 00:00:00+00:00,0.0,0.0,0.0,0.0,0.0,0.0,0.0,0.0,-0.2658384228936573,-0.3414655588538266,-0.2793350430989928,-0.2182945887621037,-0.2356014825503297,-0.3836389340593552,True,-0.2950262798344474,0.7707165109034267,0.9171339563862928,0.8504672897196262,0.8461059190031152
2025-04-22 00:00:00+00:00,0.0,0.0,0.0,0.0,0.0,0.0,0.0,0.0,-0.2658384228936573,-0.3414655588538266,-0.2793350430989928,-0.2182945887621037,-0.2356014825503297,-0.3836389340593552,True,-0.2950262798344474,0.7707165109034267,0.9171339563862928,0.8504672897196262,0.8461059190031152
2025-04-23 00:00:00+00:00,0.0,0.0,0.0,0.0,0.0,0.0,0.0,0.0,-0.2658384228936573,-0.3414655588538266,-0.2793350430989928,-0.2182945887621037,-0.2356014825503297,-0.3836389340593552,True,-0.2950262798344474,0.7707165109034267,0.9171339563862928,0.8504672897196262,0.8461059190031152
2025-04-24 00:00:00+00:00,0.0,0.0,0.0,0.0,0.0,0.0,0.0,0.0,-0.2658384228936573,-0.3414655588538266,-0.2793350430989928,-0.2182945887621037,-0.2356014825503297,-0.3836389340593552,True,-0.2950262798344474,0.7707165109034267,0.9171339563862928,0.8504672897196262,0.8461059190031152
2025-04-25 00:00:00+00:00,2.0,2.0,1.0,1.0,0.5,0.0,0.0,0.5,0.0638916147758326,0.6916206276879109,0.6488901001181572,-0.2156884069445331,3.530700445147634,1.3892925181825588,True,1.661294859368675,0.8922118380062305,0.9862928348909658,0.9077881619937694,0.9287642782969886
2025-04-26 00:00:00+00:00,0.0,0.0,0.0,0.0,0.0,0.0,0.0,0.0,-0.2658384228936573,-0.3414655588538266,-0.2793350430989928,-0.2182945887621037,-0.2356014825503297,-0.3836389340593552,True,-0.2950262798344474,0.7707165109034267,0.9171339563862928,0.8504672897196262,0.8461059190031152
2025-04-27 00:00:00+00:00,0.0,0.0,0.0,0.0,0.0,0.0,0.0,0.0,-0.2658384228936573,-0.3414655588538266,-0.2793350430989928,-0.2182945887621037,-0.2356014825503297,-0.3836389340593552,True,-0.2950262798344474,0.7707165109034267,0.9171339563862928,0.8504672897196262,0.8461059190031152
2025-04-28 00:00:00+00:00,0.0,0.0,0.0,0.0,0.0,0.0,0.0,0.0,-0.2658384228936573,-0.3414655588538266,-0.2793350430989928,-0.2182945887621037,-0.2356014825503297,-0.3836389340593552,True,-0.2950262798344474,0.7707165109034267,0.9171339563862928,0.8504672897196262,0.8461059190031152
2025-04-29 00:00:00+00:00,0.0,0.0,0.0,0.0,0.0,0.0,0.0,0.0,-0.2658384228936573,-0.3414655588538266,-0.2793350430989928,-0.2182945887621037,-0.2356014825503297,-0.3836389340593552,True,-0.2950262798344474,0.7707165109034267,0.9171339563862928,0.8504672897196262,0.8461059190031152
2025-04-30 00:00:00+00:00,0.0,0.0,0.0,0.0,0.0,0.0,0.0,0.0,-0.2658384228936573,-0.3414655588538266,-0.2793350430989928,-0.2182945887621037,-0.2356014825503297,-0.3836389340593552,True,-0.2950262798344474,0.7707165109034267,0.9171339563862928,0.8504672897196262,0.8461059190031152
2025-05-01 00:00:00+00:00,0.0,0.0,0.0,0.0,0.0,0.0,0.0,0.0,-0.2658384228936573,-0.3414655588538266,-0.2793350430989928,-0.2182945887621037,-0.2356014825503297,-0.3836389340593552,True,-0.2950262798344474,0.7707165109034267,0.9171339563862928,0.8504672897196262,0.8461059190031152
2025-05-02 00:00:00+00:00,0.0,0.0,0.0,0.0,0.0,0.0,0.0,0.0,-0.2658384228936573,-0.3414655588538266,-0.2793350430989928,-0.2182945887621037,-0.2356014825503297,-0.3836389340593552,True,-0.2950262798344474,0.7707165109034267,0.9171339563862928,0.8504672897196262,0.8461059190031152
2025-05-03 00:00:00+00:00,0.0,0.0,0.0,0.0,0.0,0.0,0.0,0.0,-0.2658384228936573,-0.3414655588538266,-0.2793350430989928,-0.2182945887621037,-0.2356014825503297,-0.3836389340593552,True,-0.2950262798344474,0.7707165109034267,0.9171339563862928,0.8504672897196262,0.8461059190031152
2025-05-04 00:00:00+00:00,0.0,0.0,0.0,0.0,0.0,0.0,0.0,0.0,-0.2658384228936573,-0.3414655588538266,-0.2793350430989928,-0.2182945887621037,-0.2356014825503297,-0.3836389340593552,True,-0.2950262798344474,0.7707165109034267,0.9171339563862928,0.8504672897196262,0.8461059190031152
2025-05-05 00:00:00+00:00,0.0,0.0,0.0,0.0,0.0,0.0,0.0,0.0,-0.2658384228936573,-0.3414655588538266,-0.2793350430989928,-0.2182945887621037,-0.2356014825503297,-0.3836389340593552,True,-0.2950262798344474,0.7707165109034267,0.9171339563862928,0.8504672897196262,0.8461059190031152
2025-05-06 00:00:00+00:00,0.0,0.0,0.0,0.0,0.0,0.0,0.0,0.0,-0.2658384228936573,-0.3414655588538266,-0.2793350430989928,-0.2182945887621037,-0.2356014825503297,-0.3836389340593552,True,-0.2950262798344474,0.7707165109034267,0.9171339563862928,0.8504672897196262,0.8461059190031152
2025-05-07 00:00:00+00:00,0.0,0.0,0.0,0.0,0.0,0.0,0.0,0.0,-0.2658384228936573,-0.3414655588538266,-0.2793350430989928,-0.2182945887621037,-0.2356014825503297,-0.3836389340593552,True,-0.2950262798344474,0.7707165109034267,0.9171339563862928,0.8504672897196262,0.8461059190031152
2025-05-08 00:00:00+00:00,0.0,0.0,0.0,0.0,0.0,0.0,0.0,0.0,-0.2658384228936573,-0.3414655588538266,-0.2793350430989928,-0.2182945887621037,-0.2356014825503297,-0.3836389340593552,True,-0.2950262798344474,0.7707165109034267,0.9171339563862928,0.8504672897196262,0.8461059190031152
2025-05-09 00:00:00+00:00,0.0,0.0,0.0,0.0,0.0,0.0,0.0,0.0,-0.2658384228936573,-0.3414655588538266,-0.2793350430989928,-0.2182945887621037,-0.2356014825503297,-0.3836389340593552,True,-0.2950262798344474,0.7707165109034267,0.9171339563862928,0.8504672897196262,0.8461059190031152
2025-05-10 00:00:00+00:00,0.0,0.0,0.0,0.0,0.0,0.0,0.0,0.0,-0.2658384228936573,-0.3414655588538266,-0.2793350430989928,-0.2182945887621037,-0.2356014825503297,-0.3836389340593552,True,-0.2950262798344474,0.7707165109034267,0.9171339563862928,0.8504672897196262,0.8461059190031152
2025-05-11 00:00:00+00:00,0.0,0.0,0.0,0.0,0.0,0.0,0.0,0.0,-0.2658384228936573,-0.3414655588538266,-0.2793350430989928,-0.2182945887621037,-0.2356014825503297,-0.3836389340593552,True,-0.2950262798344474,0.7707165109034267,0.9171339563862928,0.8504672897196262,0.8461059190031152
2025-05-12 00:00:00+00:00,0.0,0.0,0.0,0.0,0.0,0.0,0.0,0.0,-0.2658384228936573,-0.3414655588538266,-0.2793350430989928,-0.2182945887621037,-0.2356014825503297,-0.3836389340593552,True,-0.2950262798344474,0.7707165109034267,0.9171339563862928,0.8504672897196262,0.8461059190031152
2025-05-13 00:00:00+00:00,1.0,1.0,0.0,0.0,0.0,1.0,0.0,0.0,-0.1009734040589123,0.1750775344170421,-0.2793350430989928,-0.2182945887621037,-0.2356014825503297,-0.3836389340593552,True,-0.240071273556199,0.8510903426791278,0.9171339563862928,0.8504672897196262,0.8728971962616822
2025-05-14 00:00:00+00:00,0.0,0.0,0.0,0.0,0.0,0.0,0.0,0.0,-0.2658384228936573,-0.3414655588538266,-0.2793350430989928,-0.2182945887621037,-0.2356014825503297,-0.3836389340593552,True,-0.2950262798344474,0.7707165109034267,0.9171339563862928,0.8504672897196262,0.8461059190031152
2025-05-15 00:00:00+00:00,0.0,0.0,0.0,0.0,0.0,0.0,0.0,0.0,-0.2658384228936573,-0.3414655588538266,-0.2793350430989928,-0.2182945887621037,-0.2356014825503297,-0.3836389340593552,True,-0.2950262798344474,0.7707165109034267,0.9171339563862928,0.8504672897196262,0.8461059190031152
2025-05-16 00:00:00+00:00,0.0,0.0,0.0,0.0,0.0,0.0,0.0,0.0,-0.2658384228936573,-0.3414655588538266,-0.2793350430989928,-0.2182945887621037,-0.2356014825503297,-0.3836389340593552,True,-0.2950262798344474,0.7707165109034267,0.9171339563862928,0.8504672897196262,0.8461059190031152
2025-05-17 00:00:00+00:00,0.0,0.0,0.0,0.0,0.0,0.0,0.0,0.0,-0.2658384228936573,-0.3414655588538266,-0.2793350430989928,-0.2182945887621037,-0.2356014825503297,-0.3836389340593552,True,-0.2950262798344474,0.7707165109034267,0.9171339563862928,0.8504672897196262,0.8461059190031152
2025-05-18 00:00:00+00:00,0.0,0.0,0.0,0.0,0.0,0.0,0.0,0.0,-0.2658384228936573,-0.3414655588538266,-0.2793350430989928,-0.2182945887621037,-0.2356014825503297,-0.3836389340593552,True,-0.2950262798344474,0.7707165109034267,0.9171339563862928,0.8504672897196262,0.8461059190031152
2025-05-19 00:00:00+00:00,1.0,1.0,1.0,12.0,0.0,0.0,0.0,1.0,-0.1009734040589123,0.1750775344170421,0.6488901001181572,-0.1870204069512572,-0.2356014825503297,3.1622239704244723,True,0.94188302793841,0.8510903426791278,0.9171339563862928,1.0,0.9227414330218068
2025-05-20 00:00:00+00:00,1.0,1.0,0.0,8.0,0.0,0.0,0.0,0.0,-0.1009734040589123,0.1750775344170421,-0.2793350430989928,-0.1974451342215393,-0.2356014825503297,-0.3836389340593552,True,-0.240071273556199,0.8510903426791278,0.9171339563862928,0.8504672897196262,0.8728971962616822
2025-05-21 00:00:00+00:00,0.0,0.0,0.0,0.0,0.0,0.0,0.0,0.0,-0.2658384228936573,-0.3414655588538266,-0.2793350430989928,-0.2182945887621037,-0.2356014825503297,-0.3836389340593552,True,-0.2950262798344474,0.7707165109034267,0.9171339563862928,0.8504672897196262,0.8461059190031152
2025-05-22 00:00:00+00:00,0.0,0.0,0.0,0.0,0.0,0.0,0.0,0.0,-0.2658384228936573,-0.3414655588538266,-0.2793350430989928,-0.2182945887621037,-0.2356014825503297,-0.3836389340593552,True,-0.2950262798344474,0.7707165109034267,0.9171339563862928,0.8504672897196262,0.8461059190031152
2025-05-23 00:00:00+00:00,0.0,0.0,0.0,0.0,0.0,0.0,0.0,0.0,-0.2658384228936573,-0.3414655588538266,-0.2793350430989928,-0.2182945887621037,-0.2356014825503297,-0.3836389340593552,True,-0.2950262798344474,0.7707165109034267,0.9171339563862928,0.8504672897196262,0.8461059190031152
2025-05-24 00:00:00+00:00,0.0,0.0,0.0,0.0,0.0,0.0,0.0,0.0,-0.2658384228936573,-0.3414655588538266,-0.2793350430989928,-0.2182945887621037,-0.2356014825503297,-0.3836389340593552,True,-0.2950262798344474,0.7707165109034267,0.9171339563862928,0.8504672897196262,0.8461059190031152
2025-05-25 00:00:00+00:00,0.0,0.0,0.0,0.0,0.0,0.0,0.0,0.0,-0.2658384228936573,-0.3414655588538266,-0.2793350430989928,-0.2182945887621037,-0.2356014825503297,-0.3836389340593552,True,-0.2950262798344474,0.7707165109034267,0.9171339563862928,0.8504672897196262,0.8461059190031152
2025-05-26 00:00:00+00:00,0.0,0.0,0.0,0.0,0.0,0.0,0.0,0.0,-0.2658384228936573,-0.3414655588538266,-0.2793350430989928,-0.2182945887621037,-0.2356014825503297,-0.3836389340593552,True,-0.2950262798344474,0.7707165109034267,0.9171339563862928,0.8504672897196262,0.8461059190031152
2025-05-27 00:00:00+00:00,0.0,0.0,0.0,0.0,0.0,0.0,0.0,0.0,-0.2658384228936573,-0.3414655588538266,-0.2793350430989928,-0.2182945887621037,-0.2356014825503297,-0.3836389340593552,True,-0.2950262798344474,0.7707165109034267,0.9171339563862928,0.8504672897196262,0.8461059190031152
2025-05-28 00:00:00+00:00,0.0,0.0,0.0,0.0,0.0,0.0,0.0,0.0,-0.2658384228936573,-0.3414655588538266,-0.2793350430989928,-0.2182945887621037,-0.2356014825503297,-0.3836389340593552,True,-0.2950262798344474,0.7707165109034267,0.9171339563862928,0.8504672897196262,0.8461059190031152
2025-05-29 00:00:00+00:00,0.0,0.0,0.0,0.0,0.0,0.0,0.0,0.0,-0.2658384228936573,-0.3414655588538266,-0.2793350430989928,-0.2182945887621037,-0.2356014825503297,-0.3836389340593552,True,-0.2950262798344474,0.7707165109034267,0.9171339563862928,0.8504672897196262,0.8461059190031152
2025-05-30 00:00:00+00:00,0.0,0.0,0.0,0.0,0.0,0.0,0.0,0.0,-0.2658384228936573,-0.3414655588538266,-0.2793350430989928,-0.2182945887621037,-0.2356014825503297,-0.3836389340593552,True,-0.2950262798344474,0.7707165109034267,0.9171339563862928,0.8504672897196262,0.8461059190031152
2025-05-31 00:00:00+00:00,0.0,0.0,0.0,0.0,0.0,0.0,0.0,0.0,-0.2658384228936573,-0.3414655588538266,-0.2793350430989928,-0.2182945887621037,-0.2356014825503297,-0.3836389340593552,True,-0.2950262798344474,0.7707165109034267,0.9171339563862928,0.8504672897196262,0.8461059190031152
2025-06-01 00:00:00+00:00,0.0,0.0,0.0,0.0,0.0,0.0,0.0,0.0,-0.2658384228936573,-0.3414655588538266,-0.2793350430989928,-0.2182945887621037,-0.2356014825503297,-0.3836389340593552,True,-0.2950262798344474,0.7707165109034267,0.9171339563862928,0.8504672897196262,0.8461059190031152
2025-06-02 00:00:00+00:00,0.0,0.0,0.0,0.0,0.0,0.0,0.0,0.0,-0.2658384228936573,-0.3414655588538266,-0.2793350430989928,-0.2182945887621037,-0.2356014825503297,-0.3836389340593552,True,-0.2950262798344474,0.7707165109034267,0.9171339563862928,0.8504672897196262,0.8461059190031152
2025-06-03 00:00:00+00:00,0.0,0.0,0.0,0.0,0.0,0.0,0.0,0.0,-0.2658384228936573,-0.3414655588538266,-0.2793350430989928,-0.2182945887621037,-0.2356014825503297,-0.3836389340593552,True,-0.2950262798344474,0.7707165109034267,0.9171339563862928,0.8504672897196262,0.8461059190031152
2025-06-04 00:00:00+00:00,0.0,0.0,0.0,0.0,0.0,0.0,0.0,0.0,-0.2658384228936573,-0.3414655588538266,-0.2793350430989928,-0.2182945887621037,-0.2356014825503297,-0.3836389340593552,True,-0.2950262798344474,0.7707165109034267,0.9171339563862928,0.8504672897196262,0.8461059190031152
2025-06-05 00:00:00+00:00,0.0,0.0,0.0,0.0,0.0,0.0,0.0,0.0,-0.2658384228936573,-0.3414655588538266,-0.2793350430989928,-0.2182945887621037,-0.2356014825503297,-0.3836389340593552,True,-0.2950262798344474,0.7707165109034267,0.9171339563862928,0.8504672897196262,0.8461059190031152
2025-06-06 00:00:00+00:00,2.0,2.0,2.0,1.0,0.5,0.0,0.0,1.0,0.0638916147758326,0.6916206276879109,1.5771152433353073,-0.2156884069445331,3.530700445147634,3.1622239704244723,True,2.25227201011598,0.8922118380062305,0.9862928348909658,1.0,0.9595015576323987
2025-06-07 00:00:00+00:00,0.0,0.0,0.0,0.0,0.0,0.0,0.0,0.0,-0.2658384228936573,-0.3414655588538266,-0.2793350430989928,-0.2182945887621037,-0.2356014825503297,-0.3836389340593552,True,-0.2950262798344474,0.7707165109034267,0.9171339563862928,0.8504672897196262,0.8461059190031152
2025-06-08 00:00:00+00:00,0.0,0.0,0.0,0.0,0.0,0.0,0.0,0.0,-0.2658384228936573,-0.3414655588538266,-0.2793350430989928,-0.2182945887621037,-0.2356014825503297,-0.3836389340593552,True,-0.2950262798344474,0.7707165109034267,0.9171339563862928,0.8504672897196262,0.8461059190031152
2025-06-09 00:00:00+00:00,0.0,0.0,0.0,0.0,0.0,0.0,0.0,0.0,-0.2658384228936573,-0.3414655588538266,-0.2793350430989928,-0.2182945887621037,-0.2356014825503297,-0.3836389340593552,True,-0.2950262798344474,0.7707165109034267,0.9171339563862928,0.8504672897196262,0.8461059190031152
2025-06-10 00:00:00+00:00,0.0,0.0,0.0,0.0,0.0,0.0,0.0,0.0,-0.2658384228936573,-0.3414655588538266,-0.2793350430989928,-0.2182945887621037,-0.2356014825503297,-0.3836389340593552,True,-0.2950262798344474,0.7707165109034267,0.9171339563862928,0.8504672897196262,0.8461059190031152
2025-06-11 00:00:00+00:00,0.0,0.0,0.0,0.0,0.0,0.0,0.0,0.0,-0.2658384228936573,-0.3414655588538266,-0.2793350430989928,-0.2182945887621037,-0.2356014825503297,-0.3836389340593552,True,-0.2950262798344474,0.7707165109034267,0.9171339563862928,0.8504672897196262,0.8461059190031152
2025-06-12 00:00:00+00:00,0.0,0.0,0.0,0.0,0.0,0.0,0.0,0.0,-0.2658384228936573,-0.3414655588538266,-0.2793350430989928,-0.2182945887621037,-0.2356014825503297,-0.3836389340593552,True,-0.2950262798344474,0.7707165109034267,0.9171339563862928,0.8504672897196262,0.8461059190031152
2025-06-13 00:00:00+00:00,0.0,0.0,0.0,0.0,0.0,0.0,0.0,0.0,-0.2658384228936573,-0.3414655588538266,-0.2793350430989928,-0.2182945887621037,-0.2356014825503297,-0.3836389340593552,True,-0.2950262798344474,0.7707165109034267,0.9171339563862928,0.8504672897196262,0.8461059190031152
2025-06-14 00:00:00+00:00,0.0,0.0,0.0,0.0,0.0,0.0,0.0,0.0,-0.2658384228936573,-0.3414655588538266,-0.2793350430989928,-0.2182945887621037,-0.2356014825503297,-0.3836389340593552,True,-0.2950262798344474,0.7707165109034267,0.9171339563862928,0.8504672897196262,0.8461059190031152
2025-06-15 00:00:00+00:00,0.0,0.0,0.0,0.0,0.0,0.0,0.0,0.0,-0.2658384228936573,-0.3414655588538266,-0.2793350430989928,-0.2182945887621037,-0.2356014825503297,-0.3836389340593552,True,-0.2950262798344474,0.7707165109034267,0.9171339563862928,0.8504672897196262,0.8461059190031152
2025-06-16 00:00:00+00:00,0.0,0.0,0.0,0.0,0.0,0.0,0.0,0.0,-0.2658384228936573,-0.3414655588538266,-0.2793350430989928,-0.2182945887621037,-0.2356014825503297,-0.3836389340593552,True,-0.2950262798344474,0.7707165109034267,0.9171339563862928,0.8504672897196262,0.8461059190031152
2025-06-17 00:00:00+00:00,3.0,1.0,1.0,169.66666666666666,0.0,0.0,0.0,1.0,0.2287566336105776,0.1750775344170421,0.6488901001181572,0.2238875929523648,-0.2356014825503297,3.1622239704244723,True,1.0517930404949067,0.9096573208722741,0.9171339563862928,1.0,0.942263759086189
2025-06-18 00:00:00+00:00,0.0,0.0,0.0,0.0,0.0,0.0,0.0,0.0,-0.2658384228936573,-0.3414655588538266,-0.2793350430989928,-0.2182945887621037,-0.2356014825503297,-0.3836389340593552,True,-0.2950262798344474,0.7707165109034267,0.9171339563862928,0.8504672897196262,0.8461059190031152
2025-06-19 00:00:00+00:00,0.0,0.0,0.0,0.0,0.0,0.0,0.0,0.0,-0.2658384228936573,-0.3414655588538266,-0.2793350430989928,-0.2182945887621037,-0.2356014825503297,-0.3836389340593552,True,-0.2950262798344474,0.7707165109034267,0.9171339563862928,0.8504672897196262,0.8461059190031152
2025-06-20 00:00:00+00:00,0.0,0.0,0.0,0.0,0.0,0.0,0.0,0.0,-0.2658384228936573,-0.3414655588538266,-0.2793350430989928,-0.2182945887621037,-0.2356014825503297,-0.3836389340593552,True,-0.2950262798344474,0.7707165109034267,0.9171339563862928,0.8504672897196262,0.8461059190031152
2025-06-21 00:00:00+00:00,0.0,0.0,0.0,0.0,0.0,0.0,0.0,0.0,-0.2658384228936573,-0.3414655588538266,-0.2793350430989928,-0.2182945887621037,-0.2356014825503297,-0.3836389340593552,True,-0.2950262798344474,0.7707165109034267,0.9171339563862928,0.8504672897196262,0.8461059190031152
2025-06-22 00:00:00+00:00,0.0,0.0,0.0,0.0,0.0,0.0,0.0,0.0,-0.2658384228936573,-0.3414655588538266,-0.2793350430989928,-0.2182945887621037,-0.2356014825503297,-0.3836389340593552,True,-0.2950262798344474,0.7707165109034267,0.9171339563862928,0.8504672897196262,0.8461059190031152
2025-06-23 00:00:00+00:00,0.0,0.0,0.0,0.0,0.0,0.0,0.0,0.0,-0.2658384228936573,-0.3414655588538266,-0.2793350430989928,-0.2182945887621037,-0.2356014825503297,-0.3836389340593552,True,-0.2950262798344474,0.7707165109034267,0.9171339563862928,0.8504672897196262,0.8461059190031152
2025-06-24 00:00:00+00:00,0.0,0.0,0.0,0.0,0.0,0.0,0.0,0.0,-0.2658384228936573,-0.3414655588538266,-0.2793350430989928,-0.2182945887621037,-0.2356014825503297,-0.3836389340593552,True,-0.2950262798344474,0.7707165109034267,0.9171339563862928,0.8504672897196262,0.8461059190031152
2025-06-25 00:00:00+00:00,0.0,0.0,0.0,0.0,0.0,0.0,0.0,0.0,-0.2658384228936573,-0.3414655588538266,-0.2793350430989928,-0.2182945887621037,-0.2356014825503297,-0.3836389340593552,True,-0.2950262798344474,0.7707165109034267,0.9171339563862928,0.8504672897196262,0.8461059190031152
2025-06-26 00:00:00+00:00,0.0,0.0,0.0,0.0,0.0,0.0,0.0,0.0,-0.2658384228936573,-0.3414655588538266,-0.2793350430989928,-0.2182945887621037,-0.2356014825503297,-0.3836389340593552,True,-0.2950262798344474,0.7707165109034267,0.9171339563862928,0.8504672897196262,0.8461059190031152
2025-06-27 00:00:00+00:00,0.0,0.0,0.0,0.0,0.0,0.0,0.0,0.0,-0.2658384228936573,-0.3414655588538266,-0.2793350430989928,-0.2182945887621037,-0.2356014825503297,-0.3836389340593552,True,-0.2950262798344474,0.7707165109034267,0.9171339563862928,0.8504672897196262,0.8461059190031152
2025-06-28 00:00:00+00:00,0.0,0.0,0.0,0.0,0.0,0.0,0.0,0.0,-0.2658384228936573,-0.3414655588538266,-0.2793350430989928,-0.2182945887621037,-0.2356014825503297,-0.3836389340593552,True,-0.2950262798344474,0.7707165109034267,0.9171339563862928,0.8504672897196262,0.8461059190031152
2025-06-29 00:00:00+00:00,0.0,0.0,0.0,0.0,0.0,0.0,0.0,0.0,-0.2658384228936573,-0.3414655588538266,-0.2793350430989928,-0.2182945887621037,-0.2356014825503297,-0.3836389340593552,True,-0.2950262798344474,0.7707165109034267,0.9171339563862928,0.8504672897196262,0.8461059190031152
2025-06-30 00:00:00+00:00,0.0,0.0,0.0,0.0,0.0,0.0,0.0,0.0,-0.2658384228936573,-0.3414655588538266,-0.2793350430989928,-0.2182945887621037,-0.2356014825503297,-0.3836389340593552,True,-0.2950262798344474,0.7707165109034267,0.9171339563862928,0.8504672897196262,0.8461059190031152
2025-07-01 00:00:00+00:00,0.0,0.0,0.0,0.0,0.0,0.0,0.0,0.0,-0.2658384228936573,-0.3414655588538266,-0.2793350430989928,-0.2182945887621037,-0.2356014825503297,-0.3836389340593552,True,-0.2950262798344474,0.7707165109034267,0.9171339563862928,0.8504672897196262,0.8461059190031152
2025-07-02 00:00:00+00:00,0.0,0.0,0.0,0.0,0.0,0.0,0.0,0.0,-0.2658384228936573,-0.3414655588538266,-0.2793350430989928,-0.2182945887621037,-0.2356014825503297,-0.3836389340593552,True,-0.2950262798344474,0.7707165109034267,0.9171339563862928,0.8504672897196262,0.8461059190031152
2025-07-03 00:00:00+00:00,2.0,1.0,1.0,150.0,0.0,0.0,0.0,1.0,0.0638916147758326,0.1750775344170421,0.6488901001181572,0.1726326838734775,-0.2356014825503297,3.1622239704244723,True,0.9968380342166584,0.8922118380062305,0.9171339563862928,1.0,0.9364485981308411
2025-07-04 00:00:00+00:00,0.0,0.0,0.0,0.0,0.0,0.0,0.0,0.0,-0.2658384228936573,-0.3414655588538266,-0.2793350430989928,-0.2182945887621037,-0.2356014825503297,-0.3836389340593552,True,-0.2950262798344474,0.7707165109034267,0.9171339563862928,0.8504672897196262,0.8461059190031152
2025-07-05 00:00:00+00:00,0.0,0.0,0.0,0.0,0.0,0.0,0.0,0.0,-0.2658384228936573,-0.3414655588538266,-0.2793350430989928,-0.2182945887621037,-0.2356014825503297,-0.3836389340593552,True,-0.2950262798344474,0.7707165109034267,0.9171339563862928,0.8504672897196262,0.8461059190031152
2025-07-06 00:00:00+00:00,0.0,0.0,0.0,0.0,0.0,0.0,0.0,0.0,-0.2658384228936573,-0.3414655588538266,-0.2793350430989928,-0.2182945887621037,-0.2356014825503297,-0.3836389340593552,True,-0.2950262798344474,0.7707165109034267,0.9171339563862928,0.8504672897196262,0.8461059190031152
2025-07-07 00:00:00+00:00,2.0,1.0,1.0,112.5,0.0,0.0,0.0,1.0,0.0638916147758326,0.1750775344170421,0.6488901001181572,0.0749008657145822,-0.2356014825503297,3.1622239704244723,True,0.9968380342166584,0.8922118380062305,0.9171339563862928,1.0,0.9364485981308411
2025-07-08 00:00:00+00:00,0.0,0.0,0.0,0.0,0.0,0.0,0.0,0.0,-0.2658384228936573,-0.3414655588538266,-0.2793350430989928,-0.2182945887621037,-0.2356014825503297,-0.3836389340593552,True,-0.2950262798344474,0.7707165109034267,0.9171339563862928,0.8504672897196262,0.8461059190031152
2025-07-09 00:00:00+00:00,0.0,0.0,0.0,0.0,0.0,0.0,0.0,0.0,-0.2658384228936573,-0.3414655588538266,-0.2793350430989928,-0.2182945887621037,-0.2356014825503297,-0.3836389340593552,True,-0.2950262798344474,0.7707165109034267,0.9171339563862928,0.8504672897196262,0.8461059190031152
2025-07-10 00:00:00+00:00,0.0,0.0,0.0,0.0,0.0,0.0,0.0,0.0,-0.2658384228936573,-0.3414655588538266,-0.2793350430989928,-0.2182945887621037,-0.2356014825503297,-0.3836389340593552,True,-0.2950262798344474,0.7707165109034267,0.9171339563862928,0.8504672897196262,0.8461059190031152
2025-07-11 00:00:00+00:00,0.0,0.0,0.0,0.0,0.0,0.0,0.0,0.0,-0.2658384228936573,-0.3414655588538266,-0.2793350430989928,-0.2182945887621037,-0.2356014825503297,-0.3836389340593552,True,-0.2950262798344474,0.7707165109034267,0.9171339563862928,0.8504672897196262,0.8461059190031152
2025-07-12 00:00:00+00:00,0.0,0.0,0.0,0.0,0.0,0.0,0.0,0.0,-0.2658384228936573,-0.3414655588538266,-0.2793350430989928,-0.2182945887621037,-0.2356014825503297,-0.3836389340593552,True,-0.2950262798344474,0.7707165109034267,0.9171339563862928,0.8504672897196262,0.8461059190031152
2025-07-13 00:00:00+00:00,0.0,0.0,0.0,0.0,0.0,0.0,0.0,0.0,-0.2658384228936573,-0.3414655588538266,-0.2793350430989928,-0.2182945887621037,-0.2356014825503297,-0.3836389340593552,True,-0.2950262798344474,0.7707165109034267,0.9171339563862928,0.8504672897196262,0.8461059190031152
2025-07-14 00:00:00+00:00,0.0,0.0,0.0,0.0,0.0,0.0,0.0,0.0,-0.2658384228936573,-0.3414655588538266,-0.2793350430989928,-0.2182945887621037,-0.2356014825503297,-0.3836389340593552,True,-0.2950262798344474,0.7707165109034267,0.9171339563862928,0.8504672897196262,0.8461059190031152
2025-07-15 00:00:00+00:00,0.0,0.0,0.0,0.0,0.0,0.0,0.0,0.0,-0.2658384228936573,-0.3414655588538266,-0.2793350430989928,-0.2182945887621037,-0.2356014825503297,-0.3836389340593552,True,-0.2950262798344474,0.7707165109034267,0.9171339563862928,0.8504672897196262,0.8461059190031152
2025-07-16 00:00:00+00:00,0.0,0.0,0.0,0.0,0.0,0.0,0.0,0.0,-0.2658384228936573,-0.3414655588538266,-0.2793350430989928,-0.2182945887621037,-0.2356014825503297,-0.3836389340593552,True,-0.2950262798344474,0.7707165109034267,0.9171339563862928,0.8504672897196262,0.8461059190031152
2025-07-17 00:00:00+00:00,0.0,0.0,0.0,0.0,0.0,0.0,0.0,0.0,-0.2658384228936573,-0.3414655588538266,-0.2793350430989928,-0.2182945887621037,-0.2356014825503297,-0.3836389340593552,True,-0.2950262798344474,0.7707165109034267,0.9171339563862928,0.8504672897196262,0.8461059190031152
2025-07-18 00:00:00+00:00,0.0,0.0,0.0,0.0,0.0,0.0,0.0,0.0,-0.2658384228936573,-0.3414655588538266,-0.2793350430989928,-0.2182945887621037,-0.2356014825503297,-0.3836389340593552,True,-0.2950262798344474,0.7707165109034267,0.9171339563862928,0.8504672897196262,0.8461059190031152
2025-07-19 00:00:00+00:00,0.0,0.0,0.0,0.0,0.0,0.0,0.0,0.0,-0.2658384228936573,-0.3414655588538266,-0.2793350430989928,-0.2182945887621037,-0.2356014825503297,-0.3836389340593552,True,-0.2950262798344474,0.7707165109034267,0.9171339563862928,0.8504672897196262,0.8461059190031152
2025-07-20 00:00:00+00:00,0.0,0.0,0.0,0.0,0.0,0.0,0.0,0.0,-0.2658384228936573,-0.3414655588538266,-0.2793350430989928,-0.2182945887621037,-0.2356014825503297,-0.3836389340593552,True,-0.2950262798344474,0.7707165109034267,0.9171339563862928,0.8504672897196262,0.8461059190031152
2025-07-21 00:00:00+00:00,0.0,0.0,0.0,0.0,0.0,0.0,0.0,0.0,-0.2658384228936573,-0.3414655588538266,-0.2793350430989928,-0.2182945887621037,-0.2356014825503297,-0.3836389340593552,True,-0.2950262798344474,0.7707165109034267,0.9171339563862928,0.8504672897196262,0.8461059190031152
2025-07-22 00:00:00+00:00,0.0,0.0,0.0,0.0,0.0,0.0,0.0,0.0,-0.2658384228936573,-0.3414655588538266,-0.2793350430989928,-0.2182945887621037,-0.2356014825503297,-0.3836389340593552,True,-0.2950262798344474,0.7707165109034267,0.9171339563862928,0.8504672897196262,0.8461059190031152
2025-07-23 00:00:00+00:00,0.0,0.0,0.0,0.0,0.0,0.0,0.0,0.0,-0.2658384228936573,-0.3414655588538266,-0.2793350430989928,-0.2182945887621037,-0.2356014825503297,-0.3836389340593552,True,-0.2950262798344474,0.7707165109034267,0.9171339563862928,0.8504672897196262,0.8461059190031152
2025-07-24 00:00:00+00:00,0.0,0.0,0.0,0.0,0.0,0.0,0.0,0.0,-0.2658384228936573,-0.3414655588538266,-0.2793350430989928,-0.2182945887621037,-0.2356014825503297,-0.3836389340593552,True,-0.2950262798344474,0.7707165109034267,0.9171339563862928,0.8504672897196262,0.8461059190031152
2025-07-25 00:00:00+00:00,1.0,1.0,1.0,1.0,0.0,0.0,0.0,1.0,-0.1009734040589123,0.1750775344170421,0.6488901001181572,-0.2156884069445331,-0.2356014825503297,3.1622239704244723,True,0.94188302793841,0.8510903426791278,0.9171339563862928,1.0,0.9227414330218068
2025-07-26 00:00:00+00:00,1.0,1.0,0.0,0.0,0.0,1.0,0.0,0.0,-0.1009734040589123,0.1750775344170421,-0.2793350430989928,-0.2182945887621037,-0.2356014825503297,-0.3836389340593552,True,-0.240071273556199,0.8510903426791278,0.9171339563862928,0.8504672897196262,0.8728971962616822
2025-07-27 00:00:00+00:00,0.0,0.0,0.0,0.0,0.0,0.0,0.0,0.0,-0.2658384228936573,-0.3414655588538266,-0.2793350430989928,-0.2182945887621037,-0.2356014825503297,-0.3836389340593552,True,-0.2950262798344474,0.7707165109034267,0.9171339563862928,0.8504672897196262,0.8461059190031152
2025-07-28 00:00:00+00:00,0.0,0.0,0.0,0.0,0.0,0.0,0.0,0.0,-0.2658384228936573,-0.3414655588538266,-0.2793350430989928,-0.2182945887621037,-0.2356014825503297,-0.3836389340593552,True,-0.2950262798344474,0.7707165109034267,0.9171339563862928,0.8504672897196262,0.8461059190031152
2025-07-29 00:00:00+00:00,1.0,1.0,1.0,42.0,0.0,0.0,0.0,1.0,-0.1009734040589123,0.1750775344170421,0.6488901001181572,-0.1088349524241409,-0.2356014825503297,3.1622239704244723,True,0.94188302793841,0.8510903426791278,0.9171339563862928,1.0,0.9227414330218068
2025-07-30 00:00:00+00:00,1.0,1.0,1.0,42.0,1.0,0.0,0.0,1.0,-0.1009734040589123,0.1750775344170421,0.6488901001181572,-0.1088349524241409,7.297002372845597,3.1622239704244723,True,3.4527509797370524,0.8510903426791278,1.0,1.0,0.9503634475597093
2025-07-31 00:00:00+00:00,0.0,0.0,0.0,0.0,0.0,0.0,0.0,0.0,-0.2658384228936573,-0.3414655588538266,-0.2793350430989928,-0.2182945887621037,-0.2356014825503297,-0.3836389340593552,True,-0.2950262798344474,0.7707165109034267,0.9171339563862928,0.8504672897196262,0.8461059190031152
2025-08-01 00:00:00+00:00,0.0,0.0,0.0,0.0,0.0,0.0,0.0,0.0,-0.2658384228936573,-0.3414655588538266,-0.2793350430989928,-0.2182945887621037,-0.2356014825503297,-0.3836389340593552,True,-0.2950262798344474,0.7707165109034267,0.9171339563862928,0.8504672897196262,0.8461059190031152
2025-08-02 00:00:00+00:00,0.0,0.0,0.0,0.0,0.0,0.0,0.0,0.0,-0.2658384228936573,-0.3414655588538266,-0.2793350430989928,-0.2182945887621037,-0.2356014825503297,-0.3836389340593552,True,-0.2950262798344474,0.7707165109034267,0.9171339563862928,0.8504672897196262,0.8461059190031152
2025-08-03 00:00:00+00:00,0.0,0.0,0.0,0.0,0.0,0.0,0.0,0.0,-0.2658384228936573,-0.3414655588538266,-0.2793350430989928,-0.2182945887621037,-0.2356014825503297,-0.3836389340593552,True,-0.2950262798344474,0.7707165109034267,0.9171339563862928,0.8504672897196262,0.8461059190031152
2025-08-04 00:00:00+00:00,0.0,0.0,0.0,0.0,0.0,0.0,0.0,0.0,-0.2658384228936573,-0.3414655588538266,-0.2793350430989928,-0.2182945887621037,-0.2356014825503297,-0.3836389340593552,True,-0.2950262798344474,0.7707165109034267,0.9171339563862928,0.8504672897196262,0.8461059190031152
2025-08-05 00:00:00+00:00,0.0,0.0,0.0,0.0,0.0,0.0,0.0,0.0,-0.2658384228936573,-0.3414655588538266,-0.2793350430989928,-0.2182945887621037,-0.2356014825503297,-0.3836389340593552,True,-0.2950262798344474,0.7707165109034267,0.9171339563862928,0.8504672897196262,0.8461059190031152
2025-08-06 00:00:00+00:00,0.0,0.0,0.0,0.0,0.0,0.0,0.0,0.0,-0.2658384228936573,-0.3414655588538266,-0.2793350430989928,-0.2182945887621037,-0.2356014825503297,-0.3836389340593552,True,-0.2950262798344474,0.7707165109034267,0.9171339563862928,0.8504672897196262,0.8461059190031152
2025-08-07 00:00:00+00:00,0.0,0.0,0.0,0.0,0.0,0.0,0.0,0.0,-0.2658384228936573,-0.3414655588538266,-0.2793350430989928,-0.2182945887621037,-0.2356014825503297,-0.3836389340593552,True,-0.2950262798344474,0.7707165109034267,0.9171339563862928,0.8504672897196262,0.8461059190031152
2025-08-08 00:00:00+00:00,0.0,0.0,0.0,0.0,0.0,0.0,0.0,0.0,-0.2658384228936573,-0.3414655588538266,-0.2793350430989928,-0.2182945887621037,-0.2356014825503297,-0.3836389340593552,True,-0.2950262798344474,0.7707165109034267,0.9171339563862928,0.8504672897196262,0.8461059190031152
2025-08-09 00:00:00+00:00,3.0,3.0,3.0,43.0,0.3333333333333333,0.0,0.0,1.0,0.2287566336105776,1.2081637209587797,2.505340386552457,-0.1062287706065704,2.2752664692483124,3.1622239704244723,True,1.8887490244277876,0.9096573208722741,0.9619937694704049,1.0,0.9572170301142263
2025-08-10 00:00:00+00:00,0.0,0.0,0.0,0.0,0.0,0.0,0.0,0.0,-0.2658384228936573,-0.3414655588538266,-0.2793350430989928,-0.2182945887621037,-0.2356014825503297,-0.3836389340593552,True,-0.2950262798344474,0.7707165109034267,0.9171339563862928,0.8504672897196262,0.8461059190031152
2025-08-11 00:00:00+00:00,1.0,1.0,0.0,0.0,0.0,1.0,0.0,0.0,-0.1009734040589123,0.1750775344170421,-0.2793350430989928,-0.2182945887621037,-0.2356014825503297,-0.3836389340593552,True,-0.240071273556199,0.8510903426791278,0.9171339563862928,0.8504672897196262,0.8728971962616822
2025-08-12 00:00:00+00:00,0.0,0.0,0.0,0.0,0.0,0.0,0.0,0.0,-0.2658384228936573,-0.3414655588538266,-0.2793350430989928,-0.2182945887621037,-0.2356014825503297,-0.3836389340593552,True,-0.2950262798344474,0.7707165109034267,0.9171339563862928,0.8504672897196262,0.8461059190031152
2025-08-13 00:00:00+00:00,0.0,0.0,0.0,0.0,0.0,0.0,0.0,0.0,-0.2658384228936573,-0.3414655588538266,-0.2793350430989928,-0.2182945887621037,-0.2356014825503297,-0.3836389340593552,True,-0.2950262798344474,0.7707165109034267,0.9171339563862928,0.8504672897196262,0.8461059190031152
2025-08-14 00:00:00+00:00,0.0,0.0,0.0,0.0,0.0,0.0,0.0,0.0,-0.2658384228936573,-0.3414655588538266,-0.2793350430989928,-0.2182945887621037,-0.2356014825503297,-0.3836389340593552,True,-0.2950262798344474,0.7707165109034267,0.9171339563862928,0.8504672897196262,0.8461059190031152
2025-08-15 00:00:00+00:00,0.0,0.0,0.0,0.0,0.0,0.0,0.0,0.0,-0.2658384228936573,-0.3414655588538266,-0.2793350430989928,-0.2182945887621037,-0.2356014825503297,-0.3836389340593552,True,-0.2950262798344474,0.7707165109034267,0.9171339563862928,0.8504672897196262,0.8461059190031152
2025-08-16 00:00:00+00:00,0.0,0.0,0.0,0.0,0.0,0.0,0.0,0.0,-0.2658384228936573,-0.3414655588538266,-0.2793350430989928,-0.2182945887621037,-0.2356014825503297,-0.3836389340593552,True,-0.2950262798344474,0.7707165109034267,0.9171339563862928,0.8504672897196262,0.8461059190031152
2025-08-17 00:00:00+00:00,0.0,0.0,0.0,0.0,0.0,0.0,0.0,0.0,-0.2658384228936573,-0.3414655588538266,-0.2793350430989928,-0.2182945887621037,-0.2356014825503297,-0.3836389340593552,True,-0.2950262798344474,0.7707165109034267,0.9171339563862928,0.8504672897196262,0.8461059190031152
2025-08-18 00:00:00+00:00,0.0,0.0,0.0,0.0,0.0,0.0,0.0,0.0,-0.2658384228936573,-0.3414655588538266,-0.2793350430989928,-0.2182945887621037,-0.2356014825503297,-0.3836389340593552,True,-0.2950262798344474,0.7707165109034267,0.9171339563862928,0.8504672897196262,0.8461059190031152
2025-08-19 00:00:00+00:00,0.0,0.0,0.0,0.0,0.0,0.0,0.0,0.0,-0.2658384228936573,-0.3414655588538266,-0.2793350430989928,-0.2182945887621037,-0.2356014825503297,-0.3836389340593552,True,-0.2950262798344474,0.7707165109034267,0.9171339563862928,0.8504672897196262,0.8461059190031152
2025-08-20 00:00:00+00:00,0.0,0.0,0.0,0.0,0.0,0.0,0.0,0.0,-0.2658384228936573,-0.3414655588538266,-0.2793350430989928,-0.2182945887621037,-0.2356014825503297,-0.3836389340593552,True,-0.2950262798344474,0.7707165109034267,0.9171339563862928,0.8504672897196262,0.8461059190031152
2025-08-21 00:00:00+00:00,0.0,0.0,0.0,0.0,0.0,0.0,0.0,0.0,-0.2658384228936573,-0.3414655588538266,-0.2793350430989928,-0.2182945887621037,-0.2356014825503297,-0.3836389340593552,True,-0.2950262798344474,0.7707165109034267,0.9171339563862928,0.8504672897196262,0.8461059190031152
2025-08-22 00:00:00+00:00,0.0,0.0,0.0,0.0,0.0,0.0,0.0,0.0,-0.2658384228936573,-0.3414655588538266,-0.2793350430989928,-0.2182945887621037,-0.2356014825503297,-0.3836389340593552,True,-0.2950262798344474,0.7707165109034267,0.9171339563862928,0.8504672897196262,0.8461059190031152
2025-08-23 00:00:00+00:00,0.0,0.0,0.0,0.0,0.0,0.0,0.0,0.0,-0.2658384228936573,-0.3414655588538266,-0.2793350430989928,-0.2182945887621037,-0.2356014825503297,-0.3836389340593552,True,-0.2950262798344474,0.7707165109034267,0.9171339563862928,0.8504672897196262,0.8461059190031152
2025-08-24 00:00:00+00:00,0.0,0.0,0.0,0.0,0.0,0.0,0.0,0.0,-0.2658384228936573,-0.3414655588538266,-0.2793350430989928,-0.2182945887621037,-0.2356014825503297,-0.3836389340593552,True,-0.2950262798344474,0.7707165109034267,0.9171339563862928,0.8504672897196262,0.8461059190031152
2025-08-25 00:00:00+00:00,0.0,0.0,0.0,0.0,0.0,0.0,0.0,0.0,-0.2658384228936573,-0.3414655588538266,-0.2793350430989928,-0.2182945887621037,-0.2356014825503297,-0.3836389340593552,True,-0.2950262798344474,0.7707165109034267,0.9171339563862928,0.8504672897196262,0.8461059190031152
2025-08-26 00:00:00+00:00,0.0,0.0,0.0,0.0,0.0,0.0,0.0,0.0,-0.2658384228936573,-0.3414655588538266,-0.2793350430989928,-0.2182945887621037,-0.2356014825503297,-0.3836389340593552,True,-0.2950262798344474,0.7707165109034267,0.9171339563862928,0.8504672897196262,0.8461059190031152
2025-08-27 00:00:00+00:00,0.0,0.0,0.0,0.0,0.0,0.0,0.0,0.0,-0.2658384228936573,-0.3414655588538266,-0.2793350430989928,-0.2182945887621037,-0.2356014825503297,-0.3836389340593552,True,-0.2950262798344474,0.7707165109034267,0.9171339563862928,0.8504672897196262,0.8461059190031152
2025-08-28 00:00:00+00:00,3.0,1.0,1.0,6.666666666666667,0.0,0.0,0.0,1.0,0.2287566336105776,0.1750775344170421,0.6488901001181572,-0.2009200433116334,-0.2356014825503297,3.1622239704244723,True,1.0517930404949067,0.9096573208722741,0.9171339563862928,1.0,0.942263759086189
2025-08-29 00:00:00+00:00,0.0,0.0,0.0,0.0,0.0,0.0,0.0,0.0,-0.2658384228936573,-0.3414655588538266,-0.2793350430989928,-0.2182945887621037,-0.2356014825503297,-0.3836389340593552,True,-0.2950262798344474,0.7707165109034267,0.9171339563862928,0.8504672897196262,0.8461059190031152
2025-08-30 00:00:00+00:00,0.0,0.0,0.0,0.0,0.0,0.0,0.0,0.0,-0.2658384228936573,-0.3414655588538266,-0.2793350430989928,-0.2182945887621037,-0.2356014825503297,-0.3836389340593552,True,-0.2950262798344474,0.7707165109034267,0.9171339563862928,0.8504672897196262,0.8461059190031152
2025-08-31 00:00:00+00:00,0.0,0.0,0.0,0.0,0.0,0.0,0.0,0.0,-0.2658384228936573,-0.3414655588538266,-0.2793350430989928,-0.2182945887621037,-0.2356014825503297,-0.3836389340593552,True,-0.2950262798344474,0.7707165109034267,0.9171339563862928,0.8504672897196262,0.8461059190031152
2025-09-01 00:00:00+00:00,0.0,0.0,0.0,0.0,0.0,0.0,0.0,0.0,-0.2658384228936573,-0.3414655588538266,-0.2793350430989928,-0.2182945887621037,-0.2356014825503297,-0.3836389340593552,True,-0.2950262798344474,0.7707165109034267,0.9171339563862928,0.8504672897196262,0.8461059190031152
2025-09-02 00:00:00+00:00,0.0,0.0,0.0,0.0,0.0,0.0,0.0,0.0,-0.2658384228936573,-0.3414655588538266,-0.2793350430989928,-0.2182945887621037,-0.2356014825503297,-0.3836389340593552,True,-0.2950262798344474,0.7707165109034267,0.9171339563862928,0.8504672897196262,0.8461059190031152
2025-09-03 00:00:00+00:00,0.0,0.0,0.0,0.0,0.0,0.0,0.0,0.0,-0.2658384228936573,-0.3414655588538266,-0.2793350430989928,-0.2182945887621037,-0.2356014825503297,-0.3836389340593552,True,-0.2950262798344474,0.7707165109034267,0.9171339563862928,0.8504672897196262,0.8461059190031152
2025-09-04 00:00:00+00:00,0.0,0.0,0.0,0.0,0.0,0.0,0.0,0.0,-0.2658384228936573,-0.3414655588538266,-0.2793350430989928,-0.2182945887621037,-0.2356014825503297,-0.3836389340593552,True,-0.2950262798344474,0.7707165109034267,0.9171339563862928,0.8504672897196262,0.8461059190031152
2025-09-05 00:00:00+00:00,0.0,0.0,0.0,0.0,0.0,0.0,0.0,0.0,-0.2658384228936573,-0.3414655588538266,-0.2793350430989928,-0.2182945887621037,-0.2356014825503297,-0.3836389340593552,True,-0.2950262798344474,0.7707165109034267,0.9171339563862928,0.8504672897196262,0.8461059190031152
2025-09-06 00:00:00+00:00,0.0,0.0,0.0,0.0,0.0,0.0,0.0,0.0,-0.2658384228936573,-0.3414655588538266,-0.2793350430989928,-0.2182945887621037,-0.2356014825503297,-0.3836389340593552,True,-0.2950262798344474,0.7707165109034267,0.9171339563862928,0.8504672897196262,0.8461059190031152
2025-09-07 00:00:00+00:00,0.0,0.0,0.0,0.0,0.0,0.0,0.0,0.0,-0.2658384228936573,-0.3414655588538266,-0.2793350430989928,-0.2182945887621037,-0.2356014825503297,-0.3836389340593552,True,-0.2950262798344474,0.7707165109034267,0.9171339563862928,0.8504672897196262,0.8461059190031152
2025-09-08 00:00:00+00:00,0.0,0.0,0.0,0.0,0.0,0.0,0.0,0.0,-0.2658384228936573,-0.3414655588538266,-0.2793350430989928,-0.2182945887621037,-0.2356014825503297,-0.3836389340593552,True,-0.2950262798344474,0.7707165109034267,0.9171339563862928,0.8504672897196262,0.8461059190031152
2025-09-09 00:00:00+00:00,0.0,0.0,0.0,0.0,0.0,0.0,0.0,0.0,-0.2658384228936573,-0.3414655588538266,-0.2793350430989928,-0.2182945887621037,-0.2356014825503297,-0.3836389340593552,True,-0.2950262798344474,0.7707165109034267,0.9171339563862928,0.8504672897196262,0.8461059190031152
2025-09-10 00:00:00+00:00,0.0,0.0,0.0,0.0,0.0,0.0,0.0,0.0,-0.2658384228936573,-0.3414655588538266,-0.2793350430989928,-0.2182945887621037,-0.2356014825503297,-0.3836389340593552,True,-0.2950262798344474,0.7707165109034267,0.9171339563862928,0.8504672897196262,0.8461059190031152
2025-09-11 00:00:00+00:00,0.0,0.0,0.0,0.0,0.0,0.0,0.0,0.0,-0.2658384228936573,-0.3414655588538266,-0.2793350430989928,-0.2182945887621037,-0.2356014825503297,-0.3836389340593552,True,-0.2950262798344474,0.7707165109034267,0.9171339563862928,0.8504672897196262,0.8461059190031152
2025-09-12 00:00:00+00:00,0.0,0.0,0.0,0.0,0.0,0.0,0.0,0.0,-0.2658384228936573,-0.3414655588538266,-0.2793350430989928,-0.2182945887621037,-0.2356014825503297,-0.3836389340593552,True,-0.2950262798344474,0.7707165109034267,0.9171339563862928,0.8504672897196262,0.8461059190031152
2025-09-13 00:00:00+00:00,0.0,0.0,0.0,0.0,0.0,0.0,0.0,0.0,-0.2658384228936573,-0.3414655588538266,-0.2793350430989928,-0.2182945887621037,-0.2356014825503297,-0.3836389340593552,True,-0.2950262798344474,0.7707165109034267,0.9171339563862928,0.8504672897196262,0.8461059190031152
2025-09-14 00:00:00+00:00,0.0,0.0,0.0,0.0,0.0,0.0,0.0,0.0,-0.2658384228936573,-0.3414655588538266,-0.2793350430989928,-0.2182945887621037,-0.2356014825503297,-0.3836389340593552,True,-0.2950262798344474,0.7707165109034267,0.9171339563862928,0.8504672897196262,0.8461059190031152
2025-09-15 00:00:00+00:00,0.0,0.0,0.0,0.0,0.0,0.0,0.0,0.0,-0.2658384228936573,-0.3414655588538266,-0.2793350430989928,-0.2182945887621037,-0.2356014825503297,-0.3836389340593552,True,-0.2950262798344474,0.7707165109034267,0.9171339563862928,0.8504672897196262,0.8461059190031152
2025-09-16 00:00:00+00:00,0.0,0.0,0.0,0.0,0.0,0.0,0.0,0.0,-0.2658384228936573,-0.3414655588538266,-0.2793350430989928,-0.2182945887621037,-0.2356014825503297,-0.3836389340593552,True,-0.2950262798344474,0.7707165109034267,0.9171339563862928,0.8504672897196262,0.8461059190031152
2025-09-17 00:00:00+00:00,0.0,0.0,0.0,0.0,0.0,0.0,0.0,0.0,-0.2658384228936573,-0.3414655588538266,-0.2793350430989928,-0.2182945887621037,-0.2356014825503297,-0.3836389340593552,True,-0.2950262798344474,0.7707165109034267,0.9171339563862928,0.8504672897196262,0.8461059190031152
2025-09-18 00:00:00+00:00,0.0,0.0,0.0,0.0,0.0,0.0,0.0,0.0,-0.2658384228936573,-0.3414655588538266,-0.2793350430989928,-0.2182945887621037,-0.2356014825503297,-0.3836389340593552,True,-0.2950262798344474,0.7707165109034267,0.9171339563862928,0.8504672897196262,0.8461059190031152
2025-09-19 00:00:00+00:00,0.0,0.0,0.0,0.0,0.0,0.0,0.0,0.0,-0.2658384228936573,-0.3414655588538266,-0.2793350430989928,-0.2182945887621037,-0.2356014825503297,-0.3836389340593552,True,-0.2950262798344474,0.7707165109034267,0.9171339563862928,0.8504672897196262,0.8461059190031152
2025-09-20 00:00:00+00:00,0.0,0.0,0.0,0.0,0.0,0.0,0.0,0.0,-0.2658384228936573,-0.3414655588538266,-0.2793350430989928,-0.2182945887621037,-0.2356014825503297,-0.3836389340593552,True,-0.2950262798344474,0.7707165109034267,0.9171339563862928,0.8504672897196262,0.8461059190031152
2025-09-21 00:00:00+00:00,0.0,0.0,0.0,0.0,0.0,0.0,0.0,0.0,-0.2658384228936573,-0.3414655588538266,-0.2793350430989928,-0.2182945887621037,-0.2356014825503297,-0.3836389340593552,True,-0.2950262798344474,0.7707165109034267,0.9171339563862928,0.8504672897196262,0.8461059190031152
2025-09-22 00:00:00+00:00,0.0,0.0,0.0,0.0,0.0,0.0,0.0,0.0,-0.2658384228936573,-0.3414655588538266,-0.2793350430989928,-0.2182945887621037,-0.2356014825503297,-0.3836389340593552,True,-0.2950262798344474,0.7707165109034267,0.9171339563862928,0.8504672897196262,0.8461059190031152
2025-09-23 00:00:00+00:00,0.0,0.0,0.0,0.0,0.0,0.0,0.0,0.0,-0.2658384228936573,-0.3414655588538266,-0.2793350430989928,-0.2182945887621037,-0.2356014825503297,-0.3836389340593552,True,-0.2950262798344474,0.7707165109034267,0.9171339563862928,0.8504672897196262,0.8461059190031152
2025-09-24 00:00:00+00:00,0.0,0.0,0.0,0.0,0.0,0.0,0.0,0.0,-0.2658384228936573,-0.3414655588538266,-0.2793350430989928,-0.2182945887621037,-0.2356014825503297,-0.3836389340593552,True,-0.2950262798344474,0.7707165109034267,0.9171339563862928,0.8504672897196262,0.8461059190031152
2025-09-25 00:00:00+00:00,0.0,0.0,0.0,0.0,0.0,0.0,0.0,0.0,-0.2658384228936573,-0.3414655588538266,-0.2793350430989928,-0.2182945887621037,-0.2356014825503297,-0.3836389340593552,True,-0.2950262798344474,0.7707165109034267,0.9171339563862928,0.8504672897196262,0.8461059190031152
2025-09-26 00:00:00+00:00,0.0,0.0,0.0,0.0,0.0,0.0,0.0,0.0,-0.2658384228936573,-0.3414655588538266,-0.2793350430989928,-0.2182945887621037,-0.2356014825503297,-0.3836389340593552,True,-0.2950262798344474,0.7707165109034267,0.9171339563862928,0.8504672897196262,0.8461059190031152
2025-09-27 00:00:00+00:00,0.0,0.0,0.0,0.0,0.0,0.0,0.0,0.0,-0.2658384228936573,-0.3414655588538266,-0.2793350430989928,-0.2182945887621037,-0.2356014825503297,-0.3836389340593552,True,-0.2950262798344474,0.7707165109034267,0.9171339563862928,0.8504672897196262,0.8461059190031152
2025-09-28 00:00:00+00:00,0.0,0.0,0.0,0.0,0.0,0.0,0.0,0.0,-0.2658384228936573,-0.3414655588538266,-0.2793350430989928,-0.2182945887621037,-0.2356014825503297,-0.3836389340593552,True,-0.2950262798344474,0.7707165109034267,0.9171339563862928,0.8504672897196262,0.8461059190031152
2025-09-29 00:00:00+00:00,0.0,0.0,0.0,0.0,0.0,0.0,0.0,0.0,-0.2658384228936573,-0.3414655588538266,-0.2793350430989928,-0.2182945887621037,-0.2356014825503297,-0.3836389340593552,True,-0.2950262798344474,0.7707165109034267,0.9171339563862928,0.8504672897196262,0.8461059190031152
2025-09-30 00:00:00+00:00,0.0,0.0,0.0,0.0,0.0,0.0,0.0,0.0,-0.2658384228936573,-0.3414655588538266,-0.2793350430989928,-0.2182945887621037,-0.2356014825503297,-0.3836389340593552,True,-0.2950262798344474,0.7707165109034267,0.9171339563862928,0.8504672897196262,0.8461059190031152
2025-10-01 00:00:00+00:00,0.0,0.0,0.0,0.0,0.0,0.0,0.0,0.0,-0.2658384228936573,-0.3414655588538266,-0.2793350430989928,-0.2182945887621037,-0.2356014825503297,-0.3836389340593552,True,-0.2950262798344474,0.7707165109034267,0.9171339563862928,0.8504672897196262,0.8461059190031152
2025-10-02 00:00:00+00:00,0.0,0.0,0.0,0.0,0.0,0.0,0.0,0.0,-0.2658384228936573,-0.3414655588538266,-0.2793350430989928,-0.2182945887621037,-0.2356014825503297,-0.3836389340593552,True,-0.2950262798344474,0.7707165109034267,0.9171339563862928,0.8504672897196262,0.8461059190031152
2025-10-03 00:00:00+00:00,0.0,0.0,0.0,0.0,0.0,0.0,0.0,0.0,-0.2658384228936573,-0.3414655588538266,-0.2793350430989928,-0.2182945887621037,-0.2356014825503297,-0.3836389340593552,True,-0.2950262798344474,0.7707165109034267,0.9171339563862928,0.8504672897196262,0.8461059190031152
2025-10-04 00:00:00+00:00,0.0,0.0,0.0,0.0,0.0,0.0,0.0,0.0,-0.2658384228936573,-0.3414655588538266,-0.2793350430989928,-0.2182945887621037,-0.2356014825503297,-0.3836389340593552,True,-0.2950262798344474,0.7707165109034267,0.9171339563862928,0.8504672897196262,0.8461059190031152
2025-10-05 00:00:00+00:00,0.0,0.0,0.0,0.0,0.0,0.0,0.0,0.0,-0.2658384228936573,-0.3414655588538266,-0.2793350430989928,-0.2182945887621037,-0.2356014825503297,-0.3836389340593552,True,-0.2950262798344474,0.7707165109034267,0.9171339563862928,0.8504672897196262,0.8461059190031152
2025-10-06 00:00:00+00:00,1.0,1.0,1.0,21.0,0.0,0.0,0.0,1.0,-0.1009734040589123,0.1750775344170421,0.6488901001181572,-0.1635647705931223,-0.2356014825503297,3.1622239704244723,True,0.94188302793841,0.8510903426791278,0.9171339563862928,1.0,0.9227414330218068
2025-10-07 00:00:00+00:00,0.0,0.0,0.0,0.0,0.0,0.0,0.0,0.0,-0.2658384228936573,-0.3414655588538266,-0.2793350430989928,-0.2182945887621037,-0.2356014825503297,-0.3836389340593552,True,-0.2950262798344474,0.7707165109034267,0.9171339563862928,0.8504672897196262,0.8461059190031152
2025-10-08 00:00:00+00:00,0.0,0.0,0.0,0.0,0.0,0.0,0.0,0.0,-0.2658384228936573,-0.3414655588538266,-0.2793350430989928,-0.2182945887621037,-0.2356014825503297,-0.3836389340593552,True,-0.2950262798344474,0.7707165109034267,0.9171339563862928,0.8504672897196262,0.8461059190031152
2025-10-09 00:00:00+00:00,0.0,0.0,0.0,0.0,0.0,0.0,0.0,0.0,-0.2658384228936573,-0.3414655588538266,-0.2793350430989928,-0.2182945887621037,-0.2356014825503297,-0.3836389340593552,True,-0.2950262798344474,0.7707165109034267,0.9171339563862928,0.8504672897196262,0.8461059190031152
2025-10-10 00:00:00+00:00,0.0,0.0,0.0,0.0,0.0,0.0,0.0,0.0,-0.2658384228936573,-0.3414655588538266,-0.2793350430989928,-0.2182945887621037,-0.2356014825503297,-0.3836389340593552,True,-0.2950262798344474,0.7707165109034267,0.9171339563862928,0.8504672897196262,0.8461059190031152
2025-10-11 00:00:00+00:00,0.0,0.0,0.0,0.0,0.0,0.0,0.0,0.0,-0.2658384228936573,-0.3414655588538266,-0.2793350430989928,-0.2182945887621037,-0.2356014825503297,-0.3836389340593552,True,-0.2950262798344474,0.7707165109034267,0.9171339563862928,0.8504672897196262,0.8461059190031152
2025-10-12 00:00:00+00:00,0.0,0.0,0.0,0.0,0.0,0.0,0.0,0.0,-0.2658384228936573,-0.3414655588538266,-0.2793350430989928,-0.2182945887621037,-0.2356014825503297,-0.3836389340593552,True,-0.2950262798344474,0.7707165109034267,0.9171339563862928,0.8504672897196262,0.8461059190031152
2025-10-13 00:00:00+00:00,1.0,1.0,1.0,0.0,0.0,0.0,0.0,1.0,-0.1009734040589123,0.1750775344170421,0.6488901001181572,-0.2182945887621037,-0.2356014825503297,3.1622239704244723,True,0.94188302793841,0.8510903426791278,0.9171339563862928,1.0,0.9227414330218068
2025-10-14 00:00:00+00:00,0.0,0.0,0.0,0.0,0.0,0.0,0.0,0.0,-0.2658384228936573,-0.3414655588538266,-0.2793350430989928,-0.2182945887621037,-0.2356014825503297,-0.3836389340593552,True,-0.2950262798344474,0.7707165109034267,0.9171339563862928,0.8504672897196262,0.8461059190031152
2025-10-15 00:00:00+00:00,0.0,0.0,0.0,0.0,0.0,0.0,0.0,0.0,-0.2658384228936573,-0.3414655588538266,-0.2793350430989928,-0.2182945887621037,-0.2356014825503297,-0.3836389340593552,True,-0.2950262798344474,0.7707165109034267,0.9171339563862928,0.8504672897196262,0.8461059190031152
2025-10-16 00:00:00+00:00,0.0,0.0,0.0,0.0,0.0,0.0,0.0,0.0,-0.2658384228936573,-0.3414655588538266,-0.2793350430989928,-0.2182945887621037,-0.2356014825503297,-0.3836389340593552,True,-0.2950262798344474,0.7707165109034267,0.9171339563862928,0.8504672897196262,0.8461059190031152
2025-10-17 00:00:00+00:00,0.0,0.0,0.0,0.0,0.0,0.0,0.0,0.0,-0.2658384228936573,-0.3414655588538266,-0.2793350430989928,-0.2182945887621037,-0.2356014825503297,-0.3836389340593552,True,-0.2950262798344474,0.7707165109034267,0.9171339563862928,0.8504672897196262,0.8461059190031152
2025-10-18 00:00:00+00:00,0.0,0.0,0.0,0.0,0.0,0.0,0.0,0.0,-0.2658384228936573,-0.3414655588538266,-0.2793350430989928,-0.2182945887621037,-0.2356014825503297,-0.3836389340593552,True,-0.2950262798344474,0.7707165109034267,0.9171339563862928,0.8504672897196262,0.8461059190031152
2025-10-19 00:00:00+00:00,0.0,0.0,0.0,0.0,0.0,0.0,0.0,0.0,-0.2658384228936573,-0.3414655588538266,-0.2793350430989928,-0.2182945887621037,-0.2356014825503297,-0.3836389340593552,True,-0.2950262798344474,0.7707165109034267,0.9171339563862928,0.8504672897196262,0.8461059190031152
2025-10-20 00:00:00+00:00,0.0,0.0,0.0,0.0,0.0,0.0,0.0,0.0,-0.2658384228936573,-0.3414655588538266,-0.2793350430989928,-0.2182945887621037,-0.2356014825503297,-0.3836389340593552,True,-0.2950262798344474,0.7707165109034267,0.9171339563862928,0.8504672897196262,0.8461059190031152
2025-10-21 00:00:00+00:00,1.0,1.0,1.0,61.0,0.0,0.0,0.0,1.0,-0.1009734040589123,0.1750775344170421,0.6488901001181572,-0.0593174978903006,-0.2356014825503297,3.1622239704244723,True,0.94188302793841,0.8510903426791278,0.9171339563862928,1.0,0.9227414330218068
2025-10-22 00:00:00+00:00,0.0,0.0,0.0,0.0,0.0,0.0,0.0,0.0,-0.2658384228936573,-0.3414655588538266,-0.2793350430989928,-0.2182945887621037,-0.2356014825503297,-0.3836389340593552,True,-0.2950262798344474,0.7707165109034267,0.9171339563862928,0.8504672897196262,0.8461059190031152
2025-10-23 00:00:00+00:00,0.0,0.0,0.0,0.0,0.0,0.0,0.0,0.0,-0.2658384228936573,-0.3414655588538266,-0.2793350430989928,-0.2182945887621037,-0.2356014825503297,-0.3836389340593552,True,-0.2950262798344474,0.7707165109034267,0.9171339563862928,0.8504672897196262,0.8461059190031152
2025-10-24 00:00:00+00:00,0.0,0.0,0.0,0.0,0.0,0.0,0.0,0.0,-0.2658384228936573,-0.3414655588538266,-0.2793350430989928,-0.2182945887621037,-0.2356014825503297,-0.3836389340593552,True,-0.2950262798344474,0.7707165109034267,0.9171339563862928,0.8504672897196262,0.8461059190031152
2025-10-25 00:00:00+00:00,0.0,0.0,0.0,0.0,0.0,0.0,0.0,0.0,-0.2658384228936573,-0.3414655588538266,-0.2793350430989928,-0.2182945887621037,-0.2356014825503297,-0.3836389340593552,True,-0.2950262798344474,0.7707165109034267,0.9171339563862928,0.8504672897196262,0.8461059190031152
2025-10-26 00:00:00+00:00,0.0,0.0,0.0,0.0,0.0,0.0,0.0,0.0,-0.2658384228936573,-0.3414655588538266,-0.2793350430989928,-0.2182945887621037,-0.2356014825503297,-0.3836389340593552,True,-0.2950262798344474,0.7707165109034267,0.9171339563862928,0.8504672897196262,0.8461059190031152
2025-10-27 00:00:00+00:00,0.0,0.0,0.0,0.0,0.0,0.0,0.0,0.0,-0.2658384228936573,-0.3414655588538266,-0.2793350430989928,-0.2182945887621037,-0.2356014825503297,-0.3836389340593552,True,-0.2950262798344474,0.7707165109034267,0.9171339563862928,0.8504672897196262,0.8461059190031152
2025-10-28 00:00:00+00:00,0.0,0.0,0.0,0.0,0.0,0.0,0.0,0.0,-0.2658384228936573,-0.3414655588538266,-0.2793350430989928,-0.2182945887621037,-0.2356014825503297,-0.3836389340593552,True,-0.2950262798344474,0.7707165109034267,0.9171339563862928,0.8504672897196262,0.8461059190031152
2025-10-29 00:00:00+00:00,0.0,0.0,0.0,0.0,0.0,0.0,0.0,0.0,-0.2658384228936573,-0.3414655588538266,-0.2793350430989928,-0.2182945887621037,-0.2356014825503297,-0.3836389340593552,True,-0.2950262798344474,0.7707165109034267,0.9171339563862928,0.8504672897196262,0.8461059190031152
2025-10-30 00:00:00+00:00,0.0,0.0,0.0,0.0,0.0,0.0,0.0,0.0,-0.2658384228936573,-0.3414655588538266,-0.2793350430989928,-0.2182945887621037,-0.2356014825503297,-0.3836389340593552,True,-0.2950262798344474,0.7707165109034267,0.9171339563862928,0.8504672897196262,0.8461059190031152
2025-10-31 00:00:00+00:00,0.0,0.0,0.0,0.0,0.0,0.0,0.0,0.0,-0.2658384228936573,-0.3414655588538266,-0.2793350430989928,-0.2182945887621037,-0.2356014825503297,-0.3836389340593552,True,-0.2950262798344474,0.7707165109034267,0.9171339563862928,0.8504672897196262,0.8461059190031152
2025-11-01 00:00:00+00:00,0.0,0.0,0.0,0.0,0.0,0.0,0.0,0.0,-0.2658384228936573,-0.3414655588538266,-0.2793350430989928,-0.2182945887621037,-0.2356014825503297,-0.3836389340593552,True,-0.2950262798344474,0.7707165109034267,0.9171339563862928,0.8504672897196262,0.8461059190031152
2025-11-02 00:00:00+00:00,1.0,1.0,1.0,71.0,0.0,0.0,0.0,1.0,-0.1009734040589123,0.1750775344170421,0.6488901001181572,-0.0332556797145952,-0.2356014825503297,3.1622239704244723,True,0.94188302793841,0.8510903426791278,0.9171339563862928,1.0,0.9227414330218068
2025-11-03 00:00:00+00:00,0.0,0.0,0.0,0.0,0.0,0.0,0.0,0.0,-0.2658384228936573,-0.3414655588538266,-0.2793350430989928,-0.2182945887621037,-0.2356014825503297,-0.3836389340593552,True,-0.2950262798344474,0.7707165109034267,0.9171339563862928,0.8504672897196262,0.8461059190031152
2025-11-04 00:00:00+00:00,0.0,0.0,0.0,0.0,0.0,0.0,0.0,0.0,-0.2658384228936573,-0.3414655588538266,-0.2793350430989928,-0.2182945887621037,-0.2356014825503297,-0.3836389340593552,True,-0.2950262798344474,0.7707165109034267,0.9171339563862928,0.8504672897196262,0.8461059190031152
2025-11-05 00:00:00+00:00,0.0,0.0,0.0,0.0,0.0,0.0,0.0,0.0,-0.2658384228936573,-0.3414655588538266,-0.2793350430989928,-0.2182945887621037,-0.2356014825503297,-0.3836389340593552,True,-0.2950262798344474,0.7707165109034267,0.9171339563862928,0.8504672897196262,0.8461059190031152
2025-11-06 00:00:00+00:00,0.0,0.0,0.0,0.0,0.0,0.0,0.0,0.0,-0.2658384228936573,-0.3414655588538266,-0.2793350430989928,-0.2182945887621037,-0.2356014825503297,-0.3836389340593552,True,-0.2950262798344474,0.7707165109034267,0.9171339563862928,0.8504672897196262,0.8461059190031152
2025-11-07 00:00:00+00:00,1.0,1.0,0.0,23.0,0.0,0.0,0.0,0.0,-0.1009734040589123,0.1750775344170421,-0.2793350430989928,-0.1583524069579812,-0.2356014825503297,-0.3836389340593552,True,-0.240071273556199,0.8510903426791278,0.9171339563862928,0.8504672897196262,0.8728971962616822
2025-11-08 00:00:00+00:00,1.0,1.0,1.0,1.0,0.0,0.0,0.0,1.0,-0.1009734040589123,0.1750775344170421,0.6488901001181572,-0.2156884069445331,-0.2356014825503297,3.1622239704244723,True,0.94188302793841,0.8510903426791278,0.9171339563862928,1.0,0.9227414330218068
2025-11-09 00:00:00+00:00,0.0,0.0,0.0,0.0,0.0,0.0,0.0,0.0,-0.2658384228936573,-0.3414655588538266,-0.2793350430989928,-0.2182945887621037,-0.2356014825503297,-0.3836389340593552,True,-0.2950262798344474,0.7707165109034267,0.9171339563862928,0.8504672897196262,0.8461059190031152
2025-11-10 00:00:00+00:00,0.0,0.0,0.0,0.0,0.0,0.0,0.0,0.0,-0.2658384228936573,-0.3414655588538266,-0.2793350430989928,-0.2182945887621037,-0.2356014825503297,-0.3836389340593552,True,-0.2950262798344474,0.7707165109034267,0.9171339563862928,0.8504672897196262,0.8461059190031152
2025-11-11 00:00:00+00:00,0.0,0.0,0.0,0.0,0.0,0.0,0.0,0.0,-0.2658384228936573,-0.3414655588538266,-0.2793350430989928,-0.2182945887621037,-0.2356014825503297,-0.3836389340593552,True,-0.2950262798344474,0.7707165109034267,0.9171339563862928,0.8504672897196262,0.8461059190031152
2025-11-12 00:00:00+00:00,3.0,2.0,1.0,5.0,0.0,0.3333333333333333,0.0,0.5,0.2287566336105776,0.6916206276879109,0.6488901001181572,-0.205263679674251,-0.2356014825503297,1.3892925181825588,True,0.4608158897476022,0.9096573208722741,0.9171339563862928,0.9077881619937694,0.9115264797507788
2025-11-13 00:00:00+00:00,0.0,0.0,0.0,0.0,0.0,0.0,0.0,0.0,-0.2658384228936573,-0.3414655588538266,-0.2793350430989928,-0.2182945887621037,-0.2356014825503297,-0.3836389340593552,True,-0.2950262798344474,0.7707165109034267,0.9171339563862928,0.8504672897196262,0.8461059190031152
2025-11-14 00:00:00+00:00,0.0,0.0,0.0,0.0,0.0,0.0,0.0,0.0,-0.2658384228936573,-0.3414655588538266,-0.2793350430989928,-0.2182945887621037,-0.2356014825503297,-0.3836389340593552,True,-0.2950262798344474,0.7707165109034267,0.9171339563862928,0.8504672897196262,0.8461059190031152
2025-11-15 00:00:00+00:00,0.0,0.0,0.0,0.0,0.0,0.0,0.0,0.0,-0.2658384228936573,-0.3414655588538266,-0.2793350430989928,-0.2182945887621037,-0.2356014825503297,-0.3836389340593552,True,-0.2950262798344474,0.7707165109034267,0.9171339563862928,0.8504672897196262,0.8461059190031152
2025-11-16 00:00:00+00:00,0.0,0.0,0.0,0.0,0.0,0.0,0.0,0.0,-0.2658384228936573,-0.3414655588538266,-0.2793350430989928,-0.2182945887621037,-0.2356014825503297,-0.3836389340593552,True,-0.2950262798344474,0.7707165109034267,0.9171339563862928,0.8504672897196262,0.8461059190031152
2025-11-17 00:00:00+00:00,0.0,0.0,0.0,0.0,0.0,0.0,0.0,0.0,-0.2658384228936573,-0.3414655588538266,-0.2793350430989928,-0.2182945887621037,-0.2356014825503297,-0.3836389340593552,True,-0.2950262798344474,0.7707165109034267,0.9171339563862928,0.8504672897196262,0.8461059190031152
2025-11-18 00:00:00+00:00,0.0,0.0,0.0,0.0,0.0,0.0,0.0,0.0,-0.2658384228936573,-0.3414655588538266,-0.2793350430989928,-0.2182945887621037,-0.2356014825503297,-0.3836389340593552,True,-0.2950262798344474,0.7707165109034267,0.9171339563862928,0.8504672897196262,0.8461059190031152
2025-11-19 00:00:00+00:00,0.0,0.0,0.0,0.0,0.0,0.0,0.0,0.0,-0.2658384228936573,-0.3414655588538266,-0.2793350430989928,-0.2182945887621037,-0.2356014825503297,-0.3836389340593552,True,-0.2950262798344474,0.7707165109034267,0.9171339563862928,0.8504672897196262,0.8461059190031152
2025-11-20 00:00:00+00:00,0.0,0.0,0.0,0.0,0.0,0.0,0.0,0.0,-0.2658384228936573,-0.3414655588538266,-0.2793350430989928,-0.2182945887621037,-0.2356014825503297,-0.3836389340593552,True,-0.2950262798344474,0.7707165109034267,0.9171339563862928,0.8504672897196262,0.8461059190031152
2025-11-21 00:00:00+00:00,0.0,0.0,0.0,0.0,0.0,0.0,0.0,0.0,-0.2658384228936573,-0.3414655588538266,-0.2793350430989928,-0.2182945887621037,-0.2356014825503297,-0.3836389340593552,True,-0.2950262798344474,0.7707165109034267,0.9171339563862928,0.8504672897196262,0.8461059190031152
2025-11-22 00:00:00+00:00,0.0,0.0,0.0,0.0,0.0,0.0,0.0,0.0,-0.2658384228936573,-0.3414655588538266,-0.2793350430989928,-0.2182945887621037,-0.2356014825503297,-0.3836389340593552,True,-0.2950262798344474,0.7707165109034267,0.9171339563862928,0.8504672897196262,0.8461059190031152
2025-11-23 00:00:00+00:00,0.0,0.0,0.0,0.0,0.0,0.0,0.0,0.0,-0.2658384228936573,-0.3414655588538266,-0.2793350430989928,-0.2182945887621037,-0.2356014825503297,-0.3836389340593552,True,-0.2950262798344474,0.7707165109034267,0.9171339563862928,0.8504672897196262,0.8461059190031152
2025-11-24 00:00:00+00:00,0.0,0.0,0.0,0.0,0.0,0.0,0.0,0.0,-0.2658384228936573,-0.3414655588538266,-0.2793350430989928,-0.2182945887621037,-0.2356014825503297,-0.3836389340593552,True,-0.2950262798344474,0.7707165109034267,0.9171339563862928,0.8504672897196262,0.8461059190031152
2025-11-25 00:00:00+00:00,0.0,0.0,0.0,0.0,0.0,0.0,0.0,0.0,-0.2658384228936573,-0.3414655588538266,-0.2793350430989928,-0.2182945887621037,-0.2356014825503297,-0.3836389340593552,True,-0.2950262798344474,0.7707165109034267,0.9171339563862928,0.8504672897196262,0.8461059190031152
2025-11-26 00:00:00+00:00,0.0,0.0,0.0,0.0,0.0,0.0,0.0,0.0,-0.2658384228936573,-0.3414655588538266,-0.2793350430989928,-0.2182945887621037,-0.2356014825503297,-0.3836389340593552,True,-0.2950262798344474,0.7707165109034267,0.9171339563862928,0.8504672897196262,0.8461059190031152
2025-11-27 00:00:00+00:00,0.0,0.0,0.0,0.0,0.0,0.0,0.0,0.0,-0.2658384228936573,-0.3414655588538266,-0.2793350430989928,-0.2182945887621037,-0.2356014825503297,-0.3836389340593552,True,-0.2950262798344474,0.7707165109034267,0.9171339563862928,0.8504672897196262,0.8461059190031152
2025-11-28 00:00:00+00:00,0.0,0.0,0.0,0.0,0.0,0.0,0.0,0.0,-0.2658384228936573,-0.3414655588538266,-0.2793350430989928,-0.2182945887621037,-0.2356014825503297,-0.3836389340593552,True,-0.2950262798344474,0.7707165109034267,0.9171339563862928,0.8504672897196262,0.8461059190031152
2025-11-29 00:00:00+00:00,0.0,0.0,0.0,0.0,0.0,0.0,0.0,0.0,-0.2658384228936573,-0.3414655588538266,-0.2793350430989928,-0.2182945887621037,-0.2356014825503297,-0.3836389340593552,True,-0.2950262798344474,0.7707165109034267,0.9171339563862928,0.8504672897196262,0.8461059190031152
2025-11-30 00:00:00+00:00,0.0,0.0,0.0,0.0,0.0,0.0,0.0,0.0,-0.2658384228936573,-0.3414655588538266,-0.2793350430989928,-0.2182945887621037,-0.2356014825503297,-0.3836389340593552,True,-0.2950262798344474,0.7707165109034267,0.9171339563862928,0.8504672897196262,0.8461059190031152
2025-12-01 00:00:00+00:00,0.0,0.0,0.0,0.0,0.0,0.0,0.0,0.0,-0.2658384228936573,-0.3414655588538266,-0.2793350430989928,-0.2182945887621037,-0.2356014825503297,-0.3836389340593552,True,-0.2950262798344474,0.7707165109034267,0.9171339563862928,0.8504672897196262,0.8461059190031152
2025-12-02 00:00:00+00:00,4.0,1.0,0.0,1616.75,0.0,0.0,0.0,0.0,0.3936216524453225,0.1750775344170421,-0.2793350430989928,3.9952498647950696,-0.2356014825503297,-0.3836389340593552,True,-0.0752062547214541,0.9227414330218069,0.9171339563862928,0.8504672897196262,0.8967808930425752
2025-12-03 00:00:00+00:00,0.0,0.0,0.0,0.0,0.0,0.0,0.0,0.0,-0.2658384228936573,-0.3414655588538266,-0.2793350430989928,-0.2182945887621037,-0.2356014825503297,-0.3836389340593552,True,-0.2950262798344474,0.7707165109034267,0.9171339563862928,0.8504672897196262,0.8461059190031152
2025-12-04 00:00:00+00:00,1.0,1.0,0.0,45.0,0.0,0.0,0.0,0.0,-0.1009734040589123,0.1750775344170421,-0.2793350430989928,-0.1010164069714293,-0.2356014825503297,-0.3836389340593552,True,-0.240071273556199,0.8510903426791278,0.9171339563862928,0.8504672897196262,0.8728971962616822
2025-12-05 00:00:00+00:00,0.0,0.0,0.0,0.0,0.0,0.0,0.0,0.0,-0.2658384228936573,-0.3414655588538266,-0.2793350430989928,-0.2182945887621037,-0.2356014825503297,-0.3836389340593552,True,-0.2950262798344474,0.7707165109034267,0.9171339563862928,0.8504672897196262,0.8461059190031152
2025-12-06 00:00:00+00:00,0.0,0.0,0.0,0.0,0.0,0.0,0.0,0.0,-0.2658384228936573,-0.3414655588538266,-0.2793350430989928,-0.2182945887621037,-0.2356014825503297,-0.3836389340593552,True,-0.2950262798344474,0.7707165109034267,0.9171339563862928,0.8504672897196262,0.8461059190031152
2025-12-07 00:00:00+00:00,0.0,0.0,0.0,0.0,0.0,0.0,0.0,0.0,-0.2658384228936573,-0.3414655588538266,-0.2793350430989928,-0.2182945887621037,-0.2356014825503297,-0.3836389340593552,True,-0.2950262798344474,0.7707165109034267,0.9171339563862928,0.8504672897196262,0.8461059190031152
2025-12-08 00:00:00+00:00,0.0,0.0,0.0,0.0,0.0,0.0,0.0,0.0,-0.2658384228936573,-0.3414655588538266,-0.2793350430989928,-0.2182945887621037,-0.2356014825503297,-0.3836389340593552,True,-0.2950262798344474,0.7707165109034267,0.9171339563862928,0.8504672897196262,0.8461059190031152
2025-12-09 00:00:00+00:00,0.0,0.0,0.0,0.0,0.0,0.0,0.0,0.0,-0.2658384228936573,-0.3414655588538266,-0.2793350430989928,-0.2182945887621037,-0.2356014825503297,-0.3836389340593552,True,-0.2950262798344474,0.7707165109034267,0.9171339563862928,0.8504672897196262,0.8461059190031152
2025-12-10 00:00:00+00:00,0.0,0.0,0.0,0.0,0.0,0.0,0.0,0.0,-0.2658384228936573,-0.3414655588538266,-0.2793350430989928,-0.2182945887621037,-0.2356014825503297,-0.3836389340593552,True,-0.2950262798344474,0.7707165109034267,0.9171339563862928,0.8504672897196262,0.8461059190031152
2025-12-11 00:00:00+00:00,1.0,1.0,0.0,27.0,0.0,0.0,0.0,0.0,-0.1009734040589123,0.1750775344170421,-0.2793350430989928,-0.1479276796876991,-0.2356014825503297,-0.3836389340593552,True,-0.240071273556199,0.8510903426791278,0.9171339563862928,0.8504672897196262,0.8728971962616822
2025-12-12 00:00:00+00:00,0.0,0.0,0.0,0.0,0.0,0.0,0.0,0.0,-0.2658384228936573,-0.3414655588538266,-0.2793350430989928,-0.2182945887621037,-0.2356014825503297,-0.3836389340593552,True,-0.2950262798344474,0.7707165109034267,0.9171339563862928,0.8504672897196262,0.8461059190031152
2025-12-13 00:00:00+00:00,0.0,0.0,0.0,0.0,0.0,0.0,0.0,0.0,-0.2658384228936573,-0.3414655588538266,-0.2793350430989928,-0.2182945887621037,-0.2356014825503297,-0.3836389340593552,True,-0.2950262798344474,0.7707165109034267,0.9171339563862928,0.8504672897196262,0.8461059190031152
2025-12-14 00:00:00+00:00,0.0,0.0,0.0,0.0,0.0,0.0,0.0,0.0,-0.2658384228936573,-0.3414655588538266,-0.2793350430989928,-0.2182945887621037,-0.2356014825503297,-0.3836389340593552,True,-0.2950262798344474,0.7707165109034267,0.9171339563862928,0.8504672897196262,0.8461059190031152
2025-12-15 00:00:00+00:00,0.0,0.0,0.0,0.0,0.0,0.0,0.0,0.0,-0.2658384228936573,-0.3414655588538266,-0.2793350430989928,-0.2182945887621037,-0.2356014825503297,-0.3836389340593552,True,-0.2950262798344474,0.7707165109034267,0.9171339563862928,0.8504672897196262,0.8461059190031152
2025-12-16 00:00:00+00:00,0.0,0.0,0.0,0.0,0.0,0.0,0.0,0.0,-0.2658384228936573,-0.3414655588538266,-0.2793350430989928,-0.2182945887621037,-0.2356014825503297,-0.3836389340593552,True,-0.2950262798344474,0.7707165109034267,0.9171339563862928,0.8504672897196262,0.8461059190031152
2025-12-17 00:00:00+00:00,0.0,0.0,0.0,0.0,0.0,0.0,0.0,0.0,-0.2658384228936573,-0.3414655588538266,-0.2793350430989928,-0.2182945887621037,-0.2356014825503297,-0.3836389340593552,True,-0.2950262798344474,0.7707165109034267,0.9171339563862928,0.8504672897196262,0.8461059190031152
2025-12-18 00:00:00+00:00,0.0,0.0,0.0,0.0,0.0,0.0,0.0,0.0,-0.2658384228936573,-0.3414655588538266,-0.2793350430989928,-0.2182945887621037,-0.2356014825503297,-0.3836389340593552,True,-0.2950262798344474,0.7707165109034267,0.9171339563862928,0.8504672897196262,0.8461059190031152
2025-12-19 00:00:00+00:00,0.0,0.0,0.0,0.0,0.0,0.0,0.0,0.0,-0.2658384228936573,-0.3414655588538266,-0.2793350430989928,-0.2182945887621037,-0.2356014825503297,-0.3836389340593552,True,-0.2950262798344474,0.7707165109034267,0.9171339563862928,0.8504672897196262,0.8461059190031152
2025-12-20 00:00:00+00:00,0.0,0.0,0.0,0.0,0.0,0.0,0.0,0.0,-0.2658384228936573,-0.3414655588538266,-0.2793350430989928,-0.2182945887621037,-0.2356014825503297,-0.3836389340593552,True,-0.2950262798344474,0.7707165109034267,0.9171339563862928,0.8504672897196262,0.8461059190031152
2025-12-21 00:00:00+00:00,0.0,0.0,0.0,0.0,0.0,0.0,0.0,0.0,-0.2658384228936573,-0.3414655588538266,-0.2793350430989928,-0.2182945887621037,-0.2356014825503297,-0.3836389340593552,True,-0.2950262798344474,0.7707165109034267,0.9171339563862928,0.8504672897196262,0.8461059190031152
2025-12-22 00:00:00+00:00,0.0,0.0,0.0,0.0,0.0,0.0,0.0,0.0,-0.2658384228936573,-0.3414655588538266,-0.2793350430989928,-0.2182945887621037,-0.2356014825503297,-0.3836389340593552,True,-0.2950262798344474,0.7707165109034267,0.9171339563862928,0.8504672897196262,0.8461059190031152
2025-12-23 00:00:00+00:00,0.0,0.0,0.0,0.0,0.0,0.0,0.0,0.0,-0.2658384228936573,-0.3414655588538266,-0.2793350430989928,-0.2182945887621037,-0.2356014825503297,-0.3836389340593552,True,-0.2950262798344474,0.7707165109034267,0.9171339563862928,0.8504672897196262,0.8461059190031152
2025-12-24 00:00:00+00:00,0.0,0.0,0.0,0.0,0.0,0.0,0.0,0.0,-0.2658384228936573,-0.3414655588538266,-0.2793350430989928,-0.2182945887621037,-0.2356014825503297,-0.3836389340593552,True,-0.2950262798344474,0.7707165109034267,0.9171339563862928,0.8504672897196262,0.8461059190031152
2025-12-25 00:00:00+00:00,0.0,0.0,0.0,0.0,0.0,0.0,0.0,0.0,-0.2658384228936573,-0.3414655588538266,-0.2793350430989928,-0.2182945887621037,-0.2356014825503297,-0.3836389340593552,True,-0.2950262798344474,0.7707165109034267,0.9171339563862928,0.8504672897196262,0.8461059190031152
2025-12-26 00:00:00+00:00,0.0,0.0,0.0,0.0,0.0,0.0,0.0,0.0,-0.2658384228936573,-0.3414655588538266,-0.2793350430989928,-0.2182945887621037,-0.2356014825503297,-0.3836389340593552,True,-0.2950262798344474,0.7707165109034267,0.9171339563862928,0.8504672897196262,0.8461059190031152
2025-12-27 00:00:00+00:00,0.0,0.0,0.0,0.0,0.0,0.0,0.0,0.0,-0.2658384228936573,-0.3414655588538266,-0.2793350430989928,-0.2182945887621037,-0.2356014825503297,-0.3836389340593552,True,-0.2950262798344474,0.7707165109034267,0.9171339563862928,0.8504672897196262,0.8461059190031152
2025-12-28 00:00:00+00:00,0.0,0.0,0.0,0.0,0.0,0.0,0.0,0.0,-0.2658384228936573,-0.3414655588538266,-0.2793350430989928,-0.2182945887621037,-0.2356014825503297,-0.3836389340593552,True,-0.2950262798344474,0.7707165109034267,0.9171339563862928,0.8504672897196262,0.8461059190031152
2025-12-29 00:00:00+00:00,0.0,0.0,0.0,0.0,0.0,0.0,0.0,0.0,-0.2658384228936573,-0.3414655588538266,-0.2793350430989928,-0.2182945887621037,-0.2356014825503297,-0.3836389340593552,True,-0.2950262798344474,0.7707165109034267,0.9171339563862928,0.8504672897196262,0.8461059190031152
2025-12-30 00:00:00+00:00,0.0,0.0,0.0,0.0,0.0,0.0,0.0,0.0,-0.2658384228936573,-0.3414655588538266,-0.2793350430989928,-0.2182945887621037,-0.2356014825503297,-0.3836389340593552,True,-0.2950262798344474,0.7707165109034267,0.9171339563862928,0.8504672897196262,0.8461059190031152
2025-12-31 00:00:00+00:00,0.0,0.0,0.0,0.0,0.0,0.0,0.0,0.0,-0.2658384228936573,-0.3414655588538266,-0.2793350430989928,-0.2182945887621037,-0.2356014825503297,-0.3836389340593552,True,-0.2950262798344474,0.7707165109034267,0.9171339563862928,0.8504672897196262,0.8461059190031152
2026-01-01 00:00:00+00:00,0.0,0.0,0.0,0.0,0.0,0.0,0.0,0.0,-0.2658384228936573,-0.3414655588538266,-0.2793350430989928,-0.2182945887621037,-0.2356014825503297,-0.3836389340593552,True,-0.2950262798344474,0.7707165109034267,0.9171339563862928,0.8504672897196262,0.8461059190031152
2026-01-02 00:00:00+00:00,1.0,1.0,1.0,38.0,0.0,0.0,0.0,1.0,-0.1009734040589123,0.1750775344170421,0.6488901001181572,-0.1192596796944231,-0.2356014825503297,3.1622239704244723,True,0.94188302793841,0.8510903426791278,0.9171339563862928,1.0,0.9227414330218068
2026-01-03 00:00:00+00:00,2.0,1.0,1.0,224.0,0.0,0.0,0.0,1.0,0.0638916147758326,0.1750775344170421,0.6488901001181572,0.3654901383736976,-0.2356014825503297,3.1622239704244723,True,0.9968380342166584,0.8922118380062305,0.9171339563862928,1.0,0.9364485981308411
2026-01-04 00:00:00+00:00,0.0,0.0,0.0,0.0,0.0,0.0,0.0,0.0,-0.2658384228936573,-0.3414655588538266,-0.2793350430989928,-0.2182945887621037,-0.2356014825503297,-0.3836389340593552,True,-0.2950262798344474,0.7707165109034267,0.9171339563862928,0.8504672897196262,0.8461059190031152
2026-01-05 00:00:00+00:00,0.0,0.0,0.0,0.0,0.0,0.0,0.0,0.0,-0.2658384228936573,-0.3414655588538266,-0.2793350430989928,-0.2182945887621037,-0.2356014825503297,-0.3836389340593552,True,-0.2950262798344474,0.7707165109034267,0.9171339563862928,0.8504672897196262,0.8461059190031152
2026-01-06 00:00:00+00:00,0.0,0.0,0.0,0.0,0.0,0.0,0.0,0.0,-0.2658384228936573,-0.3414655588538266,-0.2793350430989928,-0.2182945887621037,-0.2356014825503297,-0.3836389340593552,True,-0.2950262798344474,0.7707165109034267,0.9171339563862928,0.8504672897196262,0.8461059190031152
2026-01-07 00:00:00+00:00,0.0,0.0,0.0,0.0,0.0,0.0,0.0,0.0,-0.2658384228936573,-0.3414655588538266,-0.2793350430989928,-0.2182945887621037,-0.2356014825503297,-0.3836389340593552,True,-0.2950262798344474,0.7707165109034267,0.9171339563862928,0.8504672897196262,0.8461059190031152
2026-01-08 00:00:00+00:00,0.0,0.0,0.0,0.0,0.0,0.0,0.0,0.0,-0.2658384228936573,-0.3414655588538266,-0.2793350430989928,-0.2182945887621037,-0.2356014825503297,-0.3836389340593552,True,-0.2950262798344474,0.7707165109034267,0.9171339563862928,0.8504672897196262,0.8461059190031152
2026-01-09 00:00:00+00:00,0.0,0.0,0.0,0.0,0.0,0.0,0.0,0.0,-0.2658384228936573,-0.3414655588538266,-0.2793350430989928,-0.2182945887621037,-0.2356014825503297,-0.3836389340593552,True,-0.2950262798344474,0.7707165109034267,0.9171339563862928,0.8504672897196262,0.8461059190031152
2026-01-10 00:00:00+00:00,0.0,0.0,0.0,0.0,0.0,0.0,0.0,0.0,-0.2658384228936573,-0.3414655588538266,-0.2793350430989928,-0.2182945887621037,-0.2356014825503297,-0.3836389340593552,True,-0.2950262798344474,0.7707165109034267,0.9171339563862928,0.8504672897196262,0.8461059190031152
2026-01-11 00:00:00+00:00,0.0,0.0,0.0,0.0,0.0,0.0,0.0,0.0,-0.2658384228936573,-0.3414655588538266,-0.2793350430989928,-0.2182945887621037,-0.2356014825503297,-0.3836389340593552,True,-0.2950262798344474,0.7707165109034267,0.9171339563862928,0.8504672897196262,0.8461059190031152
2026-01-12 00:00:00+00:00,0.0,0.0,0.0,0.0,0.0,0.0,0.0,0.0,-0.2658384228936573,-0.3414655588538266,-0.2793350430989928,-0.2182945887621037,-0.2356014825503297,-0.3836389340593552,True,-0.2950262798344474,0.7707165109034267,0.9171339563862928,0.8504672897196262,0.8461059190031152
2026-01-13 00:00:00+00:00,0.0,0.0,0.0,0.0,0.0,0.0,0.0,0.0,-0.2658384228936573,-0.3414655588538266,-0.2793350430989928,-0.2182945887621037,-0.2356014825503297,-0.3836389340593552,True,-0.2950262798344474,0.7707165109034267,0.9171339563862928,0.8504672897196262,0.8461059190031152
2026-01-14 00:00:00+00:00,0.0,0.0,0.0,0.0,0.0,0.0,0.0,0.0,-0.2658384228936573,-0.3414655588538266,-0.2793350430989928,-0.2182945887621037,-0.2356014825503297,-0.3836389340593552,True,-0.2950262798344474,0.7707165109034267,0.9171339563862928,0.8504672897196262,0.8461059190031152
2026-01-15 00:00:00+00:00,0.0,0.0,0.0,0.0,0.0,0.0,0.0,0.0,-0.2658384228936573,-0.3414655588538266,-0.2793350430989928,-0.2182945887621037,-0.2356014825503297,-0.3836389340593552,True,-0.2950262798344474,0.7707165109034267,0.9171339563862928,0.8504672897196262,0.8461059190031152
2026-01-16 00:00:00+00:00,0.0,0.0,0.0,0.0,0.0,0.0,0.0,0.0,-0.2658384228936573,-0.3414655588538266,-0.2793350430989928,-0.2182945887621037,-0.2356014825503297,-0.3836389340593552,True,-0.2950262798344474,0.7707165109034267,0.9171339563862928,0.8504672897196262,0.8461059190031152
2026-01-17 00:00:00+00:00,0.0,0.0,0.0,0.0,0.0,0.0,0.0,0.0,-0.2658384228936573,-0.3414655588538266,-0.2793350430989928,-0.2182945887621037,-0.2356014825503297,-0.3836389340593552,True,-0.2950262798344474,0.7707165109034267,0.9171339563862928,0.8504672897196262,0.8461059190031152
2026-01-18 00:00:00+00:00,0.0,0.0,0.0,0.0,0.0,0.0,0.0,0.0,-0.2658384228936573,-0.3414655588538266,-0.2793350430989928,-0.2182945887621037,-0.2356014825503297,-0.3836389340593552,True,-0.2950262798344474,0.7707165109034267,0.9171339563862928,0.8504672897196262,0.8461059190031152
2026-01-19 00:00:00+00:00,0.0,0.0,0.0,0.0,0.0,0.0,0.0,0.0,-0.2658384228936573,-0.3414655588538266,-0.2793350430989928,-0.2182945887621037,-0.2356014825503297,-0.3836389340593552,True,-0.2950262798344474,0.7707165109034267,0.9171339563862928,0.8504672897196262,0.8461059190031152
2026-01-20 00:00:00+00:00,0.0,0.0,0.0,0.0,0.0,0.0,0.0,0.0,-0.2658384228936573,-0.3414655588538266,-0.2793350430989928,-0.2182945887621037,-0.2356014825503297,-0.3836389340593552,True,-0.2950262798344474,0.7707165109034267,0.9171339563862928,0.8504672897196262,0.8461059190031152
2026-01-21 00:00:00+00:00,0.0,0.0,0.0,0.0,0.0,0.0,0.0,0.0,-0.2658384228936573,-0.3414655588538266,-0.2793350430989928,-0.2182945887621037,-0.2356014825503297,-0.3836389340593552,True,-0.2950262798344474,0.7707165109034267,0.9171339563862928,0.8504672897196262,0.8461059190031152
2026-01-22 00:00:00+00:00,0.0,0.0,0.0,0.0,0.0,0.0,0.0,0.0,-0.2658384228936573,-0.3414655588538266,-0.2793350430989928,-0.2182945887621037,-0.2356014825503297,-0.3836389340593552,True,-0.2950262798344474,0.7707165109034267,0.9171339563862928,0.8504672897196262,0.8461059190031152
2026-01-23 00:00:00+00:00,0.0,0.0,0.0,0.0,0.0,0.0,0.0,0.0,-0.2658384228936573,-0.3414655588538266,-0.2793350430989928,-0.2182945887621037,-0.2356014825503297,-0.3836389340593552,True,-0.2950262798344474,0.7707165109034267,0.9171339563862928,0.8504672897196262,0.8461059190031152
2026-01-24 00:00:00+00:00,0.0,0.0,0.0,0.0,0.0,0.0,0.0,0.0,-0.2658384228936573,-0.3414655588538266,-0.2793350430989928,-0.2182945887621037,-0.2356014825503297,-0.3836389340593552,True,-0.2950262798344474,0.7707165109034267,0.9171339563862928,0.8504672897196262,0.8461059190031152
2026-01-25 00:00:00+00:00,0.0,0.0,0.0,0.0,0.0,0.0,0.0,0.0,-0.2658384228936573,-0.3414655588538266,-0.2793350430989928,-0.2182945887621037,-0.2356014825503297,-0.3836389340593552,True,-0.2950262798344474,0.7707165109034267,0.9171339563862928,0.8504672897196262,0.8461059190031152
2026-01-26 00:00:00+00:00,0.0,0.0,0.0,0.0,0.0,0.0,0.0,0.0,-0.2658384228936573,-0.3414655588538266,-0.2793350430989928,-0.2182945887621037,-0.2356014825503297,-0.3836389340593552,True,-0.2950262798344474,0.7707165109034267,0.9171339563862928,0.8504672897196262,0.8461059190031152
2026-01-27 00:00:00+00:00,1.0,1.0,1.0,0.0,0.0,0.0,0.0,1.0,-0.1009734040589123,0.1750775344170421,0.6488901001181572,-0.2182945887621037,-0.2356014825503297,3.1622239704244723,True,0.94188302793841,0.8510903426791278,0.9171339563862928,1.0,0.9227414330218068
2026-01-28 00:00:00+00:00,0.0,0.0,0.0,0.0,0.0,0.0,0.0,0.0,-0.2658384228936573,-0.3414655588538266,-0.2793350430989928,-0.2182945887621037,-0.2356014825503297,-0.3836389340593552,True,-0.2950262798344474,0.7707165109034267,0.9171339563862928,0.8504672897196262,0.8461059190031152
2026-01-29 00:00:00+00:00,0.0,0.0,0.0,0.0,0.0,0.0,0.0,0.0,-0.2658384228936573,-0.3414655588538266,-0.2793350430989928,-0.2182945887621037,-0.2356014825503297,-0.3836389340593552,True,-0.2950262798344474,0.7707165109034267,0.9171339563862928,0.8504672897196262,0.8461059190031152
2026-01-30 00:00:00+00:00,0.0,0.0,0.0,0.0,0.0,0.0,0.0,0.0,-0.2658384228936573,-0.3414655588538266,-0.2793350430989928,-0.2182945887621037,-0.2356014825503297,-0.3836389340593552,True,-0.2950262798344474,0.7707165109034267,0.9171339563862928,0.8504672897196262,0.8461059190031152
2026-01-31 00:00:00+00:00,0.0,0.0,0.0,0.0,0.0,0.0,0.0,0.0,-0.2658384228936573,-0.3414655588538266,-0.2793350430989928,-0.2182945887621037,-0.2356014825503297,-0.3836389340593552,True,-0.2950262798344474,0.7707165109034267,0.9171339563862928,0.8504672897196262,0.8461059190031152
2026-02-01 00:00:00+00:00,0.0,0.0,0.0,0.0,0.0,0.0,0.0,0.0,-0.2658384228936573,-0.3414655588538266,-0.2793350430989928,-0.2182945887621037,-0.2356014825503297,-0.3836389340593552,True,-0.2950262798344474,0.7707165109034267,0.9171339563862928,0.8504672897196262,0.8461059190031152
2026-02-02 00:00:00+00:00,0.0,0.0,0.0,0.0,0.0,0.0,0.0,0.0,-0.2658384228936573,-0.3414655588538266,-0.2793350430989928,-0.2182945887621037,-0.2356014825503297,-0.3836389340593552,True,-0.2950262798344474,0.7707165109034267,0.9171339563862928,0.8504672897196262,0.8461059190031152
2026-02-03 00:00:00+00:00,0.0,0.0,0.0,0.0,0.0,0.0,0.0,0.0,-0.2658384228936573,-0.3414655588538266,-0.2793350430989928,-0.2182945887621037,-0.2356014825503297,-0.3836389340593552,True,-0.2950262798344474,0.7707165109034267,0.9171339563862928,0.8504672897196262,0.8461059190031152
2026-02-04 00:00:00+00:00,7.0,2.0,2.0,32.142857142857146,0.0,0.0,0.0,1.0,0.8882167089495575,0.6916206276879109,1.5771152433353073,-0.134524458911622,-0.2356014825503297,3.1622239704244723,True,1.2716130656079,0.9451713395638629,0.9171339563862928,1.0,0.9541017653167185
2026-02-05 00:00:00+00:00,0.0,0.0,0.0,0.0,0.0,0.0,0.0,0.0,-0.2658384228936573,-0.3414655588538266,-0.2793350430989928,-0.2182945887621037,-0.2356014825503297,-0.3836389340593552,True,-0.2950262798344474,0.7707165109034267,0.9171339563862928,0.8504672897196262,0.8461059190031152
2026-02-06 00:00:00+00:00,1.0,1.0,0.0,119.0,0.0,0.0,0.0,0.0,-0.1009734040589123,0.1750775344170421,-0.2793350430989928,0.0918410475287907,-0.2356014825503297,-0.3836389340593552,True,-0.240071273556199,0.8510903426791278,0.9171339563862928,0.8504672897196262,0.8728971962616822
2026-02-07 00:00:00+00:00,1.0,1.0,0.0,162.0,1.0,0.0,0.0,0.0,-0.1009734040589123,0.1750775344170421,-0.2793350430989928,0.203906865684324,7.297002372845597,-0.3836389340593552,True,2.270796678242443,0.8510903426791278,1.0,0.8504672897196262,0.9005192107995846
2026-02-08 00:00:00+00:00,0.0,0.0,0.0,0.0,0.0,0.0,0.0,0.0,-0.2658384228936573,-0.3414655588538266,-0.2793350430989928,-0.2182945887621037,-0.2356014825503297,-0.3836389340593552,True,-0.2950262798344474,0.7707165109034267,0.9171339563862928,0.8504672897196262,0.8461059190031152
2026-02-09 00:00:00+00:00,0.0,0.0,0.0,0.0,0.0,0.0,0.0,0.0,-0.2658384228936573,-0.3414655588538266,-0.2793350430989928,-0.2182945887621037,-0.2356014825503297,-0.3836389340593552,True,-0.2950262798344474,0.7707165109034267,0.9171339563862928,0.8504672897196262,0.8461059190031152
2026-02-10 00:00:00+00:00,1.0,1.0,1.0,145.0,0.0,0.0,0.0,1.0,-0.1009734040589123,0.1750775344170421,0.6488901001181572,0.1596017747856248,-0.2356014825503297,3.1622239704244723,True,0.94188302793841,0.8510903426791278,0.9171339563862928,1.0,0.9227414330218068
2026-02-11 00:00:00+00:00,0.0,0.0,0.0,0.0,0.0,0.0,0.0,0.0,-0.2658384228936573,-0.3414655588538266,-0.2793350430989928,-0.2182945887621037,-0.2356014825503297,-0.3836389340593552,True,-0.2950262798344474,0.7707165109034267,0.9171339563862928,0.8504672897196262,0.8461059190031152
2026-02-12 00:00:00+00:00,1.0,1.0,1.0,21.0,0.0,0.0,0.0,1.0,-0.1009734040589123,0.1750775344170421,0.6488901001181572,-0.1635647705931223,-0.2356014825503297,3.1622239704244723,True,0.94188302793841,0.8510903426791278,0.9171339563862928,1.0,0.9227414330218068
2026-02-13 00:00:00+00:00,0.0,0.0,0.0,0.0,0.0,0.0,0.0,0.0,-0.2658384228936573,-0.3414655588538266,-0.2793350430989928,-0.2182945887621037,-0.2356014825503297,-0.3836389340593552,True,-0.2950262798344474,0.7707165109034267,0.9171339563862928,0.8504672897196262,0.8461059190031152
2026-02-14 00:00:00+00:00,0.0,0.0,0.0,0.0,0.0,0.0,0.0,0.0,-0.2658384228936573,-0.3414655588538266,-0.2793350430989928,-0.2182945887621037,-0.2356014825503297,-0.3836389340593552,True,-0.2950262798344474,0.7707165109034267,0.9171339563862928,0.8504672897196262,0.8461059190031152
2026-02-15 00:00:00+00:00,0.0,0.0,0.0,0.0,0.0,0.0,0.0,0.0,-0.2658384228936573,-0.3414655588538266,-0.2793350430989928,-0.2182945887621037,-0.2356014825503297,-0.3836389340593552,True,-0.2950262798344474,0.7707165109034267,0.9171339563862928,0.8504672897196262,0.8461059190031152
2026-02-16 00:00:00+00:00,0.0,0.0,0.0,0.0,0.0,0.0,0.0,0.0,-0.2658384228936573,-0.3414655588538266,-0.2793350430989928,-0.2182945887621037,-0.2356014825503297,-0.3836389340593552,True,-0.2950262798344474,0.7707165109034267,0.9171339563862928,0.8504672897196262,0.8461059190031152
2026-02-17 00:00:00+00:00,0.0,0.0,0.0,0.0,0.0,0.0,0.0,0.0,-0.2658384228936573,-0.3414655588538266,-0.2793350430989928,-0.2182945887621037,-0.2356014825503297,-0.3836389340593552,True,-0.2950262798344474,0.7707165109034267,0.9171339563862928,0.8504672897196262,0.8461059190031152
2026-02-18 00:00:00+00:00,0.0,0.0,0.0,0.0,0.0,0.0,0.0,0.0,-0.2658384228936573,-0.3414655588538266,-0.2793350430989928,-0.2182945887621037,-0.2356014825503297,-0.3836389340593552,True,-0.2950262798344474,0.7707165109034267,0.9171339563862928,0.8504672897196262,0.8461059190031152
2026-02-19 00:00:00+00:00,0.0,0.0,0.0,0.0,0.0,0.0,0.0,0.0,-0.2658384228936573,-0.3414655588538266,-0.2793350430989928,-0.2182945887621037,-0.2356014825503297,-0.3836389340593552,True,-0.2950262798344474,0.7707165109034267,0.9171339563862928,0.8504672897196262,0.8461059190031152
2026-02-20 00:00:00+00:00,0.0,0.0,0.0,0.0,0.0,0.0,0.0,0.0,-0.2658384228936573,-0.3414655588538266,-0.2793350430989928,-0.2182945887621037,-0.2356014825503297,-0.3836389340593552,True,-0.2950262798344474,0.7707165109034267,0.9171339563862928,0.8504672897196262,0.8461059190031152
2026-02-21 00:00:00+00:00,0.0,0.0,0.0,0.0,0.0,0.0,0.0,0.0,-0.2658384228936573,-0.3414655588538266,-0.2793350430989928,-0.2182945887621037,-0.2356014825503297,-0.3836389340593552,True,-0.2950262798344474,0.7707165109034267,0.9171339563862928,0.8504672897196262,0.8461059190031152
2026-02-22 00:00:00+00:00,0.0,0.0,0.0,0.0,0.0,0.0,0.0,0.0,-0.2658384228936573,-0.3414655588538266,-0.2793350430989928,-0.2182945887621037,-0.2356014825503297,-0.3836389340593552,True,-0.2950262798344474,0.7707165109034267,0.9171339563862928,0.8504672897196262,0.8461059190031152
2026-02-23 00:00:00+00:00,0.0,0.0,0.0,0.0,0.0,0.0,0.0,0.0,-0.2658384228936573,-0.3414655588538266,-0.2793350430989928,-0.2182945887621037,-0.2356014825503297,-0.3836389340593552,True,-0.2950262798344474,0.7707165109034267,0.9171339563862928,0.8504672897196262,0.8461059190031152
2026-02-24 00:00:00+00:00,0.0,0.0,0.0,0.0,0.0,0.0,0.0,0.0,-0.2658384228936573,-0.3414655588538266,-0.2793350430989928,-0.2182945887621037,-0.2356014825503297,-0.3836389340593552,True,-0.2950262798344474,0.7707165109034267,0.9171339563862928,0.8504672897196262,0.8461059190031152
2026-02-25 00:00:00+00:00,0.0,0.0,0.0,0.0,0.0,0.0,0.0,0.0,-0.2658384228936573,-0.3414655588538266,-0.2793350430989928,-0.2182945887621037,-0.2356014825503297,-0.3836389340593552,True,-0.2950262798344474,0.7707165109034267,0.9171339563862928,0.8504672897196262,0.8461059190031152
2026-02-26 00:00:00+00:00,0.0,0.0,0.0,0.0,0.0,0.0,0.0,0.0,-0.2658384228936573,-0.3414655588538266,-0.2793350430989928,-0.2182945887621037,-0.2356014825503297,-0.3836389340593552,True,-0.2950262798344474,0.7707165109034267,0.9171339563862928,0.8504672897196262,0.8461059190031152
2026-02-27 00:00:00+00:00,0.0,0.0,0.0,0.0,0.0,0.0,0.0,0.0,-0.2658384228936573,-0.3414655588538266,-0.2793350430989928,-0.2182945887621037,-0.2356014825503297,-0.3836389340593552,True,-0.2950262798344474,0.7707165109034267,0.9171339563862928,0.8504672897196262,0.8461059190031152
2026-02-28 00:00:00+00:00,0.0,0.0,0.0,0.0,0.0,0.0,0.0,0.0,-0.2658384228936573,-0.3414655588538266,-0.2793350430989928,-0.2182945887621037,-0.2356014825503297,-0.3836389340593552,True,-0.2950262798344474,0.7707165109034267,0.9171339563862928,0.8504672897196262,0.8461059190031152
2026-03-01 00:00:00+00:00,0.0,0.0,0.0,0.0,0.0,0.0,0.0,0.0,-0.2658384228936573,-0.3414655588538266,-0.2793350430989928,-0.2182945887621037,-0.2356014825503297,-0.3836389340593552,True,-0.2950262798344474,0.7707165109034267,0.9171339563862928,0.8504672897196262,0.8461059190031152
2026-03-02 00:00:00+00:00,0.0,0.0,0.0,0.0,0.0,0.0,0.0,0.0,-0.2658384228936573,-0.3414655588538266,-0.2793350430989928,-0.2182945887621037,-0.2356014825503297,-0.3836389340593552,True,-0.2950262798344474,0.7707165109034267,0.9171339563862928,0.8504672897196262,0.8461059190031152
2026-03-03 00:00:00+00:00,0.0,0.0,0.0,0.0,0.0,0.0,0.0,0.0,-0.2658384228936573,-0.3414655588538266,-0.2793350430989928,-0.2182945887621037,-0.2356014825503297,-0.3836389340593552,True,-0.2950262798344474,0.7707165109034267,0.9171339563862928,0.8504672897196262,0.8461059190031152
2026-03-04 00:00:00+00:00,0.0,0.0,0.0,0.0,0.0,0.0,0.0,0.0,-0.2658384228936573,-0.3414655588538266,-0.2793350430989928,-0.2182945887621037,-0.2356014825503297,-0.3836389340593552,True,-0.2950262798344474,0.7707165109034267,0.9171339563862928,0.8504672897196262,0.8461059190031152
2026-03-05 00:00:00+00:00,0.0,0.0,0.0,0.0,0.0,0.0,0.0,0.0,-0.2658384228936573,-0.3414655588538266,-0.2793350430989928,-0.2182945887621037,-0.2356014825503297,-0.3836389340593552,True,-0.2950262798344474,0.7707165109034267,0.9171339563862928,0.8504672897196262,0.8461059190031152
2026-03-06 00:00:00+00:00,0.0,0.0,0.0,0.0,0.0,0.0,0.0,0.0,-0.2658384228936573,-0.3414655588538266,-0.2793350430989928,-0.2182945887621037,-0.2356014825503297,-0.3836389340593552,True,-0.2950262798344474,0.7707165109034267,0.9171339563862928,0.8504672897196262,0.8461059190031152
2026-03-07 00:00:00+00:00,0.0,0.0,0.0,0.0,0.0,0.0,0.0,0.0,-0.2658384228936573,-0.3414655588538266,-0.2793350430989928,-0.2182945887621037,-0.2356014825503297,-0.3836389340593552,True,-0.2950262798344474,0.7707165109034267,0.9171339563862928,0.8504672897196262,0.8461059190031152
2026-03-08 00:00:00+00:00,0.0,0.0,0.0,0.0,0.0,0.0,0.0,0.0,-0.2658384228936573,-0.3414655588538266,-0.2793350430989928,-0.2182945887621037,-0.2356014825503297,-0.3836389340593552,True,-0.2950262798344474,0.7707165109034267,0.9171339563862928,0.8504672897196262,0.8461059190031152
2026-03-09 00:00:00+00:00,0.0,0.0,0.0,0.0,0.0,0.0,0.0,0.0,-0.2658384228936573,-0.3414655588538266,-0.2793350430989928,-0.2182945887621037,-0.2356014825503297,-0.3836389340593552,True,-0.2950262798344474,0.7707165109034267,0.9171339563862928,0.8504672897196262,0.8461059190031152
2026-03-10 00:00:00+00:00,0.0,0.0,0.0,0.0,0.0,0.0,0.0,0.0,-0.2658384228936573,-0.3414655588538266,-0.2793350430989928,-0.2182945887621037,-0.2356014825503297,-0.3836389340593552,True,-0.2950262798344474,0.7707165109034267,0.9171339563862928,0.8504672897196262,0.8461059190031152
2026-03-11 00:00:00+00:00,0.0,0.0,0.0,0.0,0.0,0.0,0.0,0.0,-0.2658384228936573,-0.3414655588538266,-0.2793350430989928,-0.2182945887621037,-0.2356014825503297,-0.3836389340593552,True,-0.2950262798344474,0.7707165109034267,0.9171339563862928,0.8504672897196262,0.8461059190031152
2026-03-12 00:00:00+00:00,0.0,0.0,0.0,0.0,0.0,0.0,0.0,0.0,-0.2658384228936573,-0.3414655588538266,-0.2793350430989928,-0.2182945887621037,-0.2356014825503297,-0.3836389340593552,True,-0.2950262798344474,0.7707165109034267,0.9171339563862928,0.8504672897196262,0.8461059190031152
2026-03-13 00:00:00+00:00,0.0,0.0,0.0,0.0,0.0,0.0,0.0,0.0,-0.2658384228936573,-0.3414655588538266,-0.2793350430989928,-0.2182945887621037,-0.2356014825503297,-0.3836389340593552,True,-0.2950262798344474,0.7707165109034267,0.9171339563862928,0.8504672897196262,0.8461059190031152
2026-03-14 00:00:00+00:00,0.0,0.0,0.0,0.0,0.0,0.0,0.0,0.0,-0.2658384228936573,-0.3414655588538266,-0.2793350430989928,-0.2182945887621037,-0.2356014825503297,-0.3836389340593552,True,-0.2950262798344474,0.7707165109034267,0.9171339563862928,0.8504672897196262,0.8461059190031152
2026-03-15 00:00:00+00:00,0.0,0.0,0.0,0.0,0.0,0.0,0.0,0.0,-0.2658384228936573,-0.3414655588538266,-0.2793350430989928,-0.2182945887621037,-0.2356014825503297,-0.3836389340593552,True,-0.2950262798344474,0.7707165109034267,0.9171339563862928,0.8504672897196262,0.8461059190031152
2026-03-16 00:00:00+00:00,0.0,0.0,0.0,0.0,0.0,0.0,0.0,0.0,-0.2658384228936573,-0.3414655588538266,-0.2793350430989928,-0.2182945887621037,-0.2356014825503297,-0.3836389340593552,True,-0.2950262798344474,0.7707165109034267,0.9171339563862928,0.8504672897196262,0.8461059190031152
2026-03-17 00:00:00+00:00,0.0,0.0,0.0,0.0,0.0,0.0,0.0,0.0,-0.2658384228936573,-0.3414655588538266,-0.2793350430989928,-0.2182945887621037,-0.2356014825503297,-0.3836389340593552,True,-0.2950262798344474,0.7707165109034267,0.9171339563862928,0.8504672897196262,0.8461059190031152
2026-03-18 00:00:00+00:00,1.0,1.0,1.0,3.0,0.0,0.0,0.0,1.0,-0.1009734040589123,0.1750775344170421,0.6488901001181572,-0.210476043309392,-0.2356014825503297,3.1622239704244723,True,0.94188302793841,0.8510903426791278,0.9171339563862928,1.0,0.9227414330218068
2026-03-19 00:00:00+00:00,0.0,0.0,0.0,0.0,0.0,0.0,0.0,0.0,-0.2658384228936573,-0.3414655588538266,-0.2793350430989928,-0.2182945887621037,-0.2356014825503297,-0.3836389340593552,True,-0.2950262798344474,0.7707165109034267,0.9171339563862928,0.8504672897196262,0.8461059190031152
2026-03-20 00:00:00+00:00,0.0,0.0,0.0,0.0,0.0,0.0,0.0,0.0,-0.2658384228936573,-0.3414655588538266,-0.2793350430989928,-0.2182945887621037,-0.2356014825503297,-0.3836389340593552,True,-0.2950262798344474,0.7707165109034267,0.9171339563862928,0.8504672897196262,0.8461059190031152
2026-03-21 00:00:00+00:00,0.0,0.0,0.0,0.0,0.0,0.0,0.0,0.0,-0.2658384228936573,-0.3414655588538266,-0.2793350430989928,-0.2182945887621037,-0.2356014825503297,-0.3836389340593552,True,-0.2950262798344474,0.7707165109034267,0.9171339563862928,0.8504672897196262,0.8461059190031152
2026-03-22 00:00:00+00:00,0.0,0.0,0.0,0.0,0.0,0.0,0.0,0.0,-0.2658384228936573,-0.3414655588538266,-0.2793350430989928,-0.2182945887621037,-0.2356014825503297,-0.3836389340593552,True,-0.2950262798344474,0.7707165109034267,0.9171339563862928,0.8504672897196262,0.8461059190031152
2026-03-23 00:00:00+00:00,0.0,0.0,0.0,0.0,0.0,0.0,0.0,0.0,-0.2658384228936573,-0.3414655588538266,-0.2793350430989928,-0.2182945887621037,-0.2356014825503297,-0.3836389340593552,True,-0.2950262798344474,0.7707165109034267,0.9171339563862928,0.8504672897196262,0.8461059190031152
2026-03-24 00:00:00+00:00,0.0,0.0,0.0,0.0,0.0,0.0,0.0,0.0,-0.2658384228936573,-0.3414655588538266,-0.2793350430989928,-0.2182945887621037,-0.2356014825503297,-0.3836389340593552,True,-0.2950262798344474,0.7707165109034267,0.9171339563862928,0.8504672897196262,0.8461059190031152
2026-03-25 00:00:00+00:00,0.0,0.0,0.0,0.0,0.0,0.0,0.0,0.0,-0.2658384228936573,-0.3414655588538266,-0.2793350430989928,-0.2182945887621037,-0.2356014825503297,-0.3836389340593552,True,-0.2950262798344474,0.7707165109034267,0.9171339563862928,0.8504672897196262,0.8461059190031152
2026-03-26 00:00:00+00:00,0.0,0.0,0.0,0.0,0.0,0.0,0.0,0.0,-0.2658384228936573,-0.3414655588538266,-0.2793350430989928,-0.2182945887621037,-0.2356014825503297,-0.3836389340593552,True,-0.2950262798344474,0.7707165109034267,0.9171339563862928,0.8504672897196262,0.8461059190031152
2026-03-27 00:00:00+00:00,0.0,0.0,0.0,0.0,0.0,0.0,0.0,0.0,-0.2658384228936573,-0.3414655588538266,-0.2793350430989928,-0.2182945887621037,-0.2356014825503297,-0.3836389340593552,True,-0.2950262798344474,0.7707165109034267,0.9171339563862928,0.8504672897196262,0.8461059190031152
2026-03-28 00:00:00+00:00,0.0,0.0,0.0,0.0,0.0,0.0,0.0,0.0,-0.2658384228936573,-0.3414655588538266,-0.2793350430989928,-0.2182945887621037,-0.2356014825503297,-0.3836389340593552,True,-0.2950262798344474,0.7707165109034267,0.9171339563862928,0.8504672897196262,0.8461059190031152
2026-03-29 00:00:00+00:00,0.0,0.0,0.0,0.0,0.0,0.0,0.0,0.0,-0.2658384228936573,-0.3414655588538266,-0.2793350430989928,-0.2182945887621037,-0.2356014825503297,-0.3836389340593552,True,-0.2950262798344474,0.7707165109034267,0.9171339563862928,0.8504672897196262,0.8461059190031152
2026-03-30 00:00:00+00:00,0.0,0.0,0.0,0.0,0.0,0.0,0.0,0.0,-0.2658384228936573,-0.3414655588538266,-0.2793350430989928,-0.2182945887621037,-0.2356014825503297,-0.3836389340593552,True,-0.2950262798344474,0.7707165109034267,0.9171339563862928,0.8504672897196262,0.8461059190031152
2026-03-31 00:00:00+00:00,0.0,0.0,0.0,0.0,0.0,0.0,0.0,0.0,-0.2658384228936573,-0.3414655588538266,-0.2793350430989928,-0.2182945887621037,-0.2356014825503297,-0.3836389340593552,True,-0.2950262798344474,0.7707165109034267,0.9171339563862928,0.8504672897196262,0.8461059190031152
2026-04-01 00:00:00+00:00,0.0,0.0,0.0,0.0,0.0,0.0,0.0,0.0,-0.2658384228936573,-0.3414655588538266,-0.2793350430989928,-0.2182945887621037,-0.2356014825503297,-0.3836389340593552,True,-0.2950262798344474,0.7707165109034267,0.9171339563862928,0.8504672897196262,0.8461059190031152
2026-04-02 00:00:00+00:00,0.0,0.0,0.0,0.0,0.0,0.0,0.0,0.0,-0.2658384228936573,-0.3414655588538266,-0.2793350430989928,-0.2182945887621037,-0.2356014825503297,-0.3836389340593552,True,-0.2950262798344474,0.7707165109034267,0.9171339563862928,0.8504672897196262,0.8461059190031152
2026-04-03 00:00:00+00:00,0.0,0.0,0.0,0.0,0.0,0.0,0.0,0.0,-0.2658384228936573,-0.3414655588538266,-0.2793350430989928,-0.2182945887621037,-0.2356014825503297,-0.3836389340593552,True,-0.2950262798344474,0.7707165109034267,0.9171339563862928,0.8504672897196262,0.8461059190031152
2026-04-04 00:00:00+00:00,0.0,0.0,0.0,0.0,0.0,0.0,0.0,0.0,-0.2658384228936573,-0.3414655588538266,-0.2793350430989928,-0.2182945887621037,-0.2356014825503297,-0.3836389340593552,True,-0.2950262798344474,0.7707165109034267,0.9171339563862928,0.8504672897196262,0.8461059190031152
2026-04-05 00:00:00+00:00,0.0,0.0,0.0,0.0,0.0,0.0,0.0,0.0,-0.2658384228936573,-0.3414655588538266,-0.2793350430989928,-0.2182945887621037,-0.2356014825503297,-0.3836389340593552,True,-0.2950262798344474,0.7707165109034267,0.9171339563862928,0.8504672897196262,0.8461059190031152
2026-04-06 00:00:00+00:00,0.0,0.0,0.0,0.0,0.0,0.0,0.0,0.0,-0.2658384228936573,-0.3414655588538266,-0.2793350430989928,-0.2182945887621037,-0.2356014825503297,-0.3836389340593552,True,-0.2950262798344474,0.7707165109034267,0.9171339563862928,0.8504672897196262,0.8461059190031152
2026-04-07 00:00:00+00:00,0.0,0.0,0.0,0.0,0.0,0.0,0.0,0.0,-0.2658384228936573,-0.3414655588538266,-0.2793350430989928,-0.2182945887621037,-0.2356014825503297,-0.3836389340593552,True,-0.2950262798344474,0.7707165109034267,0.9171339563862928,0.8504672897196262,0.8461059190031152
2026-04-08 00:00:00+00:00,0.0,0.0,0.0,0.0,0.0,0.0,0.0,0.0,-0.2658384228936573,-0.3414655588538266,-0.2793350430989928,-0.2182945887621037,-0.2356014825503297,-0.3836389340593552,True,-0.2950262798344474,0.7707165109034267,0.9171339563862928,0.8504672897196262,0.8461059190031152
2026-04-09 00:00:00+00:00,0.0,0.0,0.0,0.0,0.0,0.0,0.0,0.0,-0.2658384228936573,-0.3414655588538266,-0.2793350430989928,-0.2182945887621037,-0.2356014825503297,-0.3836389340593552,True,-0.2950262798344474,0.7707165109034267,0.9171339563862928,0.8504672897196262,0.8461059190031152
2026-04-10 00:00:00+00:00,0.0,0.0,0.0,0.0,0.0,0.0,0.0,0.0,-0.2658384228936573,-0.3414655588538266,-0.2793350430989928,-0.2182945887621037,-0.2356014825503297,-0.3836389340593552,True,-0.2950262798344474,0.7707165109034267,0.9171339563862928,0.8504672897196262,0.8461059190031152
2026-04-11 00:00:00+00:00,0.0,0.0,0.0,0.0,0.0,0.0,0.0,0.0,-0.2658384228936573,-0.3414655588538266,-0.2793350430989928,-0.2182945887621037,-0.2356014825503297,-0.3836389340593552,True,-0.2950262798344474,0.7707165109034267,0.9171339563862928,0.8504672897196262,0.8461059190031152
2026-04-12 00:00:00+00:00,0.0,0.0,0.0,0.0,0.0,0.0,0.0,0.0,-0.2658384228936573,-0.3414655588538266,-0.2793350430989928,-0.2182945887621037,-0.2356014825503297,-0.3836389340593552,True,-0.2950262798344474,0.7707165109034267,0.9171339563862928,0.8504672897196262,0.8461059190031152
2026-04-13 00:00:00+00:00,0.0,0.0,0.0,0.0,0.0,0.0,0.0,0.0,-0.2658384228936573,-0.3414655588538266,-0.2793350430989928,-0.2182945887621037,-0.2356014825503297,-0.3836389340593552,True,-0.2950262798344474,0.7707165109034267,0.9171339563862928,0.8504672897196262,0.8461059190031152
2026-04-14 00:00:00+00:00,0.0,0.0,0.0,0.0,0.0,0.0,0.0,0.0,-0.2658384228936573,-0.3414655588538266,-0.2793350430989928,-0.2182945887621037,-0.2356014825503297,-0.3836389340593552,True,-0.2950262798344474,0.7707165109034267,0.9171339563862928,0.8504672897196262,0.8461059190031152
2026-04-15 00:00:00+00:00,0.0,0.0,0.0,0.0,0.0,0.0,0.0,0.0,-0.2658384228936573,-0.3414655588538266,-0.2793350430989928,-0.2182945887621037,-0.2356014825503297,-0.3836389340593552,True,-0.2950262798344474,0.7707165109034267,0.9171339563862928,0.8504672897196262,0.8461059190031152
2026-04-16 00:00:00+00:00,0.0,0.0,0.0,0.0,0.0,0.0,0.0,0.0,-0.2658384228936573,-0.3414655588538266,-0.2793350430989928,-0.2182945887621037,-0.2356014825503297,-0.3836389340593552,True,-0.2950262798344474,0.7707165109034267,0.9171339563862928,0.8504672897196262,0.8461059190031152
2026-04-17 00:00:00+00:00,0.0,0.0,0.0,0.0,0.0,0.0,0.0,0.0,-0.2658384228936573,-0.3414655588538266,-0.2793350430989928,-0.2182945887621037,-0.2356014825503297,-0.3836389340593552,True,-0.2950262798344474,0.7707165109034267,0.9171339563862928,0.8504672897196262,0.8461059190031152
2026-04-18 00:00:00+00:00,0.0,0.0,0.0,0.0,0.0,0.0,0.0,0.0,-0.2658384228936573,-0.3414655588538266,-0.2793350430989928,-0.2182945887621037,-0.2356014825503297,-0.3836389340593552,True,-0.2950262798344474,0.7707165109034267,0.9171339563862928,0.8504672897196262,0.8461059190031152
2026-04-19 00:00:00+00:00,0.0,0.0,0.0,0.0,0.0,0.0,0.0,0.0,-0.2658384228936573,-0.3414655588538266,-0.2793350430989928,-0.2182945887621037,-0.2356014825503297,-0.3836389340593552,True,-0.2950262798344474,0.7707165109034267,0.9171339563862928,0.8504672897196262,0.8461059190031152
2026-04-20 00:00:00+00:00,0.0,0.0,0.0,0.0,0.0,0.0,0.0,0.0,-0.2658384228936573,-0.3414655588538266,-0.2793350430989928,-0.2182945887621037,-0.2356014825503297,-0.3836389340593552,True,-0.2950262798344474,0.7707165109034267,0.9171339563862928,0.8504672897196262,0.8461059190031152
2026-04-21 00:00:00+00:00,1.0,1.0,1.0,126.0,0.0,0.0,0.0,1.0,-0.1009734040589123,0.1750775344170421,0.6488901001181572,0.1100843202517845,-0.2356014825503297,3.1622239704244723,True,0.94188302793841,0.8510903426791278,0.9171339563862928,1.0,0.9227414330218068
2026-04-22 00:00:00+00:00,0.0,0.0,0.0,0.0,0.0,0.0,0.0,0.0,-0.2658384228936573,-0.3414655588538266,-0.2793350430989928,-0.2182945887621037,-0.2356014825503297,-0.3836389340593552,True,-0.2950262798344474,0.7707165109034267,0.9171339563862928,0.8504672897196262,0.8461059190031152
2026-04-23 00:00:00+00:00,0.0,0.0,0.0,0.0,0.0,0.0,0.0,0.0,-0.2658384228936573,-0.3414655588538266,-0.2793350430989928,-0.2182945887621037,-0.2356014825503297,-0.3836389340593552,True,-0.2950262798344474,0.7707165109034267,0.9171339563862928,0.8504672897196262,0.8461059190031152
2026-04-24 00:00:00+00:00,0.0,0.0,0.0,0.0,0.0,0.0,0.0,0.0,-0.2658384228936573,-0.3414655588538266,-0.2793350430989928,-0.2182945887621037,-0.2356014825503297,-0.3836389340593552,True,-0.2950262798344474,0.7707165109034267,0.9171339563862928,0.8504672897196262,0.8461059190031152
2026-04-25 00:00:00+00:00,0.0,0.0,0.0,0.0,0.0,0.0,0.0,0.0,-0.2658384228936573,-0.3414655588538266,-0.2793350430989928,-0.2182945887621037,-0.2356014825503297,-0.3836389340593552,True,-0.2950262798344474,0.7707165109034267,0.9171339563862928,0.8504672897196262,0.8461059190031152
2026-04-26 00:00:00+00:00,0.0,0.0,0.0,0.0,0.0,0.0,0.0,0.0,-0.2658384228936573,-0.3414655588538266,-0.2793350430989928,-0.2182945887621037,-0.2356014825503297,-0.3836389340593552,True,-0.2950262798344474,0.7707165109034267,0.9171339563862928,0.8504672897196262,0.8461059190031152
2026-04-27 00:00:00+00:00,0.0,0.0,0.0,0.0,0.0,0.0,0.0,0.0,-0.2658384228936573,-0.3414655588538266,-0.2793350430989928,-0.2182945887621037,-0.2356014825503297,-0.3836389340593552,True,-0.2950262798344474,0.7707165109034267,0.9171339563862928,0.8504672897196262,0.8461059190031152
2026-04-28 00:00:00+00:00,0.0,0.0,0.0,0.0,0.0,0.0,0.0,0.0,-0.2658384228936573,-0.3414655588538266,-0.2793350430989928,-0.2182945887621037,-0.2356014825503297,-0.3836389340593552,True,-0.2950262798344474,0.7707165109034267,0.9171339563862928,0.8504672897196262,0.8461059190031152
2026-04-29 00:00:00+00:00,0.0,0.0,0.0,0.0,0.0,0.0,0.0,0.0,-0.2658384228936573,-0.3414655588538266,-0.2793350430989928,-0.2182945887621037,-0.2356014825503297,-0.3836389340593552,True,-0.2950262798344474,0.7707165109034267,0.9171339563862928,0.8504672897196262,0.8461059190031152
2026-04-30 00:00:00+00:00,0.0,0.0,0.0,0.0,0.0,0.0,0.0,0.0,-0.2658384228936573,-0.3414655588538266,-0.2793350430989928,-0.2182945887621037,-0.2356014825503297,-0.3836389340593552,True,-0.2950262798344474,0.7707165109034267,0.9171339563862928,0.8504672897196262,0.8461059190031152
2026-05-01 00:00:00+00:00,0.0,0.0,0.0,0.0,0.0,0.0,0.0,0.0,-0.2658384228936573,-0.3414655588538266,-0.2793350430989928,-0.2182945887621037,-0.2356014825503297,-0.3836389340593552,True,-0.2950262798344474,0.7707165109034267,0.9171339563862928,0.8504672897196262,0.8461059190031152
2026-05-02 00:00:00+00:00,0.0,0.0,0.0,0.0,0.0,0.0,0.0,0.0,-0.2658384228936573,-0.3414655588538266,-0.2793350430989928,-0.2182945887621037,-0.2356014825503297,-0.3836389340593552,True,-0.2950262798344474,0.7707165109034267,0.9171339563862928,0.8504672897196262,0.8461059190031152
2026-05-03 00:00:00+00:00,0.0,0.0,0.0,0.0,0.0,0.0,0.0,0.0,-0.2658384228936573,-0.3414655588538266,-0.2793350430989928,-0.2182945887621037,-0.2356014825503297,-0.3836389340593552,True,-0.2950262798344474,0.7707165109034267,0.9171339563862928,0.8504672897196262,0.8461059190031152
2026-05-04 00:00:00+00:00,0.0,0.0,0.0,0.0,0.0,0.0,0.0,0.0,-0.2658384228936573,-0.3414655588538266,-0.2793350430989928,-0.2182945887621037,-0.2356014825503297,-0.3836389340593552,True,-0.2950262798344474,0.7707165109034267,0.9171339563862928,0.8504672897196262,0.8461059190031152
2026-05-05 00:00:00+00:00,0.0,0.0,0.0,0.0,0.0,0.0,0.0,0.0,-0.2658384228936573,-0.3414655588538266,-0.2793350430989928,-0.2182945887621037,-0.2356014825503297,-0.3836389340593552,True,-0.2950262798344474,0.7707165109034267,0.9171339563862928,0.8504672897196262,0.8461059190031152
2026-05-06 00:00:00+00:00,0.0,0.0,0.0,0.0,0.0,0.0,0.0,0.0,-0.2658384228936573,-0.3414655588538266,-0.2793350430989928,-0.2182945887621037,-0.2356014825503297,-0.3836389340593552,True,-0.2950262798344474,0.7707165109034267,0.9171339563862928,0.8504672897196262,0.8461059190031152
2026-05-07 00:00:00+00:00,1.0,1.0,1.0,4.0,0.0,0.0,0.0,1.0,-0.1009734040589123,0.1750775344170421,0.6488901001181572,-0.2078698614918215,-0.2356014825503297,3.1622239704244723,True,0.94188302793841,0.8510903426791278,0.9171339563862928,1.0,0.9227414330218068
2026-05-08 00:00:00+00:00,0.0,0.0,0.0,0.0,0.0,0.0,0.0,0.0,-0.2658384228936573,-0.3414655588538266,-0.2793350430989928,-0.2182945887621037,-0.2356014825503297,-0.3836389340593552,True,-0.2950262798344474,0.7707165109034267,0.9171339563862928,0.8504672897196262,0.8461059190031152
2026-05-09 00:00:00+00:00,0.0,0.0,0.0,0.0,0.0,0.0,0.0,0.0,-0.2658384228936573,-0.3414655588538266,-0.2793350430989928,-0.2182945887621037,-0.2356014825503297,-0.3836389340593552,True,-0.2950262798344474,0.7707165109034267,0.9171339563862928,0.8504672897196262,0.8461059190031152
2026-05-10 00:00:00+00:00,0.0,0.0,0.0,0.0,0.0,0.0,0.0,0.0,-0.2658384228936573,-0.3414655588538266,-0.2793350430989928,-0.2182945887621037,-0.2356014825503297,-0.3836389340593552,True,-0.2950262798344474,0.7707165109034267,0.9171339563862928,0.8504672897196262,0.8461059190031152
2026-05-11 00:00:00+00:00,0.0,0.0,0.0,0.0,0.0,0.0,0.0,0.0,-0.2658384228936573,-0.3414655588538266,-0.2793350430989928,-0.2182945887621037,-0.2356014825503297,-0.3836389340593552,True,-0.2950262798344474,0.7707165109034267,0.9171339563862928,0.8504672897196262,0.8461059190031152
2026-05-12 00:00:00+00:00,0.0,0.0,0.0,0.0,0.0,0.0,0.0,0.0,-0.2658384228936573,-0.3414655588538266,-0.2793350430989928,-0.2182945887621037,-0.2356014825503297,-0.3836389340593552,True,-0.2950262798344474,0.7707165109034267,0.9171339563862928,0.8504672897196262,0.8461059190031152
2026-05-13 00:00:00+00:00,0.0,0.0,0.0,0.0,0.0,0.0,0.0,0.0,-0.2658384228936573,-0.3414655588538266,-0.2793350430989928,-0.2182945887621037,-0.2356014825503297,-0.3836389340593552,True,-0.2950262798344474,0.7707165109034267,0.9171339563862928,0.8504672897196262,0.8461059190031152
2026-05-14 00:00:00+00:00,0.0,0.0,0.0,0.0,0.0,0.0,0.0,0.0,-0.2658384228936573,-0.3414655588538266,-0.2793350430989928,-0.2182945887621037,-0.2356014825503297,-0.3836389340593552,True,-0.2950262798344474,0.7707165109034267,0.9171339563862928,0.8504672897196262,0.8461059190031152
2026-05-15 00:00:00+00:00,0.0,0.0,0.0,0.0,0.0,0.0,0.0,0.0,-0.2658384228936573,-0.3414655588538266,-0.2793350430989928,-0.2182945887621037,-0.2356014825503297,-0.3836389340593552,True,-0.2950262798344474,0.7707165109034267,0.9171339563862928,0.8504672897196262,0.8461059190031152
2026-05-16 00:00:00+00:00,0.0,0.0,0.0,0.0,0.0,0.0,0.0,0.0,-0.2658384228936573,-0.3414655588538266,-0.2793350430989928,-0.2182945887621037,-0.2356014825503297,-0.3836389340593552,True,-0.2950262798344474,0.7707165109034267,0.9171339563862928,0.8504672897196262,0.8461059190031152
2026-05-17 00:00:00+00:00,0.0,0.0,0.0,0.0,0.0,0.0,0.0,0.0,-0.2658384228936573,-0.3414655588538266,-0.2793350430989928,-0.2182945887621037,-0.2356014825503297,-0.3836389340593552,True,-0.2950262798344474,0.7707165109034267,0.9171339563862928,0.8504672897196262,0.8461059190031152
2026-05-18 00:00:00+00:00,1.0,1.0,1.0,43.0,1.0,0.0,0.0,1.0,-0.1009734040589123,0.1750775344170421,0.6488901001181572,-0.1062287706065704,7.297002372845597,3.1622239704244723,True,3.4527509797370524,0.8510903426791278,1.0,1.0,0.9503634475597093
2026-05-19 00:00:00+00:00,0.0,0.0,0.0,0.0,0.0,0.0,0.0,0.0,-0.2658384228936573,-0.3414655588538266,-0.2793350430989928,-0.2182945887621037,-0.2356014825503297,-0.3836389340593552,True,-0.2950262798344474,0.7707165109034267,0.9171339563862928,0.8504672897196262,0.8461059190031152
2026-05-20 00:00:00+00:00,0.0,0.0,0.0,0.0,0.0,0.0,0.0,0.0,-0.2658384228936573,-0.3414655588538266,-0.2793350430989928,-0.2182945887621037,-0.2356014825503297,-0.3836389340593552,True,-0.2950262798344474,0.7707165109034267,0.9171339563862928,0.8504672897196262,0.8461059190031152
2026-05-21 00:00:00+00:00,0.0,0.0,0.0,0.0,0.0,0.0,0.0,0.0,-0.2658384228936573,-0.3414655588538266,-0.2793350430989928,-0.2182945887621037,-0.2356014825503297,-0.3836389340593552,True,-0.2950262798344474,0.7707165109034267,0.9171339563862928,0.8504672897196262,0.8461059190031152
2026-05-22 00:00:00+00:00,0.0,0.0,0.0,0.0,0.0,0.0,0.0,0.0,-0.2658384228936573,-0.3414655588538266,-0.2793350430989928,-0.2182945887621037,-0.2356014825503297,-0.3836389340593552,True,-0.2950262798344474,0.7707165109034267,0.9171339563862928,0.8504672897196262,0.8461059190031152
2026-05-23 00:00:00+00:00,0.0,0.0,0.0,0.0,0.0,0.0,0.0,0.0,-0.2658384228936573,-0.3414655588538266,-0.2793350430989928,-0.2182945887621037,-0.2356014825503297,-0.3836389340593552,True,-0.2950262798344474,0.7707165109034267,0.9171339563862928,0.8504672897196262,0.8461059190031152
2026-05-24 00:00:00+00:00,0.0,0.0,0.0,0.0,0.0,0.0,0.0,0.0,-0.2658384228936573,-0.3414655588538266,-0.2793350430989928,-0.2182945887621037,-0.2356014825503297,-0.3836389340593552,True,-0.2950262798344474,0.7707165109034267,0.9171339563862928,0.8504672897196262,0.8461059190031152
2026-05-25 00:00:00+00:00,0.0,0.0,0.0,0.0,0.0,0.0,0.0,0.0,-0.2658384228936573,-0.3414655588538266,-0.2793350430989928,-0.2182945887621037,-0.2356014825503297,-0.3836389340593552,True,-0.2950262798344474,0.7707165109034267,0.9171339563862928,0.8504672897196262,0.8461059190031152
2026-05-26 00:00:00+00:00,0.0,0.0,0.0,0.0,0.0,0.0,0.0,0.0,-0.2658384228936573,-0.3414655588538266,-0.2793350430989928,-0.2182945887621037,-0.2356014825503297,-0.3836389340593552,True,-0.2950262798344474,0.7707165109034267,0.9171339563862928,0.8504672897196262,0.8461059190031152
2026-05-27 00:00:00+00:00,0.0,0.0,0.0,0.0,0.0,0.0,0.0,0.0,-0.2658384228936573,-0.3414655588538266,-0.2793350430989928,-0.2182945887621037,-0.2356014825503297,-0.3836389340593552,True,-0.2950262798344474,0.7707165109034267,0.9171339563862928,0.8504672897196262,0.8461059190031152
2026-05-28 00:00:00+00:00,0.0,0.0,0.0,0.0,0.0,0.0,0.0,0.0,-0.2658384228936573,-0.3414655588538266,-0.2793350430989928,-0.2182945887621037,-0.2356014825503297,-0.3836389340593552,True,-0.2950262798344474,0.7707165109034267,0.9171339563862928,0.8504672897196262,0.8461059190031152
2026-05-29 00:00:00+00:00,0.0,0.0,0.0,0.0,0.0,0.0,0.0,0.0,-0.2658384228936573,-0.3414655588538266,-0.2793350430989928,-0.2182945887621037,-0.2356014825503297,-0.3836389340593552,True,-0.2950262798344474,0.7707165109034267,0.9171339563862928,0.8504672897196262,0.8461059190031152
2026-05-30 00:00:00+00:00,0.0,0.0,0.0,0.0,0.0,0.0,0.0,0.0,-0.2658384228936573,-0.3414655588538266,-0.2793350430989928,-0.2182945887621037,-0.2356014825503297,-0.3836389340593552,True,-0.2950262798344474,0.7707165109034267,0.9171339563862928,0.8504672897196262,0.8461059190031152
2026-05-31 00:00:00+00:00,0.0,0.0,0.0,0.0,0.0,0.0,0.0,0.0,-0.2658384228936573,-0.3414655588538266,-0.2793350430989928,-0.2182945887621037,-0.2356014825503297,-0.3836389340593552,True,-0.2950262798344474,0.7707165109034267,0.9171339563862928,0.8504672897196262,0.8461059190031152
2026-06-01 00:00:00+00:00,0.0,0.0,0.0,0.0,0.0,0.0,0.0,0.0,-0.2658384228936573,-0.3414655588538266,-0.2793350430989928,-0.2182945887621037,-0.2356014825503297,-0.3836389340593552,True,-0.2950262798344474,0.7707165109034267,0.9171339563862928,0.8504672897196262,0.8461059190031152
2026-06-02 00:00:00+00:00,0.0,0.0,0.0,0.0,0.0,0.0,0.0,0.0,-0.2658384228936573,-0.3414655588538266,-0.2793350430989928,-0.2182945887621037,-0.2356014825503297,-0.3836389340593552,True,-0.2950262798344474,0.7707165109034267,0.9171339563862928,0.8504672897196262,0.8461059190031152
2026-06-03 00:00:00+00:00,0.0,0.0,0.0,0.0,0.0,0.0,0.0,0.0,-0.2658384228936573,-0.3414655588538266,-0.2793350430989928,-0.2182945887621037,-0.2356014825503297,-0.3836389340593552,True,-0.2950262798344474,0.7707165109034267,0.9171339563862928,0.8504672897196262,0.8461059190031152
2026-06-04 00:00:00+00:00,0.0,0.0,0.0,0.0,0.0,0.0,0.0,0.0,-0.2658384228936573,-0.3414655588538266,-0.2793350430989928,-0.2182945887621037,-0.2356014825503297,-0.3836389340593552,True,-0.2950262798344474,0.7707165109034267,0.9171339563862928,0.8504672897196262,0.8461059190031152
2026-06-05 00:00:00+00:00,0.0,0.0,0.0,0.0,0.0,0.0,0.0,0.0,-0.2658384228936573,-0.3414655588538266,-0.2793350430989928,-0.2182945887621037,-0.2356014825503297,-0.3836389340593552,True,-0.2950262798344474,0.7707165109034267,0.9171339563862928,0.8504672897196262,0.8461059190031152
2026-06-06 00:00:00+00:00,2.0,2.0,1.0,5.0,0.5,0.5,0.0,0.5,0.0638916147758326,0.6916206276879109,0.6488901001181572,-0.205263679674251,3.530700445147634,1.3892925181825588,True,1.661294859368675,0.8922118380062305,0.9862928348909658,0.9077881619937694,0.9287642782969886
2026-06-07 00:00:00+00:00,0.0,0.0,0.0,0.0,0.0,0.0,0.0,0.0,-0.2658384228936573,-0.3414655588538266,-0.2793350430989928,-0.2182945887621037,-0.2356014825503297,-0.3836389340593552,True,-0.2950262798344474,0.7707165109034267,0.9171339563862928,0.8504672897196262,0.8461059190031152
2026-06-08 00:00:00+00:00,0.0,0.0,0.0,0.0,0.0,0.0,0.0,0.0,-0.2658384228936573,-0.3414655588538266,-0.2793350430989928,-0.2182945887621037,-0.2356014825503297,-0.3836389340593552,True,-0.2950262798344474,0.7707165109034267,0.9171339563862928,0.8504672897196262,0.8461059190031152
2026-06-09 00:00:00+00:00,0.0,0.0,0.0,0.0,0.0,0.0,0.0,0.0,-0.2658384228936573,-0.3414655588538266,-0.2793350430989928,-0.2182945887621037,-0.2356014825503297,-0.3836389340593552,True,-0.2950262798344474,0.7707165109034267,0.9171339563862928,0.8504672897196262,0.8461059190031152
2026-06-10 00:00:00+00:00,0.0,0.0,0.0,0.0,0.0,0.0,0.0,0.0,-0.2658384228936573,-0.3414655588538266,-0.2793350430989928,-0.2182945887621037,-0.2356014825503297,-0.3836389340593552,True,-0.2950262798344474,0.7707165109034267,0.9171339563862928,0.8504672897196262,0.8461059190031152
2026-06-11 00:00:00+00:00,0.0,0.0,0.0,0.0,0.0,0.0,0.0,0.0,-0.2658384228936573,-0.3414655588538266,-0.2793350430989928,-0.2182945887621037,-0.2356014825503297,-0.3836389340593552,True,-0.2950262798344474,0.7707165109034267,0.9171339563862928,0.8504672897196262,0.8461059190031152
2026-06-12 00:00:00+00:00,0.0,0.0,0.0,0.0,0.0,0.0,0.0,0.0,-0.2658384228936573,-0.3414655588538266,-0.2793350430989928,-0.2182945887621037,-0.2356014825503297,-0.3836389340593552,True,-0.2950262798344474,0.7707165109034267,0.9171339563862928,0.8504672897196262,0.8461059190031152
2026-06-13 00:00:00+00:00,0.0,0.0,0.0,0.0,0.0,0.0,0.0,0.0,-0.2658384228936573,-0.3414655588538266,-0.2793350430989928,-0.2182945887621037,-0.2356014825503297,-0.3836389340593552,True,-0.2950262798344474,0.7707165109034267,0.9171339563862928,0.8504672897196262,0.8461059190031152
2026-06-14 00:00:00+00:00,0.0,0.0,0.0,0.0,0.0,0.0,0.0,0.0,-0.2658384228936573,-0.3414655588538266,-0.2793350430989928,-0.2182945887621037,-0.2356014825503297,-0.3836389340593552,True,-0.2950262798344474,0.7707165109034267,0.9171339563862928,0.8504672897196262,0.8461059190031152
2026-06-15 00:00:00+00:00,0.0,0.0,0.0,0.0,0.0,0.0,0.0,0.0,-0.2658384228936573,-0.3414655588538266,-0.2793350430989928,-0.2182945887621037,-0.2356014825503297,-0.3836389340593552,True,-0.2950262798344474,0.7707165109034267,0.9171339563862928,0.8504672897196262,0.8461059190031152
2026-06-16 00:00:00+00:00,0.0,0.0,0.0,0.0,0.0,0.0,0.0,0.0,-0.2658384228936573,-0.3414655588538266,-0.2793350430989928,-0.2182945887621037,-0.2356014825503297,-0.3836389340593552,True,-0.2950262798344474,0.7707165109034267,0.9171339563862928,0.8504672897196262,0.8461059190031152
2026-06-17 00:00:00+00:00,2.0,2.0,2.0,21.0,0.5,0.0,0.0,1.0,0.0638916147758326,0.6916206276879109,1.5771152433353073,-0.1635647705931223,3.530700445147634,3.1622239704244723,True,2.25227201011598,0.8922118380062305,0.9862928348909658,1.0,0.9595015576323987
2026-06-18 00:00:00+00:00,0.0,0.0,0.0,0.0,0.0,0.0,0.0,0.0,-0.2658384228936573,-0.3414655588538266,-0.2793350430989928,-0.2182945887621037,-0.2356014825503297,-0.3836389340593552,True,-0.2950262798344474,0.7707165109034267,0.9171339563862928,0.8504672897196262,0.8461059190031152
2026-06-19 00:00:00+00:00,0.0,0.0,0.0,0.0,0.0,0.0,0.0,0.0,-0.2658384228936573,-0.3414655588538266,-0.2793350430989928,-0.2182945887621037,-0.2356014825503297,-0.3836389340593552,True,-0.2950262798344474,0.7707165109034267,0.9171339563862928,0.8504672897196262,0.8461059190031152
2026-06-20 00:00:00+00:00,0.0,0.0,0.0,0.0,0.0,0.0,0.0,0.0,-0.2658384228936573,-0.3414655588538266,-0.2793350430989928,-0.2182945887621037,-0.2356014825503297,-0.3836389340593552,True,-0.2950262798344474,0.7707165109034267,0.9171339563862928,0.8504672897196262,0.8461059190031152
2026-06-21 00:00:00+00:00,0.0,0.0,0.0,0.0,0.0,0.0,0.0,0.0,-0.2658384228936573,-0.3414655588538266,-0.2793350430989928,-0.2182945887621037,-0.2356014825503297,-0.3836389340593552,True,-0.2950262798344474,0.7707165109034267,0.9171339563862928,0.8504672897196262,0.8461059190031152
2026-06-22 00:00:00+00:00,0.0,0.0,0.0,0.0,0.0,0.0,0.0,0.0,-0.2658384228936573,-0.3414655588538266,-0.2793350430989928,-0.2182945887621037,-0.2356014825503297,-0.3836389340593552,True,-0.2950262798344474,0.7707165109034267,0.9171339563862928,0.8504672897196262,0.8461059190031152
2026-06-23 00:00:00+00:00,0.0,0.0,0.0,0.0,0.0,0.0,0.0,0.0,-0.2658384228936573,-0.3414655588538266,-0.2793350430989928,-0.2182945887621037,-0.2356014825503297,-0.3836389340593552,True,-0.2950262798344474,0.7707165109034267,0.9171339563862928,0.8504672897196262,0.8461059190031152
2026-06-24 00:00:00+00:00,0.0,0.0,0.0,0.0,0.0,0.0,0.0,0.0,-0.2658384228936573,-0.3414655588538266,-0.2793350430989928,-0.2182945887621037,-0.2356014825503297,-0.3836389340593552,True,-0.2950262798344474,0.7707165109034267,0.9171339563862928,0.8504672897196262,0.8461059190031152
2026-06-25 00:00:00+00:00,1.0,1.0,1.0,33.0,0.0,0.0,0.0,1.0,-0.1009734040589123,0.1750775344170421,0.6488901001181572,-0.1322905887822758,-0.2356014825503297,3.1622239704244723,True,0.94188302793841,0.8510903426791278,0.9171339563862928,1.0,0.9227414330218068
2026-06-26 00:00:00+00:00,0.0,0.0,0.0,0.0,0.0,0.0,0.0,0.0,-0.2658384228936573,-0.3414655588538266,-0.2793350430989928,-0.2182945887621037,-0.2356014825503297,-0.3836389340593552,True,-0.2950262798344474,0.7707165109034267,0.9171339563862928,0.8504672897196262,0.8461059190031152
2026-06-27 00:00:00+00:00,0.0,0.0,0.0,0.0,0.0,0.0,0.0,0.0,-0.2658384228936573,-0.3414655588538266,-0.2793350430989928,-0.2182945887621037,-0.2356014825503297,-0.3836389340593552,True,-0.2950262798344474,0.7707165109034267,0.9171339563862928,0.8504672897196262,0.8461059190031152
2026-06-28 00:00:00+00:00,0.0,0.0,0.0,0.0,0.0,0.0,0.0,0.0,-0.2658384228936573,-0.3414655588538266,-0.2793350430989928,-0.2182945887621037,-0.2356014825503297,-0.3836389340593552,True,-0.2950262798344474,0.7707165109034267,0.9171339563862928,0.8504672897196262,0.8461059190031152
2026-06-29 00:00:00+00:00,0.0,0.0,0.0,0.0,0.0,0.0,0.0,0.0,-0.2658384228936573,-0.3414655588538266,-0.2793350430989928,-0.2182945887621037,-0.2356014825503297,-0.3836389340593552,True,-0.2950262798344474,0.7707165109034267,0.9171339563862928,0.8504672897196262,0.8461059190031152
2026-06-30 00:00:00+00:00,1.0,1.0,1.0,1.0,0.0,0.0,0.0,1.0,-0.1009734040589123,0.1750775344170421,0.6488901001181572,-0.2156884069445331,-0.2356014825503297,3.1622239704244723,True,0.94188302793841,0.8510903426791278,0.9171339563862928,1.0,0.9227414330218068
2026-07-01 00:00:00+00:00,0.0,0.0,0.0,0.0,0.0,0.0,0.0,0.0,-0.2658384228936573,-0.3414655588538266,-0.2793350430989928,-0.2182945887621037,-0.2356014825503297,-0.3836389340593552,True,-0.2950262798344474,0.7707165109034267,0.9171339563862928,0.8504672897196262,0.8461059190031152
2026-07-02 00:00:00+00:00,0.0,0.0,0.0,0.0,0.0,0.0,0.0,0.0,-0.2658384228936573,-0.3414655588538266,-0.2793350430989928,-0.2182945887621037,-0.2356014825503297,-0.3836389340593552,True,-0.2950262798344474,0.7707165109034267,0.9171339563862928,0.8504672897196262,0.8461059190031152
2026-07-03 00:00:00+00:00,0.0,0.0,0.0,0.0,0.0,0.0,0.0,0.0,-0.2658384228936573,-0.3414655588538266,-0.2793350430989928,-0.2182945887621037,-0.2356014825503297,-0.3836389340593552,True,-0.2950262798344474,0.7707165109034267,0.9171339563862928,0.8504672897196262,0.8461059190031152
2026-07-04 00:00:00+00:00,0.0,0.0,0.0,0.0,0.0,0.0,0.0,0.0,-0.2658384228936573,-0.3414655588538266,-0.2793350430989928,-0.2182945887621037,-0.2356014825503297,-0.3836389340593552,True,-0.2950262798344474,0.7707165109034267,0.9171339563862928,0.8504672897196262,0.8461059190031152
2026-07-05 00:00:00+00:00,0.0,0.0,0.0,0.0,0.0,0.0,0.0,0.0,-0.2658384228936573,-0.3414655588538266,-0.2793350430989928,-0.2182945887621037,-0.2356014825503297,-0.3836389340593552,True,-0.2950262798344474,0.7707165109034267,0.9171339563862928,0.8504672897196262,0.8461059190031152
2026-07-06 00:00:00+00:00,0.0,0.0,0.0,0.0,0.0,0.0,0.0,0.0,-0.2658384228936573,-0.3414655588538266,-0.2793350430989928,-0.2182945887621037,-0.2356014825503297,-0.3836389340593552,True,-0.2950262798344474,0.7707165109034267,0.9171339563862928,0.8504672897196262,0.8461059190031152
2026-07-07 00:00:00+00:00,0.0,0.0,0.0,0.0,0.0,0.0,0.0,0.0,-0.2658384228936573,-0.3414655588538266,-0.2793350430989928,-0.2182945887621037,-0.2356014825503297,-0.3836389340593552,True,-0.2950262798344474,0.7707165109034267,0.9171339563862928,0.8504672897196262,0.8461059190031152
2026-07-08 00:00:00+00:00,0.0,0.0,0.0,0.0,0.0,0.0,0.0,0.0,-0.2658384228936573,-0.3414655588538266,-0.2793350430989928,-0.2182945887621037,-0.2356014825503297,-0.3836389340593552,True,-0.2950262798344474,0.7707165109034267,0.9171339563862928,0.8504672897196262,0.8461059190031152
2026-07-09 00:00:00+00:00,0.0,0.0,0.0,0.0,0.0,0.0,0.0,0.0,-0.2658384228936573,-0.3414655588538266,-0.2793350430989928,-0.2182945887621037,-0.2356014825503297,-0.3836389340593552,True,-0.2950262798344474,0.7707165109034267,0.9171339563862928,0.8504672897196262,0.8461059190031152
2026-07-10 00:00:00+00:00,0.0,0.0,0.0,0.0,0.0,0.0,0.0,0.0,-0.2658384228936573,-0.3414655588538266,-0.2793350430989928,-0.2182945887621037,-0.2356014825503297,-0.3836389340593552,True,-0.2950262798344474,0.7707165109034267,0.9171339563862928,0.8504672897196262,0.8461059190031152
2026-07-11 00:00:00+00:00,0.0,0.0,0.0,0.0,0.0,0.0,0.0,0.0,-0.2658384228936573,-0.3414655588538266,-0.2793350430989928,-0.2182945887621037,-0.2356014825503297,-0.3836389340593552,True,-0.2950262798344474,0.7707165109034267,0.9171339563862928,0.8504672897196262,0.8461059190031152
2026-07-12 00:00:00+00:00,0.0,0.0,0.0,0.0,0.0,0.0,0.0,0.0,-0.2658384228936573,-0.3414655588538266,-0.2793350430989928,-0.2182945887621037,-0.2356014825503297,-0.3836389340593552,True,-0.2950262798344474,0.7707165109034267,0.9171339563862928,0.8504672897196262,0.8461059190031152
2026-07-13 00:00:00+00:00,0.0,0.0,0.0,0.0,0.0,0.0,0.0,0.0,-0.2658384228936573,-0.3414655588538266,-0.2793350430989928,-0.2182945887621037,-0.2356014825503297,-0.3836389340593552,True,-0.2950262798344474,0.7707165109034267,0.9171339563862928,0.8504672897196262,0.8461059190031152
2026-07-14 00:00:00+00:00,1.0,1.0,0.0,0.0,0.0,1.0,0.0,0.0,-0.1009734040589123,0.1750775344170421,-0.2793350430989928,-0.2182945887621037,-0.2356014825503297,-0.3836389340593552,True,-0.240071273556199,0.8510903426791278,0.9171339563862928,0.8504672897196262,0.8728971962616822
2026-07-15 00:00:00+00:00,0.0,0.0,0.0,0.0,0.0,0.0,0.0,0.0,-0.2658384228936573,-0.3414655588538266,-0.2793350430989928,-0.2182945887621037,-0.2356014825503297,-0.3836389340593552,True,-0.2950262798344474,0.7707165109034267,0.9171339563862928,0.8504672897196262,0.8461059190031152
2026-07-16 00:00:00+00:00,0.0,0.0,0.0,0.0,0.0,0.0,0.0,0.0,-0.2658384228936573,-0.3414655588538266,-0.2793350430989928,-0.2182945887621037,-0.2356014825503297,-0.3836389340593552,True,-0.2950262798344474,0.7707165109034267,0.9171339563862928,0.8504672897196262,0.8461059190031152
2026-07-17 00:00:00+00:00,0.0,0.0,0.0,0.0,0.0,0.0,0.0,0.0,-0.2658384228936573,-0.3414655588538266,-0.2793350430989928,-0.2182945887621037,-0.2356014825503297,-0.3836389340593552,True,-0.2950262798344474,0.7707165109034267,0.9171339563862928,0.8504672897196262,0.8461059190031152
2026-07-18 00:00:00+00:00,0.0,0.0,0.0,0.0,0.0,0.0,0.0,0.0,-0.2658384228936573,-0.3414655588538266,-0.2793350430989928,-0.2182945887621037,-0.2356014825503297,-0.3836389340593552,True,-0.2950262798344474,0.7707165109034267,0.9171339563862928,0.8504672897196262,0.8461059190031152
2026-07-19 00:00:00+00:00,0.0,0.0,0.0,0.0,0.0,0.0,0.0,0.0,-0.2658384228936573,-0.3414655588538266,-0.2793350430989928,-0.2182945887621037,-0.2356014825503297,-0.3836389340593552,True,-0.2950262798344474,0.7707165109034267,0.9171339563862928,0.8504672897196262,0.8461059190031152
2026-07-20 00:00:00+00:00,0.0,0.0,0.0,0.0,0.0,0.0,0.0,0.0,-0.2658384228936573,-0.3414655588538266,-0.2793350430989928,-0.2182945887621037,-0.2356014825503297,-0.3836389340593552,True,-0.2950262798344474,0.7707165109034267,0.9171339563862928,0.8504672897196262,0.8461059190031152
2026-07-21 00:00:00+00:00,0.0,0.0,0.0,0.0,0.0,0.0,0.0,0.0,-0.2658384228936573,-0.3414655588538266,-0.2793350430989928,-0.2182945887621037,-0.2356014825503297,-0.3836389340593552,True,-0.2950262798344474,0.7707165109034267,0.9171339563862928,0.8504672897196262,0.8461059190031152
2026-07-22 00:00:00+00:00,0.0,0.0,0.0,0.0,0.0,0.0,0.0,0.0,-0.2658384228936573,-0.3414655588538266,-0.2793350430989928,-0.2182945887621037,-0.2356014825503297,-0.3836389340593552,True,-0.2950262798344474,0.7707165109034267,0.9171339563862928,0.8504672897196262,0.8461059190031152
2026-07-23 00:00:00+00:00,0.0,0.0,0.0,0.0,0.0,0.0,0.0,0.0,-0.2658384228936573,-0.3414655588538266,-0.2793350430989928,-0.2182945887621037,-0.2356014825503297,-0.3836389340593552,True,-0.2950262798344474,0.7707165109034267,0.9171339563862928,0.8504672897196262,0.8461059190031152
2026-07-24 00:00:00+00:00,0.0,0.0,0.0,0.0,0.0,0.0,0.0,0.0,-0.2658384228936573,-0.3414655588538266,-0.2793350430989928,-0.2182945887621037,-0.2356014825503297,-0.3836389340593552,True,-0.2950262798344474,0.7707165109034267,0.9171339563862928,0.8504672897196262,0.8461059190031152
2026-07-25 00:00:00+00:00,0.0,0.0,0.0,0.0,0.0,0.0,0.0,0.0,-0.2658384228936573,-0.3414655588538266,-0.2793350430989928,-0.2182945887621037,-0.2356014825503297,-0.3836389340593552,True,-0.2950262798344474,0.7707165109034267,0.9171339563862928,0.8504672897196262,0.8461059190031152
2026-07-26 00:00:00+00:00,0.0,0.0,0.0,0.0,0.0,0.0,0.0,0.0,-0.2658384228936573,-0.3414655588538266,-0.2793350430989928,-0.2182945887621037,-0.2356014825503297,-0.3836389340593552,True,-0.2950262798344474,0.7707165109034267,0.9171339563862928,0.8504672897196262,0.8461059190031152
2026-07-27 00:00:00+00:00,0.0,0.0,0.0,0.0,0.0,0.0,0.0,0.0,-0.2658384228936573,-0.3414655588538266,-0.2793350430989928,-0.2182945887621037,-0.2356014825503297,-0.3836389340593552,True,-0.2950262798344474,0.7707165109034267,0.9171339563862928,0.8504672897196262,0.8461059190031152
2026-07-28 00:00:00+00:00,0.0,0.0,0.0,0.0,0.0,0.0,0.0,0.0,-0.2658384228936573,-0.3414655588538266,-0.2793350430989928,-0.2182945887621037,-0.2356014825503297,-0.3836389340593552,True,-0.2950262798344474,0.7707165109034267,0.9171339563862928,0.8504672897196262,0.8461059190031152
2026-07-29 00:00:00+00:00,0.0,0.0,0.0,0.0,0.0,0.0,0.0,0.0,-0.2658384228936573,-0.3414655588538266,-0.2793350430989928,-0.2182945887621037,-0.2356014825503297,-0.3836389340593552,True,-0.2950262798344474,0.7707165109034267,0.9171339563862928,0.8504672897196262,0.8461059190031152
2026-07-30 00:00:00+00:00,0.0,0.0,0.0,0.0,0.0,0.0,0.0,0.0,-0.2658384228936573,-0.3414655588538266,-0.2793350430989928,-0.2182945887621037,-0.2356014825503297,-0.3836389340593552,True,-0.2950262798344474,0.7707165109034267,0.9171339563862928,0.8504672897196262,0.8461059190031152
2026-07-31 00:00:00+00:00,0.0,0.0,0.0,0.0,0.0,0.0,0.0,0.0,-0.2658384228936573,-0.3414655588538266,-0.2793350430989928,-0.2182945887621037,-0.2356014825503297,-0.3836389340593552,True,-0.2950262798344474,0.7707165109034267,0.9171339563862928,0.8504672897196262,0.8461059190031152
2026-08-01 00:00:00+00:00,0.0,0.0,0.0,0.0,0.0,0.0,0.0,0.0,-0.2658384228936573,-0.3414655588538266,-0.2793350430989928,-0.2182945887621037,-0.2356014825503297,-0.3836389340593552,True,-0.2950262798344474,0.7707165109034267,0.9171339563862928,0.8504672897196262,0.8461059190031152
2026-08-02 00:00:00+00:00,0.0,0.0,0.0,0.0,0.0,0.0,0.0,0.0,-0.2658384228936573,-0.3414655588538266,-0.2793350430989928,-0.2182945887621037,-0.2356014825503297,-0.3836389340593552,True,-0.2950262798344474,0.7707165109034267,0.9171339563862928,0.8504672897196262,0.8461059190031152
2026-08-03 00:00:00+00:00,1.0,1.0,1.0,0.0,0.0,0.0,0.0,1.0,-0.1009734040589123,0.1750775344170421,0.6488901001181572,-0.2182945887621037,-0.2356014825503297,3.1622239704244723,True,0.94188302793841,0.8510903426791278,0.9171339563862928,1.0,0.9227414330218068
2026-08-04 00:00:00+00:00,0.0,0.0,0.0,0.0,0.0,0.0,0.0,0.0,-0.2658384228936573,-0.3414655588538266,-0.2793350430989928,-0.2182945887621037,-0.2356014825503297,-0.3836389340593552,True,-0.2950262798344474,0.7707165109034267,0.9171339563862928,0.8504672897196262,0.8461059190031152
2026-08-05 00:00:00+00:00,0.0,0.0,0.0,0.0,0.0,0.0,0.0,0.0,-0.2658384228936573,-0.3414655588538266,-0.2793350430989928,-0.2182945887621037,-0.2356014825503297,-0.3836389340593552,True,-0.2950262798344474,0.7707165109034267,0.9171339563862928,0.8504672897196262,0.8461059190031152
2026-08-06 00:00:00+00:00,0.0,0.0,0.0,0.0,0.0,0.0,0.0,0.0,-0.2658384228936573,-0.3414655588538266,-0.2793350430989928,-0.2182945887621037,-0.2356014825503297,-0.3836389340593552,True,-0.2950262798344474,0.7707165109034267,0.9171339563862928,0.8504672897196262,0.8461059190031152
2026-08-07 00:00:00+00:00,1.0,1.0,0.0,88.0,0.0,0.0,0.0,0.0,-0.1009734040589123,0.1750775344170421,-0.2793350430989928,0.0110494111841039,-0.2356014825503297,-0.3836389340593552,True,-0.240071273556199,0.8510903426791278,0.9171339563862928,0.8504672897196262,0.8728971962616822
2026-08-08 00:00:00+00:00,0.0,0.0,0.0,0.0,0.0,0.0,0.0,0.0,-0.2658384228936573,-0.3414655588538266,-0.2793350430989928,-0.2182945887621037,-0.2356014825503297,-0.3836389340593552,True,-0.2950262798344474,0.7707165109034267,0.9171339563862928,0.8504672897196262,0.8461059190031152
2026-08-09 00:00:00+00:00,0.0,0.0,0.0,0.0,0.0,0.0,0.0,0.0,-0.2658384228936573,-0.3414655588538266,-0.2793350430989928,-0.2182945887621037,-0.2356014825503297,-0.3836389340593552,True,-0.2950262798344474,0.7707165109034267,0.9171339563862928,0.8504672897196262,0.8461059190031152
2026-08-10 00:00:00+00:00,0.0,0.0,0.0,0.0,0.0,0.0,0.0,0.0,-0.2658384228936573,-0.3414655588538266,-0.2793350430989928,-0.2182945887621037,-0.2356014825503297,-0.3836389340593552,True,-0.2950262798344474,0.7707165109034267,0.9171339563862928,0.8504672897196262,0.8461059190031152
2026-08-11 00:00:00+00:00,0.0,0.0,0.0,0.0,0.0,0.0,0.0,0.0,-0.2658384228936573,-0.3414655588538266,-0.2793350430989928,-0.2182945887621037,-0.2356014825503297,-0.3836389340593552,True,-0.2950262798344474,0.7707165109034267,0.9171339563862928,0.8504672897196262,0.8461059190031152
2026-08-12 00:00:00+00:00,0.0,0.0,0.0,0.0,0.0,0.0,0.0,0.0,-0.2658384228936573,-0.3414655588538266,-0.2793350430989928,-0.2182945887621037,-0.2356014825503297,-0.3836389340593552,True,-0.2950262798344474,0.7707165109034267,0.9171339563862928,0.8504672897196262,0.8461059190031152
2026-08-13 00:00:00+00:00,0.0,0.0,0.0,0.0,0.0,0.0,0.0,0.0,-0.2658384228936573,-0.3414655588538266,-0.2793350430989928,-0.2182945887621037,-0.2356014825503297,-0.3836389340593552,True,-0.2950262798344474,0.7707165109034267,0.9171339563862928,0.8504672897196262,0.8461059190031152
2026-08-14 00:00:00+00:00,0.0,0.0,0.0,0.0,0.0,0.0,0.0,0.0,-0.2658384228936573,-0.3414655588538266,-0.2793350430989928,-0.2182945887621037,-0.2356014825503297,-0.3836389340593552,True,-0.2950262798344474,0.7707165109034267,0.9171339563862928,0.8504672897196262,0.8461059190031152
2026-08-15 00:00:00+00:00,0.0,0.0,0.0,0.0,0.0,0.0,0.0,0.0,-0.2658384228936573,-0.3414655588538266,-0.2793350430989928,-0.2182945887621037,-0.2356014825503297,-0.3836389340593552,True,-0.2950262798344474,0.7707165109034267,0.9171339563862928,0.8504672897196262,0.8461059190031152
2026-08-16 00:00:00+00:00,2.0,1.0,0.0,37.0,0.0,0.0,0.0,0.0,0.0638916147758326,0.1750775344170421,-0.2793350430989928,-0.1218658615119936,-0.2356014825503297,-0.3836389340593552,True,-0.1851162672779507,0.8922118380062305,0.9171339563862928,0.8504672897196262,0.8866043613707165
2026-08-17 00:00:00+00:00,0.0,0.0,0.0,0.0,0.0,0.0,0.0,0.0,-0.2658384228936573,-0.3414655588538266,-0.2793350430989928,-0.2182945887621037,-0.2356014825503297,-0.3836389340593552,True,-0.2950262798344474,0.7707165109034267,0.9171339563862928,0.8504672897196262,0.8461059190031152
2026-08-18 00:00:00+00:00,0.0,0.0,0.0,0.0,0.0,0.0,0.0,0.0,-0.2658384228936573,-0.3414655588538266,-0.2793350430989928,-0.2182945887621037,-0.2356014825503297,-0.3836389340593552,True,-0.2950262798344474,0.7707165109034267,0.9171339563862928,0.8504672897196262,0.8461059190031152
2026-08-19 00:00:00+00:00,0.0,0.0,0.0,0.0,0.0,0.0,0.0,0.0,-0.2658384228936573,-0.3414655588538266,-0.2793350430989928,-0.2182945887621037,-0.2356014825503297,-0.3836389340593552,True,-0.2950262798344474,0.7707165109034267,0.9171339563862928,0.8504672897196262,0.8461059190031152
2026-08-20 00:00:00+00:00,0.0,0.0,0.0,0.0,0.0,0.0,0.0,0.0,-0.2658384228936573,-0.3414655588538266,-0.2793350430989928,-0.2182945887621037,-0.2356014825503297,-0.3836389340593552,True,-0.2950262798344474,0.7707165109034267,0.9171339563862928,0.8504672897196262,0.8461059190031152
2026-08-21 00:00:00+00:00,0.0,0.0,0.0,0.0,0.0,0.0,0.0,0.0,-0.2658384228936573,-0.3414655588538266,-0.2793350430989928,-0.2182945887621037,-0.2356014825503297,-0.3836389340593552,True,-0.2950262798344474,0.7707165109034267,0.9171339563862928,0.8504672897196262,0.8461059190031152
2026-08-22 00:00:00+00:00,0.0,0.0,0.0,0.0,0.0,0.0,0.0,0.0,-0.2658384228936573,-0.3414655588538266,-0.2793350430989928,-0.2182945887621037,-0.2356014825503297,-0.3836389340593552,True,-0.2950262798344474,0.7707165109034267,0.9171339563862928,0.8504672897196262,0.8461059190031152
2026-08-23 00:00:00+00:00,1.0,1.0,1.0,0.0,0.0,0.0,0.0,1.0,-0.1009734040589123,0.1750775344170421,0.6488901001181572,-0.2182945887621037,-0.2356014825503297,3.1622239704244723,True,0.94188302793841,0.8510903426791278,0.9171339563862928,1.0,0.9227414330218068
2026-08-24 00:00:00+00:00,0.0,0.0,0.0,0.0,0.0,0.0,0.0,0.0,-0.2658384228936573,-0.3414655588538266,-0.2793350430989928,-0.2182945887621037,-0.2356014825503297,-0.3836389340593552,True,-0.2950262798344474,0.7707165109034267,0.9171339563862928,0.8504672897196262,0.8461059190031152
2026-08-25 00:00:00+00:00,0.0,0.0,0.0,0.0,0.0,0.0,0.0,0.0,-0.2658384228936573,-0.3414655588538266,-0.2793350430989928,-0.2182945887621037,-0.2356014825503297,-0.3836389340593552,True,-0.2950262798344474,0.7707165109034267,0.9171339563862928,0.8504672897196262,0.8461059190031152
2026-08-26 00:00:00+00:00,0.0,0.0,0.0,0.0,0.0,0.0,0.0,0.0,-0.2658384228936573,-0.3414655588538266,-0.2793350430989928,-0.2182945887621037,-0.2356014825503297,-0.3836389340593552,True,-0.2950262798344474,0.7707165109034267,0.9171339563862928,0.8504672897196262,0.8461059190031152
2026-08-27 00:00:00+00:00,0.0,0.0,0.0,0.0,0.0,0.0,0.0,0.0,-0.2658384228936573,-0.3414655588538266,-0.2793350430989928,-0.2182945887621037,-0.2356014825503297,-0.3836389340593552,True,-0.2950262798344474,0.7707165109034267,0.9171339563862928,0.8504672897196262,0.8461059190031152
2026-08-28 00:00:00+00:00,0.0,0.0,0.0,0.0,0.0,0.0,0.0,0.0,-0.2658384228936573,-0.3414655588538266,-0.2793350430989928,-0.2182945887621037,-0.2356014825503297,-0.3836389340593552,True,-0.2950262798344474,0.7707165109034267,0.9171339563862928,0.8504672897196262,0.8461059190031152
2026-08-29 00:00:00+00:00,0.0,0.0,0.0,0.0,0.0,0.0,0.0,0.0,-0.2658384228936573,-0.3414655588538266,-0.2793350430989928,-0.2182945887621037,-0.2356014825503297,-0.3836389340593552,True,-0.2950262798344474,0.7707165109034267,0.9171339563862928,0.8504672897196262,0.8461059190031152
2026-08-30 00:00:00+00:00,0.0,0.0,0.0,0.0,0.0,0.0,0.0,0.0,-0.2658384228936573,-0.3414655588538266,-0.2793350430989928,-0.2182945887621037,-0.2356014825503297,-0.3836389340593552,True,-0.2950262798344474,0.7707165109034267,0.9171339563862928,0.8504672897196262,0.8461059190031152
2026-08-31 00:00:00+00:00,0.0,0.0,0.0,0.0,0.0,0.0,0.0,0.0,-0.2658384228936573,-0.3414655588538266,-0.2793350430989928,-0.2182945887621037,-0.2356014825503297,-0.3836389340593552,True,-0.2950262798344474,0.7707165109034267,0.9171339563862928,0.8504672897196262,0.8461059190031152
2026-09-01 00:00:00+00:00,2.0,1.0,1.0,0.0,0.5,0.0,0.0,1.0,0.0638916147758326,0.1750775344170421,0.6488901001181572,-0.2182945887621037,3.530700445147634,3.1622239704244723,True,2.25227201011598,0.8922118380062305,0.9862928348909658,1.0,0.9595015576323987
2026-09-02 00:00:00+00:00,0.0,0.0,0.0,0.0,0.0,0.0,0.0,0.0,-0.2658384228936573,-0.3414655588538266,-0.2793350430989928,-0.2182945887621037,-0.2356014825503297,-0.3836389340593552,True,-0.2950262798344474,0.7707165109034267,0.9171339563862928,0.8504672897196262,0.8461059190031152
2026-09-03 00:00:00+00:00,0.0,0.0,0.0,0.0,0.0,0.0,0.0,0.0,-0.2658384228936573,-0.3414655588538266,-0.2793350430989928,-0.2182945887621037,-0.2356014825503297,-0.3836389340593552,True,-0.2950262798344474,0.7707165109034267,0.9171339563862928,0.8504672897196262,0.8461059190031152
2026-09-04 00:00:00+00:00,0.0,0.0,0.0,0.0,0.0,0.0,0.0,0.0,-0.2658384228936573,-0.3414655588538266,-0.2793350430989928,-0.2182945887621037,-0.2356014825503297,-0.3836389340593552,True,-0.2950262798344474,0.7707165109034267,0.9171339563862928,0.8504672897196262,0.8461059190031152
2026-09-05 00:00:00+00:00,0.0,0.0,0.0,0.0,0.0,0.0,0.0,0.0,-0.2658384228936573,-0.3414655588538266,-0.2793350430989928,-0.2182945887621037,-0.2356014825503297,-0.3836389340593552,True,-0.2950262798344474,0.7707165109034267,0.9171339563862928,0.8504672897196262,0.8461059190031152
2026-09-06 00:00:00+00:00,0.0,0.0,0.0,0.0,0.0,0.0,0.0,0.0,-0.2658384228936573,-0.3414655588538266,-0.2793350430989928,-0.2182945887621037,-0.2356014825503297,-0.3836389340593552,True,-0.2950262798344474,0.7707165109034267,0.9171339563862928,0.8504672897196262,0.8461059190031152
2026-09-07 00:00:00+00:00,0.0,0.0,0.0,0.0,0.0,0.0,0.0,0.0,-0.2658384228936573,-0.3414655588538266,-0.2793350430989928,-0.2182945887621037,-0.2356014825503297,-0.3836389340593552,True,-0.2950262798344474,0.7707165109034267,0.9171339563862928,0.8504672897196262,0.8461059190031152
2026-09-08 00:00:00+00:00,0.0,0.0,0.0,0.0,0.0,0.0,0.0,0.0,-0.2658384228936573,-0.3414655588538266,-0.2793350430989928,-0.2182945887621037,-0.2356014825503297,-0.3836389340593552,True,-0.2950262798344474,0.7707165109034267,0.9171339563862928,0.8504672897196262,0.8461059190031152
2026-09-09 00:00:00+00:00,0.0,0.0,0.0,0.0,0.0,0.0,0.0,0.0,-0.2658384228936573,-0.3414655588538266,-0.2793350430989928,-0.2182945887621037,-0.2356014825503297,-0.3836389340593552,True,-0.2950262798344474,0.7707165109034267,0.9171339563862928,0.8504672897196262,0.8461059190031152
2026-09-10 00:00:00+00:00,0.0,0.0,0.0,0.0,0.0,0.0,0.0,0.0,-0.2658384228936573,-0.3414655588538266,-0.2793350430989928,-0.2182945887621037,-0.2356014825503297,-0.3836389340593552,True,-0.2950262798344474,0.7707165109034267,0.9171339563862928,0.8504672897196262,0.8461059190031152
2026-09-11 00:00:00+00:00,0.0,0.0,0.0,0.0,0.0,0.0,0.0,0.0,-0.2658384228936573,-0.3414655588538266,-0.2793350430989928,-0.2182945887621037,-0.2356014825503297,-0.3836389340593552,True,-0.2950262798344474,0.7707165109034267,0.9171339563862928,0.8504672897196262,0.8461059190031152
2026-09-12 00:00:00+00:00,2.0,2.0,2.0,5.0,0.5,0.0,0.0,1.0,0.0638916147758326,0.6916206276879109,1.5771152433353073,-0.205263679674251,3.530700445147634,3.1622239704244723,True,2.25227201011598,0.8922118380062305,0.9862928348909658,1.0,0.9595015576323987
