timestamp,edits_count,unique_editors,new_editors,mean_edit_size,revert_rate,bot_edit_share,hidden_user_share,editor_churn,z_edits_count,z_unique_editors,z_new_editors,z_mean_edit_size,z_revert_rate,z_editor_churn,is_baseline
2021-05-17 00:00:00+00:00,29.0,5.0,5.0,550.2068965517242,0.1379310344827586,0.0,0.0,1.0,4.6482669123969,2.944997921622179,7.23436143868901,0.05217662276465447,1.0228784255204748,3.4536583104494114,True
2021-05-18 00:00:00+00:00,6.0,5.0,2.0,25.5,0.0,0.0,0.0,0.4,0.8094791823702667,2.944997921622179,2.7195032829682213,-0.027822839500171663,-0.22192280643940296,1.1682161120615937,True
2021-05-19 00:00:00+00:00,2.0,1.0,0.0,1034.0,0.0,0.0,0.0,0.0,0.14186392497433048,0.3021562398693136,-0.29040215417897125,0.12593816159260507,-0.22192280643940296,-0.35541202019695123,True
2021-05-20 00:00:00+00:00,1.0,1.0,1.0,3.0,0.0,0.0,0.0,1.0,-0.025039889374653564,0.3021562398693136,1.214550564394625,-0.031253303084294096,-0.22192280643940296,3.4536583104494114,True
2021-05-21 00:00:00+00:00,1.0,1.0,0.0,2.0,0.0,0.0,0.0,0.0,-0.025039889374653564,0.3021562398693136,-0.29040215417897125,-0.031405768132477314,-0.22192280643940296,-0.35541202019695123,True
2021-05-22 00:00:00+00:00,0.0,0.0,0.0,0.0,0.0,0.0,0.0,0.0,-0.19194370372363762,-0.3585541805689027,-0.29040215417897125,-0.03171069822884376,-0.22192280643940296,-0.35541202019695123,True
2021-05-23 00:00:00+00:00,0.0,0.0,0.0,0.0,0.0,0.0,0.0,0.0,-0.19194370372363762,-0.3585541805689027,-0.29040215417897125,-0.03171069822884376,-0.22192280643940296,-0.35541202019695123,True
2021-05-24 00:00:00+00:00,0.0,0.0,0.0,0.0,0.0,0.0,0.0,0.0,-0.19194370372363762,-0.3585541805689027,-0.29040215417897125,-0.03171069822884376,-0.22192280643940296,-0.35541202019695123,True
2021-05-25 00:00:00+00:00,0.0,0.0,0.0,0.0,0.0,0.0,0.0,0.0,-0.19194370372363762,-0.3585541805689027,-0.29040215417897125,-0.03171069822884376,-0.22192280643940296,-0.35541202019695123,True
2021-05-26 00:00:00+00:00,0.0,0.0,0.0,0.0,0.0,0.0,0.0,0.0,-0.19194370372363762,-0.3585541805689027,-0.29040215417897125,-0.03171069822884376,-0.22192280643940296,-0.35541202019695123,True
2021-05-27 00:00:00+00:00,0.0,0.0,0.0,0.0,0.0,0.0,0.0,0.0,-0.19194370372363762,-0.3585541805689027,-0.29040215417897125,-0.03171069822884376,-0.22192280643940296,-0.35541202019695123,True
2021-05-28 00:00:00+00:00,0.0,0.0,0.0,0.0,0.0,0.0,0.0,0.0,-0.19194370372363762,-0.3585541805689027,-0.29040215417897125,-0.03171069822884376,-0.22192280643940296,-0.35541202019695123,True
2021-05-29 00:00:00+00:00,0.0,0.0,0.0,0.0,0.0,0.0,0.0,0.0,-0.19194370372363762,-0.3585541805689027,-0.29040215417897125,-0.03171069822884376,-0.22192280643940296,-0.35541202019695123,True
2021-05-30 00:00:00+00:00,1.0,1.0,1.0,320.0,0.0,0.0,0.0,1.0,-0.025039889374653564,0.3021562398693136,1.214550564394625,0.017078117189786444,-0.22192280643940296,3.4536583104494114,True
2021-05-31 00:00:00+00:00,0.0,0.0,0.0,0.0,0.0,0.0,0.0,0.0,-0.19194370372363762,-0.3585541805689027,-0.29040215417897125,-0.03171069822884376,-0.22192280643940296,-0.35541202019695123,True
2021-06-01 00:00:00+00:00,0.0,0.0,0.0,0.0,0.0,0.0,0.0,0.0,-0.19194370372363762,-0.3585541805689027,-0.29040215417897125,-0.03171069822884376,-0.22192280643940296,-0.35541202019695123,True
2021-06-02 00:00:00+00:00,0.0,0.0,0.0,0.0,0.0,0.0,0.0,0.0,-0.19194370372363762,-0.3585541805689027,-0.29040215417897125,-0.03171069822884376,-0.22192280643940296,-0.35541202019695123,True
2021-06-03 00:00:00+00:00,0.0,0.0,0.0,0.0,0.0,0.0,0.0,0.0,-0.19194370372363762,-0.3585541805689027,-0.29040215417897125,-0.03171069822884376,-0.22192280643940296,-0.35541202019695123,True
2021-06-04 00:00:00+00:00,0.0,0.0,0.0,0.0,0.0,0.0,0.0,0.0,-0.19194370372363762,-0.3585541805689027,-0.29040215417897125,-0.03171069822884376,-0.22192280643940296,-0.35541202019695123,True
2021-06-05 00:00:00+00:00,0.0,0.0,0.0,0.0,0.0,0.0,0.0,0.0,-0.19194370372363762,-0.3585541805689027,-0.29040215417897125,-0.03171069822884376,-0.22192280643940296,-0.35541202019695123,True
2021-06-06 00:00:00+00:00,0.0,0.0,0.0,0.0,0.0,0.0,0.0,0.0,-0.19194370372363762,-0.3585541805689027,-0.29040215417897125,-0.03171069822884376,-0.22192280643940296,-0.35541202019695123,True
2021-06-07 00:00:00+00:00,0.0,0.0,0.0,0.0,0.0,0.0,0.0,0.0,-0.19194370372363762,-0.3585541805689027,-0.29040215417897125,-0.03171069822884376,-0.22192280643940296,-0.35541202019695123,True
2021-06-08 00:00:00+00:00,0.0,0.0,0.0,0.0,0.0,0.0,0.0,0.0,-0.19194370372363762,-0.3585541805689027,-0.29040215417897125,-0.03171069822884376,-0.22192280643940296,-0.35541202019695123,True
2021-06-09 00:00:00+00:00,0.0,0.0,0.0,0.0,0.0,0.0,0.0,0.0,-0.19194370372363762,-0.3585541805689027,-0.29040215417897125,-0.03171069822884376,-0.22192280643940296,-0.35541202019695123,True
2021-06-10 00:00:00+00:00,0.0,0.0,0.0,0.0,0.0,0.0,0.0,0.0,-0.19194370372363762,-0.3585541805689027,-0.29040215417897125,-0.03171069822884376,-0.22192280643940296,-0.35541202019695123,True
2021-06-11 00:00:00+00:00,0.0,0.0,0.0,0.0,0.0,0.0,0.0,0.0,-0.19194370372363762,-0.3585541805689027,-0.29040215417897125,-0.03171069822884376,-0.22192280643940296,-0.35541202019695123,True
2021-06-12 00:00:00+00:00,0.0,0.0,0.0,0.0,0.0,0.0,0.0,0.0,-0.19194370372363762,-0.3585541805689027,-0.29040215417897125,-0.03171069822884376,-0.22192280643940296,-0.35541202019695123,True
2021-06-13 00:00:00+00:00,0.0,0.0,0.0,0.0,0.0,0.0,0.0,0.0,-0.19194370372363762,-0.3585541805689027,-0.29040215417897125,-0.03171069822884376,-0.22192280643940296,-0.35541202019695123,True
2021-06-14 00:00:00+00:00,0.0,0.0,0.0,0.0,0.0,0.0,0.0,0.0,-0.19194370372363762,-0.3585541805689027,-0.29040215417897125,-0.03171069822884376,-0.22192280643940296,-0.35541202019695123,True
2021-06-15 00:00:00+00:00,0.0,0.0,0.0,0.0,0.0,0.0,0.0,0.0,-0.19194370372363762,-0.3585541805689027,-0.29040215417897125,-0.03171069822884376,-0.22192280643940296,-0.35541202019695123,True
2021-06-16 00:00:00+00:00,0.0,0.0,0.0,0.0,0.0,0.0,0.0,0.0,-0.19194370372363762,-0.3585541805689027,-0.29040215417897125,-0.03171069822884376,-0.22192280643940296,-0.35541202019695123,True
2021-06-17 00:00:00+00:00,0.0,0.0,0.0,0.0,0.0,0.0,0.0,0.0,-0.19194370372363762,-0.3585541805689027,-0.29040215417897125,-0.03171069822884376,-0.22192280643940296,-0.35541202019695123,True
2021-06-18 00:00:00+00:00,0.0,0.0,0.0,0.0,0.0,0.0,0.0,0.0,-0.19194370372363762,-0.3585541805689027,-0.29040215417897125,-0.03171069822884376,-0.22192280643940296,-0.35541202019695123,True
2021-06-19 00:00:00+00:00,0.0,0.0,0.0,0.0,0.0,0.0,0.0,0.0,-0.19194370372363762,-0.3585541805689027,-0.29040215417897125,-0.03171069822884376,-0.22192280643940296,-0.35541202019695123,True
2021-06-20 00:00:00+00:00,0.0,0.0,0.0,0.0,0.0,0.0,0.0,0.0,-0.19194370372363762,-0.3585541805689027,-0.29040215417897125,-0.03171069822884376,-0.22192280643940296,-0.35541202019695123,True
2021-06-21 00:00:00+00:00,0.0,0.0,0.0,0.0,0.0,0.0,0.0,0.0,-0.19194370372363762,-0.3585541805689027,-0.29040215417897125,-0.03171069822884376,-0.22192280643940296,-0.35541202019695123,True
2021-06-22 00:00:00+00:00,0.0,0.0,0.0,0.0,0.0,0.0,0.0,0.0,-0.19194370372363762,-0.3585541805689027,-0.29040215417897125,-0.03171069822884376,-0.22192280643940296,-0.35541202019695123,True
2021-06-23 00:00:00+00:00,0.0,0.0,0.0,0.0,0.0,0.0,0.0,0.0,-0.19194370372363762,-0.3585541805689027,-0.29040215417897125,-0.03171069822884376,-0.22192280643940296,-0.35541202019695123,True
2021-06-24 00:00:00+00:00,0.0,0.0,0.0,0.0,0.0,0.0,0.0,0.0,-0.19194370372363762,-0.3585541805689027,-0.29040215417897125,-0.03171069822884376,-0.22192280643940296,-0.35541202019695123,True
2021-06-25 00:00:00+00:00,0.0,0.0,0.0,0.0,0.0,0.0,0.0,0.0,-0.19194370372363762,-0.3585541805689027,-0.29040215417897125,-0.03171069822884376,-0.22192280643940296,-0.35541202019695123,True
2021-06-26 00:00:00+00:00,0.0,0.0,0.0,0.0,0.0,0.0,0.0,0.0,-0.19194370372363762,-0.3585541805689027,-0.29040215417897125,-0.03171069822884376,-0.22192280643940296,-0.35541202019695123,True
2021-06-27 00:00:00+00:00,0.0,0.0,0.0,0.0,0.0,0.0,0.0,0.0,-0.19194370372363762,-0.3585541805689027,-0.29040215417897125,-0.03171069822884376,-0.22192280643940296,-0.35541202019695123,True
2021-06-28 00:00:00+00:00,0.0,0.0,0.0,0.0,0.0,0.0,0.0,0.0,-0.19194370372363762,-0.3585541805689027,-0.29040215417897125,-0.03171069822884376,-0.22192280643940296,-0.35541202019695123,True
2021-06-29 00:00:00+00:00,0.0,0.0,0.0,0.0,0.0,0.0,0.0,0.0,-0.19194370372363762,-0.3585541805689027,-0.29040215417897125,-0.03171069822884376,-0.22192280643940296,-0.35541202019695123,True
2021-06-30 00:00:00+00:00,0.0,0.0,0.0,0.0,0.0,0.0,0.0,0.0,-0.19194370372363762,-0.3585541805689027,-0.29040215417897125,-0.03171069822884376,-0.22192280643940296,-0.35541202019695123,True
2021-07-01 00:00:00+00:00,0.0,0.0,0.0,0.0,0.0,0.0,0.0,0.0,-0.19194370372363762,-0.3585541805689027,-0.29040215417897125,-0.03171069822884376,-0.22192280643940296,-0.35541202019695123,True
2021-07-02 00:00:00+00:00,0.0,0.0,0.0,0.0,0.0,0.0,0.0,0.0,-0.19194370372363762,-0.3585541805689027,-0.29040215417897125,-0.03171069822884376,-0.22192280643940296,-0.35541202019695123,True
2021-07-03 00:00:00+00:00,0.0,0.0,0.0,0.0,0.0,0.0,0.0,0.0,-0.19194370372363762,-0.3585541805689027,-0.29040215417897125,-0.03171069822884376,-0.22192280643940296,-0.35541202019695123,True
2021-07-04 00:00:00+00:00,0.0,0.0,0.0,0.0,0.0,0.0,0.0,0.0,-0.19194370372363762,-0.3585541805689027,-0.29040215417897125,-0.03171069822884376,-0.22192280643940296,-0.35541202019695123,True
2021-07-05 00:00:00+00:00,0.0,0.0,0.0,0.0,0.0,0.0,0.0,0.0,-0.19194370372363762,-0.3585541805689027,-0.29040215417897125,-0.03171069822884376,-0.22192280643940296,-0.35541202019695123,True
2021-07-06 00:00:00+00:00,0.0,0.0,0.0,0.0,0.0,0.0,0.0,0.0,-0.19194370372363762,-0.3585541805689027,-0.29040215417897125,-0.03171069822884376,-0.22192280643940296,-0.35541202019695123,True
2021-07-07 00:00:00+00:00,0.0,0.0,0.0,0.0,0.0,0.0,0.0,0.0,-0.19194370372363762,-0.3585541805689027,-0.29040215417897125,-0.03171069822884376,-0.22192280643940296,-0.35541202019695123,True
2021-07-08 00:00:00+00:00,0.0,0.0,0.0,0.0,0.0,0.0,0.0,0.0,-0.19194370372363762,-0.3585541805689027,-0.29040215417897125,-0.03171069822884376,-0.22192280643940296,-0.35541202019695123,True
2021-07-09 00:00:00+00:00,0.0,0.0,0.0,0.0,0.0,0.0,0.0,0.0,-0.19194370372363762,-0.3585541805689027,-0.29040215417897125,-0.03171069822884376,-0.22192280643940296,-0.35541202019695123,True
2021-07-10 00:00:00+00:00,0.0,0.0,0.0,0.0,0.0,0.0,0.0,0.0,-0.19194370372363762,-0.3585541805689027,-0.29040215417897125,-0.03171069822884376,-0.22192280643940296,-0.35541202019695123,True
2021-07-11 00:00:00+00:00,0.0,0.0,0.0,0.0,0.0,0.0,0.0,0.0,-0.19194370372363762,-0.3585541805689027,-0.29040215417897125,-0.03171069822884376,-0.22192280643940296,-0.35541202019695123,True
2021-07-12 00:00:00+00:00,0.0,0.0,0.0,0.0,0.0,0.0,0.0,0.0,-0.19194370372363762,-0.3585541805689027,-0.29040215417897125,-0.03171069822884376,-0.22192280643940296,-0.35541202019695123,True
2021-07-13 00:00:00+00:00,0.0,0.0,0.0,0.0,0.0,0.0,0.0,0.0,-0.19194370372363762,-0.3585541805689027,-0.29040215417897125,-0.03171069822884376,-0.22192280643940296,-0.35541202019695123,True
2021-07-14 00:00:00+00:00,0.0,0.0,0.0,0.0,0.0,0.0,0.0,0.0,-0.19194370372363762,-0.3585541805689027,-0.29040215417897125,-0.03171069822884376,-0.22192280643940296,-0.35541202019695123,True
2021-07-15 00:00:00+00:00,0.0,0.0,0.0,0.0,0.0,0.0,0.0,0.0,-0.19194370372363762,-0.3585541805689027,-0.29040215417897125,-0.03171069822884376,-0.22192280643940296,-0.35541202019695123,True
2021-07-16 00:00:00+00:00,0.0,0.0,0.0,0.0,0.0,0.0,0.0,0.0,-0.19194370372363762,-0.3585541805689027,-0.29040215417897125,-0.03171069822884376,-0.22192280643940296,-0.35541202019695123,True
2021-07-17 00:00:00+00:00,0.0,0.0,0.0,0.0,0.0,0.0,0.0,0.0,-0.19194370372363762,-0.3585541805689027,-0.29040215417897125,-0.03171069822884376,-0.22192280643940296,-0.35541202019695123,True
2021-07-18 00:00:00+00:00,0.0,0.0,0.0,0.0,0.0,0.0,0.0,0.0,-0.19194370372363762,-0.3585541805689027,-0.29040215417897125,-0.03171069822884376,-0.22192280643940296,-0.35541202019695123,True
2021-07-19 00:00:00+00:00,0.0,0.0,0.0,0.0,0.0,0.0,0.0,0.0,-0.19194370372363762,-0.3585541805689027,-0.29040215417897125,-0.03171069822884376,-0.22192280643940296,-0.35541202019695123,True
2021-07-20 00:00:00+00:00,0.0,0.0,0.0,0.0,0.0,0.0,0.0,0.0,-0.19194370372363762,-0.3585541805689027,-0.29040215417897125,-0.03171069822884376,-0.22192280643940296,-0.35541202019695123,True
2021-07-21 00:00:00+00:00,0.0,0.0,0.0,0.0,0.0,0.0,0.0,0.0,-0.19194370372363762,-0.3585541805689027,-0.29040215417897125,-0.03171069822884376,-0.22192280643940296,-0.35541202019695123,True
2021-07-22 00:00:00+00:00,0.0,0.0,0.0,0.0,0.0,0.0,0.0,0.0,-0.19194370372363762,-0.3585541805689027,-0.29040215417897125,-0.03171069822884376,-0.22192280643940296,-0.35541202019695123,True
2021-07-23 00:00:00+00:00,0.0,0.0,0.0,0.0,0.0,0.0,0.0,0.0,-0.19194370372363762,-0.3585541805689027,-0.29040215417897125,-0.03171069822884376,-0.22192280643940296,-0.35541202019695123,True
2021-07-24 00:00:00+00:00,0.0,0.0,0.0,0.0,0.0,0.0,0.0,0.0,-0.19194370372363762,-0.3585541805689027,-0.29040215417897125,-0.03171069822884376,-0.22192280643940296,-0.35541202019695123,True
2021-07-25 00:00:00+00:00,0.0,0.0,0.0,0.0,0.0,0.0,0.0,0.0,-0.19194370372363762,-0.3585541805689027,-0.29040215417897125,-0.03171069822884376,-0.22192280643940296,-0.35541202019695123,True
2021-07-26 00:00:00+00:00,0.0,0.0,0.0,0.0,0.0,0.0,0.0,0.0,-0.19194370372363762,-0.3585541805689027,-0.29040215417897125,-0.03171069822884376,-0.22192280643940296,-0.35541202019695123,True
2021-07-27 00:00:00+00:00,0.0,0.0,0.0,0.0,0.0,0.0,0.0,0.0,-0.19194370372363762,-0.3585541805689027,-0.29040215417897125,-0.03171069822884376,-0.22192280643940296,-0.35541202019695123,True
2021-07-28 00:00:00+00:00,0.0,0.0,0.0,0.0,0.0,0.0,0.0,0.0,-0.19194370372363762,-0.3585541805689027,-0.29040215417897125,-0.03171069822884376,-0.22192280643940296,-0.35541202019695123,True
2021-07-29 00:00:00+00:00,0.0,0.0,0.0,0.0,0.0,0.0,0.0,0.0,-0.19194370372363762,-0.3585541805689027,-0.29040215417897125,-0.03171069822884376,-0.22192280643940296,-0.35541202019695123,True
2021-07-30 00:00:00+00:00,0.0,0.0,0.0,0.0,0.0,0.0,0.0,0.0,-0.19194370372363762,-0.3585541805689027,-0.29040215417897125,-0.03171069822884376,-0.22192280643940296,-0.35541202019695123,True
2021-07-31 00:00:00+00:00,0.0,0.0,0.0,0.0,0.0,0.0,0.0,0.0,-0.19194370372363762,-0.3585541805689027,-0.29040215417897125,-0.03171069822884376,-0.22192280643940296,-0.35541202019695123,True
2021-08-01 00:00:00+00:00,0.0,0.0,0.0,0.0,0.0,0.0,0.0,0.0,-0.19194370372363762,-0.3585541805689027,-0.29040215417897125,-0.03171069822884376,-0.22192280643940296,-0.35541202019695123,True
2021-08-02 00:00:00+00:00,0.0,0.0,0.0,0.0,0.0,0.0,0.0,0.0,-0.19194370372363762,-0.3585541805689027,-0.29040215417897125,-0.03171069822884376,-0.22192280643940296,-0.35541202019695123,True
2021-08-03 00:00:00+00:00,0.0,0.0,0.0,0.0,0.0,0.0,0.0,0.0,-0.19194370372363762,-0.3585541805689027,-0.29040215417897125,-0.03171069822884376,-0.22192280643940296,-0.35541202019695123,True
2021-08-04 00:00:00+00:00,0.0,0.0,0.0,0.0,0.0,0.0,0.0,0.0,-0.19194370372363762,-0.3585541805689027,-0.29040215417897125,-0.03171069822884376,-0.22192280643940296,-0.35541202019695123,True
2021-08-05 00:00:00+00:00,0.0,0.0,0.0,0.0,0.0,0.0,0.0,0.0,-0.19194370372363762,-0.3585541805689027,-0.29040215417897125,-0.03171069822884376,-0.22192280643940296,-0.35541202019695123,True
2021-08-06 00:00:00+00:00,0.0,0.0,0.0,0.0,0.0,0.0,0.0,0.0,-0.19194370372363762,-0.3585541805689027,-0.29040215417897125,-0.03171069822884376,-0.22192280643940296,-0.35541202019695123,True
2021-08-07 00:00:00+00:00,0.0,0.0,0.0,0.0,0.0,0.0,0.0,0.0,-0.19194370372363762,-0.3585541805689027,-0.29040215417897125,-0.03171069822884376,-0.22192280643940296,-0.35541202019695123,True
2021-08-08 00:00:00+00:00,0.0,0.0,0.0,0.0,0.0,0.0,0.0,0.0,-0.19194370372363762,-0.3585541805689027,-0.29040215417897125,-0.03171069822884376,-0.22192280643940296,-0.35541202019695123,True
2021-08-09 00:00:00+00:00,0.0,0.0,0.0,0.0,0.0,0.0,0.0,0.0,-0.19194370372363762,-0.3585541805689027,-0.29040215417897125,-0.03171069822884376,-0.22192280643940296,-0.35541202019695123,True
2021-08-10 00:00:00+00:00,0.0,0.0,0.0,0.0,0.0,0.0,0.0,0.0,-0.19194370372363762,-0.3585541805689027,-0.29040215417897125,-0.03171069822884376,-0.22192280643940296,-0.35541202019695123,True
2021-08-11 00:00:00+00:00,0.0,0.0,0.0,0.0,0.0,0.0,0.0,0.0,-0.19194370372363762,-0.3585541805689027,-0.29040215417897125,-0.03171069822884376,-0.22192280643940296,-0.35541202019695123,True
2021-08-12 00:00:00+00:00,0.0,0.0,0.0,0.0,0.0,0.0,0.0,0.0,-0.19194370372363762,-0.3585541805689027,-0.29040215417897125,-0.03171069822884376,-0.22192280643940296,-0.35541202019695123,True
2021-08-13 00:00:00+00:00,0.0,0.0,0.0,0.0,0.0,0.0,0.0,0.0,-0.19194370372363762,-0.3585541805689027,-0.29040215417897125,-0.03171069822884376,-0.22192280643940296,-0.35541202019695123,True
2021-08-14 00:00:00+00:00,0.0,0.0,0.0,0.0,0.0,0.0,0.0,0.0,-0.19194370372363762,-0.3585541805689027,-0.29040215417897125,-0.03171069822884376,-0.22192280643940296,-0.35541202019695123,True
2021-08-15 00:00:00+00:00,0.0,0.0,0.0,0.0,0.0,0.0,0.0,0.0,-0.19194370372363762,-0.3585541805689027,-0.29040215417897125,-0.03171069822884376,-0.22192280643940296,-0.35541202019695123,True
2021-08-16 00:00:00+00:00,0.0,0.0,0.0,0.0,0.0,0.0,0.0,0.0,-0.19194370372363762,-0.3585541805689027,-0.29040215417897125,-0.03171069822884376,-0.22192280643940296,-0.35541202019695123,True
2021-08-17 00:00:00+00:00,0.0,0.0,0.0,0.0,0.0,0.0,0.0,0.0,-0.19194370372363762,-0.3585541805689027,-0.29040215417897125,-0.03171069822884376,-0.22192280643940296,-0.35541202019695123,True
2021-08-18 00:00:00+00:00,0.0,0.0,0.0,0.0,0.0,0.0,0.0,0.0,-0.19194370372363762,-0.3585541805689027,-0.29040215417897125,-0.03171069822884376,-0.22192280643940296,-0.35541202019695123,True
2021-08-19 00:00:00+00:00,0.0,0.0,0.0,0.0,0.0,0.0,0.0,0.0,-0.19194370372363762,-0.3585541805689027,-0.29040215417897125,-0.03171069822884376,-0.22192280643940296,-0.35541202019695123,True
2021-08-20 00:00:00+00:00,1.0,1.0,1.0,2.0,0.0,0.0,0.0,1.0,-0.025039889374653564,0.3021562398693136,1.214550564394625,-0.031405768132477314,-0.22192280643940296,3.4536583104494114,True
2021-08-21 00:00:00+00:00,0.0,0.0,0.0,0.0,0.0,0.0,0.0,0.0,-0.19194370372363762,-0.3585541805689027,-0.29040215417897125,-0.03171069822884376,-0.22192280643940296,-0.35541202019695123,True
2021-08-22 00:00:00+00:00,0.0,0.0,0.0,0.0,0.0,0.0,0.0,0.0,-0.19194370372363762,-0.3585541805689027,-0.29040215417897125,-0.03171069822884376,-0.22192280643940296,-0.35541202019695123,True
2021-08-23 00:00:00+00:00,0.0,0.0,0.0,0.0,0.0,0.0,0.0,0.0,-0.19194370372363762,-0.3585541805689027,-0.29040215417897125,-0.03171069822884376,-0.22192280643940296,-0.35541202019695123,True
2021-08-24 00:00:00+00:00,0.0,0.0,0.0,0.0,0.0,0.0,0.0,0.0,-0.19194370372363762,-0.3585541805689027,-0.29040215417897125,-0.03171069822884376,-0.22192280643940296,-0.35541202019695123,True
2021-08-25 00:00:00+00:00,0.0,0.0,0.0,0.0,0.0,0.0,0.0,0.0,-0.19194370372363762,-0.3585541805689027,-0.29040215417897125,-0.03171069822884376,-0.22192280643940296,-0.35541202019695123,True
2021-08-26 00:00:00+00:00,0.0,0.0,0.0,0.0,0.0,0.0,0.0,0.0,-0.19194370372363762,-0.3585541805689027,-0.29040215417897125,-0.03171069822884376,-0.22192280643940296,-0.35541202019695123,True
2021-08-27 00:00:00+00:00,0.0,0.0,0.0,0.0,0.0,0.0,0.0,0.0,-0.19194370372363762,-0.3585541805689027,-0.29040215417897125,-0.03171069822884376,-0.22192280643940296,-0.35541202019695123,True
2021-08-28 00:00:00+00:00,0.0,0.0,0.0,0.0,0.0,0.0,0.0,0.0,-0.19194370372363762,-0.3585541805689027,-0.29040215417897125,-0.03171069822884376,-0.22192280643940296,-0.35541202019695123,True
2021-08-29 00:00:00+00:00,0.0,0.0,0.0,0.0,0.0,0.0,0.0,0.0,-0.19194370372363762,-0.3585541805689027,-0.29040215417897125,-0.03171069822884376,-0.22192280643940296,-0.35541202019695123,True
2021-08-30 00:00:00+00:00,0.0,0.0,0.0,0.0,0.0,0.0,0.0,0.0,-0.19194370372363762,-0.3585541805689027,-0.29040215417897125,-0.03171069822884376,-0.22192280643940296,-0.35541202019695123,True
2021-08-31 00:00:00+00:00,0.0,0.0,0.0,0.0,0.0,0.0,0.0,0.0,-0.19194370372363762,-0.3585541805689027,-0.29040215417897125,-0.03171069822884376,-0.22192280643940296,-0.35541202019695123,True
2021-09-01 00:00:00+00:00,0.0,0.0,0.0,0.0,0.0,0.0,0.0,0.0,-0.19194370372363762,-0.3585541805689027,-0.29040215417897125,-0.03171069822884376,-0.22192280643940296,-0.35541202019695123,True
2021-09-02 00:00:00+00:00,0.0,0.0,0.0,0.0,0.0,0.0,0.0,0.0,-0.19194370372363762,-0.3585541805689027,-0.29040215417897125,-0.03171069822884376,-0.22192280643940296,-0.35541202019695123,True
2021-09-03 00:00:00+00:00,1.0,1.0,1.0,196.0,0.0,0.0,0.0,1.0,-0.025039889374653564,0.3021562398693136,1.214550564394625,-0.0018275487849327584,-0.22192280643940296,3.4536583104494114,True
2021-09-04 00:00:00+00:00,0.0,0.0,0.0,0.0,0.0,0.0,0.0,0.0,-0.19194370372363762,-0.3585541805689027,-0.29040215417897125,-0.03171069822884376,-0.22192280643940296,-0.35541202019695123,True
2021-09-05 00:00:00+00:00,0.0,0.0,0.0,0.0,0.0,0.0,0.0,0.0,-0.19194370372363762,-0.3585541805689027,-0.29040215417897125,-0.03171069822884376,-0.22192280643940296,-0.35541202019695123,True
2021-09-06 00:00:00+00:00,0.0,0.0,0.0,0.0,0.0,0.0,0.0,0.0,-0.19194370372363762,-0.3585541805689027,-0.29040215417897125,-0.03171069822884376,-0.22192280643940296,-0.35541202019695123,True
2021-09-07 00:00:00+00:00,0.0,0.0,0.0,0.0,0.0,0.0,0.0,0.0,-0.19194370372363762,-0.3585541805689027,-0.29040215417897125,-0.03171069822884376,-0.22192280643940296,-0.35541202019695123,True
2021-09-08 00:00:00+00:00,0.0,0.0,0.0,0.0,0.0,0.0,0.0,0.0,-0.19194370372363762,-0.3585541805689027,-0.29040215417897125,-0.03171069822884376,-0.22192280643940296,-0.35541202019695123,True
2021-09-09 00:00:00+00:00,2.0,2.0,1.0,2.0,0.5,0.0,0.0,0.5,0.14186392497433048,0.9628666603075299,1.214550564394625,-0.031405768132477314,4.290481659415155,1.54912314512623,True
2021-09-10 00:00:00+00:00,0.0,0.0,0.0,0.0,0.0,0.0,0.0,0.0,-0.19194370372363762,-0.3585541805689027,-0.29040215417897125,-0.03171069822884376,-0.22192280643940296,-0.35541202019695123,True
2021-09-11 00:00:00+00:00,1.0,1.0,1.0,10.0,0.0,0.0,0.0,1.0,-0.025039889374653564,0.3021562398693136,1.214550564394625,-0.030186047747011564,-0.22192280643940296,3.4536583104494114,True
2021-09-12 00:00:00+00:00,0.0,0.0,0.0,0.0,0.0,0.0,0.0,0.0,-0.19194370372363762,-0.3585541805689027,-0.29040215417897125,-0.03171069822884376,-0.22192280643940296,-0.35541202019695123,True
2021-09-13 00:00:00+00:00,0.0,0.0,0.0,0.0,0.0,0.0,0.0,0.0,-0.19194370372363762,-0.3585541805689027,-0.29040215417897125,-0.03171069822884376,-0.22192280643940296,-0.35541202019695123,True
2021-09-14 00:00:00+00:00,0.0,0.0,0.0,0.0,0.0,0.0,0.0,0.0,-0.19194370372363762,-0.3585541805689027,-0.29040215417897125,-0.03171069822884376,-0.22192280643940296,-0.35541202019695123,True
2021-09-15 00:00:00+00:00,0.0,0.0,0.0,0.0,0.0,0.0,0.0,0.0,-0.19194370372363762,-0.3585541805689027,-0.29040215417897125,-0.03171069822884376,-0.22192280643940296,-0.35541202019695123,True
2021-09-16 00:00:00+00:00,0.0,0.0,0.0,0.0,0.0,0.0,0.0,0.0,-0.19194370372363762,-0.3585541805689027,-0.29040215417897125,-0.03171069822884376,-0.22192280643940296,-0.35541202019695123,True
2021-09-17 00:00:00+00:00,0.0,0.0,0.0,0.0,0.0,0.0,0.0,0.0,-0.19194370372363762,-0.3585541805689027,-0.29040215417897125,-0.03171069822884376,-0.22192280643940296,-0.35541202019695123,True
2021-09-18 00:00:00+00:00,0.0,0.0,0.0,0.0,0.0,0.0,0.0,0.0,-0.19194370372363762,-0.3585541805689027,-0.29040215417897125,-0.03171069822884376,-0.22192280643940296,-0.35541202019695123,True
2021-09-19 00:00:00+00:00,0.0,0.0,0.0,0.0,0.0,0.0,0.0,0.0,-0.19194370372363762,-0.3585541805689027,-0.29040215417897125,-0.03171069822884376,-0.22192280643940296,-0.35541202019695123,True
2021-09-20 00:00:00+00:00,0.0,0.0,0.0,0.0,0.0,0.0,0.0,0.0,-0.19194370372363762,-0.3585541805689027,-0.29040215417897125,-0.03171069822884376,-0.22192280643940296,-0.35541202019695123,True
2021-09-21 00:00:00+00:00,1.0,1.0,0.0,368.0,0.0,0.0,0.0,0.0,-0.025039889374653564,0.3021562398693136,-0.29040215417897125,0.024396439502580976,-0.22192280643940296,-0.35541202019695123,True
2021-09-22 00:00:00+00:00,4.0,3.0,2.0,1102.5,0.0,0.0,0.0,0.6666666666666666,0.4756715536722986,1.6235770807457464,2.7195032829682213,0.1363820173931556,-0.22192280643940296,2.183968200233957,True
2021-09-23 00:00:00+00:00,0.0,0.0,0.0,0.0,0.0,0.0,0.0,0.0,-0.19194370372363762,-0.3585541805689027,-0.29040215417897125,-0.03171069822884376,-0.22192280643940296,-0.35541202019695123,True
2021-09-24 00:00:00+00:00,0.0,0.0,0.0,0.0,0.0,0.0,0.0,0.0,-0.19194370372363762,-0.3585541805689027,-0.29040215417897125,-0.03171069822884376,-0.22192280643940296,-0.35541202019695123,True
2021-09-25 00:00:00+00:00,2.0,2.0,1.0,9.0,0.5,0.0,0.0,0.5,0.14186392497433048,0.9628666603075299,1.214550564394625,-0.030338512795194783,4.290481659415155,1.54912314512623,True
2021-09-26 00:00:00+00:00,0.0,0.0,0.0,0.0,0.0,0.0,0.0,0.0,-0.19194370372363762,-0.3585541805689027,-0.29040215417897125,-0.03171069822884376,-0.22192280643940296,-0.35541202019695123,True
2021-09-27 00:00:00+00:00,0.0,0.0,0.0,0.0,0.0,0.0,0.0,0.0,-0.19194370372363762,-0.3585541805689027,-0.29040215417897125,-0.03171069822884376,-0.22192280643940296,-0.35541202019695123,True
2021-09-28 00:00:00+00:00,1.0,1.0,0.0,886.0,0.0,0.0,0.0,0.0,-0.025039889374653564,0.3021562398693136,-0.29040215417897125,0.10337333446148861,-0.22192280643940296,-0.35541202019695123,True
2021-09-29 00:00:00+00:00,0.0,0.0,0.0,0.0,0.0,0.0,0.0,0.0,-0.19194370372363762,-0.3585541805689027,-0.29040215417897125,-0.03171069822884376,-0.22192280643940296,-0.35541202019695123,True
2021-09-30 00:00:00+00:00,0.0,0.0,0.0,0.0,0.0,0.0,0.0,0.0,-0.19194370372363762,-0.3585541805689027,-0.29040215417897125,-0.03171069822884376,-0.22192280643940296,-0.35541202019695123,True
2021-10-01 00:00:00+00:00,0.0,0.0,0.0,0.0,0.0,0.0,0.0,0.0,-0.19194370372363762,-0.3585541805689027,-0.29040215417897125,-0.03171069822884376,-0.22192280643940296,-0.35541202019695123,True
2021-10-02 00:00:00+00:00,0.0,0.0,0.0,0.0,0.0,0.0,0.0,0.0,-0.19194370372363762,-0.3585541805689027,-0.29040215417897125,-0.03171069822884376,-0.22192280643940296,-0.35541202019695123,True
2021-10-03 00:00:00+00:00,0.0,0.0,0.0,0.0,0.0,0.0,0.0,0.0,-0.19194370372363762,-0.3585541805689027,-0.29040215417897125,-0.03171069822884376,-0.22192280643940296,-0.35541202019695123,True
2021-10-04 00:00:00+00:00,0.0,0.0,0.0,0.0,0.0,0.0,0.0,0.0,-0.19194370372363762,-0.3585541805689027,-0.29040215417897125,-0.03171069822884376,-0.22192280643940296,-0.35541202019695123,True
2021-10-05 00:00:00+00:00,0.0,0.0,0.0,0.0,0.0,0.0,0.0,0.0,-0.19194370372363762,-0.3585541805689027,-0.29040215417897125,-0.03171069822884376,-0.22192280643940296,-0.35541202019695123,True
2021-10-06 00:00:00+00:00,0.0,0.0,0.0,0.0,0.0,0.0,0.0,0.0,-0.19194370372363762,-0.3585541805689027,-0.29040215417897125,-0.03171069822884376,-0.22192280643940296,-0.35541202019695123,True
2021-10-07 00:00:00+00:00,0.0,0.0,0.0,0.0,0.0,0.0,0.0,0.0,-0.19194370372363762,-0.3585541805689027,-0.29040215417897125,-0.03171069822884376,-0.22192280643940296,-0.35541202019695123,True
2021-10-08 00:00:00+00:00,0.0,0.0,0.0,0.0,0.0,0.0,0.0,0.0,-0.19194370372363762,-0.3585541805689027,-0.29040215417897125,-0.03171069822884376,-0.22192280643940296,-0.35541202019695123,True
2021-10-09 00:00:00+00:00,0.0,0.0,0.0,0.0,0.0,0.0,0.0,0.0,-0.19194370372363762,-0.3585541805689027,-0.29040215417897125,-0.03171069822884376,-0.22192280643940296,-0.35541202019695123,True
2021-10-10 00:00:00+00:00,0.0,0.0,0.0,0.0,0.0,0.0,0.0,0.0,-0.19194370372363762,-0.3585541805689027,-0.29040215417897125,-0.03171069822884376,-0.22192280643940296,-0.35541202019695123,True
2021-10-11 00:00:00+00:00,0.0,0.0,0.0,0.0,0.0,0.0,0.0,0.0,-0.19194370372363762,-0.3585541805689027,-0.29040215417897125,-0.03171069822884376,-0.22192280643940296,-0.35541202019695123,True
2021-10-12 00:00:00+00:00,0.0,0.0,0.0,0.0,0.0,0.0,0.0,0.0,-0.19194370372363762,-0.3585541805689027,-0.29040215417897125,-0.03171069822884376,-0.22192280643940296,-0.35541202019695123,True
2021-10-13 00:00:00+00:00,0.0,0.0,0.0,0.0,0.0,0.0,0.0,0.0,-0.19194370372363762,-0.3585541805689027,-0.29040215417897125,-0.03171069822884376,-0.22192280643940296,-0.35541202019695123,True
2021-10-14 00:00:00+00:00,0.0,0.0,0.0,0.0,0.0,0.0,0.0,0.0,-0.19194370372363762,-0.3585541805689027,-0.29040215417897125,-0.03171069822884376,-0.22192280643940296,-0.35541202019695123,True
2021-10-15 00:00:00+00:00,0.0,0.0,0.0,0.0,0.0,0.0,0.0,0.0,-0.19194370372363762,-0.3585541805689027,-0.29040215417897125,-0.03171069822884376,-0.22192280643940296,-0.35541202019695123,True
2021-10-16 00:00:00+00:00,0.0,0.0,0.0,0.0,0.0,0.0,0.0,0.0,-0.19194370372363762,-0.3585541805689027,-0.29040215417897125,-0.03171069822884376,-0.22192280643940296,-0.35541202019695123,True
2021-10-17 00:00:00+00:00,0.0,0.0,0.0,0.0,0.0,0.0,0.0,0.0,-0.19194370372363762,-0.3585541805689027,-0.29040215417897125,-0.03171069822884376,-0.22192280643940296,-0.35541202019695123,True
2021-10-18 00:00:00+00:00,0.0,0.0,0.0,0.0,0.0,0.0,0.0,0.0,-0.19194370372363762,-0.3585541805689027,-0.29040215417897125,-0.03171069822884376,-0.22192280643940296,-0.35541202019695123,True
2021-10-19 00:00:00+00:00,0.0,0.0,0.0,0.0,0.0,0.0,0.0,0.0,-0.19194370372363762,-0.3585541805689027,-0.29040215417897125,-0.03171069822884376,-0.22192280643940296,-0.35541202019695123,True
2021-10-20 00:00:00+00:00,0.0,0.0,0.0,0.0,0.0,0.0,0.0,0.0,-0.19194370372363762,-0.3585541805689027,-0.29040215417897125,-0.03171069822884376,-0.22192280643940296,-0.35541202019695123,True
2021-10-21 00:00:00+00:00,2.0,1.0,1.0,1.0,0.5,0.0,0.0,1.0,0.14186392497433048,0.3021562398693136,1.214550564394625,-0.03155823318066054,4.290481659415155,3.4536583104494114,True
2021-10-22 00:00:00+00:00,0.0,0.0,0.0,0.0,0.0,0.0,0.0,0.0,-0.19194370372363762,-0.3585541805689027,-0.29040215417897125,-0.03171069822884376,-0.22192280643940296,-0.35541202019695123,True
2021-10-23 00:00:00+00:00,0.0,0.0,0.0,0.0,0.0,0.0,0.0,0.0,-0.19194370372363762,-0.3585541805689027,-0.29040215417897125,-0.03171069822884376,-0.22192280643940296,-0.35541202019695123,True
2021-10-24 00:00:00+00:00,0.0,0.0,0.0,0.0,0.0,0.0,0.0,0.0,-0.19194370372363762,-0.3585541805689027,-0.29040215417897125,-0.03171069822884376,-0.22192280643940296,-0.35541202019695123,True
2021-10-25 00:00:00+00:00,0.0,0.0,0.0,0.0,0.0,0.0,0.0,0.0,-0.19194370372363762,-0.3585541805689027,-0.29040215417897125,-0.03171069822884376,-0.22192280643940296,-0.35541202019695123,True
2021-10-26 00:00:00+00:00,0.0,0.0,0.0,0.0,0.0,0.0,0.0,0.0,-0.19194370372363762,-0.3585541805689027,-0.29040215417897125,-0.03171069822884376,-0.22192280643940296,-0.35541202019695123,True
2021-10-27 00:00:00+00:00,0.0,0.0,0.0,0.0,0.0,0.0,0.0,0.0,-0.19194370372363762,-0.3585541805689027,-0.29040215417897125,-0.03171069822884376,-0.22192280643940296,-0.35541202019695123,True
2021-10-28 00:00:00+00:00,0.0,0.0,0.0,0.0,0.0,0.0,0.0,0.0,-0.19194370372363762,-0.3585541805689027,-0.29040215417897125,-0.03171069822884376,-0.22192280643940296,-0.35541202019695123,True
2021-10-29 00:00:00+00:00,0.0,0.0,0.0,0.0,0.0,0.0,0.0,0.0,-0.19194370372363762,-0.3585541805689027,-0.29040215417897125,-0.03171069822884376,-0.22192280643940296,-0.35541202019695123,True
2021-10-30 00:00:00+00:00,0.0,0.0,0.0,0.0,0.0,0.0,0.0,0.0,-0.19194370372363762,-0.3585541805689027,-0.29040215417897125,-0.03171069822884376,-0.22192280643940296,-0.35541202019695123,True
2021-10-31 00:00:00+00:00,0.0,0.0,0.0,0.0,0.0,0.0,0.0,0.0,-0.19194370372363762,-0.3585541805689027,-0.29040215417897125,-0.03171069822884376,-0.22192280643940296,-0.35541202019695123,True
2021-11-01 00:00:00+00:00,0.0,0.0,0.0,0.0,0.0,0.0,0.0,0.0,-0.19194370372363762,-0.3585541805689027,-0.29040215417897125,-0.03171069822884376,-0.22192280643940296,-0.35541202019695123,True
2021-11-02 00:00:00+00:00,4.0,1.0,1.0,5.0,0.0,0.0,0.0,1.0,0.4756715536722986,0.3021562398693136,1.214550564394625,-0.030948372987927658,-0.22192280643940296,3.4536583104494114,True
2021-11-03 00:00:00+00:00,0.0,0.0,0.0,0.0,0.0,0.0,0.0,0.0,-0.19194370372363762,-0.3585541805689027,-0.29040215417897125,-0.03171069822884376,-0.22192280643940296,-0.35541202019695123,True
2021-11-04 00:00:00+00:00,0.0,0.0,0.0,0.0,0.0,0.0,0.0,0.0,-0.19194370372363762,-0.3585541805689027,-0.29040215417897125,-0.03171069822884376,-0.22192280643940296,-0.35541202019695123,True
2021-11-05 00:00:00+00:00,0.0,0.0,0.0,0.0,0.0,0.0,0.0,0.0,-0.19194370372363762,-0.3585541805689027,-0.29040215417897125,-0.03171069822884376,-0.22192280643940296,-0.35541202019695123,True
2021-11-06 00:00:00+00:00,1.0,1.0,1.0,0.0,0.0,0.0,0.0,1.0,-0.025039889374653564,0.3021562398693136,1.214550564394625,-0.03171069822884376,-0.22192280643940296,3.4536583104494114,True
2021-11-07 00:00:00+00:00,0.0,0.0,0.0,0.0,0.0,0.0,0.0,0.0,-0.19194370372363762,-0.3585541805689027,-0.29040215417897125,-0.03171069822884376,-0.22192280643940296,-0.35541202019695123,True
2021-11-08 00:00:00+00:00,0.0,0.0,0.0,0.0,0.0,0.0,0.0,0.0,-0.19194370372363762,-0.3585541805689027,-0.29040215417897125,-0.03171069822884376,-0.22192280643940296,-0.35541202019695123,True
2021-11-09 00:00:00+00:00,0.0,0.0,0.0,0.0,0.0,0.0,0.0,0.0,-0.19194370372363762,-0.3585541805689027,-0.29040215417897125,-0.03171069822884376,-0.22192280643940296,-0.35541202019695123,True
2021-11-10 00:00:00+00:00,0.0,0.0,0.0,0.0,0.0,0.0,0.0,0.0,-0.19194370372363762,-0.3585541805689027,-0.29040215417897125,-0.03171069822884376,-0.22192280643940296,-0.35541202019695123,True
2021-11-11 00:00:00+00:00,0.0,0.0,0.0,0.0,0.0,0.0,0.0,0.0,-0.19194370372363762,-0.3585541805689027,-0.29040215417897125,-0.03171069822884376,-0.22192280643940296,-0.35541202019695123,True
2021-11-12 00:00:00+00:00,0.0,0.0,0.0,0.0,0.0,0.0,0.0,0.0,-0.19194370372363762,-0.3585541805689027,-0.29040215417897125,-0.03171069822884376,-0.22192280643940296,-0.35541202019695123,True
2021-11-13 00:00:00+00:00,0.0,0.0,0.0,0.0,0.0,0.0,0.0,0.0,-0.19194370372363762,-0.3585541805689027,-0.29040215417897125,-0.03171069822884376,-0.22192280643940296,-0.35541202019695123,True
2021-11-14 00:00:00+00:00,0.0,0.0,0.0,0.0,0.0,0.0,0.0,0.0,-0.19194370372363762,-0.3585541805689027,-0.29040215417897125,-0.03171069822884376,-0.22192280643940296,-0.35541202019695123,True
2021-11-15 00:00:00+00:00,0.0,0.0,0.0,0.0,0.0,0.0,0.0,0.0,-0.19194370372363762,-0.3585541805689027,-0.29040215417897125,-0.03171069822884376,-0.22192280643940296,-0.35541202019695123,True
2021-11-16 00:00:00+00:00,0.0,0.0,0.0,0.0,0.0,0.0,0.0,0.0,-0.19194370372363762,-0.3585541805689027,-0.29040215417897125,-0.03171069822884376,-0.22192280643940296,-0.35541202019695123,True
2021-11-17 00:00:00+00:00,0.0,0.0,0.0,0.0,0.0,0.0,0.0,0.0,-0.19194370372363762,-0.3585541805689027,-0.29040215417897125,-0.03171069822884376,-0.22192280643940296,-0.35541202019695123,True
2021-11-18 00:00:00+00:00,0.0,0.0,0.0,0.0,0.0,0.0,0.0,0.0,-0.19194370372363762,-0.3585541805689027,-0.29040215417897125,-0.03171069822884376,-0.22192280643940296,-0.35541202019695123,True
2021-11-19 00:00:00+00:00,0.0,0.0,0.0,0.0,0.0,0.0,0.0,0.0,-0.19194370372363762,-0.3585541805689027,-0.29040215417897125,-0.03171069822884376,-0.22192280643940296,-0.35541202019695123,True
2021-11-20 00:00:00+00:00,0.0,0.0,0.0,0.0,0.0,0.0,0.0,0.0,-0.19194370372363762,-0.3585541805689027,-0.29040215417897125,-0.03171069822884376,-0.22192280643940296,-0.35541202019695123,True
2021-11-21 00:00:00+00:00,0.0,0.0,0.0,0.0,0.0,0.0,0.0,0.0,-0.19194370372363762,-0.3585541805689027,-0.29040215417897125,-0.03171069822884376,-0.22192280643940296,-0.35541202019695123,True
2021-11-22 00:00:00+00:00,0.0,0.0,0.0,0.0,0.0,0.0,0.0,0.0,-0.19194370372363762,-0.3585541805689027,-0.29040215417897125,-0.03171069822884376,-0.22192280643940296,-0.35541202019695123,True
2021-11-23 00:00:00+00:00,0.0,0.0,0.0,0.0,0.0,0.0,0.0,0.0,-0.19194370372363762,-0.3585541805689027,-0.29040215417897125,-0.03171069822884376,-0.22192280643940296,-0.35541202019695123,True
2021-11-24 00:00:00+00:00,0.0,0.0,0.0,0.0,0.0,0.0,0.0,0.0,-0.19194370372363762,-0.3585541805689027,-0.29040215417897125,-0.03171069822884376,-0.22192280643940296,-0.35541202019695123,True
2021-11-25 00:00:00+00:00,2.0,2.0,0.0,309.0,0.0,0.0,0.0,0.0,0.14186392497433048,0.9628666603075299,-0.29040215417897125,0.015401001659771032,-0.22192280643940296,-0.35541202019695123,True
2021-11-26 00:00:00+00:00,0.0,0.0,0.0,0.0,0.0,0.0,0.0,0.0,-0.19194370372363762,-0.3585541805689027,-0.29040215417897125,-0.03171069822884376,-0.22192280643940296,-0.35541202019695123,True
2021-11-27 00:00:00+00:00,0.0,0.0,0.0,0.0,0.0,0.0,0.0,0.0,-0.19194370372363762,-0.3585541805689027,-0.29040215417897125,-0.03171069822884376,-0.22192280643940296,-0.35541202019695123,True
2021-11-28 00:00:00+00:00,0.0,0.0,0.0,0.0,0.0,0.0,0.0,0.0,-0.19194370372363762,-0.3585541805689027,-0.29040215417897125,-0.03171069822884376,-0.22192280643940296,-0.35541202019695123,True
2021-11-29 00:00:00+00:00,0.0,0.0,0.0,0.0,0.0,0.0,0.0,0.0,-0.19194370372363762,-0.3585541805689027,-0.29040215417897125,-0.03171069822884376,-0.22192280643940296,-0.35541202019695123,True
2021-11-30 00:00:00+00:00,0.0,0.0,0.0,0.0,0.0,0.0,0.0,0.0,-0.19194370372363762,-0.3585541805689027,-0.29040215417897125,-0.03171069822884376,-0.22192280643940296,-0.35541202019695123,True
2021-12-01 00:00:00+00:00,10.0,4.0,3.0,96.5,0.0,0.0,0.0,0.75,1.477094439766203,2.2842875011839627,4.224456001541817,-0.016997821079163086,-0.22192280643940296,2.501390727787821,True
2021-12-02 00:00:00+00:00,6.0,5.0,2.0,226.0,0.1666666666666666,0.0,0.0,0.4,0.8094791823702667,2.944997921622179,2.7195032829682213,0.002746402660563823,1.2822120155121157,1.1682161120615937,True
2021-12-03 00:00:00+00:00,5.0,3.0,1.0,45.8,0.0,0.0,0.0,0.3333333333333333,0.6425753680212826,1.6235770807457464,1.214550564394625,-0.024727799022052306,-0.22192280643940296,0.9142780900185028,True
2021-12-04 00:00:00+00:00,0.0,0.0,0.0,0.0,0.0,0.0,0.0,0.0,-0.19194370372363762,-0.3585541805689027,-0.29040215417897125,-0.03171069822884376,-0.22192280643940296,-0.35541202019695123,True
2021-12-05 00:00:00+00:00,0.0,0.0,0.0,0.0,0.0,0.0,0.0,0.0,-0.19194370372363762,-0.3585541805689027,-0.29040215417897125,-0.03171069822884376,-0.22192280643940296,-0.35541202019695123,True
2021-12-06 00:00:00+00:00,2.0,2.0,1.0,114.5,0.0,0.0,0.0,0.5,0.14186392497433048,0.9628666603075299,1.214550564394625,-0.014253450211865137,-0.22192280643940296,1.54912314512623,True
2021-12-07 00:00:00+00:00,2.0,2.0,1.0,62.0,0.0,0.0,0.0,0.5,0.14186392497433048,0.9628666603075299,1.214550564394625,-0.022257865241484154,-0.22192280643940296,1.54912314512623,True
2021-12-08 00:00:00+00:00,3.0,2.0,0.0,47.333333333333336,0.3333333333333333,0.0,0.0,0.0,0.3087677393233145,0.9628666603075299,-0.29040215417897125,-0.024494019281504704,2.7863468374636358,-0.35541202019695123,True
2021-12-09 00:00:00+00:00,2.0,2.0,2.0,98.0,0.5,0.0,0.0,1.0,0.14186392497433048,0.9628666603075299,2.7195032829682213,-0.016769123506888257,4.290481659415155,3.4536583104494114,True
2021-12-10 00:00:00+00:00,0.0,0.0,0.0,0.0,0.0,0.0,0.0,0.0,-0.19194370372363762,-0.3585541805689027,-0.29040215417897125,-0.03171069822884376,-0.22192280643940296,-0.35541202019695123,True
2021-12-11 00:00:00+00:00,0.0,0.0,0.0,0.0,0.0,0.0,0.0,0.0,-0.19194370372363762,-0.3585541805689027,-0.29040215417897125,-0.03171069822884376,-0.22192280643940296,-0.35541202019695123,True
2021-12-12 00:00:00+00:00,0.0,0.0,0.0,0.0,0.0,0.0,0.0,0.0,-0.19194370372363762,-0.3585541805689027,-0.29040215417897125,-0.03171069822884376,-0.22192280643940296,-0.35541202019695123,True
2021-12-13 00:00:00+00:00,0.0,0.0,0.0,0.0,0.0,0.0,0.0,0.0,-0.19194370372363762,-0.3585541805689027,-0.29040215417897125,-0.03171069822884376,-0.22192280643940296,-0.35541202019695123,True
2021-12-14 00:00:00+00:00,0.0,0.0,0.0,0.0,0.0,0.0,0.0,0.0,-0.19194370372363762,-0.3585541805689027,-0.29040215417897125,-0.03171069822884376,-0.22192280643940296,-0.35541202019695123,True
2021-12-15 00:00:00+00:00,0.0,0.0,0.0,0.0,0.0,0.0,0.0,0.0,-0.19194370372363762,-0.3585541805689027,-0.29040215417897125,-0.03171069822884376,-0.22192280643940296,-0.35541202019695123,True
2021-12-16 00:00:00+00:00,0.0,0.0,0.0,0.0,0.0,0.0,0.0,0.0,-0.19194370372363762,-0.3585541805689027,-0.29040215417897125,-0.03171069822884376,-0.22192280643940296,-0.35541202019695123,True
2021-12-17 00:00:00+00:00,0.0,0.0,0.0,0.0,0.0,0.0,0.0,0.0,-0.19194370372363762,-0.3585541805689027,-0.29040215417897125,-0.03171069822884376,-0.22192280643940296,-0.35541202019695123,True
2021-12-18 00:00:00+00:00,0.0,0.0,0.0,0.0,0.0,0.0,0.0,0.0,-0.19194370372363762,-0.3585541805689027,-0.29040215417897125,-0.03171069822884376,-0.22192280643940296,-0.35541202019695123,True
2021-12-19 00:00:00+00:00,0.0,0.0,0.0,0.0,0.0,0.0,0.0,0.0,-0.19194370372363762,-0.3585541805689027,-0.29040215417897125,-0.03171069822884376,-0.22192280643940296,-0.35541202019695123,True
2021-12-20 00:00:00+00:00,0.0,0.0,0.0,0.0,0.0,0.0,0.0,0.0,-0.19194370372363762,-0.3585541805689027,-0.29040215417897125,-0.03171069822884376,-0.22192280643940296,-0.35541202019695123,True
2021-12-21 00:00:00+00:00,0.0,0.0,0.0,0.0,0.0,0.0,0.0,0.0,-0.19194370372363762,-0.3585541805689027,-0.29040215417897125,-0.03171069822884376,-0.22192280643940296,-0.35541202019695123,True
2021-12-22 00:00:00+00:00,1.0,1.0,1.0,45.0,0.0,0.0,0.0,1.0,-0.025039889374653564,0.3021562398693136,1.214550564394625,-0.024849771060598883,-0.22192280643940296,3.4536583104494114,True
2021-12-23 00:00:00+00:00,0.0,0.0,0.0,0.0,0.0,0.0,0.0,0.0,-0.19194370372363762,-0.3585541805689027,-0.29040215417897125,-0.03171069822884376,-0.22192280643940296,-0.35541202019695123,True
2021-12-24 00:00:00+00:00,0.0,0.0,0.0,0.0,0.0,0.0,0.0,0.0,-0.19194370372363762,-0.3585541805689027,-0.29040215417897125,-0.03171069822884376,-0.22192280643940296,-0.35541202019695123,True
2021-12-25 00:00:00+00:00,0.0,0.0,0.0,0.0,0.0,0.0,0.0,0.0,-0.19194370372363762,-0.3585541805689027,-0.29040215417897125,-0.03171069822884376,-0.22192280643940296,-0.35541202019695123,True
2021-12-26 00:00:00+00:00,0.0,0.0,0.0,0.0,0.0,0.0,0.0,0.0,-0.19194370372363762,-0.3585541805689027,-0.29040215417897125,-0.03171069822884376,-0.22192280643940296,-0.35541202019695123,True
2021-12-27 00:00:00+00:00,0.0,0.0,0.0,0.0,0.0,0.0,0.0,0.0,-0.19194370372363762,-0.3585541805689027,-0.29040215417897125,-0.03171069822884376,-0.22192280643940296,-0.35541202019695123,True
2021-12-28 00:00:00+00:00,0.0,0.0,0.0,0.0,0.0,0.0,0.0,0.0,-0.19194370372363762,-0.3585541805689027,-0.29040215417897125,-0.03171069822884376,-0.22192280643940296,-0.35541202019695123,True
2021-12-29 00:00:00+00:00,0.0,0.0,0.0,0.0,0.0,0.0,0.0,0.0,-0.19194370372363762,-0.3585541805689027,-0.29040215417897125,-0.03171069822884376,-0.22192280643940296,-0.35541202019695123,True
2021-12-30 00:00:00+00:00,0.0,0.0,0.0,0.0,0.0,0.0,0.0,0.0,-0.19194370372363762,-0.3585541805689027,-0.29040215417897125,-0.03171069822884376,-0.22192280643940296,-0.35541202019695123,True
2021-12-31 00:00:00+00:00,0.0,0.0,0.0,0.0,0.0,0.0,0.0,0.0,-0.19194370372363762,-0.3585541805689027,-0.29040215417897125,-0.03171069822884376,-0.22192280643940296,-0.35541202019695123,True
2022-01-01 00:00:00+00:00,0.0,0.0,0.0,0.0,0.0,0.0,0.0,0.0,-0.19194370372363762,-0.3585541805689027,-0.29040215417897125,-0.03171069822884376,-0.22192280643940296,-0.35541202019695123,True
2022-01-02 00:00:00+00:00,0.0,0.0,0.0,0.0,0.0,0.0,0.0,0.0,-0.19194370372363762,-0.3585541805689027,-0.29040215417897125,-0.03171069822884376,-0.22192280643940296,-0.35541202019695123,True
2022-01-03 00:00:00+00:00,0.0,0.0,0.0,0.0,0.0,0.0,0.0,0.0,-0.19194370372363762,-0.3585541805689027,-0.29040215417897125,-0.03171069822884376,-0.22192280643940296,-0.35541202019695123,True
2022-01-04 00:00:00+00:00,0.0,0.0,0.0,0.0,0.0,0.0,0.0,0.0,-0.19194370372363762,-0.3585541805689027,-0.29040215417897125,-0.03171069822884376,-0.22192280643940296,-0.35541202019695123,True
2022-01-05 00:00:00+00:00,0.0,0.0,0.0,0.0,0.0,0.0,0.0,0.0,-0.19194370372363762,-0.3585541805689027,-0.29040215417897125,-0.03171069822884376,-0.22192280643940296,-0.35541202019695123,True
2022-01-06 00:00:00+00:00,0.0,0.0,0.0,0.0,0.0,0.0,0.0,0.0,-0.19194370372363762,-0.3585541805689027,-0.29040215417897125,-0.03171069822884376,-0.22192280643940296,-0.35541202019695123,True
2022-01-07 00:00:00+00:00,0.0,0.0,0.0,0.0,0.0,0.0,0.0,0.0,-0.19194370372363762,-0.3585541805689027,-0.29040215417897125,-0.03171069822884376,-0.22192280643940296,-0.35541202019695123,True
2022-01-08 00:00:00+00:00,0.0,0.0,0.0,0.0,0.0,0.0,0.0,0.0,-0.19194370372363762,-0.3585541805689027,-0.29040215417897125,-0.03171069822884376,-0.22192280643940296,-0.35541202019695123,True
2022-01-09 00:00:00+00:00,4.0,3.0,1.0,482.75,0.25,0.0,0.0,0.3333333333333333,0.4756715536722986,1.6235770807457464,1.214550564394625,0.0418918037816054,2.034279426487876,0.9142780900185028,True
2022-01-10 00:00:00+00:00,0.0,0.0,0.0,0.0,0.0,0.0,0.0,0.0,-0.19194370372363762,-0.3585541805689027,-0.29040215417897125,-0.03171069822884376,-0.22192280643940296,-0.35541202019695123,True
2022-01-11 00:00:00+00:00,0.0,0.0,0.0,0.0,0.0,0.0,0.0,0.0,-0.19194370372363762,-0.3585541805689027,-0.29040215417897125,-0.03171069822884376,-0.22192280643940296,-0.35541202019695123,True
2022-01-12 00:00:00+00:00,0.0,0.0,0.0,0.0,0.0,0.0,0.0,0.0,-0.19194370372363762,-0.3585541805689027,-0.29040215417897125,-0.03171069822884376,-0.22192280643940296,-0.35541202019695123,True
2022-01-13 00:00:00+00:00,0.0,0.0,0.0,0.0,0.0,0.0,0.0,0.0,-0.19194370372363762,-0.3585541805689027,-0.29040215417897125,-0.03171069822884376,-0.22192280643940296,-0.35541202019695123,True
2022-01-14 00:00:00+00:00,4.0,1.0,0.0,3.5,0.0,0.0,0.0,0.0,0.4756715536722986,0.3021562398693136,-0.29040215417897125,-0.03117707056020249,-0.22192280643940296,-0.35541202019695123,True
2022-01-15 00:00:00+00:00,0.0,0.0,0.0,0.0,0.0,0.0,0.0,0.0,-0.19194370372363762,-0.3585541805689027,-0.29040215417897125,-0.03171069822884376,-0.22192280643940296,-0.35541202019695123,True
2022-01-16 00:00:00+00:00,0.0,0.0,0.0,0.0,0.0,0.0,0.0,0.0,-0.19194370372363762,-0.3585541805689027,-0.29040215417897125,-0.03171069822884376,-0.22192280643940296,-0.35541202019695123,True
2022-01-17 00:00:00+00:00,0.0,0.0,0.0,0.0,0.0,0.0,0.0,0.0,-0.19194370372363762,-0.3585541805689027,-0.29040215417897125,-0.03171069822884376,-0.22192280643940296,-0.35541202019695123,True
2022-01-18 00:00:00+00:00,0.0,0.0,0.0,0.0,0.0,0.0,0.0,0.0,-0.19194370372363762,-0.3585541805689027,-0.29040215417897125,-0.03171069822884376,-0.22192280643940296,-0.35541202019695123,True
2022-01-19 00:00:00+00:00,0.0,0.0,0.0,0.0,0.0,0.0,0.0,0.0,-0.19194370372363762,-0.3585541805689027,-0.29040215417897125,-0.03171069822884376,-0.22192280643940296,-0.35541202019695123,True
2022-01-20 00:00:00+00:00,0.0,0.0,0.0,0.0,0.0,0.0,0.0,0.0,-0.19194370372363762,-0.3585541805689027,-0.29040215417897125,-0.03171069822884376,-0.22192280643940296,-0.35541202019695123,True
2022-01-21 00:00:00+00:00,0.0,0.0,0.0,0.0,0.0,0.0,0.0,0.0,-0.19194370372363762,-0.3585541805689027,-0.29040215417897125,-0.03171069822884376,-0.22192280643940296,-0.35541202019695123,True
2022-01-22 00:00:00+00:00,0.0,0.0,0.0,0.0,0.0,0.0,0.0,0.0,-0.19194370372363762,-0.3585541805689027,-0.29040215417897125,-0.03171069822884376,-0.22192280643940296,-0.35541202019695123,True
2022-01-23 00:00:00+00:00,0.0,0.0,0.0,0.0,0.0,0.0,0.0,0.0,-0.19194370372363762,-0.3585541805689027,-0.29040215417897125,-0.03171069822884376,-0.22192280643940296,-0.35541202019695123,True
2022-01-24 00:00:00+00:00,0.0,0.0,0.0,0.0,0.0,0.0,0.0,0.0,-0.19194370372363762,-0.3585541805689027,-0.29040215417897125,-0.03171069822884376,-0.22192280643940296,-0.35541202019695123,True
2022-01-25 00:00:00+00:00,0.0,0.0,0.0,0.0,0.0,0.0,0.0,0.0,-0.19194370372363762,-0.3585541805689027,-0.29040215417897125,-0.03171069822884376,-0.22192280643940296,-0.35541202019695123,True
2022-01-26 00:00:00+00:00,0.0,0.0,0.0,0.0,0.0,0.0,0.0,0.0,-0.19194370372363762,-0.3585541805689027,-0.29040215417897125,-0.03171069822884376,-0.22192280643940296,-0.35541202019695123,True
2022-01-27 00:00:00+00:00,0.0,0.0,0.0,0.0,0.0,0.0,0.0,0.0,-0.19194370372363762,-0.3585541805689027,-0.29040215417897125,-0.03171069822884376,-0.22192280643940296,-0.35541202019695123,True
2022-01-28 00:00:00+00:00,0.0,0.0,0.0,0.0,0.0,0.0,0.0,0.0,-0.19194370372363762,-0.3585541805689027,-0.29040215417897125,-0.03171069822884376,-0.22192280643940296,-0.35541202019695123,True
2022-01-29 00:00:00+00:00,1.0,1.0,1.0,0.0,0.0,0.0,0.0,1.0,-0.025039889374653564,0.3021562398693136,1.214550564394625,-0.03171069822884376,-0.22192280643940296,3.4536583104494114,True
2022-01-30 00:00:00+00:00,0.0,0.0,0.0,0.0,0.0,0.0,0.0,0.0,-0.19194370372363762,-0.3585541805689027,-0.29040215417897125,-0.03171069822884376,-0.22192280643940296,-0.35541202019695123,True
2022-01-31 00:00:00+00:00,0.0,0.0,0.0,0.0,0.0,0.0,0.0,0.0,-0.19194370372363762,-0.3585541805689027,-0.29040215417897125,-0.03171069822884376,-0.22192280643940296,-0.35541202019695123,True
2022-02-01 00:00:00+00:00,0.0,0.0,0.0,0.0,0.0,0.0,0.0,0.0,-0.19194370372363762,-0.3585541805689027,-0.29040215417897125,-0.03171069822884376,-0.22192280643940296,-0.35541202019695123,True
2022-02-02 00:00:00+00:00,0.0,0.0,0.0,0.0,0.0,0.0,0.0,0.0,-0.19194370372363762,-0.3585541805689027,-0.29040215417897125,-0.03171069822884376,-0.22192280643940296,-0.35541202019695123,True
2022-02-03 00:00:00+00:00,0.0,0.0,0.0,0.0,0.0,0.0,0.0,0.0,-0.19194370372363762,-0.3585541805689027,-0.29040215417897125,-0.03171069822884376,-0.22192280643940296,-0.35541202019695123,True
2022-02-04 00:00:00+00:00,0.0,0.0,0.0,0.0,0.0,0.0,0.0,0.0,-0.19194370372363762,-0.3585541805689027,-0.29040215417897125,-0.03171069822884376,-0.22192280643940296,-0.35541202019695123,True
2022-02-05 00:00:00+00:00,0.0,0.0,0.0,0.0,0.0,0.0,0.0,0.0,-0.19194370372363762,-0.3585541805689027,-0.29040215417897125,-0.03171069822884376,-0.22192280643940296,-0.35541202019695123,True
2022-02-06 00:00:00+00:00,0.0,0.0,0.0,0.0,0.0,0.0,0.0,0.0,-0.19194370372363762,-0.3585541805689027,-0.29040215417897125,-0.03171069822884376,-0.22192280643940296,-0.35541202019695123,True
2022-02-07 00:00:00+00:00,0.0,0.0,0.0,0.0,0.0,0.0,0.0,0.0,-0.19194370372363762,-0.3585541805689027,-0.29040215417897125,-0.03171069822884376,-0.22192280643940296,-0.35541202019695123,True
2022-02-08 00:00:00+00:00,0.0,0.0,0.0,0.0,0.0,0.0,0.0,0.0,-0.19194370372363762,-0.3585541805689027,-0.29040215417897125,-0.03171069822884376,-0.22192280643940296,-0.35541202019695123,True
2022-02-09 00:00:00+00:00,0.0,0.0,0.0,0.0,0.0,0.0,0.0,0.0,-0.19194370372363762,-0.3585541805689027,-0.29040215417897125,-0.03171069822884376,-0.22192280643940296,-0.35541202019695123,True
2022-02-10 00:00:00+00:00,0.0,0.0,0.0,0.0,0.0,0.0,0.0,0.0,-0.19194370372363762,-0.3585541805689027,-0.29040215417897125,-0.03171069822884376,-0.22192280643940296,-0.35541202019695123,True
2022-02-11 00:00:00+00:00,0.0,0.0,0.0,0.0,0.0,0.0,0.0,0.0,-0.19194370372363762,-0.3585541805689027,-0.29040215417897125,-0.03171069822884376,-0.22192280643940296,-0.35541202019695123,True
2022-02-12 00:00:00+00:00,0.0,0.0,0.0,0.0,0.0,0.0,0.0,0.0,-0.19194370372363762,-0.3585541805689027,-0.29040215417897125,-0.03171069822884376,-0.22192280643940296,-0.35541202019695123,True
2022-02-13 00:00:00+00:00,0.0,0.0,0.0,0.0,0.0,0.0,0.0,0.0,-0.19194370372363762,-0.3585541805689027,-0.29040215417897125,-0.03171069822884376,-0.22192280643940296,-0.35541202019695123,True
2022-02-14 00:00:00+00:00,0.0,0.0,0.0,0.0,0.0,0.0,0.0,0.0,-0.19194370372363762,-0.3585541805689027,-0.29040215417897125,-0.03171069822884376,-0.22192280643940296,-0.35541202019695123,True
2022-02-15 00:00:00+00:00,0.0,0.0,0.0,0.0,0.0,0.0,0.0,0.0,-0.19194370372363762,-0.3585541805689027,-0.29040215417897125,-0.03171069822884376,-0.22192280643940296,-0.35541202019695123,True
2022-02-16 00:00:00+00:00,0.0,0.0,0.0,0.0,0.0,0.0,0.0,0.0,-0.19194370372363762,-0.3585541805689027,-0.29040215417897125,-0.03171069822884376,-0.22192280643940296,-0.35541202019695123,True
2022-02-17 00:00:00+00:00,0.0,0.0,0.0,0.0,0.0,0.0,0.0,0.0,-0.19194370372363762,-0.3585541805689027,-0.29040215417897125,-0.03171069822884376,-0.22192280643940296,-0.35541202019695123,True
2022-02-18 00:00:00+00:00,0.0,0.0,0.0,0.0,0.0,0.0,0.0,0.0,-0.19194370372363762,-0.3585541805689027,-0.29040215417897125,-0.03171069822884376,-0.22192280643940296,-0.35541202019695123,True
2022-02-19 00:00:00+00:00,0.0,0.0,0.0,0.0,0.0,0.0,0.0,0.0,-0.19194370372363762,-0.3585541805689027,-0.29040215417897125,-0.03171069822884376,-0.22192280643940296,-0.35541202019695123,True
2022-02-20 00:00:00+00:00,0.0,0.0,0.0,0.0,0.0,0.0,0.0,0.0,-0.19194370372363762,-0.3585541805689027,-0.29040215417897125,-0.03171069822884376,-0.22192280643940296,-0.35541202019695123,True
2022-02-21 00:00:00+00:00,0.0,0.0,0.0,0.0,0.0,0.0,0.0,0.0,-0.19194370372363762,-0.3585541805689027,-0.29040215417897125,-0.03171069822884376,-0.22192280643940296,-0.35541202019695123,True
2022-02-22 00:00:00+00:00,0.0,0.0,0.0,0.0,0.0,0.0,0.0,0.0,-0.19194370372363762,-0.3585541805689027,-0.29040215417897125,-0.03171069822884376,-0.22192280643940296,-0.35541202019695123,True
2022-02-23 00:00:00+00:00,0.0,0.0,0.0,0.0,0.0,0.0,0.0,0.0,-0.19194370372363762,-0.3585541805689027,-0.29040215417897125,-0.03171069822884376,-0.22192280643940296,-0.35541202019695123,True
2022-02-24 00:00:00+00:00,0.0,0.0,0.0,0.0,0.0,0.0,0.0,0.0,-0.19194370372363762,-0.3585541805689027,-0.29040215417897125,-0.03171069822884376,-0.22192280643940296,-0.35541202019695123,True
2022-02-25 00:00:00+00:00,0.0,0.0,0.0,0.0,0.0,0.0,0.0,0.0,-0.19194370372363762,-0.3585541805689027,-0.29040215417897125,-0.03171069822884376,-0.22192280643940296,-0.35541202019695123,True
2022-02-26 00:00:00+00:00,0.0,0.0,0.0,0.0,0.0,0.0,0.0,0.0,-0.19194370372363762,-0.3585541805689027,-0.29040215417897125,-0.03171069822884376,-0.22192280643940296,-0.35541202019695123,True
2022-02-27 00:00:00+00:00,0.0,0.0,0.0,0.0,0.0,0.0,0.0,0.0,-0.19194370372363762,-0.3585541805689027,-0.29040215417897125,-0.03171069822884376,-0.22192280643940296,-0.35541202019695123,True
2022-02-28 00:00:00+00:00,0.0,0.0,0.0,0.0,0.0,0.0,0.0,0.0,-0.19194370372363762,-0.3585541805689027,-0.29040215417897125,-0.03171069822884376,-0.22192280643940296,-0.35541202019695123,True
2022-03-01 00:00:00+00:00,0.0,0.0,0.0,0.0,0.0,0.0,0.0,0.0,-0.19194370372363762,-0.3585541805689027,-0.29040215417897125,-0.03171069822884376,-0.22192280643940296,-0.35541202019695123,True
2022-03-02 00:00:00+00:00,0.0,0.0,0.0,0.0,0.0,0.0,0.0,0.0,-0.19194370372363762,-0.3585541805689027,-0.29040215417897125,-0.03171069822884376,-0.22192280643940296,-0.35541202019695123,True
2022-03-03 00:00:00+00:00,0.0,0.0,0.0,0.0,0.0,0.0,0.0,0.0,-0.19194370372363762,-0.3585541805689027,-0.29040215417897125,-0.03171069822884376,-0.22192280643940296,-0.35541202019695123,True
2022-03-04 00:00:00+00:00,0.0,0.0,0.0,0.0,0.0,0.0,0.0,0.0,-0.19194370372363762,-0.3585541805689027,-0.29040215417897125,-0.03171069822884376,-0.22192280643940296,-0.35541202019695123,True
2022-03-05 00:00:00+00:00,0.0,0.0,0.0,0.0,0.0,0.0,0.0,0.0,-0.19194370372363762,-0.3585541805689027,-0.29040215417897125,-0.03171069822884376,-0.22192280643940296,-0.35541202019695123,True
2022-03-06 00:00:00+00:00,0.0,0.0,0.0,0.0,0.0,0.0,0.0,0.0,-0.19194370372363762,-0.3585541805689027,-0.29040215417897125,-0.03171069822884376,-0.22192280643940296,-0.35541202019695123,True
2022-03-07 00:00:00+00:00,0.0,0.0,0.0,0.0,0.0,0.0,0.0,0.0,-0.19194370372363762,-0.3585541805689027,-0.29040215417897125,-0.03171069822884376,-0.22192280643940296,-0.35541202019695123,True
2022-03-08 00:00:00+00:00,0.0,0.0,0.0,0.0,0.0,0.0,0.0,0.0,-0.19194370372363762,-0.3585541805689027,-0.29040215417897125,-0.03171069822884376,-0.22192280643940296,-0.35541202019695123,True
2022-03-09 00:00:00+00:00,0.0,0.0,0.0,0.0,0.0,0.0,0.0,0.0,-0.19194370372363762,-0.3585541805689027,-0.29040215417897125,-0.03171069822884376,-0.22192280643940296,-0.35541202019695123,True
2022-03-10 00:00:00+00:00,0.0,0.0,0.0,0.0,0.0,0.0,0.0,0.0,-0.19194370372363762,-0.3585541805689027,-0.29040215417897125,-0.03171069822884376,-0.22192280643940296,-0.35541202019695123,True
2022-03-11 00:00:00+00:00,0.0,0.0,0.0,0.0,0.0,0.0,0.0,0.0,-0.19194370372363762,-0.3585541805689027,-0.29040215417897125,-0.03171069822884376,-0.22192280643940296,-0.35541202019695123,True
2022-03-12 00:00:00+00:00,0.0,0.0,0.0,0.0,0.0,0.0,0.0,0.0,-0.19194370372363762,-0.3585541805689027,-0.29040215417897125,-0.03171069822884376,-0.22192280643940296,-0.35541202019695123,True
2022-03-13 00:00:00+00:00,0.0,0.0,0.0,0.0,0.0,0.0,0.0,0.0,-0.19194370372363762,-0.3585541805689027,-0.29040215417897125,-0.03171069822884376,-0.22192280643940296,-0.35541202019695123,True
2022-03-14 00:00:00+00:00,0.0,0.0,0.0,0.0,0.0,0.0,0.0,0.0,-0.19194370372363762,-0.3585541805689027,-0.29040215417897125,-0.03171069822884376,-0.22192280643940296,-0.35541202019695123,True
2022-03-15 00:00:00+00:00,0.0,0.0,0.0,0.0,0.0,0.0,0.0,0.0,-0.19194370372363762,-0.3585541805689027,-0.29040215417897125,-0.03171069822884376,-0.22192280643940296,-0.35541202019695123,True
2022-03-16 00:00:00+00:00,0.0,0.0,0.0,0.0,0.0,0.0,0.0,0.0,-0.19194370372363762,-0.3585541805689027,-0.29040215417897125,-0.03171069822884376,-0.22192280643940296,-0.35541202019695123,True
2022-03-17 00:00:00+00:00,0.0,0.0,0.0,0.0,0.0,0.0,0.0,0.0,-0.19194370372363762,-0.3585541805689027,-0.29040215417897125,-0.03171069822884376,-0.22192280643940296,-0.35541202019695123,True
2022-03-18 00:00:00+00:00,0.0,0.0,0.0,0.0,0.0,0.0,0.0,0.0,-0.19194370372363762,-0.3585541805689027,-0.29040215417897125,-0.03171069822884376,-0.22192280643940296,-0.35541202019695123,True
2022-03-19 00:00:00+00:00,0.0,0.0,0.0,0.0,0.0,0.0,0.0,0.0,-0.19194370372363762,-0.3585541805689027,-0.29040215417897125,-0.03171069822884376,-0.22192280643940296,-0.35541202019695123,True
2022-03-20 00:00:00+00:00,0.0,0.0,0.0,0.0,0.0,0.0,0.0,0.0,-0.19194370372363762,-0.3585541805689027,-0.29040215417897125,-0.03171069822884376,-0.22192280643940296,-0.35541202019695123,True
2022-03-21 00:00:00+00:00,0.0,0.0,0.0,0.0,0.0,0.0,0.0,0.0,-0.19194370372363762,-0.3585541805689027,-0.29040215417897125,-0.03171069822884376,-0.22192280643940296,-0.35541202019695123,True
2022-03-22 00:00:00+00:00,0.0,0.0,0.0,0.0,0.0,0.0,0.0,0.0,-0.19194370372363762,-0.3585541805689027,-0.29040215417897125,-0.03171069822884376,-0.22192280643940296,-0.35541202019695123,True
2022-03-23 00:00:00+00:00,0.0,0.0,0.0,0.0,0.0,0.0,0.0,0.0,-0.19194370372363762,-0.3585541805689027,-0.29040215417897125,-0.03171069822884376,-0.22192280643940296,-0.35541202019695123,True
2022-03-24 00:00:00+00:00,0.0,0.0,0.0,0.0,0.0,0.0,0.0,0.0,-0.19194370372363762,-0.3585541805689027,-0.29040215417897125,-0.03171069822884376,-0.22192280643940296,-0.35541202019695123,True
2022-03-25 00:00:00+00:00,0.0,0.0,0.0,0.0,0.0,0.0,0.0,0.0,-0.19194370372363762,-0.3585541805689027,-0.29040215417897125,-0.03171069822884376,-0.22192280643940296,-0.35541202019695123,True
2022-03-26 00:00:00+00:00,0.0,0.0,0.0,0.0,0.0,0.0,0.0,0.0,-0.19194370372363762,-0.3585541805689027,-0.29040215417897125,-0.03171069822884376,-0.22192280643940296,-0.35541202019695123,True
2022-03-27 00:00:00+00:00,0.0,0.0,0.0,0.0,0.0,0.0,0.0,0.0,-0.19194370372363762,-0.3585541805689027,-0.29040215417897125,-0.03171069822884376,-0.22192280643940296,-0.35541202019695123,True
2022-03-28 00:00:00+00:00,0.0,0.0,0.0,0.0,0.0,0.0,0.0,0.0,-0.19194370372363762,-0.3585541805689027,-0.29040215417897125,-0.03171069822884376,-0.22192280643940296,-0.35541202019695123,True
2022-03-29 00:00:00+00:00,0.0,0.0,0.0,0.0,0.0,0.0,0.0,0.0,-0.19194370372363762,-0.3585541805689027,-0.29040215417897125,-0.03171069822884376,-0.22192280643940296,-0.35541202019695123,True
2022-03-30 00:00:00+00:00,0.0,0.0,0.0,0.0,0.0,0.0,0.0,0.0,-0.19194370372363762,-0.3585541805689027,-0.29040215417897125,-0.03171069822884376,-0.22192280643940296,-0.35541202019695123,True
2022-03-31 00:00:00+00:00,0.0,0.0,0.0,0.0,0.0,0.0,0.0,0.0,-0.19194370372363762,-0.3585541805689027,-0.29040215417897125,-0.03171069822884376,-0.22192280643940296,-0.35541202019695123,True
2022-04-01 00:00:00+00:00,0.0,0.0,0.0,0.0,0.0,0.0,0.0,0.0,-0.19194370372363762,-0.3585541805689027,-0.29040215417897125,-0.03171069822884376,-0.22192280643940296,-0.35541202019695123,True
2022-04-02 00:00:00+00:00,0.0,0.0,0.0,0.0,0.0,0.0,0.0,0.0,-0.19194370372363762,-0.3585541805689027,-0.29040215417897125,-0.03171069822884376,-0.22192280643940296,-0.35541202019695123,True
2022-04-03 00:00:00+00:00,0.0,0.0,0.0,0.0,0.0,0.0,0.0,0.0,-0.19194370372363762,-0.3585541805689027,-0.29040215417897125,-0.03171069822884376,-0.22192280643940296,-0.35541202019695123,True
2022-04-04 00:00:00+00:00,0.0,0.0,0.0,0.0,0.0,0.0,0.0,0.0,-0.19194370372363762,-0.3585541805689027,-0.29040215417897125,-0.03171069822884376,-0.22192280643940296,-0.35541202019695123,True
2022-04-05 00:00:00+00:00,0.0,0.0,0.0,0.0,0.0,0.0,0.0,0.0,-0.19194370372363762,-0.3585541805689027,-0.29040215417897125,-0.03171069822884376,-0.22192280643940296,-0.35541202019695123,True
2022-04-06 00:00:00+00:00,1.0,1.0,0.0,272.0,0.0,0.0,0.0,0.0,-0.025039889374653564,0.3021562398693136,-0.29040215417897125,0.009759794876991915,-0.22192280643940296,-0.35541202019695123,True
2022-04-07 00:00:00+00:00,0.0,0.0,0.0,0.0,0.0,0.0,0.0,0.0,-0.19194370372363762,-0.3585541805689027,-0.29040215417897125,-0.03171069822884376,-0.22192280643940296,-0.35541202019695123,True
2022-04-08 00:00:00+00:00,0.0,0.0,0.0,0.0,0.0,0.0,0.0,0.0,-0.19194370372363762,-0.3585541805689027,-0.29040215417897125,-0.03171069822884376,-0.22192280643940296,-0.35541202019695123,True
2022-04-09 00:00:00+00:00,0.0,0.0,0.0,0.0,0.0,0.0,0.0,0.0,-0.19194370372363762,-0.3585541805689027,-0.29040215417897125,-0.03171069822884376,-0.22192280643940296,-0.35541202019695123,True
2022-04-10 00:00:00+00:00,0.0,0.0,0.0,0.0,0.0,0.0,0.0,0.0,-0.19194370372363762,-0.3585541805689027,-0.29040215417897125,-0.03171069822884376,-0.22192280643940296,-0.35541202019695123,True
2022-04-11 00:00:00+00:00,0.0,0.0,0.0,0.0,0.0,0.0,0.0,0.0,-0.19194370372363762,-0.3585541805689027,-0.29040215417897125,-0.03171069822884376,-0.22192280643940296,-0.35541202019695123,True
2022-04-12 00:00:00+00:00,0.0,0.0,0.0,0.0,0.0,0.0,0.0,0.0,-0.19194370372363762,-0.3585541805689027,-0.29040215417897125,-0.03171069822884376,-0.22192280643940296,-0.35541202019695123,True
2022-04-13 00:00:00+00:00,0.0,0.0,0.0,0.0,0.0,0.0,0.0,0.0,-0.19194370372363762,-0.3585541805689027,-0.29040215417897125,-0.03171069822884376,-0.22192280643940296,-0.35541202019695123,True
2022-04-14 00:00:00+00:00,1.0,1.0,1.0,8.0,0.0,0.0,0.0,1.0,-0.025039889374653564,0.3021562398693136,1.214550564394625,-0.030490977843378002,-0.22192280643940296,3.4536583104494114,True
2022-04-15 00:00:00+00:00,1.0,1.0,0.0,4.0,0.0,0.0,0.0,0.0,-0.025039889374653564,0.3021562398693136,-0.29040215417897125,-0.03110083803611088,-0.22192280643940296,-0.35541202019695123,True
2022-04-16 00:00:00+00:00,0.0,0.0,0.0,0.0,0.0,0.0,0.0,0.0,-0.19194370372363762,-0.3585541805689027,-0.29040215417897125,-0.03171069822884376,-0.22192280643940296,-0.35541202019695123,True
2022-04-17 00:00:00+00:00,0.0,0.0,0.0,0.0,0.0,0.0,0.0,0.0,-0.19194370372363762,-0.3585541805689027,-0.29040215417897125,-0.03171069822884376,-0.22192280643940296,-0.35541202019695123,True
2022-04-18 00:00:00+00:00,0.0,0.0,0.0,0.0,0.0,0.0,0.0,0.0,-0.19194370372363762,-0.3585541805689027,-0.29040215417897125,-0.03171069822884376,-0.22192280643940296,-0.35541202019695123,True
2022-04-19 00:00:00+00:00,0.0,0.0,0.0,0.0,0.0,0.0,0.0,0.0,-0.19194370372363762,-0.3585541805689027,-0.29040215417897125,-0.03171069822884376,-0.22192280643940296,-0.35541202019695123,True
2022-04-20 00:00:00+00:00,0.0,0.0,0.0,0.0,0.0,0.0,0.0,0.0,-0.19194370372363762,-0.3585541805689027,-0.29040215417897125,-0.03171069822884376,-0.22192280643940296,-0.35541202019695123,True
2022-04-21 00:00:00+00:00,0.0,0.0,0.0,0.0,0.0,0.0,0.0,0.0,-0.19194370372363762,-0.3585541805689027,-0.29040215417897125,-0.03171069822884376,-0.22192280643940296,-0.35541202019695123,True
2022-04-22 00:00:00+00:00,0.0,0.0,0.0,0.0,0.0,0.0,0.0,0.0,-0.19194370372363762,-0.3585541805689027,-0.29040215417897125,-0.03171069822884376,-0.22192280643940296,-0.35541202019695123,True
2022-04-23 00:00:00+00:00,0.0,0.0,0.0,0.0,0.0,0.0,0.0,0.0,-0.19194370372363762,-0.3585541805689027,-0.29040215417897125,-0.03171069822884376,-0.22192280643940296,-0.35541202019695123,True
2022-04-24 00:00:00+00:00,0.0,0.0,0.0,0.0,0.0,0.0,0.0,0.0,-0.19194370372363762,-0.3585541805689027,-0.29040215417897125,-0.03171069822884376,-0.22192280643940296,-0.35541202019695123,True
2022-04-25 00:00:00+00:00,1.0,1.0,1.0,4.0,0.0,0.0,0.0,1.0,-0.025039889374653564,0.3021562398693136,1.214550564394625,-0.03110083803611088,-0.22192280643940296,3.4536583104494114,True
2022-04-26 00:00:00+00:00,0.0,0.0,0.0,0.0,0.0,0.0,0.0,0.0,-0.19194370372363762,-0.3585541805689027,-0.29040215417897125,-0.03171069822884376,-0.22192280643940296,-0.35541202019695123,True
2022-04-27 00:00:00+00:00,0.0,0.0,0.0,0.0,0.0,0.0,0.0,0.0,-0.19194370372363762,-0.3585541805689027,-0.29040215417897125,-0.03171069822884376,-0.22192280643940296,-0.35541202019695123,True
2022-04-28 00:00:00+00:00,0.0,0.0,0.0,0.0,0.0,0.0,0.0,0.0,-0.19194370372363762,-0.3585541805689027,-0.29040215417897125,-0.03171069822884376,-0.22192280643940296,-0.35541202019695123,True
2022-04-29 00:00:00+00:00,2.0,2.0,1.0,545.0,0.5,0.0,0.0,0.5,0.14186392497433048,0.9628666603075299,1.214550564394625,0.05138275303101081,4.290481659415155,1.54912314512623,False
2022-04-30 00:00:00+00:00,0.0,0.0,0.0,0.0,0.0,0.0,0.0,0.0,-0.19194370372363762,-0.3585541805689027,-0.29040215417897125,-0.03171069822884376,-0.22192280643940296,-0.35541202019695123,False
2022-05-01 00:00:00+00:00,0.0,0.0,0.0,0.0,0.0,0.0,0.0,0.0,-0.19194370372363762,-0.3585541805689027,-0.29040215417897125,-0.03171069822884376,-0.22192280643940296,-0.35541202019695123,False
2022-05-02 00:00:00+00:00,0.0,0.0,0.0,0.0,0.0,0.0,0.0,0.0,-0.19194370372363762,-0.3585541805689027,-0.29040215417897125,-0.03171069822884376,-0.22192280643940296,-0.35541202019695123,False
2022-05-03 00:00:00+00:00,121.0,36.0,33.0,217.5254237288136,0.0578512396694214,0.024793388429752,0.0,0.9166666666666666,20.00341783250343,23.42702095520688,49.37303755874971,0.0014543259810450198,0.300173578039636,3.1362357828955476,False
2022-05-04 00:00:00+00:00,47.0,23.0,18.0,224.4468085106383,0.0851063829787234,0.0,0.0,0.782608695652174,7.652535570678611,14.837785489510072,26.798746780145766,0.0025095952453005263,0.5461460388124366,2.625599542917594,False
2022-05-05 00:00:00+00:00,61.0,18.0,10.0,238.9333333333333,0.081967213114754,0.0163934426229508,0.0,0.5555555555555556,9.989188971564388,11.53423338731899,14.759125031556993,0.004718283950400123,0.5178156305859334,1.7607381634954724,False
2022-05-06 00:00:00+00:00,37.0,7.0,2.0,129.8108108108108,0.081081081081081,0.0,0.0,0.2857142857142857,5.983497427188771,4.266418762498612,2.7195032829682213,-0.011919086703870712,0.5098184582937678,0.7328937885591522,True
2022-05-07 00:00:00+00:00,118.0,14.0,7.0,153.4102564102564,0.0169491525423728,0.0084745762711864,0.0,0.5,19.50270638945648,8.891391705566125,10.244266875836203,-0.008320996093453974,-0.06895994319009664,1.54912314512623,True
2022-05-08 00:00:00+00:00,68.0,8.0,1.0,191.53731343283584,0.0,0.0147058823529411,0.0,0.125,11.157515672007278,4.927129182936827,1.214550564394625,-0.002507952507422047,-0.22192280643940296,0.12072177113384405,True
2022-05-09 00:00:00+00:00,38.0,11.0,2.0,153.44736842105263,0.0263157894736842,0.0,0.0,0.1818181818181818,6.150401241537756,6.909260444251476,2.7195032829682213,-0.008315337808939751,0.015572165447678917,0.3371462217387509,True
2022-05-10 00:00:00+00:00,53.0,12.0,6.0,212.83018867924528,0.0188679245283018,0.0,0.0,0.5,8.653958456772516,7.569970864689692,8.739314157262607,0.0007384667429810469,-0.051643392633571386,1.54912314512623,True
2022-05-11 00:00:00+00:00,7.0,3.0,1.0,24.428571428571427,0.0,0.0,0.0,0.3333333333333333,0.9763829967192508,1.6235770807457464,1.214550564394625,-0.0279861949089394,-0.22192280643940296,0.9142780900185028,True
2022-05-12 00:00:00+00:00,10.0,4.0,0.0,287.7,0.2,0.0,0.0,0.0,1.477094439766203,2.2842875011839627,-0.29040215417897125,0.012153496133468457,1.5830389799024203,-0.35541202019695123,True
2022-05-13 00:00:00+00:00,16.0,3.0,0.0,247.6875,0.0,0.0,0.0,0.0,2.478517325860107,1.6235770807457464,-0.29040215417897125,0.006052988393037393,-0.22192280643940296,-0.35541202019695123,True
2022-05-14 00:00:00+00:00,1.0,1.0,0.0,582.0,0.0,0.0,0.0,0.0,-0.025039889374653564,0.3021562398693136,-0.29040215417897125,0.05702395981378992,-0.22192280643940296,-0.35541202019695123,True
2022-05-15 00:00:00+00:00,12.0,5.0,1.0,203.5,0.0833333333333333,0.0,0.0,0.2,1.810902068464171,2.944997921622179,1.214550564394625,-0.000684060923558613,0.5301446045363564,0.40640204593232127,True
2022-05-16 00:00:00+00:00,10.0,5.0,3.0,92.9,0.4,0.0,0.0,0.6,1.477094439766203,2.944997921622179,4.224456001541817,-0.017546695252622674,3.388000766244244,1.9300301781908662,True
2022-05-17 00:00:00+00:00,3.0,3.0,2.0,33.666666666666664,0.3333333333333333,0.0,0.0,0.6666666666666666,0.3087677393233145,1.6235770807457464,2.7195032829682213,-0.02657770827334204,2.7863468374636358,2.183968200233957,True
2022-05-18 00:00:00+00:00,5.0,3.0,0.0,215.2,0.0,0.0,0.0,0.0,0.6425753680212826,1.6235770807457464,-0.29040215417897125,0.001099780140185052,-0.22192280643940296,-0.35541202019695123,True
2022-05-19 00:00:00+00:00,0.0,0.0,0.0,0.0,0.0,0.0,0.0,0.0,-0.19194370372363762,-0.3585541805689027,-0.29040215417897125,-0.03171069822884376,-0.22192280643940296,-0.35541202019695123,True
2022-05-20 00:00:00+00:00,3.0,2.0,0.0,244.0,0.3333333333333333,0.0,0.0,0.0,0.3087677393233145,0.9628666603075299,-0.29040215417897125,0.005490773527861772,2.7863468374636358,-0.35541202019695123,True
2022-05-21 00:00:00+00:00,2.0,2.0,1.0,1327.0,0.5,0.0,0.0,0.5,0.14186392497433048,0.9628666603075299,1.214550564394625,0.17061042071028837,4.290481659415155,1.54912314512623,True
2022-05-22 00:00:00+00:00,0.0,0.0,0.0,0.0,0.0,0.0,0.0,0.0,-0.19194370372363762,-0.3585541805689027,-0.29040215417897125,-0.03171069822884376,-0.22192280643940296,-0.35541202019695123,True
2022-05-23 00:00:00+00:00,1.0,1.0,1.0,101.0,0.0,0.0,0.0,1.0,-0.025039889374653564,0.3021562398693136,1.214550564394625,-0.016311728362338598,-0.22192280643940296,3.4536583104494114,True
2022-05-24 00:00:00+00:00,0.0,0.0,0.0,0.0,0.0,0.0,0.0,0.0,-0.19194370372363762,-0.3585541805689027,-0.29040215417897125,-0.03171069822884376,-0.22192280643940296,-0.35541202019695123,True
2022-05-25 00:00:00+00:00,3.0,2.0,0.0,257.3333333333333,0.0,0.0,0.0,0.0,0.3087677393233145,0.9628666603075299,-0.29040215417897125,0.007523640836971361,-0.22192280643940296,-0.35541202019695123,True
2022-05-26 00:00:00+00:00,42.0,4.0,0.0,461.2857142857143,0.0238095238095238,0.0,0.0,0.0,6.818016498933692,2.2842875011839627,-0.29040215417897125,0.038619250425958436,-0.007046403303471717,-0.35541202019695123,True
2022-05-27 00:00:00+00:00,1.0,1.0,0.0,13.0,0.0,0.0,0.0,0.0,-0.025039889374653564,0.3021562398693136,-0.29040215417897125,-0.029728652602461905,-0.22192280643940296,-0.35541202019695123,True
2022-05-28 00:00:00+00:00,17.0,1.0,0.0,1037.5882352941176,0.0,0.0,0.0,0.0,2.6454211402090912,0.3021562398693136,-0.29040215417897125,0.12648524205961545,-0.22192280643940296,-0.35541202019695123,True
2022-05-29 00:00:00+00:00,2.0,1.0,0.0,474.5,0.0,0.0,0.0,0.0,0.14186392497433048,0.3021562398693136,-0.29040215417897125,0.04063396713409384,-0.22192280643940296,-0.35541202019695123,True
2022-05-30 00:00:00+00:00,2.0,2.0,0.0,610.0,0.5,0.0,0.0,0.0,0.14186392497433048,0.9628666603075299,-0.29040215417897125,0.06129298116292006,4.290481659415155,-0.35541202019695123,True
2022-05-31 00:00:00+00:00,3.0,3.0,0.0,582.0,0.0,0.0,0.0,0.0,0.3087677393233145,1.6235770807457464,-0.29040215417897125,0.05702395981378992,-0.22192280643940296,-0.35541202019695123,True
2022-06-01 00:00:00+00:00,3.0,2.0,1.0,194.0,0.0,0.0,0.0,0.5,0.3087677393233145,0.9628666603075299,1.214550564394625,-0.002132478881299197,-0.22192280643940296,1.54912314512623,True
2022-06-02 00:00:00+00:00,3.0,2.0,1.0,7.333333333333333,0.3333333333333333,0.0,0.0,0.5,0.3087677393233145,0.9628666603075299,1.214550564394625,-0.03059262120883348,2.7863468374636358,1.54912314512623,True
2022-06-03 00:00:00+00:00,1.0,1.0,1.0,59.0,0.0,0.0,0.0,1.0,-0.025039889374653564,0.3021562398693136,1.214550564394625,-0.022715260386033814,-0.22192280643940296,3.4536583104494114,True
2022-06-04 00:00:00+00:00,1.0,1.0,0.0,59.0,1.0,0.0,0.0,0.0,-0.025039889374653564,0.3021562398693136,-0.29040215417897125,-0.022715260386033814,8.802886125269712,-0.35541202019695123,True
2022-06-05 00:00:00+00:00,0.0,0.0,0.0,0.0,0.0,0.0,0.0,0.0,-0.19194370372363762,-0.3585541805689027,-0.29040215417897125,-0.03171069822884376,-0.22192280643940296,-0.35541202019695123,True
2022-06-06 00:00:00+00:00,0.0,0.0,0.0,0.0,0.0,0.0,0.0,0.0,-0.19194370372363762,-0.3585541805689027,-0.29040215417897125,-0.03171069822884376,-0.22192280643940296,-0.35541202019695123,True
2022-06-07 00:00:00+00:00,1.0,1.0,0.0,464.0,0.0,0.0,0.0,0.0,-0.025039889374653564,0.3021562398693136,-0.29040215417897125,0.03903308412817003,-0.22192280643940296,-0.35541202019695123,True
2022-06-08 00:00:00+00:00,5.0,2.0,0.0,220.8,0.0,0.0,0.0,0.0,0.6425753680212826,0.9628666603075299,-0.29040215417897125,0.001953584410011084,-0.22192280643940296,-0.35541202019695123,True
2022-06-09 00:00:00+00:00,1.0,1.0,0.0,15.0,0.0,0.0,0.0,0.0,-0.025039889374653564,0.3021562398693136,-0.29040215417897125,-0.029423722506095467,-0.22192280643940296,-0.35541202019695123,True
2022-06-10 00:00:00+00:00,0.0,0.0,0.0,0.0,0.0,0.0,0.0,0.0,-0.19194370372363762,-0.3585541805689027,-0.29040215417897125,-0.03171069822884376,-0.22192280643940296,-0.35541202019695123,True
2022-06-11 00:00:00+00:00,0.0,0.0,0.0,0.0,0.0,0.0,0.0,0.0,-0.19194370372363762,-0.3585541805689027,-0.29040215417897125,-0.03171069822884376,-0.22192280643940296,-0.35541202019695123,True
2022-06-12 00:00:00+00:00,2.0,1.0,0.0,24.0,0.0,0.0,0.0,0.0,0.14186392497433048,0.3021562398693136,-0.29040215417897125,-0.02805153707244649,-0.22192280643940296,-0.35541202019695123,True
2022-06-13 00:00:00+00:00,2.0,2.0,1.0,68.5,0.0,0.0,0.0,0.5,0.14186392497433048,0.9628666603075299,1.214550564394625,-0.02126684242829323,-0.22192280643940296,1.54912314512623,True
2022-06-14 00:00:00+00:00,0.0,0.0,0.0,0.0,0.0,0.0,0.0,0.0,-0.19194370372363762,-0.3585541805689027,-0.29040215417897125,-0.03171069822884376,-0.22192280643940296,-0.35541202019695123,True
2022-06-15 00:00:00+00:00,0.0,0.0,0.0,0.0,0.0,0.0,0.0,0.0,-0.19194370372363762,-0.3585541805689027,-0.29040215417897125,-0.03171069822884376,-0.22192280643940296,-0.35541202019695123,True
2022-06-16 00:00:00+00:00,0.0,0.0,0.0,0.0,0.0,0.0,0.0,0.0,-0.19194370372363762,-0.3585541805689027,-0.29040215417897125,-0.03171069822884376,-0.22192280643940296,-0.35541202019695123,True
2022-06-17 00:00:00+00:00,1.0,1.0,0.0,4.0,0.0,0.0,0.0,0.0,-0.025039889374653564,0.3021562398693136,-0.29040215417897125,-0.03110083803611088,-0.22192280643940296,-0.35541202019695123,True
2022-06-18 00:00:00+00:00,48.0,9.0,9.0,416.1063829787234,0.9375,0.0208333333333333,0.0,1.0,7.819439385027596,5.587839603375043,13.254172312983396,0.031730981501352444,8.238835567037892,3.4536583104494114,True
2022-06-19 00:00:00+00:00,0.0,0.0,0.0,0.0,0.0,0.0,0.0,0.0,-0.19194370372363762,-0.3585541805689027,-0.29040215417897125,-0.03171069822884376,-0.22192280643940296,-0.35541202019695123,True
2022-06-20 00:00:00+00:00,0.0,0.0,0.0,0.0,0.0,0.0,0.0,0.0,-0.19194370372363762,-0.3585541805689027,-0.29040215417897125,-0.03171069822884376,-0.22192280643940296,-0.35541202019695123,True
2022-06-21 00:00:00+00:00,2.0,2.0,1.0,0.0,0.5,1.0,0.0,0.5,0.14186392497433048,0.9628666603075299,1.214550564394625,-0.03171069822884376,4.290481659415155,1.54912314512623,False
2022-06-22 00:00:00+00:00,1.0,1.0,0.0,0.0,0.0,1.0,0.0,0.0,-0.025039889374653564,0.3021562398693136,-0.29040215417897125,-0.03171069822884376,-0.22192280643940296,-0.35541202019695123,False
2022-06-23 00:00:00+00:00,2.0,2.0,1.0,19.0,0.5,0.0,0.0,0.5,0.14186392497433048,0.9628666603075299,1.214550564394625,-0.02881386231336259,4.290481659415155,1.54912314512623,False
2022-06-24 00:00:00+00:00,300.0,86.0,71.0,973.4579124579124,0.0366666666666666,0.01,0.0,0.8255813953488372,49.87920060097157,56.4625419771177,106.56124086454636,0.116707609298388,0.10898685438993065,2.7892855783599297,False
2022-06-25 00:00:00+00:00,193.0,72.0,54.0,324.42934782608694,0.0673575129533678,0.0466321243523316,0.0,0.75,32.020492465630284,47.21259609098267,80.97704464879523,0.017753437919511027,0.38596587807986316,2.501390727787821,False
2022-06-26 00:00:00+00:00,164.0,38.0,20.0,320.10625,0.0182926829268292,0.024390243902439,0.0,0.5263157894736842,27.180281849509743,24.748441796083316,29.80865221729296,0.01709431660115591,-0.056834838176431944,1.6493618380379762,False
2022-06-27 00:00:00+00:00,85.0,33.0,11.0,246.7283950617284,0.0588235294117647,0.0470588235294117,0.0,0.3333333333333333,13.994880515940006,21.444889693892232,16.26407775013059,0.005906758412411051,0.308948307190545,0.9142780900185028,False
2022-06-28 00:00:00+00:00,112.0,23.0,8.0,158.13513513513513,0.0267857142857142,0.0089285714285714,0.0,0.3478260869565217,18.501283503362576,14.837785489510072,11.7492195944098,-0.007600617231005471,0.019813147088519008,0.9694820078539571,True
2022-06-29 00:00:00+00:00,79.0,25.0,10.0,164.96052631578948,0.050632911392405,0.0379746835443038,0.0,0.4,12.993457629846102,16.159206330386503,14.759125031556993,-0.006559983635777685,0.23502954453320993,1.1682161120615937,True
2022-06-30 00:00:00+00:00,93.0,13.0,2.0,106.52173913043478,0.032258064516129,0.010752688172043,0.0,0.1538461538461538,15.330111030731878,8.230681285127908,2.7195032829682213,-0.015469856139761692,0.06920006232540689,0.23059879990248894,True
2022-07-01 00:00:00+00:00,65.0,16.0,5.0,253.0952380952381,0.0307692307692307,0.0307692307692307,0.0,0.3125,10.656804228960324,10.212812546442557,7.23436143868901,0.006877479442290102,0.05576362222856921,0.834922458130037,True
2022-07-02 00:00:00+00:00,10.0,9.0,1.0,191.3,0.0,0.0,0.0,0.1111111111111111,1.477094439766203,5.587839603375043,1.214550564394625,-0.0025441345113938877,-0.22192280643940296,0.06781801654153344,True
2022-07-03 00:00:00+00:00,21.0,9.0,5.0,328.5238095238095,0.1904761904761904,0.0,0.0,0.5555555555555556,3.3130363976050274,5.587839603375043,7.23436143868901,0.018377700219538648,1.497088418648047,1.7607381634954724,True
2022-07-04 00:00:00+00:00,19.0,10.0,4.0,61.36842105263158,0.1052631578947368,0.0,0.0,0.4,2.9792287689070593,6.24855002381326,5.729408720115414,-0.022354158956126188,0.7280570811089245,1.1682161120615937,True
2022-07-05 00:00:00+00:00,28.0,12.0,4.0,108.5,0.0357142857142857,0.0714285714285714,0.0,0.3333333333333333,4.4813630980479155,7.569970864689692,5.729408720115414,-0.015168240500964453,0.10039179826449388,0.9142780900185028,True
2022-07-06 00:00:00+00:00,21.0,11.0,3.0,259.6666666666667,0.238095238095238,0.0,0.0,0.2727272727272727,3.3130363976050274,6.909260444251476,4.224456001541817,0.007879392616065545,1.9268412249199094,0.683425342706602,True
2022-07-07 00:00:00+00:00,7.0,5.0,1.0,16.571428571428573,0.1428571428571428,0.0,0.0,0.2,0.9763829967192508,2.944997921622179,1.214550564394625,-0.02918413457323612,1.0673356123761844,0.40640204593232127,True
2022-07-08 00:00:00+00:00,12.0,4.0,0.0,254.75,0.0,0.0,0.0,0.0,1.810902068464171,2.2842875011839627,-0.29040215417897125,0.00712977279583138,-0.22192280643940296,-0.35541202019695123,True
2022-07-09 00:00:00+00:00,17.0,5.0,2.0,106.11764705882354,0.0588235294117647,0.0,0.0,0.4,2.6454211402090912,2.944997921622179,2.7195032829682213,-0.015531466056930359,0.308948307190545,1.1682161120615937,True
2022-07-10 00:00:00+00:00,2.0,2.0,1.0,1.0,0.0,0.0,0.0,0.5,0.14186392497433048,0.9628666603075299,1.214550564394625,-0.03155823318066054,-0.22192280643940296,1.54912314512623,True
2022-07-11 00:00:00+00:00,7.0,3.0,0.0,629.7142857142857,0.2857142857142857,0.0,0.0,0.0,0.9763829967192508,1.6235770807457464,-0.29040215417897125,0.06429872068424639,2.356594031191773,-0.35541202019695123,True
2022-07-12 00:00:00+00:00,6.0,4.0,3.0,257.6666666666667,0.1666666666666666,0.0,0.0,0.75,0.8094791823702667,2.2842875011839627,4.224456001541817,0.007574462519699106,1.2822120155121157,2.501390727787821,True
2022-07-13 00:00:00+00:00,6.0,4.0,1.0,84.5,0.1666666666666666,0.0,0.0,0.25,0.8094791823702667,2.2842875011839627,1.214550564394625,-0.018827401657361718,1.2822120155121157,0.5968555624646393,True
2022-07-14 00:00:00+00:00,3.0,2.0,2.0,227.33333333333331,0.0,0.0,0.0,1.0,0.3087677393233145,0.9628666603075299,2.7195032829682213,0.0029496893914747794,-0.22192280643940296,3.4536583104494114,True
2022-07-15 00:00:00+00:00,16.0,9.0,7.0,114.3125,0.5625,0.0,0.0,0.7777777777777778,2.478517325860107,5.587839603375043,10.244266875836203,-0.01428203740839949,4.854532217646974,2.607198236972442,True
2022-07-16 00:00:00+00:00,5.0,2.0,0.0,723.0,0.0,0.0,0.0,0.0,0.6425753680212826,0.9628666603075299,-0.29040215417897125,0.07852153160762386,-0.22192280643940296,-0.35541202019695123,True
2022-07-17 00:00:00+00:00,15.0,8.0,2.0,72.0,0.0,0.0666666666666666,0.0,0.25,2.311613511511123,4.927129182936827,2.7195032829682213,-0.020733214759651963,-0.22192280643940296,0.5968555624646393,True
2022-07-18 00:00:00+00:00,4.0,3.0,0.0,315.0,0.25,0.0,0.0,0.0,0.4756715536722986,1.6235770807457464,-0.29040215417897125,0.016315791948870347,2.034279426487876,-0.35541202019695123,True
2022-07-19 00:00:00+00:00,3.0,3.0,1.0,38.0,0.0,0.3333333333333333,0.0,0.3333333333333333,0.3087677393233145,1.6235770807457464,1.214550564394625,-0.02591702639788142,-0.22192280643940296,0.9142780900185028,True
2022-07-20 00:00:00+00:00,6.0,4.0,2.0,238.16666666666663,0.1666666666666666,0.0,0.0,0.5,0.8094791823702667,2.2842875011839627,2.7195032829682213,0.00460139408012632,1.2822120155121157,1.54912314512623,True
2022-07-21 00:00:00+00:00,6.0,4.0,2.0,311.1666666666667,0.1666666666666666,0.0,0.0,0.5,0.8094791823702667,2.2842875011839627,2.7195032829682213,0.015731342597501342,1.2822120155121157,1.54912314512623,True
2022-07-22 00:00:00+00:00,7.0,6.0,2.0,608.5,0.1428571428571428,0.1428571428571428,0.0,0.3333333333333333,0.9763829967192508,3.605708342060395,2.7195032829682213,0.06106428359064524,1.0673356123761844,0.9142780900185028,True
2022-07-23 00:00:00+00:00,1.0,1.0,0.0,1769.0,0.0,0.0,0.0,0.0,-0.025039889374653564,0.3021562398693136,-0.29040215417897125,0.23799997200727133,-0.22192280643940296,-0.35541202019695123,True
2022-07-24 00:00:00+00:00,19.0,2.0,0.0,139.3684210526316,0.0,0.0,0.0,0.0,2.9792287689070593,0.9628666603075299,-0.29040215417897125,-0.010461885197835075,-0.22192280643940296,-0.35541202019695123,True
2022-07-25 00:00:00+00:00,14.0,2.0,0.0,267.7857142857143,0.1428571428571428,0.0,0.0,0.0,2.144709697162139,0.9628666603075299,-0.29040215417897125,0.009117263602505489,1.0673356123761844,-0.35541202019695123,True
2022-07-26 00:00:00+00:00,4.0,1.0,0.0,383.5,0.0,0.0,0.0,0.0,0.4756715536722986,0.3021562398693136,-0.29040215417897125,0.026759647749420874,-0.22192280643940296,-0.35541202019695123,True
2022-07-27 00:00:00+00:00,14.0,5.0,1.0,295.07142857142856,0.0714285714285714,0.0,0.0,0.2,2.144709697162139,2.944997921622179,1.214550564394625,0.013277381345790474,0.4227064029683907,0.40640204593232127,True
2022-07-28 00:00:00+00:00,12.0,2.0,0.0,507.4166666666667,0.3333333333333333,0.0,0.0,0.0,1.810902068464171,0.9628666603075299,-0.29040215417897125,0.045652608303458145,2.7863468374636358,-0.35541202019695123,True
2022-07-29 00:00:00+00:00,11.0,7.0,3.0,362.3636363636364,0.1818181818181818,0.0,0.0,0.4285714285714285,1.643998254115187,4.266418762498612,4.224456001541817,0.02353709104918465,1.418951544780436,1.2770466929372037,True
2022-07-30 00:00:00+00:00,0.0,0.0,0.0,0.0,0.0,0.0,0.0,0.0,-0.19194370372363762,-0.3585541805689027,-0.29040215417897125,-0.03171069822884376,-0.22192280643940296,-0.35541202019695123,True
2022-07-31 00:00:00+00:00,1.0,1.0,1.0,943.0,0.0,0.0,0.0,1.0,-0.025039889374653564,0.3021562398693136,1.214550564394625,0.11206384220793211,-0.22192280643940296,3.4536583104494114,True
2022-08-01 00:00:00+00:00,0.0,0.0,0.0,0.0,0.0,0.0,0.0,0.0,-0.19194370372363762,-0.3585541805689027,-0.29040215417897125,-0.03171069822884376,-0.22192280643940296,-0.35541202019695123,True
2022-08-02 00:00:00+00:00,7.0,4.0,1.0,167.71428571428572,0.1428571428571428,0.0,0.0,0.25,0.9763829967192508,2.2842875011839627,1.214550564394625,-0.006140131576400963,1.0673356123761844,0.5968555624646393,True
2022-08-03 00:00:00+00:00,2.0,2.0,1.0,22.5,0.0,0.0,0.0,0.5,0.14186392497433048,0.9628666603075299,1.214550564394625,-0.02828023464472132,-0.22192280643940296,1.54912314512623,True
2022-08-04 00:00:00+00:00,6.0,5.0,1.0,236.16666666666663,0.0,0.0,0.0,0.2,0.8094791823702667,2.944997921622179,1.214550564394625,0.004296463983759881,-0.22192280643940296,0.40640204593232127,True
2022-08-05 00:00:00+00:00,1.0,1.0,0.0,11.0,0.0,0.0,0.0,0.0,-0.025039889374653564,0.3021562398693136,-0.29040215417897125,-0.030033582698828342,-0.22192280643940296,-0.35541202019695123,True
2022-08-06 00:00:00+00:00,2.0,2.0,0.0,226.0,0.0,0.0,0.0,0.0,0.14186392497433048,0.9628666603075299,-0.29040215417897125,0.002746402660563823,-0.22192280643940296,-0.35541202019695123,True
2022-08-07 00:00:00+00:00,3.0,2.0,2.0,2.6666666666666665,0.0,0.0,0.0,1.0,0.3087677393233145,0.9628666603075299,2.7195032829682213,-0.03130412476702184,-0.22192280643940296,3.4536583104494114,True
2022-08-08 00:00:00+00:00,5.0,3.0,0.0,405.4,0.0,0.0,0.0,0.0,0.6425753680212826,1.6235770807457464,-0.29040215417897125,0.030098632304633378,-0.22192280643940296,-0.35541202019695123,True
2022-08-09 00:00:00+00:00,21.0,4.0,0.0,600.2380952380952,0.0476190476190476,0.0,0.0,0.0,3.3130363976050274,2.2842875011839627,-0.29040215417897125,0.059804631883036245,0.20782999983245953,-0.35541202019695123,True
2022-08-10 00:00:00+00:00,8.0,4.0,0.0,408.625,0.0,0.0,0.0,0.0,1.1432868110682348,2.2842875011839627,-0.29040215417897125,0.030590332085024263,-0.22192280643940296,-0.35541202019695123,True
2022-08-11 00:00:00+00:00,18.0,3.0,0.0,400.44444444444446,0.1111111111111111,0.0,0.0,0.0,2.812324954558075,1.6235770807457464,-0.29040215417897125,0.02934308328808098,0.7808337415282764,-0.35541202019695123,True
2022-08-12 00:00:00+00:00,1.0,1.0,1.0,4.0,0.0,0.0,0.0,1.0,-0.025039889374653564,0.3021562398693136,1.214550564394625,-0.03110083803611088,-0.22192280643940296,3.4536583104494114,True
2022-08-13 00:00:00+00:00,0.0,0.0,0.0,0.0,0.0,0.0,0.0,0.0,-0.19194370372363762,-0.3585541805689027,-0.29040215417897125,-0.03171069822884376,-0.22192280643940296,-0.35541202019695123,True
2022-08-14 00:00:00+00:00,2.0,2.0,0.0,202.5,0.0,0.0,0.0,0.0,0.14186392497433048,0.9628666603075299,-0.29040215417897125,-0.0008365259717418324,-0.22192280643940296,-0.35541202019695123,True
2022-08-15 00:00:00+00:00,1.0,1.0,0.0,406.0,0.0,0.0,0.0,0.0,-0.025039889374653564,0.3021562398693136,-0.29040215417897125,0.03019011133354331,-0.22192280643940296,-0.35541202019695123,True
2022-08-16 00:00:00+00:00,0.0,0.0,0.0,0.0,0.0,0.0,0.0,0.0,-0.19194370372363762,-0.3585541805689027,-0.29040215417897125,-0.03171069822884376,-0.22192280643940296,-0.35541202019695123,True
2022-08-17 00:00:00+00:00,1.0,1.0,0.0,843.0,0.0,0.0,0.0,0.0,-0.025039889374653564,0.3021562398693136,-0.29040215417897125,0.09681733738961018,-0.22192280643940296,-0.35541202019695123,True
2022-08-18 00:00:00+00:00,2.0,2.0,0.0,3.0,0.0,0.0,0.0,0.0,0.14186392497433048,0.9628666603075299,-0.29040215417897125,-0.031253303084294096,-0.22192280643940296,-0.35541202019695123,True
2022-08-19 00:00:00+00:00,1.0,1.0,1.0,18.0,0.0,0.0,0.0,1.0,-0.025039889374653564,0.3021562398693136,1.214550564394625,-0.028966327361545807,-0.22192280643940296,3.4536583104494114,True
2022-08-20 00:00:00+00:00,0.0,0.0,0.0,0.0,0.0,0.0,0.0,0.0,-0.19194370372363762,-0.3585541805689027,-0.29040215417897125,-0.03171069822884376,-0.22192280643940296,-0.35541202019695123,True
2022-08-21 00:00:00+00:00,2.0,1.0,0.0,89.5,0.0,0.0,0.0,0.0,0.14186392497433048,0.3021562398693136,-0.29040215417897125,-0.01806507641644562,-0.22192280643940296,-0.35541202019695123,True
2022-08-22 00:00:00+00:00,3.0,3.0,1.0,18.666666666666668,0.0,0.0,0.0,0.3333333333333333,0.3087677393233145,1.6235770807457464,1.214550564394625,-0.02886468399609033,-0.22192280643940296,0.9142780900185028,True
2022-08-23 00:00:00+00:00,1.0,1.0,1.0,52.0,0.0,0.0,0.0,1.0,-0.025039889374653564,0.3021562398693136,1.214550564394625,-0.02378251572331635,-0.22192280643940296,3.4536583104494114,True
2022-08-24 00:00:00+00:00,3.0,3.0,1.0,360.6666666666667,0.0,0.0,0.0,0.3333333333333333,0.3087677393233145,1.6235770807457464,1.214550564394625,0.023278362482570703,-0.22192280643940296,0.9142780900185028,True
2022-08-25 00:00:00+00:00,3.0,2.0,1.0,728.3333333333334,0.0,0.0,0.0,0.5,0.3087677393233145,0.9628666603075299,1.214550564394625,0.0793346785312677,-0.22192280643940296,1.54912314512623,True
2022-08-26 00:00:00+00:00,1.0,1.0,1.0,41.0,0.0,0.0,0.0,1.0,-0.025039889374653564,0.3021562398693136,1.214550564394625,-0.025459631253331762,-0.22192280643940296,3.4536583104494114,True
2022-08-27 00:00:00+00:00,1.0,1.0,0.0,1.0,0.0,0.0,0.0,0.0,-0.025039889374653564,0.3021562398693136,-0.29040215417897125,-0.03155823318066054,-0.22192280643940296,-0.35541202019695123,True
2022-08-28 00:00:00+00:00,3.0,2.0,0.0,153.0,0.0,0.0,0.0,0.0,0.3087677393233145,0.9628666603075299,-0.29040215417897125,-0.008383545856811192,-0.22192280643940296,-0.35541202019695123,True
2022-08-29 00:00:00+00:00,3.0,2.0,0.0,26.666666666666668,0.3333333333333333,0.0,0.0,0.0,0.3087677393233145,0.9628666603075299,-0.29040215417897125,-0.027644963610624573,2.7863468374636358,-0.35541202019695123,True
2022-08-30 00:00:00+00:00,0.0,0.0,0.0,0.0,0.0,0.0,0.0,0.0,-0.19194370372363762,-0.3585541805689027,-0.29040215417897125,-0.03171069822884376,-0.22192280643940296,-0.35541202019695123,True
2022-08-31 00:00:00+00:00,1.0,1.0,1.0,8.0,0.0,0.0,0.0,1.0,-0.025039889374653564,0.3021562398693136,1.214550564394625,-0.030490977843378002,-0.22192280643940296,3.4536583104494114,True
2022-09-01 00:00:00+00:00,0.0,0.0,0.0,0.0,0.0,0.0,0.0,0.0,-0.19194370372363762,-0.3585541805689027,-0.29040215417897125,-0.03171069822884376,-0.22192280643940296,-0.35541202019695123,True
2022-09-02 00:00:00+00:00,2.0,1.0,0.0,11.0,0.0,0.0,0.0,0.0,0.14186392497433048,0.3021562398693136,-0.29040215417897125,-0.030033582698828342,-0.22192280643940296,-0.35541202019695123,True
2022-09-03 00:00:00+00:00,3.0,3.0,1.0,227.5,0.0,0.3333333333333333,0.0,0.3333333333333333,0.3087677393233145,1.6235770807457464,1.214550564394625,0.002975100232838652,-0.22192280643940296,0.9142780900185028,True
2022-09-04 00:00:00+00:00,2.0,2.0,1.0,43.0,0.5,0.0,0.0,0.5,0.14186392497433048,0.9628666603075299,1.214550564394625,-0.025154701156965324,4.290481659415155,1.54912314512623,True
2022-09-05 00:00:00+00:00,0.0,0.0,0.0,0.0,0.0,0.0,0.0,0.0,-0.19194370372363762,-0.3585541805689027,-0.29040215417897125,-0.03171069822884376,-0.22192280643940296,-0.35541202019695123,True
2022-09-06 00:00:00+00:00,1.0,1.0,0.0,7.0,0.0,0.0,0.0,0.0,-0.025039889374653564,0.3021562398693136,-0.29040215417897125,-0.03064344289156122,-0.22192280643940296,-0.35541202019695123,True
2022-09-07 00:00:00+00:00,0.0,0.0,0.0,0.0,0.0,0.0,0.0,0.0,-0.19194370372363762,-0.3585541805689027,-0.29040215417897125,-0.03171069822884376,-0.22192280643940296,-0.35541202019695123,True
2022-09-08 00:00:00+00:00,0.0,0.0,0.0,0.0,0.0,0.0,0.0,0.0,-0.19194370372363762,-0.3585541805689027,-0.29040215417897125,-0.03171069822884376,-0.22192280643940296,-0.35541202019695123,True
2022-09-09 00:00:00+00:00,1.0,1.0,1.0,433.0,0.0,0.0,0.0,1.0,-0.025039889374653564,0.3021562398693136,1.214550564394625,0.03430666763449024,-0.22192280643940296,3.4536583104494114,True
2022-09-10 00:00:00+00:00,0.0,0.0,0.0,0.0,0.0,0.0,0.0,0.0,-0.19194370372363762,-0.3585541805689027,-0.29040215417897125,-0.03171069822884376,-0.22192280643940296,-0.35541202019695123,True
2022-09-11 00:00:00+00:00,0.0,0.0,0.0,0.0,0.0,0.0,0.0,0.0,-0.19194370372363762,-0.3585541805689027,-0.29040215417897125,-0.03171069822884376,-0.22192280643940296,-0.35541202019695123,True
2022-09-12 00:00:00+00:00,0.0,0.0,0.0,0.0,0.0,0.0,0.0,0.0,-0.19194370372363762,-0.3585541805689027,-0.29040215417897125,-0.03171069822884376,-0.22192280643940296,-0.35541202019695123,True
2022-09-13 00:00:00+00:00,1.0,1.0,0.0,1327.0,0.0,0.0,0.0,0.0,-0.025039889374653564,0.3021562398693136,-0.29040215417897125,0.17061042071028837,-0.22192280643940296,-0.35541202019695123,True
2022-09-14 00:00:00+00:00,0.0,0.0,0.0,0.0,0.0,0.0,0.0,0.0,-0.19194370372363762,-0.3585541805689027,-0.29040215417897125,-0.03171069822884376,-0.22192280643940296,-0.35541202019695123,True
2022-09-15 00:00:00+00:00,0.0,0.0,0.0,0.0,0.0,0.0,0.0,0.0,-0.19194370372363762,-0.3585541805689027,-0.29040215417897125,-0.03171069822884376,-0.22192280643940296,-0.35541202019695123,True
2022-09-16 00:00:00+00:00,1.0,1.0,0.0,1.0,0.0,0.0,0.0,0.0,-0.025039889374653564,0.3021562398693136,-0.29040215417897125,-0.03155823318066054,-0.22192280643940296,-0.35541202019695123,True
2022-09-17 00:00:00+00:00,0.0,0.0,0.0,0.0,0.0,0.0,0.0,0.0,-0.19194370372363762,-0.3585541805689027,-0.29040215417897125,-0.03171069822884376,-0.22192280643940296,-0.35541202019695123,True
2022-09-18 00:00:00+00:00,3.0,1.0,0.0,318.6666666666667,0.0,0.0,0.0,0.0,0.3087677393233145,0.3021562398693136,-0.29040215417897125,0.01687483045887549,-0.22192280643940296,-0.35541202019695123,True
2022-09-19 00:00:00+00:00,4.0,3.0,1.0,42.75,0.0,0.0,0.0,0.3333333333333333,0.4756715536722986,1.6235770807457464,1.214550564394625,-0.025192817419011127,-0.22192280643940296,0.9142780900185028,True
2022-09-20 00:00:00+00:00,3.0,3.0,0.0,23.33333333333333,0.6666666666666666,0.0,0.0,0.0,0.3087677393233145,1.6235770807457464,-0.29040215417897125,-0.028153180437901975,5.794616481366673,-0.35541202019695123,True
2022-09-21 00:00:00+00:00,0.0,0.0,0.0,0.0,0.0,0.0,0.0,0.0,-0.19194370372363762,-0.3585541805689027,-0.29040215417897125,-0.03171069822884376,-0.22192280643940296,-0.35541202019695123,True
2022-09-22 00:00:00+00:00,0.0,0.0,0.0,0.0,0.0,0.0,0.0,0.0,-0.19194370372363762,-0.3585541805689027,-0.29040215417897125,-0.03171069822884376,-0.22192280643940296,-0.35541202019695123,True
2022-09-23 00:00:00+00:00,0.0,0.0,0.0,0.0,0.0,0.0,0.0,0.0,-0.19194370372363762,-0.3585541805689027,-0.29040215417897125,-0.03171069822884376,-0.22192280643940296,-0.35541202019695123,True
2022-09-24 00:00:00+00:00,1.0,1.0,1.0,36.0,0.0,0.0,0.0,1.0,-0.025039889374653564,0.3021562398693136,1.214550564394625,-0.02622195649424786,-0.22192280643940296,3.4536583104494114,True
2022-09-25 00:00:00+00:00,7.0,3.0,2.0,170.0,0.1428571428571428,0.0,0.0,0.6666666666666666,0.9763829967192508,1.6235770807457464,2.7195032829682213,-0.005791640037696462,1.0673356123761844,2.183968200233957,True
2022-09-26 00:00:00+00:00,1.0,1.0,1.0,4.0,0.0,0.0,0.0,1.0,-0.025039889374653564,0.3021562398693136,1.214550564394625,-0.03110083803611088,-0.22192280643940296,3.4536583104494114,True
2022-09-27 00:00:00+00:00,5.0,3.0,3.0,27.6,0.4,0.0,0.0,1.0,0.6425753680212826,1.6235770807457464,4.224456001541817,-0.027502662898986903,3.388000766244244,3.4536583104494114,True
2022-09-28 00:00:00+00:00,1.0,1.0,0.0,24.0,0.0,0.0,0.0,0.0,-0.025039889374653564,0.3021562398693136,-0.29040215417897125,-0.02805153707244649,-0.22192280643940296,-0.35541202019695123,True
2022-09-29 00:00:00+00:00,0.0,0.0,0.0,0.0,0.0,0.0,0.0,0.0,-0.19194370372363762,-0.3585541805689027,-0.29040215417897125,-0.03171069822884376,-0.22192280643940296,-0.35541202019695123,True
2022-09-30 00:00:00+00:00,0.0,0.0,0.0,0.0,0.0,0.0,0.0,0.0,-0.19194370372363762,-0.3585541805689027,-0.29040215417897125,-0.03171069822884376,-0.22192280643940296,-0.35541202019695123,True
2022-10-01 00:00:00+00:00,1.0,1.0,0.0,420.0,0.0,0.0,0.0,0.0,-0.025039889374653564,0.3021562398693136,-0.29040215417897125,0.03232462200810838,-0.22192280643940296,-0.35541202019695123,True
2022-10-02 00:00:00+00:00,0.0,0.0,0.0,0.0,0.0,0.0,0.0,0.0,-0.19194370372363762,-0.3585541805689027,-0.29040215417897125,-0.03171069822884376,-0.22192280643940296,-0.35541202019695123,True
2022-10-03 00:00:00+00:00,0.0,0.0,0.0,0.0,0.0,0.0,0.0,0.0,-0.19194370372363762,-0.3585541805689027,-0.29040215417897125,-0.03171069822884376,-0.22192280643940296,-0.35541202019695123,True
2022-10-04 00:00:00+00:00,3.0,3.0,0.0,224.66666666666663,0.0,0.0,0.0,0.0,0.3087677393233145,1.6235770807457464,-0.29040215417897125,0.002543115929652858,-0.22192280643940296,-0.35541202019695123,True
2022-10-05 00:00:00+00:00,0.0,0.0,0.0,0.0,0.0,0.0,0.0,0.0,-0.19194370372363762,-0.3585541805689027,-0.29040215417897125,-0.03171069822884376,-0.22192280643940296,-0.35541202019695123,True
2022-10-06 00:00:00+00:00,0.0,0.0,0.0,0.0,0.0,0.0,0.0,0.0,-0.19194370372363762,-0.3585541805689027,-0.29040215417897125,-0.03171069822884376,-0.22192280643940296,-0.35541202019695123,True
2022-10-07 00:00:00+00:00,0.0,0.0,0.0,0.0,0.0,0.0,0.0,0.0,-0.19194370372363762,-0.3585541805689027,-0.29040215417897125,-0.03171069822884376,-0.22192280643940296,-0.35541202019695123,True
2022-10-08 00:00:00+00:00,0.0,0.0,0.0,0.0,0.0,0.0,0.0,0.0,-0.19194370372363762,-0.3585541805689027,-0.29040215417897125,-0.03171069822884376,-0.22192280643940296,-0.35541202019695123,True
2022-10-09 00:00:00+00:00,2.0,2.0,0.0,8.0,0.5,0.0,0.0,0.0,0.14186392497433048,0.9628666603075299,-0.29040215417897125,-0.030490977843378002,4.290481659415155,-0.35541202019695123,True
2022-10-10 00:00:00+00:00,1.0,1.0,0.0,71.0,0.0,0.0,0.0,0.0,-0.025039889374653564,0.3021562398693136,-0.29040215417897125,-0.02088567980783518,-0.22192280643940296,-0.35541202019695123,True
2022-10-11 00:00:00+00:00,2.0,2.0,1.0,37.0,0.5,0.0,0.0,0.5,0.14186392497433048,0.9628666603075299,1.214550564394625,-0.02606949144606464,4.290481659415155,1.54912314512623,True
2022-10-12 00:00:00+00:00,0.0,0.0,0.0,0.0,0.0,0.0,0.0,0.0,-0.19194370372363762,-0.3585541805689027,-0.29040215417897125,-0.03171069822884376,-0.22192280643940296,-0.35541202019695123,True
2022-10-13 00:00:00+00:00,2.0,2.0,0.0,1.0,0.0,0.5,0.0,0.0,0.14186392497433048,0.9628666603075299,-0.29040215417897125,-0.03155823318066054,-0.22192280643940296,-0.35541202019695123,True
2022-10-14 00:00:00+00:00,1.0,1.0,0.0,16.0,0.0,0.0,0.0,0.0,-0.025039889374653564,0.3021562398693136,-0.29040215417897125,-0.029271257457912245,-0.22192280643940296,-0.35541202019695123,True
2022-10-15 00:00:00+00:00,1.0,1.0,0.0,0.0,0.0,1.0,0.0,0.0,-0.025039889374653564,0.3021562398693136,-0.29040215417897125,-0.03171069822884376,-0.22192280643940296,-0.35541202019695123,True
2022-10-16 00:00:00+00:00,0.0,0.0,0.0,0.0,0.0,0.0,0.0,0.0,-0.19194370372363762,-0.3585541805689027,-0.29040215417897125,-0.03171069822884376,-0.22192280643940296,-0.35541202019695123,True
2022-10-17 00:00:00+00:00,0.0,0.0,0.0,0.0,0.0,0.0,0.0,0.0,-0.19194370372363762,-0.3585541805689027,-0.29040215417897125,-0.03171069822884376,-0.22192280643940296,-0.35541202019695123,True
2022-10-18 00:00:00+00:00,0.0,0.0,0.0,0.0,0.0,0.0,0.0,0.0,-0.19194370372363762,-0.3585541805689027,-0.29040215417897125,-0.03171069822884376,-0.22192280643940296,-0.35541202019695123,True
2022-10-19 00:00:00+00:00,1.0,1.0,0.0,5.0,0.0,0.0,0.0,0.0,-0.025039889374653564,0.3021562398693136,-0.29040215417897125,-0.030948372987927658,-0.22192280643940296,-0.35541202019695123,True
2022-10-20 00:00:00+00:00,0.0,0.0,0.0,0.0,0.0,0.0,0.0,0.0,-0.19194370372363762,-0.3585541805689027,-0.29040215417897125,-0.03171069822884376,-0.22192280643940296,-0.35541202019695123,True
2022-10-21 00:00:00+00:00,2.0,2.0,1.0,0.0,0.5,0.0,0.0,0.5,0.14186392497433048,0.9628666603075299,1.214550564394625,-0.03171069822884376,4.290481659415155,1.54912314512623,True
2022-10-22 00:00:00+00:00,0.0,0.0,0.0,0.0,0.0,0.0,0.0,0.0,-0.19194370372363762,-0.3585541805689027,-0.29040215417897125,-0.03171069822884376,-0.22192280643940296,-0.35541202019695123,True
2022-10-23 00:00:00+00:00,0.0,0.0,0.0,0.0,0.0,0.0,0.0,0.0,-0.19194370372363762,-0.3585541805689027,-0.29040215417897125,-0.03171069822884376,-0.22192280643940296,-0.35541202019695123,True
2022-10-24 00:00:00+00:00,3.0,2.0,0.0,637.6666666666666,0.3333333333333333,0.0,0.0,0.0,0.3087677393233145,0.9628666603075299,-0.29040215417897125,0.06551118082932246,2.7863468374636358,-0.35541202019695123,True
2022-10-25 00:00:00+00:00,3.0,3.0,1.0,2475.333333333333,0.3333333333333333,0.0,0.0,0.3333333333333333,0.3087677393233145,1.6235770807457464,1.214550564394625,0.3456911177073519,2.7863468374636358,0.9142780900185028,True
2022-10-26 00:00:00+00:00,0.0,0.0,0.0,0.0,0.0,0.0,0.0,0.0,-0.19194370372363762,-0.3585541805689027,-0.29040215417897125,-0.03171069822884376,-0.22192280643940296,-0.35541202019695123,True
2022-10-27 00:00:00+00:00,2.0,2.0,0.0,535.0,0.5,0.0,0.0,0.0,0.14186392497433048,0.9628666603075299,-0.29040215417897125,0.049858102549178614,4.290481659415155,-0.35541202019695123,True
2022-10-28 00:00:00+00:00,0.0,0.0,0.0,0.0,0.0,0.0,0.0,0.0,-0.19194370372363762,-0.3585541805689027,-0.29040215417897125,-0.03171069822884376,-0.22192280643940296,-0.35541202019695123,True
2022-10-29 00:00:00+00:00,0.0,0.0,0.0,0.0,0.0,0.0,0.0,0.0,-0.19194370372363762,-0.3585541805689027,-0.29040215417897125,-0.03171069822884376,-0.22192280643940296,-0.35541202019695123,True
2022-10-30 00:00:00+00:00,0.0,0.0,0.0,0.0,0.0,0.0,0.0,0.0,-0.19194370372363762,-0.3585541805689027,-0.29040215417897125,-0.03171069822884376,-0.22192280643940296,-0.35541202019695123,True
2022-10-31 00:00:00+00:00,0.0,0.0,0.0,0.0,0.0,0.0,0.0,0.0,-0.19194370372363762,-0.3585541805689027,-0.29040215417897125,-0.03171069822884376,-0.22192280643940296,-0.35541202019695123,True
2022-11-01 00:00:00+00:00,0.0,0.0,0.0,0.0,0.0,0.0,0.0,0.0,-0.19194370372363762,-0.3585541805689027,-0.29040215417897125,-0.03171069822884376,-0.22192280643940296,-0.35541202019695123,True
2022-11-02 00:00:00+00:00,0.0,0.0,0.0,0.0,0.0,0.0,0.0,0.0,-0.19194370372363762,-0.3585541805689027,-0.29040215417897125,-0.03171069822884376,-0.22192280643940296,-0.35541202019695123,True
2022-11-03 00:00:00+00:00,0.0,0.0,0.0,0.0,0.0,0.0,0.0,0.0,-0.19194370372363762,-0.3585541805689027,-0.29040215417897125,-0.03171069822884376,-0.22192280643940296,-0.35541202019695123,True
2022-11-04 00:00:00+00:00,0.0,0.0,0.0,0.0,0.0,0.0,0.0,0.0,-0.19194370372363762,-0.3585541805689027,-0.29040215417897125,-0.03171069822884376,-0.22192280643940296,-0.35541202019695123,True
2022-11-05 00:00:00+00:00,0.0,0.0,0.0,0.0,0.0,0.0,0.0,0.0,-0.19194370372363762,-0.3585541805689027,-0.29040215417897125,-0.03171069822884376,-0.22192280643940296,-0.35541202019695123,True
2022-11-06 00:00:00+00:00,0.0,0.0,0.0,0.0,0.0,0.0,0.0,0.0,-0.19194370372363762,-0.3585541805689027,-0.29040215417897125,-0.03171069822884376,-0.22192280643940296,-0.35541202019695123,True
2022-11-07 00:00:00+00:00,1.0,1.0,1.0,60.0,0.0,0.0,0.0,1.0,-0.025039889374653564,0.3021562398693136,1.214550564394625,-0.022562795337850595,-0.22192280643940296,3.4536583104494114,True
2022-11-08 00:00:00+00:00,0.0,0.0,0.0,0.0,0.0,0.0,0.0,0.0,-0.19194370372363762,-0.3585541805689027,-0.29040215417897125,-0.03171069822884376,-0.22192280643940296,-0.35541202019695123,True
2022-11-09 00:00:00+00:00,3.0,2.0,0.0,467.3333333333333,0.3333333333333333,0.0,0.0,0.0,0.3087677393233145,0.9628666603075299,-0.29040215417897125,0.03954130095544743,2.7863468374636358,-0.35541202019695123,True
2022-11-10 00:00:00+00:00,1.0,1.0,1.0,111.0,0.0,0.0,0.0,1.0,-0.025039889374653564,0.3021562398693136,1.214550564394625,-0.014787077880506405,-0.22192280643940296,3.4536583104494114,True
2022-11-11 00:00:00+00:00,2.0,1.0,0.0,294.5,0.0,0.0,0.0,0.0,0.14186392497433048,0.3021562398693136,-0.29040215417897125,0.013190258461114351,-0.22192280643940296,-0.35541202019695123,True
2022-11-12 00:00:00+00:00,0.0,0.0,0.0,0.0,0.0,0.0,0.0,0.0,-0.19194370372363762,-0.3585541805689027,-0.29040215417897125,-0.03171069822884376,-0.22192280643940296,-0.35541202019695123,True
2022-11-13 00:00:00+00:00,2.0,2.0,1.0,182.0,0.5,0.0,0.0,0.5,0.14186392497433048,0.9628666603075299,1.214550564394625,-0.00396205945949783,4.290481659415155,1.54912314512623,True
2022-11-14 00:00:00+00:00,5.0,3.0,0.0,10.8,0.0,0.0,0.0,0.0,0.6425753680212826,1.6235770807457464,-0.29040215417897125,-0.030064075708464987,-0.22192280643940296,-0.35541202019695123,True
2022-11-15 00:00:00+00:00,0.0,0.0,0.0,0.0,0.0,0.0,0.0,0.0,-0.19194370372363762,-0.3585541805689027,-0.29040215417897125,-0.03171069822884376,-0.22192280643940296,-0.35541202019695123,True
2022-11-16 00:00:00+00:00,0.0,0.0,0.0,0.0,0.0,0.0,0.0,0.0,-0.19194370372363762,-0.3585541805689027,-0.29040215417897125,-0.03171069822884376,-0.22192280643940296,-0.35541202019695123,True
2022-11-17 00:00:00+00:00,1.0,1.0,0.0,3.0,0.0,0.0,0.0,0.0,-0.025039889374653564,0.3021562398693136,-0.29040215417897125,-0.031253303084294096,-0.22192280643940296,-0.35541202019695123,True
2022-11-18 00:00:00+00:00,1.0,1.0,0.0,3.0,0.0,0.0,0.0,0.0,-0.025039889374653564,0.3021562398693136,-0.29040215417897125,-0.031253303084294096,-0.22192280643940296,-0.35541202019695123,True
2022-11-19 00:00:00+00:00,0.0,0.0,0.0,0.0,0.0,0.0,0.0,0.0,-0.19194370372363762,-0.3585541805689027,-0.29040215417897125,-0.03171069822884376,-0.22192280643940296,-0.35541202019695123,True
2022-11-20 00:00:00+00:00,1.0,1.0,0.0,1698.0,0.0,0.0,0.0,0.0,-0.025039889374653564,0.3021562398693136,-0.29040215417897125,0.22717495358626275,-0.22192280643940296,-0.35541202019695123,True
2022-11-21 00:00:00+00:00,0.0,0.0,0.0,0.0,0.0,0.0,0.0,0.0,-0.19194370372363762,-0.3585541805689027,-0.29040215417897125,-0.03171069822884376,-0.22192280643940296,-0.35541202019695123,True
2022-11-22 00:00:00+00:00,0.0,0.0,0.0,0.0,0.0,0.0,0.0,0.0,-0.19194370372363762,-0.3585541805689027,-0.29040215417897125,-0.03171069822884376,-0.22192280643940296,-0.35541202019695123,True
2022-11-23 00:00:00+00:00,2.0,2.0,0.0,30.0,0.5,0.0,0.0,0.0,0.14186392497433048,0.9628666603075299,-0.29040215417897125,-0.027136746783347175,4.290481659415155,-0.35541202019695123,True
2022-11-24 00:00:00+00:00,3.0,3.0,1.0,28.666666666666668,0.0,0.0,0.0,0.3333333333333333,0.3087677393233145,1.6235770807457464,1.214550564394625,-0.027340033514258136,-0.22192280643940296,0.9142780900185028,True
2022-11-25 00:00:00+00:00,0.0,0.0,0.0,0.0,0.0,0.0,0.0,0.0,-0.19194370372363762,-0.3585541805689027,-0.29040215417897125,-0.03171069822884376,-0.22192280643940296,-0.35541202019695123,True
2022-11-26 00:00:00+00:00,0.0,0.0,0.0,0.0,0.0,0.0,0.0,0.0,-0.19194370372363762,-0.3585541805689027,-0.29040215417897125,-0.03171069822884376,-0.22192280643940296,-0.35541202019695123,True
2022-11-27 00:00:00+00:00,0.0,0.0,0.0,0.0,0.0,0.0,0.0,0.0,-0.19194370372363762,-0.3585541805689027,-0.29040215417897125,-0.03171069822884376,-0.22192280643940296,-0.35541202019695123,True
2022-11-28 00:00:00+00:00,1.0,1.0,0.0,0.0,0.0,0.0,0.0,0.0,-0.025039889374653564,0.3021562398693136,-0.29040215417897125,-0.03171069822884376,-0.22192280643940296,-0.35541202019695123,True
2022-11-29 00:00:00+00:00,1.0,1.0,0.0,0.0,0.0,1.0,0.0,0.0,-0.025039889374653564,0.3021562398693136,-0.29040215417897125,-0.03171069822884376,-0.22192280643940296,-0.35541202019695123,True
2022-11-30 00:00:00+00:00,4.0,4.0,4.0,21.75,0.25,0.0,0.0,1.0,0.4756715536722986,2.2842875011839627,5.729408720115414,-0.028394583430858735,2.034279426487876,3.4536583104494114,True
2022-12-01 00:00:00+00:00,1.0,1.0,0.0,47.0,0.0,0.0,0.0,0.0,-0.025039889374653564,0.3021562398693136,-0.29040215417897125,-0.024544840964232446,-0.22192280643940296,-0.35541202019695123,True
2022-12-02 00:00:00+00:00,1.0,1.0,0.0,46.0,0.0,0.0,0.0,0.0,-0.025039889374653564,0.3021562398693136,-0.29040215417897125,-0.024697306012415664,-0.22192280643940296,-0.35541202019695123,True
2022-12-03 00:00:00+00:00,0.0,0.0,0.0,0.0,0.0,0.0,0.0,0.0,-0.19194370372363762,-0.3585541805689027,-0.29040215417897125,-0.03171069822884376,-0.22192280643940296,-0.35541202019695123,True
2022-12-04 00:00:00+00:00,10.0,3.0,2.0,493.1,0.0,0.0,0.0,0.6666666666666666,1.477094439766203,1.6235770807457464,2.7195032829682213,0.04346981703030172,-0.22192280643940296,2.183968200233957,True
2022-12-05 00:00:00+00:00,0.0,0.0,0.0,0.0,0.0,0.0,0.0,0.0,-0.19194370372363762,-0.3585541805689027,-0.29040215417897125,-0.03171069822884376,-0.22192280643940296,-0.35541202019695123,True
2022-12-06 00:00:00+00:00,0.0,0.0,0.0,0.0,0.0,0.0,0.0,0.0,-0.19194370372363762,-0.3585541805689027,-0.29040215417897125,-0.03171069822884376,-0.22192280643940296,-0.35541202019695123,True
2022-12-07 00:00:00+00:00,1.0,1.0,0.0,27.0,0.0,0.0,0.0,0.0,-0.025039889374653564,0.3021562398693136,-0.29040215417897125,-0.027594141927896835,-0.22192280643940296,-0.35541202019695123,True
2022-12-08 00:00:00+00:00,1.0,1.0,0.0,277.0,0.0,0.0,0.0,0.0,-0.025039889374653564,0.3021562398693136,-0.29040215417897125,0.010522120117908011,-0.22192280643940296,-0.35541202019695123,True
2022-12-09 00:00:00+00:00,0.0,0.0,0.0,0.0,0.0,0.0,0.0,0.0,-0.19194370372363762,-0.3585541805689027,-0.29040215417897125,-0.03171069822884376,-0.22192280643940296,-0.35541202019695123,True
2022-12-10 00:00:00+00:00,5.0,1.0,0.0,374.4,0.0,0.0,0.0,0.0,0.6425753680212826,0.3021562398693136,-0.29040215417897125,0.025372215810953575,-0.22192280643940296,-0.35541202019695123,True
2022-12-11 00:00:00+00:00,4.0,3.0,1.0,282.75,0.25,0.0,0.0,0.3333333333333333,0.4756715536722986,1.6235770807457464,1.214550564394625,0.011398794144961522,2.034279426487876,0.9142780900185028,True
2022-12-12 00:00:00+00:00,0.0,0.0,0.0,0.0,0.0,0.0,0.0,0.0,-0.19194370372363762,-0.3585541805689027,-0.29040215417897125,-0.03171069822884376,-0.22192280643940296,-0.35541202019695123,True
2022-12-13 00:00:00+00:00,1.0,1.0,0.0,163.0,0.0,0.0,0.0,0.0,-0.025039889374653564,0.3021562398693136,-0.29040215417897125,-0.006858895374978998,-0.22192280643940296,-0.35541202019695123,True
2022-12-14 00:00:00+00:00,0.0,0.0,0.0,0.0,0.0,0.0,0.0,0.0,-0.19194370372363762,-0.3585541805689027,-0.29040215417897125,-0.03171069822884376,-0.22192280643940296,-0.35541202019695123,True
2022-12-15 00:00:00+00:00,2.0,1.0,0.0,11.0,0.0,0.0,0.0,0.0,0.14186392497433048,0.3021562398693136,-0.29040215417897125,-0.030033582698828342,-0.22192280643940296,-0.35541202019695123,True
2022-12-16 00:00:00+00:00,0.0,0.0,0.0,0.0,0.0,0.0,0.0,0.0,-0.19194370372363762,-0.3585541805689027,-0.29040215417897125,-0.03171069822884376,-0.22192280643940296,-0.35541202019695123,True
2022-12-17 00:00:00+00:00,3.0,3.0,1.0,16.666666666666668,0.3333333333333333,0.0,0.0,0.3333333333333333,0.3087677393233145,1.6235770807457464,1.214550564394625,-0.029169614092456768,2.7863468374636358,0.9142780900185028,True
2022-12-18 00:00:00+00:00,0.0,0.0,0.0,0.0,0.0,0.0,0.0,0.0,-0.19194370372363762,-0.3585541805689027,-0.29040215417897125,-0.03171069822884376,-0.22192280643940296,-0.35541202019695123,True
2022-12-19 00:00:00+00:00,0.0,0.0,0.0,0.0,0.0,0.0,0.0,0.0,-0.19194370372363762,-0.3585541805689027,-0.29040215417897125,-0.03171069822884376,-0.22192280643940296,-0.35541202019695123,True
2022-12-20 00:00:00+00:00,0.0,0.0,0.0,0.0,0.0,0.0,0.0,0.0,-0.19194370372363762,-0.3585541805689027,-0.29040215417897125,-0.03171069822884376,-0.22192280643940296,-0.35541202019695123,True
2022-12-21 00:00:00+00:00,0.0,0.0,0.0,0.0,0.0,0.0,0.0,0.0,-0.19194370372363762,-0.3585541805689027,-0.29040215417897125,-0.03171069822884376,-0.22192280643940296,-0.35541202019695123,True
2022-12-22 00:00:00+00:00,0.0,0.0,0.0,0.0,0.0,0.0,0.0,0.0,-0.19194370372363762,-0.3585541805689027,-0.29040215417897125,-0.03171069822884376,-0.22192280643940296,-0.35541202019695123,True
2022-12-23 00:00:00+00:00,0.0,0.0,0.0,0.0,0.0,0.0,0.0,0.0,-0.19194370372363762,-0.3585541805689027,-0.29040215417897125,-0.03171069822884376,-0.22192280643940296,-0.35541202019695123,True
2022-12-24 00:00:00+00:00,0.0,0.0,0.0,0.0,0.0,0.0,0.0,0.0,-0.19194370372363762,-0.3585541805689027,-0.29040215417897125,-0.03171069822884376,-0.22192280643940296,-0.35541202019695123,True
2022-12-25 00:00:00+00:00,0.0,0.0,0.0,0.0,0.0,0.0,0.0,0.0,-0.19194370372363762,-0.3585541805689027,-0.29040215417897125,-0.03171069822884376,-0.22192280643940296,-0.35541202019695123,True
2022-12-26 00:00:00+00:00,0.0,0.0,0.0,0.0,0.0,0.0,0.0,0.0,-0.19194370372363762,-0.3585541805689027,-0.29040215417897125,-0.03171069822884376,-0.22192280643940296,-0.35541202019695123,True
2022-12-27 00:00:00+00:00,0.0,0.0,0.0,0.0,0.0,0.0,0.0,0.0,-0.19194370372363762,-0.3585541805689027,-0.29040215417897125,-0.03171069822884376,-0.22192280643940296,-0.35541202019695123,True
2022-12-28 00:00:00+00:00,0.0,0.0,0.0,0.0,0.0,0.0,0.0,0.0,-0.19194370372363762,-0.3585541805689027,-0.29040215417897125,-0.03171069822884376,-0.22192280643940296,-0.35541202019695123,True
2022-12-29 00:00:00+00:00,0.0,0.0,0.0,0.0,0.0,0.0,0.0,0.0,-0.19194370372363762,-0.3585541805689027,-0.29040215417897125,-0.03171069822884376,-0.22192280643940296,-0.35541202019695123,True
2022-12-30 00:00:00+00:00,5.0,2.0,1.0,95.8,0.2,0.0,0.0,0.5,0.6425753680212826,0.9628666603075299,1.214550564394625,-0.01710454661289134,1.5830389799024203,1.54912314512623,True
2022-12-31 00:00:00+00:00,0.0,0.0,0.0,0.0,0.0,0.0,0.0,0.0,-0.19194370372363762,-0.3585541805689027,-0.29040215417897125,-0.03171069822884376,-0.22192280643940296,-0.35541202019695123,True
2023-01-01 00:00:00+00:00,0.0,0.0,0.0,0.0,0.0,0.0,0.0,0.0,-0.19194370372363762,-0.3585541805689027,-0.29040215417897125,-0.03171069822884376,-0.22192280643940296,-0.35541202019695123,True
2023-01-02 00:00:00+00:00,6.0,4.0,1.0,623.8,0.0,0.1666666666666666,0.0,0.25,0.8094791823702667,2.2842875011839627,1.214550564394625,0.06339699882784848,-0.22192280643940296,0.5968555624646393,True
2023-01-03 00:00:00+00:00,1.0,1.0,0.0,11.0,0.0,0.0,0.0,0.0,-0.025039889374653564,0.3021562398693136,-0.29040215417897125,-0.030033582698828342,-0.22192280643940296,-0.35541202019695123,True
2023-01-04 00:00:00+00:00,1.0,1.0,1.0,973.0,0.0,0.0,0.0,1.0,-0.025039889374653564,0.3021562398693136,1.214550564394625,0.1166377936534287,-0.22192280643940296,3.4536583104494114,True
2023-01-05 00:00:00+00:00,5.0,5.0,2.0,461.25,0.2,0.2,0.0,0.4,0.6425753680212826,2.944997921622179,2.7195032829682213,0.03861380524566618,1.5830389799024203,1.1682161120615937,True
2023-01-06 00:00:00+00:00,0.0,0.0,0.0,0.0,0.0,0.0,0.0,0.0,-0.19194370372363762,-0.3585541805689027,-0.29040215417897125,-0.03171069822884376,-0.22192280643940296,-0.35541202019695123,True
2023-01-07 00:00:00+00:00,0.0,0.0,0.0,0.0,0.0,0.0,0.0,0.0,-0.19194370372363762,-0.3585541805689027,-0.29040215417897125,-0.03171069822884376,-0.22192280643940296,-0.35541202019695123,True
2023-01-08 00:00:00+00:00,0.0,0.0,0.0,0.0,0.0,0.0,0.0,0.0,-0.19194370372363762,-0.3585541805689027,-0.29040215417897125,-0.03171069822884376,-0.22192280643940296,-0.35541202019695123,True
2023-01-09 00:00:00+00:00,0.0,0.0,0.0,0.0,0.0,0.0,0.0,0.0,-0.19194370372363762,-0.3585541805689027,-0.29040215417897125,-0.03171069822884376,-0.22192280643940296,-0.35541202019695123,True
2023-01-10 00:00:00+00:00,0.0,0.0,0.0,0.0,0.0,0.0,0.0,0.0,-0.19194370372363762,-0.3585541805689027,-0.29040215417897125,-0.03171069822884376,-0.22192280643940296,-0.35541202019695123,True
2023-01-11 00:00:00+00:00,0.0,0.0,0.0,0.0,0.0,0.0,0.0,0.0,-0.19194370372363762,-0.3585541805689027,-0.29040215417897125,-0.03171069822884376,-0.22192280643940296,-0.35541202019695123,True
2023-01-12 00:00:00+00:00,0.0,0.0,0.0,0.0,0.0,0.0,0.0,0.0,-0.19194370372363762,-0.3585541805689027,-0.29040215417897125,-0.03171069822884376,-0.22192280643940296,-0.35541202019695123,True
2023-01-13 00:00:00+00:00,0.0,0.0,0.0,0.0,0.0,0.0,0.0,0.0,-0.19194370372363762,-0.3585541805689027,-0.29040215417897125,-0.03171069822884376,-0.22192280643940296,-0.35541202019695123,True
2023-01-14 00:00:00+00:00,0.0,0.0,0.0,0.0,0.0,0.0,0.0,0.0,-0.19194370372363762,-0.3585541805689027,-0.29040215417897125,-0.03171069822884376,-0.22192280643940296,-0.35541202019695123,True
2023-01-15 00:00:00+00:00,0.0,0.0,0.0,0.0,0.0,0.0,0.0,0.0,-0.19194370372363762,-0.3585541805689027,-0.29040215417897125,-0.03171069822884376,-0.22192280643940296,-0.35541202019695123,True
2023-01-16 00:00:00+00:00,1.0,1.0,1.0,465.0,0.0,0.0,0.0,1.0,-0.025039889374653564,0.3021562398693136,1.214550564394625,0.03918554917635325,-0.22192280643940296,3.4536583104494114,True
2023-01-17 00:00:00+00:00,4.0,3.0,1.0,12.75,0.25,0.0,0.0,0.3333333333333333,0.4756715536722986,1.6235770807457464,1.214550564394625,-0.02976676886450771,2.034279426487876,0.9142780900185028,True
2023-01-18 00:00:00+00:00,0.0,0.0,0.0,0.0,0.0,0.0,0.0,0.0,-0.19194370372363762,-0.3585541805689027,-0.29040215417897125,-0.03171069822884376,-0.22192280643940296,-0.35541202019695123,True
2023-01-19 00:00:00+00:00,5.0,3.0,0.0,406.75,0.2,0.2,0.0,0.0,0.6425753680212826,1.6235770807457464,-0.29040215417897125,0.030304460119680725,1.5830389799024203,-0.35541202019695123,True
2023-01-20 00:00:00+00:00,5.0,5.0,2.0,23.6,0.0,0.0,0.0,0.4,0.6425753680212826,2.944997921622179,2.7195032829682213,-0.02811252309171978,-0.22192280643940296,1.1682161120615937,True
2023-01-21 00:00:00+00:00,3.0,3.0,0.0,231.66666666666663,0.0,0.0,0.0,0.0,0.3087677393233145,1.6235770807457464,-0.29040215417897125,0.0036103712669353937,-0.22192280643940296,-0.35541202019695123,True
2023-01-22 00:00:00+00:00,6.0,3.0,1.0,176.5,0.3333333333333333,0.0,0.0,0.3333333333333333,0.8094791823702667,1.6235770807457464,1.214550564394625,-0.004800617224505536,2.7863468374636358,0.9142780900185028,True
2023-01-23 00:00:00+00:00,7.0,6.0,1.0,177.42857142857142,0.0,0.0,0.0,0.1666666666666666,0.9763829967192508,3.605708342060395,1.214550564394625,-0.0046590425369068345,-0.22192280643940296,0.2794330349107756,True
2023-01-24 00:00:00+00:00,0.0,0.0,0.0,0.0,0.0,0.0,0.0,0.0,-0.19194370372363762,-0.3585541805689027,-0.29040215417897125,-0.03171069822884376,-0.22192280643940296,-0.35541202019695123,True
2023-01-25 00:00:00+00:00,4.0,3.0,0.0,7.75,0.25,0.0,0.0,0.0,0.4756715536722986,1.6235770807457464,-0.29040215417897125,-0.030529094105423805,2.034279426487876,-0.35541202019695123,True
2023-01-26 00:00:00+00:00,0.0,0.0,0.0,0.0,0.0,0.0,0.0,0.0,-0.19194370372363762,-0.3585541805689027,-0.29040215417897125,-0.03171069822884376,-0.22192280643940296,-0.35541202019695123,True
2023-01-27 00:00:00+00:00,0.0,0.0,0.0,0.0,0.0,0.0,0.0,0.0,-0.19194370372363762,-0.3585541805689027,-0.29040215417897125,-0.03171069822884376,-0.22192280643940296,-0.35541202019695123,True
2023-01-28 00:00:00+00:00,0.0,0.0,0.0,0.0,0.0,0.0,0.0,0.0,-0.19194370372363762,-0.3585541805689027,-0.29040215417897125,-0.03171069822884376,-0.22192280643940296,-0.35541202019695123,True
2023-01-29 00:00:00+00:00,0.0,0.0,0.0,0.0,0.0,0.0,0.0,0.0,-0.19194370372363762,-0.3585541805689027,-0.29040215417897125,-0.03171069822884376,-0.22192280643940296,-0.35541202019695123,True
2023-01-30 00:00:00+00:00,1.0,1.0,1.0,0.0,0.0,1.0,0.0,1.0,-0.025039889374653564,0.3021562398693136,1.214550564394625,-0.03171069822884376,-0.22192280643940296,3.4536583104494114,True
2023-01-31 00:00:00+00:00,1.0,1.0,1.0,20.0,0.0,0.0,0.0,1.0,-0.025039889374653564,0.3021562398693136,1.214550564394625,-0.02866139726517937,-0.22192280643940296,3.4536583104494114,True
2023-02-01 00:00:00+00:00,0.0,0.0,0.0,0.0,0.0,0.0,0.0,0.0,-0.19194370372363762,-0.3585541805689027,-0.29040215417897125,-0.03171069822884376,-0.22192280643940296,-0.35541202019695123,True
2023-02-02 00:00:00+00:00,0.0,0.0,0.0,0.0,0.0,0.0,0.0,0.0,-0.19194370372363762,-0.3585541805689027,-0.29040215417897125,-0.03171069822884376,-0.22192280643940296,-0.35541202019695123,True
2023-02-03 00:00:00+00:00,0.0,0.0,0.0,0.0,0.0,0.0,0.0,0.0,-0.19194370372363762,-0.3585541805689027,-0.29040215417897125,-0.03171069822884376,-0.22192280643940296,-0.35541202019695123,True
2023-02-04 00:00:00+00:00,0.0,0.0,0.0,0.0,0.0,0.0,0.0,0.0,-0.19194370372363762,-0.3585541805689027,-0.29040215417897125,-0.03171069822884376,-0.22192280643940296,-0.35541202019695123,True
2023-02-05 00:00:00+00:00,1.0,1.0,0.0,0.0,0.0,1.0,0.0,0.0,-0.025039889374653564,0.3021562398693136,-0.29040215417897125,-0.03171069822884376,-0.22192280643940296,-0.35541202019695123,True
2023-02-06 00:00:00+00:00,0.0,0.0,0.0,0.0,0.0,0.0,0.0,0.0,-0.19194370372363762,-0.3585541805689027,-0.29040215417897125,-0.03171069822884376,-0.22192280643940296,-0.35541202019695123,True
2023-02-07 00:00:00+00:00,0.0,0.0,0.0,0.0,0.0,0.0,0.0,0.0,-0.19194370372363762,-0.3585541805689027,-0.29040215417897125,-0.03171069822884376,-0.22192280643940296,-0.35541202019695123,True
2023-02-08 00:00:00+00:00,1.0,1.0,1.0,6.0,0.0,0.0,0.0,1.0,-0.025039889374653564,0.3021562398693136,1.214550564394625,-0.03079590793974444,-0.22192280643940296,3.4536583104494114,True
2023-02-09 00:00:00+00:00,0.0,0.0,0.0,0.0,0.0,0.0,0.0,0.0,-0.19194370372363762,-0.3585541805689027,-0.29040215417897125,-0.03171069822884376,-0.22192280643940296,-0.35541202019695123,True
2023-02-10 00:00:00+00:00,0.0,0.0,0.0,0.0,0.0,0.0,0.0,0.0,-0.19194370372363762,-0.3585541805689027,-0.29040215417897125,-0.03171069822884376,-0.22192280643940296,-0.35541202019695123,True
2023-02-11 00:00:00+00:00,0.0,0.0,0.0,0.0,0.0,0.0,0.0,0.0,-0.19194370372363762,-0.3585541805689027,-0.29040215417897125,-0.03171069822884376,-0.22192280643940296,-0.35541202019695123,True
2023-02-12 00:00:00+00:00,0.0,0.0,0.0,0.0,0.0,0.0,0.0,0.0,-0.19194370372363762,-0.3585541805689027,-0.29040215417897125,-0.03171069822884376,-0.22192280643940296,-0.35541202019695123,True
2023-02-13 00:00:00+00:00,2.0,2.0,2.0,1.0,0.5,0.0,0.0,1.0,0.14186392497433048,0.9628666603075299,2.7195032829682213,-0.03155823318066054,4.290481659415155,3.4536583104494114,True
2023-02-14 00:00:00+00:00,0.0,0.0,0.0,0.0,0.0,0.0,0.0,0.0,-0.19194370372363762,-0.3585541805689027,-0.29040215417897125,-0.03171069822884376,-0.22192280643940296,-0.35541202019695123,True
2023-02-15 00:00:00+00:00,0.0,0.0,0.0,0.0,0.0,0.0,0.0,0.0,-0.19194370372363762,-0.3585541805689027,-0.29040215417897125,-0.03171069822884376,-0.22192280643940296,-0.35541202019695123,True
2023-02-16 00:00:00+00:00,0.0,0.0,0.0,0.0,0.0,0.0,0.0,0.0,-0.19194370372363762,-0.3585541805689027,-0.29040215417897125,-0.03171069822884376,-0.22192280643940296,-0.35541202019695123,True
2023-02-17 00:00:00+00:00,1.0,1.0,1.0,0.0,0.0,0.0,0.0,1.0,-0.025039889374653564,0.3021562398693136,1.214550564394625,-0.03171069822884376,-0.22192280643940296,3.4536583104494114,True
2023-02-18 00:00:00+00:00,2.0,2.0,1.0,30.0,0.5,0.0,0.0,0.5,0.14186392497433048,0.9628666603075299,1.214550564394625,-0.027136746783347175,4.290481659415155,1.54912314512623,True
2023-02-19 00:00:00+00:00,0.0,0.0,0.0,0.0,0.0,0.0,0.0,0.0,-0.19194370372363762,-0.3585541805689027,-0.29040215417897125,-0.03171069822884376,-0.22192280643940296,-0.35541202019695123,True
2023-02-20 00:00:00+00:00,0.0,0.0,0.0,0.0,0.0,0.0,0.0,0.0,-0.19194370372363762,-0.3585541805689027,-0.29040215417897125,-0.03171069822884376,-0.22192280643940296,-0.35541202019695123,True
2023-02-21 00:00:00+00:00,1.0,1.0,0.0,2.0,0.0,0.0,0.0,0.0,-0.025039889374653564,0.3021562398693136,-0.29040215417897125,-0.031405768132477314,-0.22192280643940296,-0.35541202019695123,True
2023-02-22 00:00:00+00:00,1.0,1.0,1.0,45.0,0.0,0.0,0.0,1.0,-0.025039889374653564,0.3021562398693136,1.214550564394625,-0.024849771060598883,-0.22192280643940296,3.4536583104494114,True
2023-02-23 00:00:00+00:00,2.0,1.0,0.0,2.0,0.0,0.0,0.0,0.0,0.14186392497433048,0.3021562398693136,-0.29040215417897125,-0.031405768132477314,-0.22192280643940296,-0.35541202019695123,True
2023-02-24 00:00:00+00:00,5.0,3.0,1.0,231.8,0.0,0.0,0.0,0.3333333333333333,0.6425753680212826,1.6235770807457464,1.214550564394625,0.0036306999400264974,-0.22192280643940296,0.9142780900185028,True
2023-02-25 00:00:00+00:00,0.0,0.0,0.0,0.0,0.0,0.0,0.0,0.0,-0.19194370372363762,-0.3585541805689027,-0.29040215417897125,-0.03171069822884376,-0.22192280643940296,-0.35541202019695123,True
2023-02-26 00:00:00+00:00,0.0,0.0,0.0,0.0,0.0,0.0,0.0,0.0,-0.19194370372363762,-0.3585541805689027,-0.29040215417897125,-0.03171069822884376,-0.22192280643940296,-0.35541202019695123,True
2023-02-27 00:00:00+00:00,1.0,1.0,0.0,5.0,0.0,0.0,0.0,0.0,-0.025039889374653564,0.3021562398693136,-0.29040215417897125,-0.030948372987927658,-0.22192280643940296,-0.35541202019695123,True
2023-02-28 00:00:00+00:00,1.0,1.0,0.0,41.0,0.0,0.0,0.0,0.0,-0.025039889374653564,0.3021562398693136,-0.29040215417897125,-0.025459631253331762,-0.22192280643940296,-0.35541202019695123,True
2023-03-01 00:00:00+00:00,4.0,3.0,2.0,8.5,0.5,0.0,0.0,0.6666666666666666,0.4756715536722986,1.6235770807457464,2.7195032829682213,-0.030414745319286392,4.290481659415155,2.183968200233957,True
2023-03-02 00:00:00+00:00,0.0,0.0,0.0,0.0,0.0,0.0,0.0,0.0,-0.19194370372363762,-0.3585541805689027,-0.29040215417897125,-0.03171069822884376,-0.22192280643940296,-0.35541202019695123,True
2023-03-03 00:00:00+00:00,0.0,0.0,0.0,0.0,0.0,0.0,0.0,0.0,-0.19194370372363762,-0.3585541805689027,-0.29040215417897125,-0.03171069822884376,-0.22192280643940296,-0.35541202019695123,True
2023-03-04 00:00:00+00:00,0.0,0.0,0.0,0.0,0.0,0.0,0.0,0.0,-0.19194370372363762,-0.3585541805689027,-0.29040215417897125,-0.03171069822884376,-0.22192280643940296,-0.35541202019695123,True
2023-03-05 00:00:00+00:00,2.0,2.0,1.0,86.5,0.5,0.0,0.0,0.5,0.14186392497433048,0.9628666603075299,1.214550564394625,-0.01852247156099528,4.290481659415155,1.54912314512623,True
2023-03-06 00:00:00+00:00,2.0,2.0,0.0,852.0,0.5,0.0,0.0,0.0,0.14186392497433048,0.9628666603075299,-0.29040215417897125,0.09818952282325916,4.290481659415155,-0.35541202019695123,True
2023-03-07 00:00:00+00:00,3.0,2.0,1.0,497.6666666666667,0.0,0.0,0.0,0.5,0.3087677393233145,0.9628666603075299,1.214550564394625,0.04416607408367176,-0.22192280643940296,1.54912314512623,True
2023-03-08 00:00:00+00:00,2.0,2.0,0.0,398.0,0.5,0.0,0.0,0.0,0.14186392497433048,0.9628666603075299,-0.29040215417897125,0.028970390948077556,4.290481659415155,-0.35541202019695123,True
2023-03-09 00:00:00+00:00,0.0,0.0,0.0,0.0,0.0,0.0,0.0,0.0,-0.19194370372363762,-0.3585541805689027,-0.29040215417897125,-0.03171069822884376,-0.22192280643940296,-0.35541202019695123,True
2023-03-10 00:00:00+00:00,0.0,0.0,0.0,0.0,0.0,0.0,0.0,0.0,-0.19194370372363762,-0.3585541805689027,-0.29040215417897125,-0.03171069822884376,-0.22192280643940296,-0.35541202019695123,True
2023-03-11 00:00:00+00:00,0.0,0.0,0.0,0.0,0.0,0.0,0.0,0.0,-0.19194370372363762,-0.3585541805689027,-0.29040215417897125,-0.03171069822884376,-0.22192280643940296,-0.35541202019695123,True
2023-03-12 00:00:00+00:00,0.0,0.0,0.0,0.0,0.0,0.0,0.0,0.0,-0.19194370372363762,-0.3585541805689027,-0.29040215417897125,-0.03171069822884376,-0.22192280643940296,-0.35541202019695123,True
2023-03-13 00:00:00+00:00,0.0,0.0,0.0,0.0,0.0,0.0,0.0,0.0,-0.19194370372363762,-0.3585541805689027,-0.29040215417897125,-0.03171069822884376,-0.22192280643940296,-0.35541202019695123,True
2023-03-14 00:00:00+00:00,0.0,0.0,0.0,0.0,0.0,0.0,0.0,0.0,-0.19194370372363762,-0.3585541805689027,-0.29040215417897125,-0.03171069822884376,-0.22192280643940296,-0.35541202019695123,True
2023-03-15 00:00:00+00:00,6.0,2.0,1.0,2.0,0.1666666666666666,0.0,0.0,0.5,0.8094791823702667,0.9628666603075299,1.214550564394625,-0.031405768132477314,1.2822120155121157,1.54912314512623,True
2023-03-16 00:00:00+00:00,0.0,0.0,0.0,0.0,0.0,0.0,0.0,0.0,-0.19194370372363762,-0.3585541805689027,-0.29040215417897125,-0.03171069822884376,-0.22192280643940296,-0.35541202019695123,True
2023-03-17 00:00:00+00:00,0.0,0.0,0.0,0.0,0.0,0.0,0.0,0.0,-0.19194370372363762,-0.3585541805689027,-0.29040215417897125,-0.03171069822884376,-0.22192280643940296,-0.35541202019695123,True
2023-03-18 00:00:00+00:00,0.0,0.0,0.0,0.0,0.0,0.0,0.0,0.0,-0.19194370372363762,-0.3585541805689027,-0.29040215417897125,-0.03171069822884376,-0.22192280643940296,-0.35541202019695123,True
2023-03-19 00:00:00+00:00,0.0,0.0,0.0,0.0,0.0,0.0,0.0,0.0,-0.19194370372363762,-0.3585541805689027,-0.29040215417897125,-0.03171069822884376,-0.22192280643940296,-0.35541202019695123,True
2023-03-20 00:00:00+00:00,0.0,0.0,0.0,0.0,0.0,0.0,0.0,0.0,-0.19194370372363762,-0.3585541805689027,-0.29040215417897125,-0.03171069822884376,-0.22192280643940296,-0.35541202019695123,True
2023-03-21 00:00:00+00:00,0.0,0.0,0.0,0.0,0.0,0.0,0.0,0.0,-0.19194370372363762,-0.3585541805689027,-0.29040215417897125,-0.03171069822884376,-0.22192280643940296,-0.35541202019695123,True
2023-03-22 00:00:00+00:00,3.0,3.0,2.0,62.66666666666666,0.3333333333333333,0.0,0.0,0.6666666666666666,0.3087677393233145,1.6235770807457464,2.7195032829682213,-0.022156221876028677,2.7863468374636358,2.183968200233957,True
2023-03-23 00:00:00+00:00,8.0,2.0,1.0,14.5,0.25,0.0,0.0,0.5,1.1432868110682348,0.9628666603075299,1.214550564394625,-0.029499955030187076,2.034279426487876,1.54912314512623,True
2023-03-24 00:00:00+00:00,0.0,0.0,0.0,0.0,0.0,0.0,0.0,0.0,-0.19194370372363762,-0.3585541805689027,-0.29040215417897125,-0.03171069822884376,-0.22192280643940296,-0.35541202019695123,True
2023-03-25 00:00:00+00:00,0.0,0.0,0.0,0.0,0.0,0.0,0.0,0.0,-0.19194370372363762,-0.3585541805689027,-0.29040215417897125,-0.03171069822884376,-0.22192280643940296,-0.35541202019695123,True
2023-03-26 00:00:00+00:00,1.0,1.0,0.0,82.0,0.0,0.0,0.0,0.0,-0.025039889374653564,0.3021562398693136,-0.29040215417897125,-0.019208564277819768,-0.22192280643940296,-0.35541202019695123,True
2023-03-27 00:00:00+00:00,0.0,0.0,0.0,0.0,0.0,0.0,0.0,0.0,-0.19194370372363762,-0.3585541805689027,-0.29040215417897125,-0.03171069822884376,-0.22192280643940296,-0.35541202019695123,True
2023-03-28 00:00:00+00:00,0.0,0.0,0.0,0.0,0.0,0.0,0.0,0.0,-0.19194370372363762,-0.3585541805689027,-0.29040215417897125,-0.03171069822884376,-0.22192280643940296,-0.35541202019695123,True
2023-03-29 00:00:00+00:00,0.0,0.0,0.0,0.0,0.0,0.0,0.0,0.0,-0.19194370372363762,-0.3585541805689027,-0.29040215417897125,-0.03171069822884376,-0.22192280643940296,-0.35541202019695123,True
2023-03-30 00:00:00+00:00,0.0,0.0,0.0,0.0,0.0,0.0,0.0,0.0,-0.19194370372363762,-0.3585541805689027,-0.29040215417897125,-0.03171069822884376,-0.22192280643940296,-0.35541202019695123,True
2023-03-31 00:00:00+00:00,0.0,0.0,0.0,0.0,0.0,0.0,0.0,0.0,-0.19194370372363762,-0.3585541805689027,-0.29040215417897125,-0.03171069822884376,-0.22192280643940296,-0.35541202019695123,True
2023-04-01 00:00:00+00:00,0.0,0.0,0.0,0.0,0.0,0.0,0.0,0.0,-0.19194370372363762,-0.3585541805689027,-0.29040215417897125,-0.03171069822884376,-0.22192280643940296,-0.35541202019695123,True
2023-04-02 00:00:00+00:00,0.0,0.0,0.0,0.0,0.0,0.0,0.0,0.0,-0.19194370372363762,-0.3585541805689027,-0.29040215417897125,-0.03171069822884376,-0.22192280643940296,-0.35541202019695123,True
2023-04-03 00:00:00+00:00,0.0,0.0,0.0,0.0,0.0,0.0,0.0,0.0,-0.19194370372363762,-0.3585541805689027,-0.29040215417897125,-0.03171069822884376,-0.22192280643940296,-0.35541202019695123,True
2023-04-04 00:00:00+00:00,0.0,0.0,0.0,0.0,0.0,0.0,0.0,0.0,-0.19194370372363762,-0.3585541805689027,-0.29040215417897125,-0.03171069822884376,-0.22192280643940296,-0.35541202019695123,True
2023-04-05 00:00:00+00:00,0.0,0.0,0.0,0.0,0.0,0.0,0.0,0.0,-0.19194370372363762,-0.3585541805689027,-0.29040215417897125,-0.03171069822884376,-0.22192280643940296,-0.35541202019695123,True
2023-04-06 00:00:00+00:00,2.0,1.0,0.0,287.0,0.0,0.0,0.0,0.0,0.14186392497433048,0.3021562398693136,-0.29040215417897125,0.012046770599740205,-0.22192280643940296,-0.35541202019695123,True
2023-04-07 00:00:00+00:00,3.0,3.0,2.0,379.6666666666667,0.0,0.0,0.0,0.6666666666666666,0.3087677393233145,1.6235770807457464,2.7195032829682213,0.02617519839805187,-0.22192280643940296,2.183968200233957,True
2023-04-08 00:00:00+00:00,1.0,1.0,0.0,31.0,0.0,0.0,0.0,0.0,-0.025039889374653564,0.3021562398693136,-0.29040215417897125,-0.026984281735163956,-0.22192280643940296,-0.35541202019695123,True
2023-04-09 00:00:00+00:00,4.0,3.0,1.0,175.33333333333334,0.25,0.25,0.0,0.3333333333333333,0.4756715536722986,1.6235770807457464,1.214550564394625,-0.004978493114052624,2.034279426487876,0.9142780900185028,True
2023-04-10 00:00:00+00:00,0.0,0.0,0.0,0.0,0.0,0.0,0.0,0.0,-0.19194370372363762,-0.3585541805689027,-0.29040215417897125,-0.03171069822884376,-0.22192280643940296,-0.35541202019695123,True
2023-04-11 00:00:00+00:00,1.0,1.0,1.0,14.0,0.0,0.0,0.0,1.0,-0.025039889374653564,0.3021562398693136,1.214550564394625,-0.029576187554278686,-0.22192280643940296,3.4536583104494114,True
2023-04-12 00:00:00+00:00,2.0,2.0,1.0,253.0,0.0,0.5,0.0,0.5,0.14186392497433048,0.9628666603075299,1.214550564394625,0.006862958961510747,-0.22192280643940296,1.54912314512623,True
2023-04-13 00:00:00+00:00,0.0,0.0,0.0,0.0,0.0,0.0,0.0,0.0,-0.19194370372363762,-0.3585541805689027,-0.29040215417897125,-0.03171069822884376,-0.22192280643940296,-0.35541202019695123,True
2023-04-14 00:00:00+00:00,0.0,0.0,0.0,0.0,0.0,0.0,0.0,0.0,-0.19194370372363762,-0.3585541805689027,-0.29040215417897125,-0.03171069822884376,-0.22192280643940296,-0.35541202019695123,True
2023-04-15 00:00:00+00:00,0.0,0.0,0.0,0.0,0.0,0.0,0.0,0.0,-0.19194370372363762,-0.3585541805689027,-0.29040215417897125,-0.03171069822884376,-0.22192280643940296,-0.35541202019695123,True
2023-04-16 00:00:00+00:00,9.0,5.0,2.0,805.7777777777778,0.1111111111111111,0.0,0.0,0.4,1.3101906254172189,2.944997921622179,2.7195032829682213,0.09114224948501258,0.7808337415282764,1.1682161120615937,True
2023-04-17 00:00:00+00:00,4.0,3.0,1.0,502.25,0.25,0.0,0.0,0.3333333333333333,0.4756715536722986,1.6235770807457464,1.214550564394625,0.04486487222117817,2.034279426487876,0.9142780900185028,True
2023-04-18 00:00:00+00:00,0.0,0.0,0.0,0.0,0.0,0.0,0.0,0.0,-0.19194370372363762,-0.3585541805689027,-0.29040215417897125,-0.03171069822884376,-0.22192280643940296,-0.35541202019695123,True
2023-04-19 00:00:00+00:00,0.0,0.0,0.0,0.0,0.0,0.0,0.0,0.0,-0.19194370372363762,-0.3585541805689027,-0.29040215417897125,-0.03171069822884376,-0.22192280643940296,-0.35541202019695123,True
2023-04-20 00:00:00+00:00,0.0,0.0,0.0,0.0,0.0,0.0,0.0,0.0,-0.19194370372363762,-0.3585541805689027,-0.29040215417897125,-0.03171069822884376,-0.22192280643940296,-0.35541202019695123,True
2023-04-21 00:00:00+00:00,0.0,0.0,0.0,0.0,0.0,0.0,0.0,0.0,-0.19194370372363762,-0.3585541805689027,-0.29040215417897125,-0.03171069822884376,-0.22192280643940296,-0.35541202019695123,True
2023-04-22 00:00:00+00:00,1.0,1.0,0.0,169.0,0.0,0.0,0.0,0.0,-0.025039889374653564,0.3021562398693136,-0.29040215417897125,-0.005944105085879682,-0.22192280643940296,-0.35541202019695123,True
2023-04-23 00:00:00+00:00,1.0,1.0,1.0,0.0,0.0,0.0,0.0,1.0,-0.025039889374653564,0.3021562398693136,1.214550564394625,-0.03171069822884376,-0.22192280643940296,3.4536583104494114,True
2023-04-24 00:00:00+00:00,0.0,0.0,0.0,0.0,0.0,0.0,0.0,0.0,-0.19194370372363762,-0.3585541805689027,-0.29040215417897125,-0.03171069822884376,-0.22192280643940296,-0.35541202019695123,True
2023-04-25 00:00:00+00:00,7.0,4.0,2.0,17.571428571428573,0.1428571428571428,0.0,0.0,0.5,0.9763829967192508,2.2842875011839627,2.7195032829682213,-0.0290316695250529,1.0673356123761844,1.54912314512623,True
2023-04-26 00:00:00+00:00,2.0,2.0,0.0,7.0,0.5,0.0,0.0,0.0,0.14186392497433048,0.9628666603075299,-0.29040215417897125,-0.03064344289156122,4.290481659415155,-0.35541202019695123,True
2023-04-27 00:00:00+00:00,0.0,0.0,0.0,0.0,0.0,0.0,0.0,0.0,-0.19194370372363762,-0.3585541805689027,-0.29040215417897125,-0.03171069822884376,-0.22192280643940296,-0.35541202019695123,True
2023-04-28 00:00:00+00:00,0.0,0.0,0.0,0.0,0.0,0.0,0.0,0.0,-0.19194370372363762,-0.3585541805689027,-0.29040215417897125,-0.03171069822884376,-0.22192280643940296,-0.35541202019695123,True
2023-04-29 00:00:00+00:00,0.0,0.0,0.0,0.0,0.0,0.0,0.0,0.0,-0.19194370372363762,-0.3585541805689027,-0.29040215417897125,-0.03171069822884376,-0.22192280643940296,-0.35541202019695123,True
2023-04-30 00:00:00+00:00,0.0,0.0,0.0,0.0,0.0,0.0,0.0,0.0,-0.19194370372363762,-0.3585541805689027,-0.29040215417897125,-0.03171069822884376,-0.22192280643940296,-0.35541202019695123,True
2023-05-01 00:00:00+00:00,0.0,0.0,0.0,0.0,0.0,0.0,0.0,0.0,-0.19194370372363762,-0.3585541805689027,-0.29040215417897125,-0.03171069822884376,-0.22192280643940296,-0.35541202019695123,True
2023-05-02 00:00:00+00:00,0.0,0.0,0.0,0.0,0.0,0.0,0.0,0.0,-0.19194370372363762,-0.3585541805689027,-0.29040215417897125,-0.03171069822884376,-0.22192280643940296,-0.35541202019695123,True
2023-05-03 00:00:00+00:00,9.0,2.0,0.0,675.25,0.0,0.1111111111111111,0.0,0.0,1.3101906254172189,0.9628666603075299,-0.29040215417897125,0.07124132555687512,-0.22192280643940296,-0.35541202019695123,True
2023-05-04 00:00:00+00:00,0.0,0.0,0.0,0.0,0.0,0.0,0.0,0.0,-0.19194370372363762,-0.3585541805689027,-0.29040215417897125,-0.03171069822884376,-0.22192280643940296,-0.35541202019695123,True
2023-05-05 00:00:00+00:00,1.0,1.0,0.0,64.0,0.0,0.0,0.0,0.0,-0.025039889374653564,0.3021562398693136,-0.29040215417897125,-0.021952935145117716,-0.22192280643940296,-0.35541202019695123,True
2023-05-06 00:00:00+00:00,1.0,1.0,0.0,40.0,0.0,0.0,0.0,0.0,-0.025039889374653564,0.3021562398693136,-0.29040215417897125,-0.02561209630151498,-0.22192280643940296,-0.35541202019695123,True
2023-05-07 00:00:00+00:00,2.0,2.0,1.0,20.0,0.0,0.5,0.0,0.5,0.14186392497433048,0.9628666603075299,1.214550564394625,-0.02866139726517937,-0.22192280643940296,1.54912314512623,True
2023-05-08 00:00:00+00:00,1.0,1.0,0.0,76.0,0.0,0.0,0.0,0.0,-0.025039889374653564,0.3021562398693136,-0.29040215417897125,-0.020123354566919084,-0.22192280643940296,-0.35541202019695123,True
2023-05-09 00:00:00+00:00,0.0,0.0,0.0,0.0,0.0,0.0,0.0,0.0,-0.19194370372363762,-0.3585541805689027,-0.29040215417897125,-0.03171069822884376,-0.22192280643940296,-0.35541202019695123,True
2023-05-10 00:00:00+00:00,1.0,1.0,0.0,0.0,0.0,1.0,0.0,0.0,-0.025039889374653564,0.3021562398693136,-0.29040215417897125,-0.03171069822884376,-0.22192280643940296,-0.35541202019695123,True
2023-05-11 00:00:00+00:00,0.0,0.0,0.0,0.0,0.0,0.0,0.0,0.0,-0.19194370372363762,-0.3585541805689027,-0.29040215417897125,-0.03171069822884376,-0.22192280643940296,-0.35541202019695123,True
2023-05-12 00:00:00+00:00,0.0,0.0,0.0,0.0,0.0,0.0,0.0,0.0,-0.19194370372363762,-0.3585541805689027,-0.29040215417897125,-0.03171069822884376,-0.22192280643940296,-0.35541202019695123,True
2023-05-13 00:00:00+00:00,0.0,0.0,0.0,0.0,0.0,0.0,0.0,0.0,-0.19194370372363762,-0.3585541805689027,-0.29040215417897125,-0.03171069822884376,-0.22192280643940296,-0.35541202019695123,True
2023-05-14 00:00:00+00:00,1.0,1.0,1.0,0.0,0.0,0.0,0.0,1.0,-0.025039889374653564,0.3021562398693136,1.214550564394625,-0.03171069822884376,-0.22192280643940296,3.4536583104494114,True
2023-05-15 00:00:00+00:00,1.0,1.0,0.0,0.0,0.0,1.0,0.0,0.0,-0.025039889374653564,0.3021562398693136,-0.29040215417897125,-0.03171069822884376,-0.22192280643940296,-0.35541202019695123,True
2023-05-16 00:00:00+00:00,2.0,2.0,1.0,620.0,0.5,0.0,0.0,0.5,0.14186392497433048,0.9628666603075299,1.214550564394625,0.06281763164475226,4.290481659415155,1.54912314512623,True
2023-05-17 00:00:00+00:00,2.0,2.0,0.0,207.0,0.0,0.0,0.0,0.0,0.14186392497433048,0.9628666603075299,-0.29040215417897125,-0.0001504332549173451,-0.22192280643940296,-0.35541202019695123,True
2023-05-18 00:00:00+00:00,0.0,0.0,0.0,0.0,0.0,0.0,0.0,0.0,-0.19194370372363762,-0.3585541805689027,-0.29040215417897125,-0.03171069822884376,-0.22192280643940296,-0.35541202019695123,True
2023-05-19 00:00:00+00:00,0.0,0.0,0.0,0.0,0.0,0.0,0.0,0.0,-0.19194370372363762,-0.3585541805689027,-0.29040215417897125,-0.03171069822884376,-0.22192280643940296,-0.35541202019695123,True
2023-05-20 00:00:00+00:00,0.0,0.0,0.0,0.0,0.0,0.0,0.0,0.0,-0.19194370372363762,-0.3585541805689027,-0.29040215417897125,-0.03171069822884376,-0.22192280643940296,-0.35541202019695123,True
2023-05-21 00:00:00+00:00,0.0,0.0,0.0,0.0,0.0,0.0,0.0,0.0,-0.19194370372363762,-0.3585541805689027,-0.29040215417897125,-0.03171069822884376,-0.22192280643940296,-0.35541202019695123,True
2023-05-22 00:00:00+00:00,0.0,0.0,0.0,0.0,0.0,0.0,0.0,0.0,-0.19194370372363762,-0.3585541805689027,-0.29040215417897125,-0.03171069822884376,-0.22192280643940296,-0.35541202019695123,True
2023-05-23 00:00:00+00:00,0.0,0.0,0.0,0.0,0.0,0.0,0.0,0.0,-0.19194370372363762,-0.3585541805689027,-0.29040215417897125,-0.03171069822884376,-0.22192280643940296,-0.35541202019695123,True
2023-05-24 00:00:00+00:00,0.0,0.0,0.0,0.0,0.0,0.0,0.0,0.0,-0.19194370372363762,-0.3585541805689027,-0.29040215417897125,-0.03171069822884376,-0.22192280643940296,-0.35541202019695123,True
2023-05-25 00:00:00+00:00,0.0,0.0,0.0,0.0,0.0,0.0,0.0,0.0,-0.19194370372363762,-0.3585541805689027,-0.29040215417897125,-0.03171069822884376,-0.22192280643940296,-0.35541202019695123,True
2023-05-26 00:00:00+00:00,0.0,0.0,0.0,0.0,0.0,0.0,0.0,0.0,-0.19194370372363762,-0.3585541805689027,-0.29040215417897125,-0.03171069822884376,-0.22192280643940296,-0.35541202019695123,True
2023-05-27 00:00:00+00:00,1.0,1.0,1.0,352.0,0.0,0.0,0.0,1.0,-0.025039889374653564,0.3021562398693136,1.214550564394625,0.021956998731649465,-0.22192280643940296,3.4536583104494114,True
2023-05-28 00:00:00+00:00,2.0,2.0,2.0,2.0,0.0,0.0,0.0,1.0,0.14186392497433048,0.9628666603075299,2.7195032829682213,-0.031405768132477314,-0.22192280643940296,3.4536583104494114,True
2023-05-29 00:00:00+00:00,0.0,0.0,0.0,0.0,0.0,0.0,0.0,0.0,-0.19194370372363762,-0.3585541805689027,-0.29040215417897125,-0.03171069822884376,-0.22192280643940296,-0.35541202019695123,True
2023-05-30 00:00:00+00:00,2.0,1.0,0.0,100.5,0.0,0.0,0.0,0.0,0.14186392497433048,0.3021562398693136,-0.29040215417897125,-0.01638796088643021,-0.22192280643940296,-0.35541202019695123,True
2023-05-31 00:00:00+00:00,0.0,0.0,0.0,0.0,0.0,0.0,0.0,0.0,-0.19194370372363762,-0.3585541805689027,-0.29040215417897125,-0.03171069822884376,-0.22192280643940296,-0.35541202019695123,True
2023-06-01 00:00:00+00:00,0.0,0.0,0.0,0.0,0.0,0.0,0.0,0.0,-0.19194370372363762,-0.3585541805689027,-0.29040215417897125,-0.03171069822884376,-0.22192280643940296,-0.35541202019695123,True
2023-06-02 00:00:00+00:00,0.0,0.0,0.0,0.0,0.0,0.0,0.0,0.0,-0.19194370372363762,-0.3585541805689027,-0.29040215417897125,-0.03171069822884376,-0.22192280643940296,-0.35541202019695123,True
2023-06-03 00:00:00+00:00,0.0,0.0,0.0,0.0,0.0,0.0,0.0,0.0,-0.19194370372363762,-0.3585541805689027,-0.29040215417897125,-0.03171069822884376,-0.22192280643940296,-0.35541202019695123,True
2023-06-04 00:00:00+00:00,2.0,2.0,1.0,17.0,0.5,0.0,0.0,0.5,0.14186392497433048,0.9628666603075299,1.214550564394625,-0.029118792409729026,4.290481659415155,1.54912314512623,True
2023-06-05 00:00:00+00:00,0.0,0.0,0.0,0.0,0.0,0.0,0.0,0.0,-0.19194370372363762,-0.3585541805689027,-0.29040215417897125,-0.03171069822884376,-0.22192280643940296,-0.35541202019695123,True
2023-06-06 00:00:00+00:00,0.0,0.0,0.0,0.0,0.0,0.0,0.0,0.0,-0.19194370372363762,-0.3585541805689027,-0.29040215417897125,-0.03171069822884376,-0.22192280643940296,-0.35541202019695123,True
2023-06-07 00:00:00+00:00,0.0,0.0,0.0,0.0,0.0,0.0,0.0,0.0,-0.19194370372363762,-0.3585541805689027,-0.29040215417897125,-0.03171069822884376,-0.22192280643940296,-0.35541202019695123,True
2023-06-08 00:00:00+00:00,1.0,1.0,1.0,34.0,0.0,0.0,0.0,1.0,-0.025039889374653564,0.3021562398693136,1.214550564394625,-0.026526886590614297,-0.22192280643940296,3.4536583104494114,True
2023-06-09 00:00:00+00:00,0.0,0.0,0.0,0.0,0.0,0.0,0.0,0.0,-0.19194370372363762,-0.3585541805689027,-0.29040215417897125,-0.03171069822884376,-0.22192280643940296,-0.35541202019695123,True
2023-06-10 00:00:00+00:00,1.0,1.0,0.0,0.0,0.0,1.0,0.0,0.0,-0.025039889374653564,0.3021562398693136,-0.29040215417897125,-0.03171069822884376,-0.22192280643940296,-0.35541202019695123,True
2023-06-11 00:00:00+00:00,1.0,1.0,1.0,985.0,0.0,0.0,0.0,1.0,-0.025039889374653564,0.3021562398693136,1.214550564394625,0.11846737423162733,-0.22192280643940296,3.4536583104494114,True
2023-06-12 00:00:00+00:00,1.0,1.0,0.0,37.0,0.0,0.0,0.0,0.0,-0.025039889374653564,0.3021562398693136,-0.29040215417897125,-0.02606949144606464,-0.22192280643940296,-0.35541202019695123,True
2023-06-13 00:00:00+00:00,0.0,0.0,0.0,0.0,0.0,0.0,0.0,0.0,-0.19194370372363762,-0.3585541805689027,-0.29040215417897125,-0.03171069822884376,-0.22192280643940296,-0.35541202019695123,True
2023-06-14 00:00:00+00:00,2.0,2.0,1.0,35.0,0.0,0.0,0.0,0.5,0.14186392497433048,0.9628666603075299,1.214550564394625,-0.026374421542431078,-0.22192280643940296,1.54912314512623,True
2023-06-15 00:00:00+00:00,6.0,4.0,1.0,163.33333333333334,0.0,0.0,0.0,0.25,0.8094791823702667,2.2842875011839627,1.214550564394625,-0.006808073692251257,-0.22192280643940296,0.5968555624646393,True
2023-06-16 00:00:00+00:00,0.0,0.0,0.0,0.0,0.0,0.0,0.0,0.0,-0.19194370372363762,-0.3585541805689027,-0.29040215417897125,-0.03171069822884376,-0.22192280643940296,-0.35541202019695123,True
2023-06-17 00:00:00+00:00,0.0,0.0,0.0,0.0,0.0,0.0,0.0,0.0,-0.19194370372363762,-0.3585541805689027,-0.29040215417897125,-0.03171069822884376,-0.22192280643940296,-0.35541202019695123,True
2023-06-18 00:00:00+00:00,0.0,0.0,0.0,0.0,0.0,0.0,0.0,0.0,-0.19194370372363762,-0.3585541805689027,-0.29040215417897125,-0.03171069822884376,-0.22192280643940296,-0.35541202019695123,True
2023-06-19 00:00:00+00:00,0.0,0.0,0.0,0.0,0.0,0.0,0.0,0.0,-0.19194370372363762,-0.3585541805689027,-0.29040215417897125,-0.03171069822884376,-0.22192280643940296,-0.35541202019695123,True
2023-06-20 00:00:00+00:00,0.0,0.0,0.0,0.0,0.0,0.0,0.0,0.0,-0.19194370372363762,-0.3585541805689027,-0.29040215417897125,-0.03171069822884376,-0.22192280643940296,-0.35541202019695123,True
2023-06-21 00:00:00+00:00,0.0,0.0,0.0,0.0,0.0,0.0,0.0,0.0,-0.19194370372363762,-0.3585541805689027,-0.29040215417897125,-0.03171069822884376,-0.22192280643940296,-0.35541202019695123,True
2023-06-22 00:00:00+00:00,0.0,0.0,0.0,0.0,0.0,0.0,0.0,0.0,-0.19194370372363762,-0.3585541805689027,-0.29040215417897125,-0.03171069822884376,-0.22192280643940296,-0.35541202019695123,True
2023-06-23 00:00:00+00:00,0.0,0.0,0.0,0.0,0.0,0.0,0.0,0.0,-0.19194370372363762,-0.3585541805689027,-0.29040215417897125,-0.03171069822884376,-0.22192280643940296,-0.35541202019695123,True
2023-06-24 00:00:00+00:00,5.0,4.0,0.0,318.4,0.2,0.0,0.0,0.0,0.6425753680212826,2.2842875011839627,-0.29040215417897125,0.01683417311269329,1.5830389799024203,-0.35541202019695123,True
2023-06-25 00:00:00+00:00,0.0,0.0,0.0,0.0,0.0,0.0,0.0,0.0,-0.19194370372363762,-0.3585541805689027,-0.29040215417897125,-0.03171069822884376,-0.22192280643940296,-0.35541202019695123,True
2023-06-26 00:00:00+00:00,7.0,5.0,3.0,19.428571428571427,0.1428571428571428,0.0,0.0,0.6,0.9763829967192508,2.944997921622179,4.224456001541817,-0.028748520149855496,1.0673356123761844,1.9300301781908662,True
2023-06-27 00:00:00+00:00,0.0,0.0,0.0,0.0,0.0,0.0,0.0,0.0,-0.19194370372363762,-0.3585541805689027,-0.29040215417897125,-0.03171069822884376,-0.22192280643940296,-0.35541202019695123,True
2023-06-28 00:00:00+00:00,0.0,0.0,0.0,0.0,0.0,0.0,0.0,0.0,-0.19194370372363762,-0.3585541805689027,-0.29040215417897125,-0.03171069822884376,-0.22192280643940296,-0.35541202019695123,True
2023-06-29 00:00:00+00:00,0.0,0.0,0.0,0.0,0.0,0.0,0.0,0.0,-0.19194370372363762,-0.3585541805689027,-0.29040215417897125,-0.03171069822884376,-0.22192280643940296,-0.35541202019695123,True
2023-06-30 00:00:00+00:00,2.0,1.0,0.0,474.0,0.0,0.0,0.0,0.0,0.14186392497433048,0.3021562398693136,-0.29040215417897125,0.04055773461000223,-0.22192280643940296,-0.35541202019695123,True
2023-07-01 00:00:00+00:00,0.0,0.0,0.0,0.0,0.0,0.0,0.0,0.0,-0.19194370372363762,-0.3585541805689027,-0.29040215417897125,-0.03171069822884376,-0.22192280643940296,-0.35541202019695123,True
2023-07-02 00:00:00+00:00,1.0,1.0,0.0,895.0,1.0,0.0,0.0,0.0,-0.025039889374653564,0.3021562398693136,-0.29040215417897125,0.10474551989513758,8.802886125269712,-0.35541202019695123,True
2023-07-03 00:00:00+00:00,0.0,0.0,0.0,0.0,0.0,0.0,0.0,0.0,-0.19194370372363762,-0.3585541805689027,-0.29040215417897125,-0.03171069822884376,-0.22192280643940296,-0.35541202019695123,True
2023-07-04 00:00:00+00:00,0.0,0.0,0.0,0.0,0.0,0.0,0.0,0.0,-0.19194370372363762,-0.3585541805689027,-0.29040215417897125,-0.03171069822884376,-0.22192280643940296,-0.35541202019695123,True
2023-07-05 00:00:00+00:00,2.0,2.0,1.0,47.0,0.5,0.0,0.0,0.5,0.14186392497433048,0.9628666603075299,1.214550564394625,-0.024544840964232446,4.290481659415155,1.54912314512623,True
2023-07-06 00:00:00+00:00,0.0,0.0,0.0,0.0,0.0,0.0,0.0,0.0,-0.19194370372363762,-0.3585541805689027,-0.29040215417897125,-0.03171069822884376,-0.22192280643940296,-0.35541202019695123,True
2023-07-07 00:00:00+00:00,3.0,2.0,1.0,18.0,0.0,0.3333333333333333,0.0,0.5,0.3087677393233145,0.9628666603075299,1.214550564394625,-0.028966327361545807,-0.22192280643940296,1.54912314512623,True
2023-07-08 00:00:00+00:00,1.0,1.0,1.0,19.0,0.0,0.0,0.0,1.0,-0.025039889374653564,0.3021562398693136,1.214550564394625,-0.02881386231336259,-0.22192280643940296,3.4536583104494114,True
2023-07-09 00:00:00+00:00,4.0,1.0,0.0,2520.5,0.0,0.0,0.0,0.0,0.4756715536722986,0.3021562398693136,-0.29040215417897125,0.35257745571696064,-0.22192280643940296,-0.35541202019695123,True
2023-07-10 00:00:00+00:00,1.0,1.0,0.0,21.0,0.0,0.0,0.0,0.0,-0.025039889374653564,0.3021562398693136,-0.29040215417897125,-0.02850893221699615,-0.22192280643940296,-0.35541202019695123,True
2023-07-11 00:00:00+00:00,0.0,0.0,0.0,0.0,0.0,0.0,0.0,0.0,-0.19194370372363762,-0.3585541805689027,-0.29040215417897125,-0.03171069822884376,-0.22192280643940296,-0.35541202019695123,True
2023-07-12 00:00:00+00:00,0.0,0.0,0.0,0.0,0.0,0.0,0.0,0.0,-0.19194370372363762,-0.3585541805689027,-0.29040215417897125,-0.03171069822884376,-0.22192280643940296,-0.35541202019695123,True
2023-07-13 00:00:00+00:00,0.0,0.0,0.0,0.0,0.0,0.0,0.0,0.0,-0.19194370372363762,-0.3585541805689027,-0.29040215417897125,-0.03171069822884376,-0.22192280643940296,-0.35541202019695123,True
2023-07-14 00:00:00+00:00,2.0,2.0,1.0,13.0,0.5,0.0,0.0,0.5,0.14186392497433048,0.9628666603075299,1.214550564394625,-0.029728652602461905,4.290481659415155,1.54912314512623,True
2023-07-15 00:00:00+00:00,0.0,0.0,0.0,0.0,0.0,0.0,0.0,0.0,-0.19194370372363762,-0.3585541805689027,-0.29040215417897125,-0.03171069822884376,-0.22192280643940296,-0.35541202019695123,True
2023-07-16 00:00:00+00:00,1.0,1.0,0.0,4.0,0.0,0.0,0.0,0.0,-0.025039889374653564,0.3021562398693136,-0.29040215417897125,-0.03110083803611088,-0.22192280643940296,-0.35541202019695123,True
2023-07-17 00:00:00+00:00,4.0,3.0,0.0,2286.75,0.5,0.0,0.0,0.0,0.4756715536722986,1.6235770807457464,-0.29040215417897125,0.31693875070413313,4.290481659415155,-0.35541202019695123,True
2023-07-18 00:00:00+00:00,0.0,0.0,0.0,0.0,0.0,0.0,0.0,0.0,-0.19194370372363762,-0.3585541805689027,-0.29040215417897125,-0.03171069822884376,-0.22192280643940296,-0.35541202019695123,True
2023-07-19 00:00:00+00:00,0.0,0.0,0.0,0.0,0.0,0.0,0.0,0.0,-0.19194370372363762,-0.3585541805689027,-0.29040215417897125,-0.03171069822884376,-0.22192280643940296,-0.35541202019695123,True
2023-07-20 00:00:00+00:00,1.0,1.0,1.0,19.0,0.0,0.0,0.0,1.0,-0.025039889374653564,0.3021562398693136,1.214550564394625,-0.02881386231336259,-0.22192280643940296,3.4536583104494114,True
2023-07-21 00:00:00+00:00,8.0,5.0,2.0,14.571428571428571,0.125,0.125,0.0,0.4,1.1432868110682348,2.944997921622179,2.7195032829682213,-0.029489064669602556,0.9061783100242364,1.1682161120615937,True
2023-07-22 00:00:00+00:00,0.0,0.0,0.0,0.0,0.0,0.0,0.0,0.0,-0.19194370372363762,-0.3585541805689027,-0.29040215417897125,-0.03171069822884376,-0.22192280643940296,-0.35541202019695123,True
2023-07-23 00:00:00+00:00,2.0,2.0,2.0,32.0,0.0,0.0,0.0,1.0,0.14186392497433048,0.9628666603075299,2.7195032829682213,-0.026831816686980738,-0.22192280643940296,3.4536583104494114,True
2023-07-24 00:00:00+00:00,1.0,1.0,0.0,1.0,0.0,0.0,0.0,0.0,-0.025039889374653564,0.3021562398693136,-0.29040215417897125,-0.03155823318066054,-0.22192280643940296,-0.35541202019695123,True
2023-07-25 00:00:00+00:00,1.0,1.0,0.0,0.0,0.0,1.0,0.0,0.0,-0.025039889374653564,0.3021562398693136,-0.29040215417897125,-0.03171069822884376,-0.22192280643940296,-0.35541202019695123,True
2023-07-26 00:00:00+00:00,1.0,1.0,1.0,10.0,0.0,0.0,0.0,1.0,-0.025039889374653564,0.3021562398693136,1.214550564394625,-0.030186047747011564,-0.22192280643940296,3.4536583104494114,True
2023-07-27 00:00:00+00:00,0.0,0.0,0.0,0.0,0.0,0.0,0.0,0.0,-0.19194370372363762,-0.3585541805689027,-0.29040215417897125,-0.03171069822884376,-0.22192280643940296,-0.35541202019695123,True
2023-07-28 00:00:00+00:00,0.0,0.0,0.0,0.0,0.0,0.0,0.0,0.0,-0.19194370372363762,-0.3585541805689027,-0.29040215417897125,-0.03171069822884376,-0.22192280643940296,-0.35541202019695123,True
2023-07-29 00:00:00+00:00,1.0,1.0,1.0,8.0,0.0,0.0,0.0,1.0,-0.025039889374653564,0.3021562398693136,1.214550564394625,-0.030490977843378002,-0.22192280643940296,3.4536583104494114,True
2023-07-30 00:00:00+00:00,1.0,1.0,1.0,0.0,0.0,0.0,0.0,1.0,-0.025039889374653564,0.3021562398693136,1.214550564394625,-0.03171069822884376,-0.22192280643940296,3.4536583104494114,True
2023-07-31 00:00:00+00:00,1.0,1.0,1.0,67.0,0.0,0.0,0.0,1.0,-0.025039889374653564,0.3021562398693136,1.214550564394625,-0.021495540000568056,-0.22192280643940296,3.4536583104494114,True
2023-08-01 00:00:00+00:00,0.0,0.0,0.0,0.0,0.0,0.0,0.0,0.0,-0.19194370372363762,-0.3585541805689027,-0.29040215417897125,-0.03171069822884376,-0.22192280643940296,-0.35541202019695123,True
2023-08-02 00:00:00+00:00,0.0,0.0,0.0,0.0,0.0,0.0,0.0,0.0,-0.19194370372363762,-0.3585541805689027,-0.29040215417897125,-0.03171069822884376,-0.22192280643940296,-0.35541202019695123,True
2023-08-03 00:00:00+00:00,0.0,0.0,0.0,0.0,0.0,0.0,0.0,0.0,-0.19194370372363762,-0.3585541805689027,-0.29040215417897125,-0.03171069822884376,-0.22192280643940296,-0.35541202019695123,True
2023-08-04 00:00:00+00:00,0.0,0.0,0.0,0.0,0.0,0.0,0.0,0.0,-0.19194370372363762,-0.3585541805689027,-0.29040215417897125,-0.03171069822884376,-0.22192280643940296,-0.35541202019695123,True
2023-08-05 00:00:00+00:00,1.0,1.0,0.0,96.0,0.0,0.0,0.0,0.0,-0.025039889374653564,0.3021562398693136,-0.29040215417897125,-0.017074053603254695,-0.22192280643940296,-0.35541202019695123,True
2023-08-06 00:00:00+00:00,0.0,0.0,0.0,0.0,0.0,0.0,0.0,0.0,-0.19194370372363762,-0.3585541805689027,-0.29040215417897125,-0.03171069822884376,-0.22192280643940296,-0.35541202019695123,True
2023-08-07 00:00:00+00:00,0.0,0.0,0.0,0.0,0.0,0.0,0.0,0.0,-0.19194370372363762,-0.3585541805689027,-0.29040215417897125,-0.03171069822884376,-0.22192280643940296,-0.35541202019695123,True
2023-08-08 00:00:00+00:00,1.0,1.0,0.0,403.0,0.0,0.0,0.0,0.0,-0.025039889374653564,0.3021562398693136,-0.29040215417897125,0.029732716188993653,-0.22192280643940296,-0.35541202019695123,True
2023-08-09 00:00:00+00:00,0.0,0.0,0.0,0.0,0.0,0.0,0.0,0.0,-0.19194370372363762,-0.3585541805689027,-0.29040215417897125,-0.03171069822884376,-0.22192280643940296,-0.35541202019695123,True
2023-08-10 00:00:00+00:00,2.0,1.0,0.0,1.0,0.0,0.0,0.0,0.0,0.14186392497433048,0.3021562398693136,-0.29040215417897125,-0.03155823318066054,-0.22192280643940296,-0.35541202019695123,True
2023-08-11 00:00:00+00:00,0.0,0.0,0.0,0.0,0.0,0.0,0.0,0.0,-0.19194370372363762,-0.3585541805689027,-0.29040215417897125,-0.03171069822884376,-0.22192280643940296,-0.35541202019695123,True
2023-08-12 00:00:00+00:00,0.0,0.0,0.0,0.0,0.0,0.0,0.0,0.0,-0.19194370372363762,-0.3585541805689027,-0.29040215417897125,-0.03171069822884376,-0.22192280643940296,-0.35541202019695123,True
2023-08-13 00:00:00+00:00,0.0,0.0,0.0,0.0,0.0,0.0,0.0,0.0,-0.19194370372363762,-0.3585541805689027,-0.29040215417897125,-0.03171069822884376,-0.22192280643940296,-0.35541202019695123,True
2023-08-14 00:00:00+00:00,1.0,1.0,1.0,0.0,0.0,1.0,0.0,1.0,-0.025039889374653564,0.3021562398693136,1.214550564394625,-0.03171069822884376,-0.22192280643940296,3.4536583104494114,True
2023-08-15 00:00:00+00:00,1.0,1.0,0.0,0.0,0.0,0.0,0.0,0.0,-0.025039889374653564,0.3021562398693136,-0.29040215417897125,-0.03171069822884376,-0.22192280643940296,-0.35541202019695123,True
2023-08-16 00:00:00+00:00,0.0,0.0,0.0,0.0,0.0,0.0,0.0,0.0,-0.19194370372363762,-0.3585541805689027,-0.29040215417897125,-0.03171069822884376,-0.22192280643940296,-0.35541202019695123,True
2023-08-17 00:00:00+00:00,0.0,0.0,0.0,0.0,0.0,0.0,0.0,0.0,-0.19194370372363762,-0.3585541805689027,-0.29040215417897125,-0.03171069822884376,-0.22192280643940296,-0.35541202019695123,True
2023-08-18 00:00:00+00:00,4.0,2.0,1.0,1176.75,0.25,0.0,0.0,0.5,0.4756715536722986,0.9628666603075299,1.214550564394625,0.14770254722075965,2.034279426487876,1.54912314512623,True
2023-08-19 00:00:00+00:00,0.0,0.0,0.0,0.0,0.0,0.0,0.0,0.0,-0.19194370372363762,-0.3585541805689027,-0.29040215417897125,-0.03171069822884376,-0.22192280643940296,-0.35541202019695123,True
2023-08-20 00:00:00+00:00,0.0,0.0,0.0,0.0,0.0,0.0,0.0,0.0,-0.19194370372363762,-0.3585541805689027,-0.29040215417897125,-0.03171069822884376,-0.22192280643940296,-0.35541202019695123,True
2023-08-21 00:00:00+00:00,0.0,0.0,0.0,0.0,0.0,0.0,0.0,0.0,-0.19194370372363762,-0.3585541805689027,-0.29040215417897125,-0.03171069822884376,-0.22192280643940296,-0.35541202019695123,True
2023-08-22 00:00:00+00:00,0.0,0.0,0.0,0.0,0.0,0.0,0.0,0.0,-0.19194370372363762,-0.3585541805689027,-0.29040215417897125,-0.03171069822884376,-0.22192280643940296,-0.35541202019695123,True
2023-08-23 00:00:00+00:00,8.0,1.0,0.0,1200.125,0.0,0.0,0.0,0.0,1.1432868110682348,0.3021562398693136,-0.29040215417897125,0.1512664177220424,-0.22192280643940296,-0.35541202019695123,True
2023-08-24 00:00:00+00:00,0.0,0.0,0.0,0.0,0.0,0.0,0.0,0.0,-0.19194370372363762,-0.3585541805689027,-0.29040215417897125,-0.03171069822884376,-0.22192280643940296,-0.35541202019695123,True
2023-08-25 00:00:00+00:00,0.0,0.0,0.0,0.0,0.0,0.0,0.0,0.0,-0.19194370372363762,-0.3585541805689027,-0.29040215417897125,-0.03171069822884376,-0.22192280643940296,-0.35541202019695123,True
2023-08-26 00:00:00+00:00,1.0,1.0,0.0,41.0,0.0,0.0,0.0,0.0,-0.025039889374653564,0.3021562398693136,-0.29040215417897125,-0.025459631253331762,-0.22192280643940296,-0.35541202019695123,True
2023-08-27 00:00:00+00:00,2.0,2.0,1.0,102.0,0.5,0.0,0.0,0.5,0.14186392497433048,0.9628666603075299,1.214550564394625,-0.01615926331415538,4.290481659415155,1.54912314512623,True
2023-08-28 00:00:00+00:00,0.0,0.0,0.0,0.0,0.0,0.0,0.0,0.0,-0.19194370372363762,-0.3585541805689027,-0.29040215417897125,-0.03171069822884376,-0.22192280643940296,-0.35541202019695123,True
2023-08-29 00:00:00+00:00,0.0,0.0,0.0,0.0,0.0,0.0,0.0,0.0,-0.19194370372363762,-0.3585541805689027,-0.29040215417897125,-0.03171069822884376,-0.22192280643940296,-0.35541202019695123,True
2023-08-30 00:00:00+00:00,1.0,1.0,1.0,7.0,0.0,0.0,0.0,1.0,-0.025039889374653564,0.3021562398693136,1.214550564394625,-0.03064344289156122,-0.22192280643940296,3.4536583104494114,True
2023-08-31 00:00:00+00:00,0.0,0.0,0.0,0.0,0.0,0.0,0.0,0.0,-0.19194370372363762,-0.3585541805689027,-0.29040215417897125,-0.03171069822884376,-0.22192280643940296,-0.35541202019695123,True
2023-09-01 00:00:00+00:00,2.0,1.0,0.0,24.5,0.0,0.0,0.0,0.0,0.14186392497433048,0.3021562398693136,-0.29040215417897125,-0.027975304548354882,-0.22192280643940296,-0.35541202019695123,True
2023-09-02 00:00:00+00:00,1.0,1.0,0.0,22.0,0.0,0.0,0.0,0.0,-0.025039889374653564,0.3021562398693136,-0.29040215417897125,-0.02835646716881293,-0.22192280643940296,-0.35541202019695123,True
2023-09-03 00:00:00+00:00,0.0,0.0,0.0,0.0,0.0,0.0,0.0,0.0,-0.19194370372363762,-0.3585541805689027,-0.29040215417897125,-0.03171069822884376,-0.22192280643940296,-0.35541202019695123,True
2023-09-04 00:00:00+00:00,0.0,0.0,0.0,0.0,0.0,0.0,0.0,0.0,-0.19194370372363762,-0.3585541805689027,-0.29040215417897125,-0.03171069822884376,-0.22192280643940296,-0.35541202019695123,True
2023-09-05 00:00:00+00:00,3.0,2.0,2.0,55.0,0.0,0.0,0.0,1.0,0.3087677393233145,0.9628666603075299,2.7195032829682213,-0.023325120578766692,-0.22192280643940296,3.4536583104494114,True
2023-09-06 00:00:00+00:00,1.0,1.0,0.0,1380.0,1.0,0.0,0.0,0.0,-0.025039889374653564,0.3021562398693136,-0.29040215417897125,0.178691068263999,8.802886125269712,-0.35541202019695123,True
2023-09-07 00:00:00+00:00,1.0,1.0,0.0,72.0,0.0,0.0,0.0,0.0,-0.025039889374653564,0.3021562398693136,-0.29040215417897125,-0.020733214759651963,-0.22192280643940296,-0.35541202019695123,True
2023-09-08 00:00:00+00:00,16.0,5.0,2.0,595.7333333333333,0.125,0.0625,0.0,0.4,2.478517325860107,2.944997921622179,2.7195032829682213,0.059117813142172806,0.9061783100242364,1.1682161120615937,True
2023-09-09 00:00:00+00:00,1.0,1.0,1.0,34.0,0.0,0.0,0.0,1.0,-0.025039889374653564,0.3021562398693136,1.214550564394625,-0.026526886590614297,-0.22192280643940296,3.4536583104494114,True
2023-09-10 00:00:00+00:00,2.0,1.0,0.0,63.5,0.0,0.0,0.0,0.0,0.14186392497433048,0.3021562398693136,-0.29040215417897125,-0.022029167669209326,-0.22192280643940296,-0.35541202019695123,True
2023-09-11 00:00:00+00:00,0.0,0.0,0.0,0.0,0.0,0.0,0.0,0.0,-0.19194370372363762,-0.3585541805689027,-0.29040215417897125,-0.03171069822884376,-0.22192280643940296,-0.35541202019695123,True
2023-09-12 00:00:00+00:00,1.0,1.0,0.0,66.0,0.0,0.0,0.0,0.0,-0.025039889374653564,0.3021562398693136,-0.29040215417897125,-0.02164800504875128,-0.22192280643940296,-0.35541202019695123,True
2023-09-13 00:00:00+00:00,9.0,3.0,1.0,441.22222222222223,0.0,0.0,0.0,0.3333333333333333,1.3101906254172189,1.6235770807457464,1.214550564394625,0.035560269141774487,-0.22192280643940296,0.9142780900185028,True
2023-09-14 00:00:00+00:00,2.0,2.0,0.0,773.5,0.0,0.0,0.0,0.0,0.14186392497433048,0.9628666603075299,-0.29040215417897125,0.08622101654087644,-0.22192280643940296,-0.35541202019695123,True
2023-09-15 00:00:00+00:00,2.0,1.0,0.0,12.0,0.0,0.0,0.0,0.0,0.14186392497433048,0.3021562398693136,-0.29040215417897125,-0.029881117650645123,-0.22192280643940296,-0.35541202019695123,True
2023-09-16 00:00:00+00:00,0.0,0.0,0.0,0.0,0.0,0.0,0.0,0.0,-0.19194370372363762,-0.3585541805689027,-0.29040215417897125,-0.03171069822884376,-0.22192280643940296,-0.35541202019695123,True
2023-09-17 00:00:00+00:00,5.0,3.0,1.0,312.0,0.0,0.2,0.0,0.3333333333333333,0.6425753680212826,1.6235770807457464,1.214550564394625,0.01585839680432069,-0.22192280643940296,0.9142780900185028,True
2023-09-18 00:00:00+00:00,19.0,7.0,1.0,1038.4444444444443,0.2105263157894736,0.0526315789473684,0.0,0.1428571428571428,2.9792287689070593,4.266418762498612,1.214550564394625,0.12661578402897494,1.678036968657252,0.1887408841811003,True
2023-09-19 00:00:00+00:00,4.0,2.0,1.0,121.25,0.0,0.0,0.0,0.5,0.4756715536722986,0.9628666603075299,1.214550564394625,-0.013224311136628407,-0.22192280643940296,1.54912314512623,True
2023-09-20 00:00:00+00:00,2.0,2.0,0.0,75.0,0.0,0.0,0.0,0.0,0.14186392497433048,0.9628666603075299,-0.29040215417897125,-0.020275819615102303,-0.22192280643940296,-0.35541202019695123,True
2023-09-21 00:00:00+00:00,2.0,2.0,2.0,4.5,0.0,0.0,0.0,1.0,0.14186392497433048,0.9628666603075299,2.7195032829682213,-0.03102460551201927,-0.22192280643940296,3.4536583104494114,True
2023-09-22 00:00:00+00:00,4.0,2.0,1.0,22.0,0.0,0.0,0.0,0.5,0.4756715536722986,0.9628666603075299,1.214550564394625,-0.02835646716881293,-0.22192280643940296,1.54912314512623,True
2023-09-23 00:00:00+00:00,0.0,0.0,0.0,0.0,0.0,0.0,0.0,0.0,-0.19194370372363762,-0.3585541805689027,-0.29040215417897125,-0.03171069822884376,-0.22192280643940296,-0.35541202019695123,True
2023-09-24 00:00:00+00:00,0.0,0.0,0.0,0.0,0.0,0.0,0.0,0.0,-0.19194370372363762,-0.3585541805689027,-0.29040215417897125,-0.03171069822884376,-0.22192280643940296,-0.35541202019695123,True
2023-09-25 00:00:00+00:00,6.0,3.0,2.0,486.3333333333333,0.0,0.0,0.0,0.6666666666666666,0.8094791823702667,1.6235770807457464,2.7195032829682213,0.0424381368709286,-0.22192280643940296,2.183968200233957,True
2023-09-26 00:00:00+00:00,1.0,1.0,0.0,0.0,0.0,0.0,0.0,0.0,-0.025039889374653564,0.3021562398693136,-0.29040215417897125,-0.03171069822884376,-0.22192280643940296,-0.35541202019695123,True
2023-09-27 00:00:00+00:00,1.0,1.0,0.0,43.0,0.0,0.0,0.0,0.0,-0.025039889374653564,0.3021562398693136,-0.29040215417897125,-0.025154701156965324,-0.22192280643940296,-0.35541202019695123,True
2023-09-28 00:00:00+00:00,0.0,0.0,0.0,0.0,0.0,0.0,0.0,0.0,-0.19194370372363762,-0.3585541805689027,-0.29040215417897125,-0.03171069822884376,-0.22192280643940296,-0.35541202019695123,True
2023-09-29 00:00:00+00:00,7.0,4.0,1.0,376.2857142857143,0.1428571428571428,0.0,0.0,0.25,0.9763829967192508,2.2842875011839627,1.214550564394625,0.025659721330384792,1.0673356123761844,0.5968555624646393,True
2023-09-30 00:00:00+00:00,0.0,0.0,0.0,0.0,0.0,0.0,0.0,0.0,-0.19194370372363762,-0.3585541805689027,-0.29040215417897125,-0.03171069822884376,-0.22192280643940296,-0.35541202019695123,True
2023-10-01 00:00:00+00:00,0.0,0.0,0.0,0.0,0.0,0.0,0.0,0.0,-0.19194370372363762,-0.3585541805689027,-0.29040215417897125,-0.03171069822884376,-0.22192280643940296,-0.35541202019695123,True
2023-10-02 00:00:00+00:00,1.0,1.0,0.0,2.0,0.0,0.0,0.0,0.0,-0.025039889374653564,0.3021562398693136,-0.29040215417897125,-0.031405768132477314,-0.22192280643940296,-0.35541202019695123,True
2023-10-03 00:00:00+00:00,0.0,0.0,0.0,0.0,0.0,0.0,0.0,0.0,-0.19194370372363762,-0.3585541805689027,-0.29040215417897125,-0.03171069822884376,-0.22192280643940296,-0.35541202019695123,True
2023-10-04 00:00:00+00:00,0.0,0.0,0.0,0.0,0.0,0.0,0.0,0.0,-0.19194370372363762,-0.3585541805689027,-0.29040215417897125,-0.03171069822884376,-0.22192280643940296,-0.35541202019695123,True
2023-10-05 00:00:00+00:00,0.0,0.0,0.0,0.0,0.0,0.0,0.0,0.0,-0.19194370372363762,-0.3585541805689027,-0.29040215417897125,-0.03171069822884376,-0.22192280643940296,-0.35541202019695123,True
2023-10-06 00:00:00+00:00,0.0,0.0,0.0,0.0,0.0,0.0,0.0,0.0,-0.19194370372363762,-0.3585541805689027,-0.29040215417897125,-0.03171069822884376,-0.22192280643940296,-0.35541202019695123,True
2023-10-07 00:00:00+00:00,0.0,0.0,0.0,0.0,0.0,0.0,0.0,0.0,-0.19194370372363762,-0.3585541805689027,-0.29040215417897125,-0.03171069822884376,-0.22192280643940296,-0.35541202019695123,True
2023-10-08 00:00:00+00:00,0.0,0.0,0.0,0.0,0.0,0.0,0.0,0.0,-0.19194370372363762,-0.3585541805689027,-0.29040215417897125,-0.03171069822884376,-0.22192280643940296,-0.35541202019695123,True
2023-10-09 00:00:00+00:00,1.0,1.0,1.0,252.0,0.0,0.0,0.0,1.0,-0.025039889374653564,0.3021562398693136,1.214550564394625,0.006710493913327527,-0.22192280643940296,3.4536583104494114,True
2023-10-10 00:00:00+00:00,0.0,0.0,0.0,0.0,0.0,0.0,0.0,0.0,-0.19194370372363762,-0.3585541805689027,-0.29040215417897125,-0.03171069822884376,-0.22192280643940296,-0.35541202019695123,True
2023-10-11 00:00:00+00:00,0.0,0.0,0.0,0.0,0.0,0.0,0.0,0.0,-0.19194370372363762,-0.3585541805689027,-0.29040215417897125,-0.03171069822884376,-0.22192280643940296,-0.35541202019695123,True
2023-10-12 00:00:00+00:00,0.0,0.0,0.0,0.0,0.0,0.0,0.0,0.0,-0.19194370372363762,-0.3585541805689027,-0.29040215417897125,-0.03171069822884376,-0.22192280643940296,-0.35541202019695123,True
2023-10-13 00:00:00+00:00,0.0,0.0,0.0,0.0,0.0,0.0,0.0,0.0,-0.19194370372363762,-0.3585541805689027,-0.29040215417897125,-0.03171069822884376,-0.22192280643940296,-0.35541202019695123,True
2023-10-14 00:00:00+00:00,0.0,0.0,0.0,0.0,0.0,0.0,0.0,0.0,-0.19194370372363762,-0.3585541805689027,-0.29040215417897125,-0.03171069822884376,-0.22192280643940296,-0.35541202019695123,True
2023-10-15 00:00:00+00:00,0.0,0.0,0.0,0.0,0.0,0.0,0.0,0.0,-0.19194370372363762,-0.3585541805689027,-0.29040215417897125,-0.03171069822884376,-0.22192280643940296,-0.35541202019695123,True
2023-10-16 00:00:00+00:00,1.0,1.0,0.0,112.0,0.0,0.0,0.0,0.0,-0.025039889374653564,0.3021562398693136,-0.29040215417897125,-0.014634612832323186,-0.22192280643940296,-0.35541202019695123,True
2023-10-17 00:00:00+00:00,0.0,0.0,0.0,0.0,0.0,0.0,0.0,0.0,-0.19194370372363762,-0.3585541805689027,-0.29040215417897125,-0.03171069822884376,-0.22192280643940296,-0.35541202019695123,True
2023-10-18 00:00:00+00:00,0.0,0.0,0.0,0.0,0.0,0.0,0.0,0.0,-0.19194370372363762,-0.3585541805689027,-0.29040215417897125,-0.03171069822884376,-0.22192280643940296,-0.35541202019695123,True
2023-10-19 00:00:00+00:00,0.0,0.0,0.0,0.0,0.0,0.0,0.0,0.0,-0.19194370372363762,-0.3585541805689027,-0.29040215417897125,-0.03171069822884376,-0.22192280643940296,-0.35541202019695123,True
2023-10-20 00:00:00+00:00,0.0,0.0,0.0,0.0,0.0,0.0,0.0,0.0,-0.19194370372363762,-0.3585541805689027,-0.29040215417897125,-0.03171069822884376,-0.22192280643940296,-0.35541202019695123,True
2023-10-21 00:00:00+00:00,0.0,0.0,0.0,0.0,0.0,0.0,0.0,0.0,-0.19194370372363762,-0.3585541805689027,-0.29040215417897125,-0.03171069822884376,-0.22192280643940296,-0.35541202019695123,True
2023-10-22 00:00:00+00:00,0.0,0.0,0.0,0.0,0.0,0.0,0.0,0.0,-0.19194370372363762,-0.3585541805689027,-0.29040215417897125,-0.03171069822884376,-0.22192280643940296,-0.35541202019695123,True
2023-10-23 00:00:00+00:00,0.0,0.0,0.0,0.0,0.0,0.0,0.0,0.0,-0.19194370372363762,-0.3585541805689027,-0.29040215417897125,-0.03171069822884376,-0.22192280643940296,-0.35541202019695123,True
2023-10-24 00:00:00+00:00,1.0,1.0,1.0,953.0,0.0,0.0,0.0,1.0,-0.025039889374653564,0.3021562398693136,1.214550564394625,0.11358849268976431,-0.22192280643940296,3.4536583104494114,True
2023-10-25 00:00:00+00:00,1.0,1.0,0.0,72.0,0.0,0.0,0.0,0.0,-0.025039889374653564,0.3021562398693136,-0.29040215417897125,-0.020733214759651963,-0.22192280643940296,-0.35541202019695123,True
2023-10-26 00:00:00+00:00,0.0,0.0,0.0,0.0,0.0,0.0,0.0,0.0,-0.19194370372363762,-0.3585541805689027,-0.29040215417897125,-0.03171069822884376,-0.22192280643940296,-0.35541202019695123,True
2023-10-27 00:00:00+00:00,3.0,3.0,2.0,1.0,0.3333333333333333,0.0,0.0,0.6666666666666666,0.3087677393233145,1.6235770807457464,2.7195032829682213,-0.03155823318066054,2.7863468374636358,2.183968200233957,True
2023-10-28 00:00:00+00:00,0.0,0.0,0.0,0.0,0.0,0.0,0.0,0.0,-0.19194370372363762,-0.3585541805689027,-0.29040215417897125,-0.03171069822884376,-0.22192280643940296,-0.35541202019695123,True
2023-10-29 00:00:00+00:00,1.0,1.0,1.0,4.0,0.0,0.0,0.0,1.0,-0.025039889374653564,0.3021562398693136,1.214550564394625,-0.03110083803611088,-0.22192280643940296,3.4536583104494114,True
2023-10-30 00:00:00+00:00,0.0,0.0,0.0,0.0,0.0,0.0,0.0,0.0,-0.19194370372363762,-0.3585541805689027,-0.29040215417897125,-0.03171069822884376,-0.22192280643940296,-0.35541202019695123,True
2023-10-31 00:00:00+00:00,1.0,1.0,0.0,1.0,0.0,0.0,0.0,0.0,-0.025039889374653564,0.3021562398693136,-0.29040215417897125,-0.03155823318066054,-0.22192280643940296,-0.35541202019695123,True
2023-11-01 00:00:00+00:00,0.0,0.0,0.0,0.0,0.0,0.0,0.0,0.0,-0.19194370372363762,-0.3585541805689027,-0.29040215417897125,-0.03171069822884376,-0.22192280643940296,-0.35541202019695123,True
2023-11-02 00:00:00+00:00,0.0,0.0,0.0,0.0,0.0,0.0,0.0,0.0,-0.19194370372363762,-0.3585541805689027,-0.29040215417897125,-0.03171069822884376,-0.22192280643940296,-0.35541202019695123,True
2023-11-03 00:00:00+00:00,0.0,0.0,0.0,0.0,0.0,0.0,0.0,0.0,-0.19194370372363762,-0.3585541805689027,-0.29040215417897125,-0.03171069822884376,-0.22192280643940296,-0.35541202019695123,True
2023-11-04 00:00:00+00:00,0.0,0.0,0.0,0.0,0.0,0.0,0.0,0.0,-0.19194370372363762,-0.3585541805689027,-0.29040215417897125,-0.03171069822884376,-0.22192280643940296,-0.35541202019695123,True
2023-11-05 00:00:00+00:00,0.0,0.0,0.0,0.0,0.0,0.0,0.0,0.0,-0.19194370372363762,-0.3585541805689027,-0.29040215417897125,-0.03171069822884376,-0.22192280643940296,-0.35541202019695123,True
2023-11-06 00:00:00+00:00,0.0,0.0,0.0,0.0,0.0,0.0,0.0,0.0,-0.19194370372363762,-0.3585541805689027,-0.29040215417897125,-0.03171069822884376,-0.22192280643940296,-0.35541202019695123,True
2023-11-07 00:00:00+00:00,2.0,2.0,1.0,1.0,0.5,0.0,0.0,0.5,0.14186392497433048,0.9628666603075299,1.214550564394625,-0.03155823318066054,4.290481659415155,1.54912314512623,True
2023-11-08 00:00:00+00:00,3.0,2.0,1.0,151.0,0.0,0.0,0.0,0.5,0.3087677393233145,0.9628666603075299,1.214550564394625,-0.00868847595317763,-0.22192280643940296,1.54912314512623,True
2023-11-09 00:00:00+00:00,1.0,1.0,0.0,128.0,0.0,0.0,0.0,0.0,-0.025039889374653564,0.3021562398693136,-0.29040215417897125,-0.012195172061391675,-0.22192280643940296,-0.35541202019695123,True
2023-11-10 00:00:00+00:00,0.0,0.0,0.0,0.0,0.0,0.0,0.0,0.0,-0.19194370372363762,-0.3585541805689027,-0.29040215417897125,-0.03171069822884376,-0.22192280643940296,-0.35541202019695123,True
2023-11-11 00:00:00+00:00,0.0,0.0,0.0,0.0,0.0,0.0,0.0,0.0,-0.19194370372363762,-0.3585541805689027,-0.29040215417897125,-0.03171069822884376,-0.22192280643940296,-0.35541202019695123,True
2023-11-12 00:00:00+00:00,7.0,3.0,0.0,372.0,0.0,0.0,0.0,0.0,0.9763829967192508,1.6235770807457464,-0.29040215417897125,0.02500629969531385,-0.22192280643940296,-0.35541202019695123,True
2023-11-13 00:00:00+00:00,10.0,3.0,0.0,63.1,0.0,0.0,0.0,0.0,1.477094439766203,1.6235770807457464,-0.29040215417897125,-0.022090153688482616,-0.22192280643940296,-0.35541202019695123,True
2023-11-14 00:00:00+00:00,0.0,0.0,0.0,0.0,0.0,0.0,0.0,0.0,-0.19194370372363762,-0.3585541805689027,-0.29040215417897125,-0.03171069822884376,-0.22192280643940296,-0.35541202019695123,True
2023-11-15 00:00:00+00:00,2.0,2.0,0.0,32.0,0.0,0.0,0.0,0.0,0.14186392497433048,0.9628666603075299,-0.29040215417897125,-0.026831816686980738,-0.22192280643940296,-0.35541202019695123,True
2023-11-16 00:00:00+00:00,1.0,1.0,1.0,65.0,0.0,0.0,0.0,1.0,-0.025039889374653564,0.3021562398693136,1.214550564394625,-0.021800470096934497,-0.22192280643940296,3.4536583104494114,True
2023-11-17 00:00:00+00:00,1.0,1.0,0.0,4.0,0.0,0.0,0.0,0.0,-0.025039889374653564,0.3021562398693136,-0.29040215417897125,-0.03110083803611088,-0.22192280643940296,-0.35541202019695123,True
2023-11-18 00:00:00+00:00,0.0,0.0,0.0,0.0,0.0,0.0,0.0,0.0,-0.19194370372363762,-0.3585541805689027,-0.29040215417897125,-0.03171069822884376,-0.22192280643940296,-0.35541202019695123,True
2023-11-19 00:00:00+00:00,1.0,1.0,0.0,0.0,0.0,1.0,0.0,0.0,-0.025039889374653564,0.3021562398693136,-0.29040215417897125,-0.03171069822884376,-0.22192280643940296,-0.35541202019695123,True
2023-11-20 00:00:00+00:00,0.0,0.0,0.0,0.0,0.0,0.0,0.0,0.0,-0.19194370372363762,-0.3585541805689027,-0.29040215417897125,-0.03171069822884376,-0.22192280643940296,-0.35541202019695123,True
2023-11-21 00:00:00+00:00,0.0,0.0,0.0,0.0,0.0,0.0,0.0,0.0,-0.19194370372363762,-0.3585541805689027,-0.29040215417897125,-0.03171069822884376,-0.22192280643940296,-0.35541202019695123,True
2023-11-22 00:00:00+00:00,1.0,1.0,0.0,0.0,0.0,1.0,0.0,0.0,-0.025039889374653564,0.3021562398693136,-0.29040215417897125,-0.03171069822884376,-0.22192280643940296,-0.35541202019695123,True
2023-11-23 00:00:00+00:00,1.0,1.0,0.0,32.0,0.0,0.0,0.0,0.0,-0.025039889374653564,0.3021562398693136,-0.29040215417897125,-0.026831816686980738,-0.22192280643940296,-0.35541202019695123,True
2023-11-24 00:00:00+00:00,0.0,0.0,0.0,0.0,0.0,0.0,0.0,0.0,-0.19194370372363762,-0.3585541805689027,-0.29040215417897125,-0.03171069822884376,-0.22192280643940296,-0.35541202019695123,True
2023-11-25 00:00:00+00:00,1.0,1.0,1.0,726.0,0.0,0.0,0.0,1.0,-0.025039889374653564,0.3021562398693136,1.214550564394625,0.07897892675217351,-0.22192280643940296,3.4536583104494114,True
2023-11-26 00:00:00+00:00,2.0,2.0,0.0,0.0,0.0,0.5,0.0,0.0,0.14186392497433048,0.9628666603075299,-0.29040215417897125,-0.03171069822884376,-0.22192280643940296,-0.35541202019695123,True
2023-11-27 00:00:00+00:00,0.0,0.0,0.0,0.0,0.0,0.0,0.0,0.0,-0.19194370372363762,-0.3585541805689027,-0.29040215417897125,-0.03171069822884376,-0.22192280643940296,-0.35541202019695123,True
2023-11-28 00:00:00+00:00,0.0,0.0,0.0,0.0,0.0,0.0,0.0,0.0,-0.19194370372363762,-0.3585541805689027,-0.29040215417897125,-0.03171069822884376,-0.22192280643940296,-0.35541202019695123,True
2023-11-29 00:00:00+00:00,0.0,0.0,0.0,0.0,0.0,0.0,0.0,0.0,-0.19194370372363762,-0.3585541805689027,-0.29040215417897125,-0.03171069822884376,-0.22192280643940296,-0.35541202019695123,True
2023-11-30 00:00:00+00:00,0.0,0.0,0.0,0.0,0.0,0.0,0.0,0.0,-0.19194370372363762,-0.3585541805689027,-0.29040215417897125,-0.03171069822884376,-0.22192280643940296,-0.35541202019695123,True
2023-12-01 00:00:00+00:00,1.0,1.0,1.0,4.0,0.0,0.0,0.0,1.0,-0.025039889374653564,0.3021562398693136,1.214550564394625,-0.03110083803611088,-0.22192280643940296,3.4536583104494114,True
2023-12-02 00:00:00+00:00,2.0,1.0,1.0,2.0,0.5,0.0,0.0,1.0,0.14186392497433048,0.3021562398693136,1.214550564394625,-0.031405768132477314,4.290481659415155,3.4536583104494114,True
2023-12-03 00:00:00+00:00,0.0,0.0,0.0,0.0,0.0,0.0,0.0,0.0,-0.19194370372363762,-0.3585541805689027,-0.29040215417897125,-0.03171069822884376,-0.22192280643940296,-0.35541202019695123,True
2023-12-04 00:00:00+00:00,0.0,0.0,0.0,0.0,0.0,0.0,0.0,0.0,-0.19194370372363762,-0.3585541805689027,-0.29040215417897125,-0.03171069822884376,-0.22192280643940296,-0.35541202019695123,True
2023-12-05 00:00:00+00:00,0.0,0.0,0.0,0.0,0.0,0.0,0.0,0.0,-0.19194370372363762,-0.3585541805689027,-0.29040215417897125,-0.03171069822884376,-0.22192280643940296,-0.35541202019695123,True
2023-12-06 00:00:00+00:00,0.0,0.0,0.0,0.0,0.0,0.0,0.0,0.0,-0.19194370372363762,-0.3585541805689027,-0.29040215417897125,-0.03171069822884376,-0.22192280643940296,-0.35541202019695123,True
2023-12-07 00:00:00+00:00,0.0,0.0,0.0,0.0,0.0,0.0,0.0,0.0,-0.19194370372363762,-0.3585541805689027,-0.29040215417897125,-0.03171069822884376,-0.22192280643940296,-0.35541202019695123,True
2023-12-08 00:00:00+00:00,0.0,0.0,0.0,0.0,0.0,0.0,0.0,0.0,-0.19194370372363762,-0.3585541805689027,-0.29040215417897125,-0.03171069822884376,-0.22192280643940296,-0.35541202019695123,True
2023-12-09 00:00:00+00:00,0.0,0.0,0.0,0.0,0.0,0.0,0.0,0.0,-0.19194370372363762,-0.3585541805689027,-0.29040215417897125,-0.03171069822884376,-0.22192280643940296,-0.35541202019695123,True
2023-12-10 00:00:00+00:00,0.0,0.0,0.0,0.0,0.0,0.0,0.0,0.0,-0.19194370372363762,-0.3585541805689027,-0.29040215417897125,-0.03171069822884376,-0.22192280643940296,-0.35541202019695123,True
2023-12-11 00:00:00+00:00,1.0,1.0,1.0,1.0,0.0,0.0,0.0,1.0,-0.025039889374653564,0.3021562398693136,1.214550564394625,-0.03155823318066054,-0.22192280643940296,3.4536583104494114,True
2023-12-12 00:00:00+00:00,0.0,0.0,0.0,0.0,0.0,0.0,0.0,0.0,-0.19194370372363762,-0.3585541805689027,-0.29040215417897125,-0.03171069822884376,-0.22192280643940296,-0.35541202019695123,True
2023-12-13 00:00:00+00:00,0.0,0.0,0.0,0.0,0.0,0.0,0.0,0.0,-0.19194370372363762,-0.3585541805689027,-0.29040215417897125,-0.03171069822884376,-0.22192280643940296,-0.35541202019695123,True
2023-12-14 00:00:00+00:00,0.0,0.0,0.0,0.0,0.0,0.0,0.0,0.0,-0.19194370372363762,-0.3585541805689027,-0.29040215417897125,-0.03171069822884376,-0.22192280643940296,-0.35541202019695123,True
2023-12-15 00:00:00+00:00,3.0,2.0,0.0,318.0,0.0,0.3333333333333333,0.0,0.0,0.3087677393233145,0.9628666603075299,-0.29040215417897125,0.016773187093420006,-0.22192280643940296,-0.35541202019695123,True
2023-12-16 00:00:00+00:00,0.0,0.0,0.0,0.0,0.0,0.0,0.0,0.0,-0.19194370372363762,-0.3585541805689027,-0.29040215417897125,-0.03171069822884376,-0.22192280643940296,-0.35541202019695123,True
2023-12-17 00:00:00+00:00,1.0,1.0,0.0,45.0,0.0,0.0,0.0,0.0,-0.025039889374653564,0.3021562398693136,-0.29040215417897125,-0.024849771060598883,-0.22192280643940296,-0.35541202019695123,True
2023-12-18 00:00:00+00:00,0.0,0.0,0.0,0.0,0.0,0.0,0.0,0.0,-0.19194370372363762,-0.3585541805689027,-0.29040215417897125,-0.03171069822884376,-0.22192280643940296,-0.35541202019695123,True
2023-12-19 00:00:00+00:00,0.0,0.0,0.0,0.0,0.0,0.0,0.0,0.0,-0.19194370372363762,-0.3585541805689027,-0.29040215417897125,-0.03171069822884376,-0.22192280643940296,-0.35541202019695123,True
2023-12-20 00:00:00+00:00,2.0,2.0,2.0,26.0,0.0,0.5,0.0,1.0,0.14186392497433048,0.9628666603075299,2.7195032829682213,-0.027746606976080054,-0.22192280643940296,3.4536583104494114,True
2023-12-21 00:00:00+00:00,3.0,2.0,1.0,411.0,0.0,0.0,0.0,0.5,0.3087677393233145,0.9628666603075299,1.214550564394625,0.030952436574459407,-0.22192280643940296,1.54912314512623,True
2023-12-22 00:00:00+00:00,0.0,0.0,0.0,0.0,0.0,0.0,0.0,0.0,-0.19194370372363762,-0.3585541805689027,-0.29040215417897125,-0.03171069822884376,-0.22192280643940296,-0.35541202019695123,True
2023-12-23 00:00:00+00:00,1.0,1.0,0.0,7.0,0.0,0.0,0.0,0.0,-0.025039889374653564,0.3021562398693136,-0.29040215417897125,-0.03064344289156122,-0.22192280643940296,-0.35541202019695123,True
2023-12-24 00:00:00+00:00,1.0,1.0,1.0,4.0,0.0,0.0,0.0,1.0,-0.025039889374653564,0.3021562398693136,1.214550564394625,-0.03110083803611088,-0.22192280643940296,3.4536583104494114,True
2023-12-25 00:00:00+00:00,0.0,0.0,0.0,0.0,0.0,0.0,0.0,0.0,-0.19194370372363762,-0.3585541805689027,-0.29040215417897125,-0.03171069822884376,-0.22192280643940296,-0.35541202019695123,True
2023-12-26 00:00:00+00:00,0.0,0.0,0.0,0.0,0.0,0.0,0.0,0.0,-0.19194370372363762,-0.3585541805689027,-0.29040215417897125,-0.03171069822884376,-0.22192280643940296,-0.35541202019695123,True
2023-12-27 00:00:00+00:00,0.0,0.0,0.0,0.0,0.0,0.0,0.0,0.0,-0.19194370372363762,-0.3585541805689027,-0.29040215417897125,-0.03171069822884376,-0.22192280643940296,-0.35541202019695123,True
2023-12-28 00:00:00+00:00,0.0,0.0,0.0,0.0,0.0,0.0,0.0,0.0,-0.19194370372363762,-0.3585541805689027,-0.29040215417897125,-0.03171069822884376,-0.22192280643940296,-0.35541202019695123,True
2023-12-29 00:00:00+00:00,0.0,0.0,0.0,0.0,0.0,0.0,0.0,0.0,-0.19194370372363762,-0.3585541805689027,-0.29040215417897125,-0.03171069822884376,-0.22192280643940296,-0.35541202019695123,True
2023-12-30 00:00:00+00:00,0.0,0.0,0.0,0.0,0.0,0.0,0.0,0.0,-0.19194370372363762,-0.3585541805689027,-0.29040215417897125,-0.03171069822884376,-0.22192280643940296,-0.35541202019695123,True
2023-12-31 00:00:00+00:00,0.0,0.0,0.0,0.0,0.0,0.0,0.0,0.0,-0.19194370372363762,-0.3585541805689027,-0.29040215417897125,-0.03171069822884376,-0.22192280643940296,-0.35541202019695123,True
2024-01-01 00:00:00+00:00,0.0,0.0,0.0,0.0,0.0,0.0,0.0,0.0,-0.19194370372363762,-0.3585541805689027,-0.29040215417897125,-0.03171069822884376,-0.22192280643940296,-0.35541202019695123,True
2024-01-02 00:00:00+00:00,0.0,0.0,0.0,0.0,0.0,0.0,0.0,0.0,-0.19194370372363762,-0.3585541805689027,-0.29040215417897125,-0.03171069822884376,-0.22192280643940296,-0.35541202019695123,True
2024-01-03 00:00:00+00:00,0.0,0.0,0.0,0.0,0.0,0.0,0.0,0.0,-0.19194370372363762,-0.3585541805689027,-0.29040215417897125,-0.03171069822884376,-0.22192280643940296,-0.35541202019695123,True
2024-01-04 00:00:00+00:00,0.0,0.0,0.0,0.0,0.0,0.0,0.0,0.0,-0.19194370372363762,-0.3585541805689027,-0.29040215417897125,-0.03171069822884376,-0.22192280643940296,-0.35541202019695123,True
2024-01-05 00:00:00+00:00,1.0,1.0,0.0,0.0,0.0,1.0,0.0,0.0,-0.025039889374653564,0.3021562398693136,-0.29040215417897125,-0.03171069822884376,-0.22192280643940296,-0.35541202019695123,True
2024-01-06 00:00:00+00:00,1.0,1.0,0.0,1340.0,0.0,0.0,0.0,0.0,-0.025039889374653564,0.3021562398693136,-0.29040215417897125,0.17259246633667022,-0.22192280643940296,-0.35541202019695123,True
2024-01-07 00:00:00+00:00,4.0,1.0,1.0,109.0,0.0,0.0,0.0,1.0,0.4756715536722986,0.3021562398693136,1.214550564394625,-0.015092007976872844,-0.22192280643940296,3.4536583104494114,True
2024-01-08 00:00:00+00:00,0.0,0.0,0.0,0.0,0.0,0.0,0.0,0.0,-0.19194370372363762,-0.3585541805689027,-0.29040215417897125,-0.03171069822884376,-0.22192280643940296,-0.35541202019695123,True
2024-01-09 00:00:00+00:00,6.0,2.0,0.0,522.1666666666666,0.0,0.0,0.0,0.0,0.8094791823702667,0.9628666603075299,-0.29040215417897125,0.04790146776416063,-0.22192280643940296,-0.35541202019695123,True
2024-01-10 00:00:00+00:00,10.0,4.0,2.0,193.9,0.0,0.0,0.0,0.5,1.477094439766203,2.2842875011839627,2.7195032829682213,-0.0021477253861175182,-0.22192280643940296,1.54912314512623,True
2024-01-11 00:00:00+00:00,1.0,1.0,1.0,4.0,0.0,0.0,0.0,1.0,-0.025039889374653564,0.3021562398693136,1.214550564394625,-0.03110083803611088,-0.22192280643940296,3.4536583104494114,True
2024-01-12 00:00:00+00:00,1.0,1.0,1.0,266.0,0.0,0.0,0.0,1.0,-0.025039889374653564,0.3021562398693136,1.214550564394625,0.008845004587892598,-0.22192280643940296,3.4536583104494114,True
2024-01-13 00:00:00+00:00,0.0,0.0,0.0,0.0,0.0,0.0,0.0,0.0,-0.19194370372363762,-0.3585541805689027,-0.29040215417897125,-0.03171069822884376,-0.22192280643940296,-0.35541202019695123,True
2024-01-14 00:00:00+00:00,0.0,0.0,0.0,0.0,0.0,0.0,0.0,0.0,-0.19194370372363762,-0.3585541805689027,-0.29040215417897125,-0.03171069822884376,-0.22192280643940296,-0.35541202019695123,True
2024-01-15 00:00:00+00:00,0.0,0.0,0.0,0.0,0.0,0.0,0.0,0.0,-0.19194370372363762,-0.3585541805689027,-0.29040215417897125,-0.03171069822884376,-0.22192280643940296,-0.35541202019695123,True
2024-01-16 00:00:00+00:00,1.0,1.0,0.0,0.0,0.0,1.0,0.0,0.0,-0.025039889374653564,0.3021562398693136,-0.29040215417897125,-0.03171069822884376,-0.22192280643940296,-0.35541202019695123,True
2024-01-17 00:00:00+00:00,0.0,0.0,0.0,0.0,0.0,0.0,0.0,0.0,-0.19194370372363762,-0.3585541805689027,-0.29040215417897125,-0.03171069822884376,-0.22192280643940296,-0.35541202019695123,True
2024-01-18 00:00:00+00:00,0.0,0.0,0.0,0.0,0.0,0.0,0.0,0.0,-0.19194370372363762,-0.3585541805689027,-0.29040215417897125,-0.03171069822884376,-0.22192280643940296,-0.35541202019695123,True
2024-01-19 00:00:00+00:00,0.0,0.0,0.0,0.0,0.0,0.0,0.0,0.0,-0.19194370372363762,-0.3585541805689027,-0.29040215417897125,-0.03171069822884376,-0.22192280643940296,-0.35541202019695123,True
2024-01-20 00:00:00+00:00,0.0,0.0,0.0,0.0,0.0,0.0,0.0,0.0,-0.19194370372363762,-0.3585541805689027,-0.29040215417897125,-0.03171069822884376,-0.22192280643940296,-0.35541202019695123,True
2024-01-21 00:00:00+00:00,0.0,0.0,0.0,0.0,0.0,0.0,0.0,0.0,-0.19194370372363762,-0.3585541805689027,-0.29040215417897125,-0.03171069822884376,-0.22192280643940296,-0.35541202019695123,True
2024-01-22 00:00:00+00:00,0.0,0.0,0.0,0.0,0.0,0.0,0.0,0.0,-0.19194370372363762,-0.3585541805689027,-0.29040215417897125,-0.03171069822884376,-0.22192280643940296,-0.35541202019695123,True
2024-01-23 00:00:00+00:00,0.0,0.0,0.0,0.0,0.0,0.0,0.0,0.0,-0.19194370372363762,-0.3585541805689027,-0.29040215417897125,-0.03171069822884376,-0.22192280643940296,-0.35541202019695123,True
2024-01-24 00:00:00+00:00,0.0,0.0,0.0,0.0,0.0,0.0,0.0,0.0,-0.19194370372363762,-0.3585541805689027,-0.29040215417897125,-0.03171069822884376,-0.22192280643940296,-0.35541202019695123,True
2024-01-25 00:00:00+00:00,0.0,0.0,0.0,0.0,0.0,0.0,0.0,0.0,-0.19194370372363762,-0.3585541805689027,-0.29040215417897125,-0.03171069822884376,-0.22192280643940296,-0.35541202019695123,True
2024-01-26 00:00:00+00:00,1.0,1.0,0.0,8.0,0.0,0.0,0.0,0.0,-0.025039889374653564,0.3021562398693136,-0.29040215417897125,-0.030490977843378002,-0.22192280643940296,-0.35541202019695123,True
2024-01-27 00:00:00+00:00,0.0,0.0,0.0,0.0,0.0,0.0,0.0,0.0,-0.19194370372363762,-0.3585541805689027,-0.29040215417897125,-0.03171069822884376,-0.22192280643940296,-0.35541202019695123,True
2024-01-28 00:00:00+00:00,0.0,0.0,0.0,0.0,0.0,0.0,0.0,0.0,-0.19194370372363762,-0.3585541805689027,-0.29040215417897125,-0.03171069822884376,-0.22192280643940296,-0.35541202019695123,True
2024-01-29 00:00:00+00:00,0.0,0.0,0.0,0.0,0.0,0.0,0.0,0.0,-0.19194370372363762,-0.3585541805689027,-0.29040215417897125,-0.03171069822884376,-0.22192280643940296,-0.35541202019695123,True
2024-01-30 00:00:00+00:00,0.0,0.0,0.0,0.0,0.0,0.0,0.0,0.0,-0.19194370372363762,-0.3585541805689027,-0.29040215417897125,-0.03171069822884376,-0.22192280643940296,-0.35541202019695123,True
2024-01-31 00:00:00+00:00,0.0,0.0,0.0,0.0,0.0,0.0,0.0,0.0,-0.19194370372363762,-0.3585541805689027,-0.29040215417897125,-0.03171069822884376,-0.22192280643940296,-0.35541202019695123,True
2024-02-01 00:00:00+00:00,0.0,0.0,0.0,0.0,0.0,0.0,0.0,0.0,-0.19194370372363762,-0.3585541805689027,-0.29040215417897125,-0.03171069822884376,-0.22192280643940296,-0.35541202019695123,True
2024-02-02 00:00:00+00:00,0.0,0.0,0.0,0.0,0.0,0.0,0.0,0.0,-0.19194370372363762,-0.3585541805689027,-0.29040215417897125,-0.03171069822884376,-0.22192280643940296,-0.35541202019695123,True
2024-02-03 00:00:00+00:00,0.0,0.0,0.0,0.0,0.0,0.0,0.0,0.0,-0.19194370372363762,-0.3585541805689027,-0.29040215417897125,-0.03171069822884376,-0.22192280643940296,-0.35541202019695123,True
2024-02-04 00:00:00+00:00,1.0,1.0,0.0,0.0,0.0,1.0,0.0,0.0,-0.025039889374653564,0.3021562398693136,-0.29040215417897125,-0.03171069822884376,-0.22192280643940296,-0.35541202019695123,True
2024-02-05 00:00:00+00:00,1.0,1.0,1.0,0.0,0.0,1.0,0.0,1.0,-0.025039889374653564,0.3021562398693136,1.214550564394625,-0.03171069822884376,-0.22192280643940296,3.4536583104494114,True
2024-02-06 00:00:00+00:00,3.0,2.0,0.0,532.0,0.6666666666666666,0.0,0.0,0.0,0.3087677393233145,0.9628666603075299,-0.29040215417897125,0.04940070740462895,5.794616481366673,-0.35541202019695123,True
2024-02-07 00:00:00+00:00,0.0,0.0,0.0,0.0,0.0,0.0,0.0,0.0,-0.19194370372363762,-0.3585541805689027,-0.29040215417897125,-0.03171069822884376,-0.22192280643940296,-0.35541202019695123,True
2024-02-08 00:00:00+00:00,0.0,0.0,0.0,0.0,0.0,0.0,0.0,0.0,-0.19194370372363762,-0.3585541805689027,-0.29040215417897125,-0.03171069822884376,-0.22192280643940296,-0.35541202019695123,True
2024-02-09 00:00:00+00:00,0.0,0.0,0.0,0.0,0.0,0.0,0.0,0.0,-0.19194370372363762,-0.3585541805689027,-0.29040215417897125,-0.03171069822884376,-0.22192280643940296,-0.35541202019695123,True
2024-02-10 00:00:00+00:00,0.0,0.0,0.0,0.0,0.0,0.0,0.0,0.0,-0.19194370372363762,-0.3585541805689027,-0.29040215417897125,-0.03171069822884376,-0.22192280643940296,-0.35541202019695123,True
2024-02-11 00:00:00+00:00,0.0,0.0,0.0,0.0,0.0,0.0,0.0,0.0,-0.19194370372363762,-0.3585541805689027,-0.29040215417897125,-0.03171069822884376,-0.22192280643940296,-0.35541202019695123,True
2024-02-12 00:00:00+00:00,0.0,0.0,0.0,0.0,0.0,0.0,0.0,0.0,-0.19194370372363762,-0.3585541805689027,-0.29040215417897125,-0.03171069822884376,-0.22192280643940296,-0.35541202019695123,True
2024-02-13 00:00:00+00:00,1.0,1.0,1.0,0.0,0.0,1.0,0.0,1.0,-0.025039889374653564,0.3021562398693136,1.214550564394625,-0.03171069822884376,-0.22192280643940296,3.4536583104494114,True
2024-02-14 00:00:00+00:00,0.0,0.0,0.0,0.0,0.0,0.0,0.0,0.0,-0.19194370372363762,-0.3585541805689027,-0.29040215417897125,-0.03171069822884376,-0.22192280643940296,-0.35541202019695123,True
2024-02-15 00:00:00+00:00,0.0,0.0,0.0,0.0,0.0,0.0,0.0,0.0,-0.19194370372363762,-0.3585541805689027,-0.29040215417897125,-0.03171069822884376,-0.22192280643940296,-0.35541202019695123,True
2024-02-16 00:00:00+00:00,0.0,0.0,0.0,0.0,0.0,0.0,0.0,0.0,-0.19194370372363762,-0.3585541805689027,-0.29040215417897125,-0.03171069822884376,-0.22192280643940296,-0.35541202019695123,True
2024-02-17 00:00:00+00:00,1.0,1.0,0.0,474.0,0.0,0.0,0.0,0.0,-0.025039889374653564,0.3021562398693136,-0.29040215417897125,0.04055773461000223,-0.22192280643940296,-0.35541202019695123,True
2024-02-18 00:00:00+00:00,0.0,0.0,0.0,0.0,0.0,0.0,0.0,0.0,-0.19194370372363762,-0.3585541805689027,-0.29040215417897125,-0.03171069822884376,-0.22192280643940296,-0.35541202019695123,True
2024-02-19 00:00:00+00:00,1.0,1.0,1.0,25.0,0.0,0.0,0.0,1.0,-0.025039889374653564,0.3021562398693136,1.214550564394625,-0.027899072024263272,-0.22192280643940296,3.4536583104494114,True
2024-02-20 00:00:00+00:00,0.0,0.0,0.0,0.0,0.0,0.0,0.0,0.0,-0.19194370372363762,-0.3585541805689027,-0.29040215417897125,-0.03171069822884376,-0.22192280643940296,-0.35541202019695123,True
2024-02-21 00:00:00+00:00,0.0,0.0,0.0,0.0,0.0,0.0,0.0,0.0,-0.19194370372363762,-0.3585541805689027,-0.29040215417897125,-0.03171069822884376,-0.22192280643940296,-0.35541202019695123,True
2024-02-22 00:00:00+00:00,2.0,2.0,1.0,1.0,0.0,0.0,0.0,0.5,0.14186392497433048,0.9628666603075299,1.214550564394625,-0.03155823318066054,-0.22192280643940296,1.54912314512623,True
2024-02-23 00:00:00+00:00,0.0,0.0,0.0,0.0,0.0,0.0,0.0,0.0,-0.19194370372363762,-0.3585541805689027,-0.29040215417897125,-0.03171069822884376,-0.22192280643940296,-0.35541202019695123,True
2024-02-24 00:00:00+00:00,1.0,1.0,1.0,39.0,0.0,0.0,0.0,1.0,-0.025039889374653564,0.3021562398693136,1.214550564394625,-0.0257645613496982,-0.22192280643940296,3.4536583104494114,True
2024-02-25 00:00:00+00:00,1.0,1.0,1.0,148.0,0.0,0.0,0.0,1.0,-0.025039889374653564,0.3021562398693136,1.214550564394625,-0.009145871097727288,-0.22192280643940296,3.4536583104494114,True
2024-02-26 00:00:00+00:00,9.0,3.0,1.0,283.25,0.0,0.1111111111111111,0.0,0.3333333333333333,1.3101906254172189,1.6235770807457464,1.214550564394625,0.011475026669053133,-0.22192280643940296,0.9142780900185028,True
2024-02-27 00:00:00+00:00,23.0,3.0,1.0,568.7391304347826,0.1304347826086956,0.0,0.0,0.3333333333333333,3.6468440263029955,1.6235770807457464,1.214550564394625,0.05500214069657767,0.9552261846530898,0.9142780900185028,True
2024-02-28 00:00:00+00:00,3.0,2.0,0.0,1265.3333333333333,0.6666666666666666,0.0,0.0,0.0,0.3087677393233145,0.9628666603075299,-0.29040215417897125,0.16120840940565648,5.794616481366673,-0.35541202019695123,True
2024-02-29 00:00:00+00:00,16.0,3.0,1.0,484.125,0.0,0.0,0.0,0.3333333333333333,2.478517325860107,1.6235770807457464,1.214550564394625,0.042101443222857325,-0.22192280643940296,0.9142780900185028,True
2024-03-01 00:00:00+00:00,5.0,2.0,0.0,1090.2,0.0,0.0,0.0,0.0,0.6425753680212826,0.9628666603075299,-0.29040215417897125,0.13450669730050202,-0.22192280643940296,-0.35541202019695123,True
2024-03-02 00:00:00+00:00,2.0,1.0,0.0,46.0,0.0,0.0,0.0,0.0,0.14186392497433048,0.3021562398693136,-0.29040215417897125,-0.024697306012415664,-0.22192280643940296,-0.35541202019695123,True
2024-03-03 00:00:00+00:00,2.0,2.0,1.0,524.0,0.0,0.0,0.0,0.5,0.14186392497433048,0.9628666603075299,1.214550564394625,0.0481809870191632,-0.22192280643940296,1.54912314512623,True
2024-03-04 00:00:00+00:00,4.0,4.0,2.0,344.0,0.0,0.0,0.0,0.5,0.4756715536722986,2.2842875011839627,2.7195032829682213,0.02073727834618371,-0.22192280643940296,1.54912314512623,True
2024-03-05 00:00:00+00:00,12.0,4.0,1.0,63.0,0.0833333333333333,0.0,0.0,0.25,1.810902068464171,2.2842875011839627,1.214550564394625,-0.022105400193300935,0.5301446045363564,0.5968555624646393,True
2024-03-06 00:00:00+00:00,1.0,1.0,1.0,107.0,0.0,0.0,0.0,1.0,-0.025039889374653564,0.3021562398693136,1.214550564394625,-0.015396938073239283,-0.22192280643940296,3.4536583104494114,True
2024-03-07 00:00:00+00:00,1.0,1.0,0.0,0.0,0.0,1.0,0.0,0.0,-0.025039889374653564,0.3021562398693136,-0.29040215417897125,-0.03171069822884376,-0.22192280643940296,-0.35541202019695123,True
2024-03-08 00:00:00+00:00,1.0,1.0,1.0,49.0,0.0,0.0,0.0,1.0,-0.025039889374653564,0.3021562398693136,1.214550564394625,-0.024239910867866008,-0.22192280643940296,3.4536583104494114,True
2024-03-09 00:00:00+00:00,0.0,0.0,0.0,0.0,0.0,0.0,0.0,0.0,-0.19194370372363762,-0.3585541805689027,-0.29040215417897125,-0.03171069822884376,-0.22192280643940296,-0.35541202019695123,True
2024-03-10 00:00:00+00:00,0.0,0.0,0.0,0.0,0.0,0.0,0.0,0.0,-0.19194370372363762,-0.3585541805689027,-0.29040215417897125,-0.03171069822884376,-0.22192280643940296,-0.35541202019695123,True
2024-03-11 00:00:00+00:00,2.0,2.0,1.0,8.0,0.0,0.5,0.0,0.5,0.14186392497433048,0.9628666603075299,1.214550564394625,-0.030490977843378002,-0.22192280643940296,1.54912314512623,True
2024-03-12 00:00:00+00:00,0.0,0.0,0.0,0.0,0.0,0.0,0.0,0.0,-0.19194370372363762,-0.3585541805689027,-0.29040215417897125,-0.03171069822884376,-0.22192280643940296,-0.35541202019695123,True
2024-03-13 00:00:00+00:00,0.0,0.0,0.0,0.0,0.0,0.0,0.0,0.0,-0.19194370372363762,-0.3585541805689027,-0.29040215417897125,-0.03171069822884376,-0.22192280643940296,-0.35541202019695123,True
2024-03-14 00:00:00+00:00,1.0,1.0,1.0,27.0,0.0,0.0,0.0,1.0,-0.025039889374653564,0.3021562398693136,1.214550564394625,-0.027594141927896835,-0.22192280643940296,3.4536583104494114,True
2024-03-15 00:00:00+00:00,0.0,0.0,0.0,0.0,0.0,0.0,0.0,0.0,-0.19194370372363762,-0.3585541805689027,-0.29040215417897125,-0.03171069822884376,-0.22192280643940296,-0.35541202019695123,True
2024-03-16 00:00:00+00:00,0.0,0.0,0.0,0.0,0.0,0.0,0.0,0.0,-0.19194370372363762,-0.3585541805689027,-0.29040215417897125,-0.03171069822884376,-0.22192280643940296,-0.35541202019695123,True
2024-03-17 00:00:00+00:00,0.0,0.0,0.0,0.0,0.0,0.0,0.0,0.0,-0.19194370372363762,-0.3585541805689027,-0.29040215417897125,-0.03171069822884376,-0.22192280643940296,-0.35541202019695123,True
2024-03-18 00:00:00+00:00,0.0,0.0,0.0,0.0,0.0,0.0,0.0,0.0,-0.19194370372363762,-0.3585541805689027,-0.29040215417897125,-0.03171069822884376,-0.22192280643940296,-0.35541202019695123,True
2024-03-19 00:00:00+00:00,1.0,1.0,0.0,10.0,0.0,0.0,0.0,0.0,-0.025039889374653564,0.3021562398693136,-0.29040215417897125,-0.030186047747011564,-0.22192280643940296,-0.35541202019695123,True
2024-03-20 00:00:00+00:00,0.0,0.0,0.0,0.0,0.0,0.0,0.0,0.0,-0.19194370372363762,-0.3585541805689027,-0.29040215417897125,-0.03171069822884376,-0.22192280643940296,-0.35541202019695123,True
2024-03-21 00:00:00+00:00,0.0,0.0,0.0,0.0,0.0,0.0,0.0,0.0,-0.19194370372363762,-0.3585541805689027,-0.29040215417897125,-0.03171069822884376,-0.22192280643940296,-0.35541202019695123,True
2024-03-22 00:00:00+00:00,0.0,0.0,0.0,0.0,0.0,0.0,0.0,0.0,-0.19194370372363762,-0.3585541805689027,-0.29040215417897125,-0.03171069822884376,-0.22192280643940296,-0.35541202019695123,True
2024-03-23 00:00:00+00:00,0.0,0.0,0.0,0.0,0.0,0.0,0.0,0.0,-0.19194370372363762,-0.3585541805689027,-0.29040215417897125,-0.03171069822884376,-0.22192280643940296,-0.35541202019695123,True
2024-03-24 00:00:00+00:00,1.0,1.0,1.0,3.0,0.0,0.0,0.0,1.0,-0.025039889374653564,0.3021562398693136,1.214550564394625,-0.031253303084294096,-0.22192280643940296,3.4536583104494114,True
2024-03-25 00:00:00+00:00,0.0,0.0,0.0,0.0,0.0,0.0,0.0,0.0,-0.19194370372363762,-0.3585541805689027,-0.29040215417897125,-0.03171069822884376,-0.22192280643940296,-0.35541202019695123,True
2024-03-26 00:00:00+00:00,3.0,3.0,1.0,27.0,0.3333333333333333,0.3333333333333333,0.0,0.3333333333333333,0.3087677393233145,1.6235770807457464,1.214550564394625,-0.027594141927896835,2.7863468374636358,0.9142780900185028,True
2024-03-27 00:00:00+00:00,0.0,0.0,0.0,0.0,0.0,0.0,0.0,0.0,-0.19194370372363762,-0.3585541805689027,-0.29040215417897125,-0.03171069822884376,-0.22192280643940296,-0.35541202019695123,True
2024-03-28 00:00:00+00:00,0.0,0.0,0.0,0.0,0.0,0.0,0.0,0.0,-0.19194370372363762,-0.3585541805689027,-0.29040215417897125,-0.03171069822884376,-0.22192280643940296,-0.35541202019695123,True
2024-03-29 00:00:00+00:00,0.0,0.0,0.0,0.0,0.0,0.0,0.0,0.0,-0.19194370372363762,-0.3585541805689027,-0.29040215417897125,-0.03171069822884376,-0.22192280643940296,-0.35541202019695123,True
2024-03-30 00:00:00+00:00,1.0,1.0,1.0,16.0,0.0,0.0,0.0,1.0,-0.025039889374653564,0.3021562398693136,1.214550564394625,-0.029271257457912245,-0.22192280643940296,3.4536583104494114,True
2024-03-31 00:00:00+00:00,0.0,0.0,0.0,0.0,0.0,0.0,0.0,0.0,-0.19194370372363762,-0.3585541805689027,-0.29040215417897125,-0.03171069822884376,-0.22192280643940296,-0.35541202019695123,True
2024-04-01 00:00:00+00:00,0.0,0.0,0.0,0.0,0.0,0.0,0.0,0.0,-0.19194370372363762,-0.3585541805689027,-0.29040215417897125,-0.03171069822884376,-0.22192280643940296,-0.35541202019695123,True
2024-04-02 00:00:00+00:00,0.0,0.0,0.0,0.0,0.0,0.0,0.0,0.0,-0.19194370372363762,-0.3585541805689027,-0.29040215417897125,-0.03171069822884376,-0.22192280643940296,-0.35541202019695123,True
2024-04-03 00:00:00+00:00,6.0,3.0,0.0,651.5,0.1666666666666666,0.0,0.0,0.0,0.8094791823702667,1.6235770807457464,-0.29040215417897125,0.06762028066252367,1.2822120155121157,-0.35541202019695123,True
2024-04-04 00:00:00+00:00,0.0,0.0,0.0,0.0,0.0,0.0,0.0,0.0,-0.19194370372363762,-0.3585541805689027,-0.29040215417897125,-0.03171069822884376,-0.22192280643940296,-0.35541202019695123,True
2024-04-05 00:00:00+00:00,0.0,0.0,0.0,0.0,0.0,0.0,0.0,0.0,-0.19194370372363762,-0.3585541805689027,-0.29040215417897125,-0.03171069822884376,-0.22192280643940296,-0.35541202019695123,True
2024-04-06 00:00:00+00:00,0.0,0.0,0.0,0.0,0.0,0.0,0.0,0.0,-0.19194370372363762,-0.3585541805689027,-0.29040215417897125,-0.03171069822884376,-0.22192280643940296,-0.35541202019695123,True
2024-04-07 00:00:00+00:00,0.0,0.0,0.0,0.0,0.0,0.0,0.0,0.0,-0.19194370372363762,-0.3585541805689027,-0.29040215417897125,-0.03171069822884376,-0.22192280643940296,-0.35541202019695123,True
2024-04-08 00:00:00+00:00,0.0,0.0,0.0,0.0,0.0,0.0,0.0,0.0,-0.19194370372363762,-0.3585541805689027,-0.29040215417897125,-0.03171069822884376,-0.22192280643940296,-0.35541202019695123,True
2024-04-09 00:00:00+00:00,0.0,0.0,0.0,0.0,0.0,0.0,0.0,0.0,-0.19194370372363762,-0.3585541805689027,-0.29040215417897125,-0.03171069822884376,-0.22192280643940296,-0.35541202019695123,True
2024-04-10 00:00:00+00:00,3.0,2.0,0.0,364.6666666666667,0.3333333333333333,0.0,0.0,0.0,0.3087677393233145,0.9628666603075299,-0.29040215417897125,0.02388822267530358,2.7863468374636358,-0.35541202019695123,True
2024-04-11 00:00:00+00:00,0.0,0.0,0.0,0.0,0.0,0.0,0.0,0.0,-0.19194370372363762,-0.3585541805689027,-0.29040215417897125,-0.03171069822884376,-0.22192280643940296,-0.35541202019695123,True
2024-04-12 00:00:00+00:00,0.0,0.0,0.0,0.0,0.0,0.0,0.0,0.0,-0.19194370372363762,-0.3585541805689027,-0.29040215417897125,-0.03171069822884376,-0.22192280643940296,-0.35541202019695123,True
2024-04-13 00:00:00+00:00,0.0,0.0,0.0,0.0,0.0,0.0,0.0,0.0,-0.19194370372363762,-0.3585541805689027,-0.29040215417897125,-0.03171069822884376,-0.22192280643940296,-0.35541202019695123,True
2024-04-14 00:00:00+00:00,3.0,3.0,2.0,53.66666666666666,0.3333333333333333,0.0,0.0,0.6666666666666666,0.3087677393233145,1.6235770807457464,2.7195032829682213,-0.023528407309677653,2.7863468374636358,2.183968200233957,True
2024-04-15 00:00:00+00:00,0.0,0.0,0.0,0.0,0.0,0.0,0.0,0.0,-0.19194370372363762,-0.3585541805689027,-0.29040215417897125,-0.03171069822884376,-0.22192280643940296,-0.35541202019695123,True
2024-04-16 00:00:00+00:00,0.0,0.0,0.0,0.0,0.0,0.0,0.0,0.0,-0.19194370372363762,-0.3585541805689027,-0.29040215417897125,-0.03171069822884376,-0.22192280643940296,-0.35541202019695123,True
2024-04-17 00:00:00+00:00,2.0,2.0,2.0,237.0,0.5,0.0,0.0,1.0,0.14186392497433048,0.9628666603075299,2.7195032829682213,0.004423518190579236,4.290481659415155,3.4536583104494114,True
2024-04-18 00:00:00+00:00,2.0,2.0,1.0,287915.0,0.5,0.0,0.0,0.5,0.14186392497433048,0.9628666603075299,1.214550564394625,43.86526364944277,4.290481659415155,1.54912314512623,True
2024-04-19 00:00:00+00:00,0.0,0.0,0.0,0.0,0.0,0.0,0.0,0.0,-0.19194370372363762,-0.3585541805689027,-0.29040215417897125,-0.03171069822884376,-0.22192280643940296,-0.35541202019695123,True
2024-04-20 00:00:00+00:00,0.0,0.0,0.0,0.0,0.0,0.0,0.0,0.0,-0.19194370372363762,-0.3585541805689027,-0.29040215417897125,-0.03171069822884376,-0.22192280643940296,-0.35541202019695123,True
2024-04-21 00:00:00+00:00,0.0,0.0,0.0,0.0,0.0,0.0,0.0,0.0,-0.19194370372363762,-0.3585541805689027,-0.29040215417897125,-0.03171069822884376,-0.22192280643940296,-0.35541202019695123,True
2024-04-22 00:00:00+00:00,0.0,0.0,0.0,0.0,0.0,0.0,0.0,0.0,-0.19194370372363762,-0.3585541805689027,-0.29040215417897125,-0.03171069822884376,-0.22192280643940296,-0.35541202019695123,True
2024-04-23 00:00:00+00:00,1.0,1.0,1.0,1.0,0.0,0.0,0.0,1.0,-0.025039889374653564,0.3021562398693136,1.214550564394625,-0.03155823318066054,-0.22192280643940296,3.4536583104494114,True
2024-04-24 00:00:00+00:00,4.0,4.0,1.0,28.666666666666668,0.0,0.25,0.0,0.25,0.4756715536722986,2.2842875011839627,1.214550564394625,-0.027340033514258136,-0.22192280643940296,0.5968555624646393,True
2024-04-25 00:00:00+00:00,0.0,0.0,0.0,0.0,0.0,0.0,0.0,0.0,-0.19194370372363762,-0.3585541805689027,-0.29040215417897125,-0.03171069822884376,-0.22192280643940296,-0.35541202019695123,True
2024-04-26 00:00:00+00:00,1.0,1.0,0.0,0.0,0.0,1.0,0.0,0.0,-0.025039889374653564,0.3021562398693136,-0.29040215417897125,-0.03171069822884376,-0.22192280643940296,-0.35541202019695123,True
2024-04-27 00:00:00+00:00,0.0,0.0,0.0,0.0,0.0,0.0,0.0,0.0,-0.19194370372363762,-0.3585541805689027,-0.29040215417897125,-0.03171069822884376,-0.22192280643940296,-0.35541202019695123,True
2024-04-28 00:00:00+00:00,0.0,0.0,0.0,0.0,0.0,0.0,0.0,0.0,-0.19194370372363762,-0.3585541805689027,-0.29040215417897125,-0.03171069822884376,-0.22192280643940296,-0.35541202019695123,True
2024-04-29 00:00:00+00:00,0.0,0.0,0.0,0.0,0.0,0.0,0.0,0.0,-0.19194370372363762,-0.3585541805689027,-0.29040215417897125,-0.03171069822884376,-0.22192280643940296,-0.35541202019695123,True
2024-04-30 00:00:00+00:00,0.0,0.0,0.0,0.0,0.0,0.0,0.0,0.0,-0.19194370372363762,-0.3585541805689027,-0.29040215417897125,-0.03171069822884376,-0.22192280643940296,-0.35541202019695123,True
2024-05-01 00:00:00+00:00,0.0,0.0,0.0,0.0,0.0,0.0,0.0,0.0,-0.19194370372363762,-0.3585541805689027,-0.29040215417897125,-0.03171069822884376,-0.22192280643940296,-0.35541202019695123,True
2024-05-02 00:00:00+00:00,1.0,1.0,0.0,63.0,0.0,0.0,0.0,0.0,-0.025039889374653564,0.3021562398693136,-0.29040215417897125,-0.022105400193300935,-0.22192280643940296,-0.35541202019695123,True
2024-05-03 00:00:00+00:00,0.0,0.0,0.0,0.0,0.0,0.0,0.0,0.0,-0.19194370372363762,-0.3585541805689027,-0.29040215417897125,-0.03171069822884376,-0.22192280643940296,-0.35541202019695123,True
2024-05-04 00:00:00+00:00,0.0,0.0,0.0,0.0,0.0,0.0,0.0,0.0,-0.19194370372363762,-0.3585541805689027,-0.29040215417897125,-0.03171069822884376,-0.22192280643940296,-0.35541202019695123,True
2024-05-05 00:00:00+00:00,1.0,1.0,1.0,19.0,0.0,0.0,0.0,1.0,-0.025039889374653564,0.3021562398693136,1.214550564394625,-0.02881386231336259,-0.22192280643940296,3.4536583104494114,True
2024-05-06 00:00:00+00:00,0.0,0.0,0.0,0.0,0.0,0.0,0.0,0.0,-0.19194370372363762,-0.3585541805689027,-0.29040215417897125,-0.03171069822884376,-0.22192280643940296,-0.35541202019695123,True
2024-05-07 00:00:00+00:00,1.0,1.0,1.0,2.0,0.0,0.0,0.0,1.0,-0.025039889374653564,0.3021562398693136,1.214550564394625,-0.031405768132477314,-0.22192280643940296,3.4536583104494114,True
2024-05-08 00:00:00+00:00,0.0,0.0,0.0,0.0,0.0,0.0,0.0,0.0,-0.19194370372363762,-0.3585541805689027,-0.29040215417897125,-0.03171069822884376,-0.22192280643940296,-0.35541202019695123,True
2024-05-09 00:00:00+00:00,0.0,0.0,0.0,0.0,0.0,0.0,0.0,0.0,-0.19194370372363762,-0.3585541805689027,-0.29040215417897125,-0.03171069822884376,-0.22192280643940296,-0.35541202019695123,True
2024-05-10 00:00:00+00:00,0.0,0.0,0.0,0.0,0.0,0.0,0.0,0.0,-0.19194370372363762,-0.3585541805689027,-0.29040215417897125,-0.03171069822884376,-0.22192280643940296,-0.35541202019695123,True
2024-05-11 00:00:00+00:00,0.0,0.0,0.0,0.0,0.0,0.0,0.0,0.0,-0.19194370372363762,-0.3585541805689027,-0.29040215417897125,-0.03171069822884376,-0.22192280643940296,-0.35541202019695123,True
2024-05-12 00:00:00+00:00,2.0,1.0,1.0,1.0,0.0,0.0,0.0,1.0,0.14186392497433048,0.3021562398693136,1.214550564394625,-0.03155823318066054,-0.22192280643940296,3.4536583104494114,True
2024-05-13 00:00:00+00:00,0.0,0.0,0.0,0.0,0.0,0.0,0.0,0.0,-0.19194370372363762,-0.3585541805689027,-0.29040215417897125,-0.03171069822884376,-0.22192280643940296,-0.35541202019695123,True
2024-05-14 00:00:00+00:00,1.0,1.0,0.0,72.0,0.0,0.0,0.0,0.0,-0.025039889374653564,0.3021562398693136,-0.29040215417897125,-0.020733214759651963,-0.22192280643940296,-0.35541202019695123,True
2024-05-15 00:00:00+00:00,1.0,1.0,0.0,15.0,0.0,0.0,0.0,0.0,-0.025039889374653564,0.3021562398693136,-0.29040215417897125,-0.029423722506095467,-0.22192280643940296,-0.35541202019695123,True
2024-05-16 00:00:00+00:00,0.0,0.0,0.0,0.0,0.0,0.0,0.0,0.0,-0.19194370372363762,-0.3585541805689027,-0.29040215417897125,-0.03171069822884376,-0.22192280643940296,-0.35541202019695123,True
2024-05-17 00:00:00+00:00,0.0,0.0,0.0,0.0,0.0,0.0,0.0,0.0,-0.19194370372363762,-0.3585541805689027,-0.29040215417897125,-0.03171069822884376,-0.22192280643940296,-0.35541202019695123,True
2024-05-18 00:00:00+00:00,0.0,0.0,0.0,0.0,0.0,0.0,0.0,0.0,-0.19194370372363762,-0.3585541805689027,-0.29040215417897125,-0.03171069822884376,-0.22192280643940296,-0.35541202019695123,True
2024-05-19 00:00:00+00:00,0.0,0.0,0.0,0.0,0.0,0.0,0.0,0.0,-0.19194370372363762,-0.3585541805689027,-0.29040215417897125,-0.03171069822884376,-0.22192280643940296,-0.35541202019695123,True
2024-05-20 00:00:00+00:00,0.0,0.0,0.0,0.0,0.0,0.0,0.0,0.0,-0.19194370372363762,-0.3585541805689027,-0.29040215417897125,-0.03171069822884376,-0.22192280643940296,-0.35541202019695123,True
2024-05-21 00:00:00+00:00,0.0,0.0,0.0,0.0,0.0,0.0,0.0,0.0,-0.19194370372363762,-0.3585541805689027,-0.29040215417897125,-0.03171069822884376,-0.22192280643940296,-0.35541202019695123,True
2024-05-22 00:00:00+00:00,0.0,0.0,0.0,0.0,0.0,0.0,0.0,0.0,-0.19194370372363762,-0.3585541805689027,-0.29040215417897125,-0.03171069822884376,-0.22192280643940296,-0.35541202019695123,True
2024-05-23 00:00:00+00:00,0.0,0.0,0.0,0.0,0.0,0.0,0.0,0.0,-0.19194370372363762,-0.3585541805689027,-0.29040215417897125,-0.03171069822884376,-0.22192280643940296,-0.35541202019695123,True
2024-05-24 00:00:00+00:00,0.0,0.0,0.0,0.0,0.0,0.0,0.0,0.0,-0.19194370372363762,-0.3585541805689027,-0.29040215417897125,-0.03171069822884376,-0.22192280643940296,-0.35541202019695123,True
2024-05-25 00:00:00+00:00,0.0,0.0,0.0,0.0,0.0,0.0,0.0,0.0,-0.19194370372363762,-0.3585541805689027,-0.29040215417897125,-0.03171069822884376,-0.22192280643940296,-0.35541202019695123,True
2024-05-26 00:00:00+00:00,0.0,0.0,0.0,0.0,0.0,0.0,0.0,0.0,-0.19194370372363762,-0.3585541805689027,-0.29040215417897125,-0.03171069822884376,-0.22192280643940296,-0.35541202019695123,True
2024-05-27 00:00:00+00:00,1.0,1.0,0.0,123.0,0.0,0.0,0.0,0.0,-0.025039889374653564,0.3021562398693136,-0.29040215417897125,-0.012957497302307773,-0.22192280643940296,-0.35541202019695123,True
2024-05-28 00:00:00+00:00,2.0,2.0,0.0,693.5,0.0,0.0,0.0,0.0,0.14186392497433048,0.9628666603075299,-0.29040215417897125,0.07402381268621888,-0.22192280643940296,-0.35541202019695123,True
2024-05-29 00:00:00+00:00,1.0,1.0,0.0,72.0,0.0,0.0,0.0,0.0,-0.025039889374653564,0.3021562398693136,-0.29040215417897125,-0.020733214759651963,-0.22192280643940296,-0.35541202019695123,True
2024-05-30 00:00:00+00:00,0.0,0.0,0.0,0.0,0.0,0.0,0.0,0.0,-0.19194370372363762,-0.3585541805689027,-0.29040215417897125,-0.03171069822884376,-0.22192280643940296,-0.35541202019695123,True
2024-05-31 00:00:00+00:00,1.0,1.0,1.0,382.0,0.0,0.0,0.0,1.0,-0.025039889374653564,0.3021562398693136,1.214550564394625,0.026530950177146045,-0.22192280643940296,3.4536583104494114,True
2024-06-01 00:00:00+00:00,0.0,0.0,0.0,0.0,0.0,0.0,0.0,0.0,-0.19194370372363762,-0.3585541805689027,-0.29040215417897125,-0.03171069822884376,-0.22192280643940296,-0.35541202019695123,True
2024-06-02 00:00:00+00:00,0.0,0.0,0.0,0.0,0.0,0.0,0.0,0.0,-0.19194370372363762,-0.3585541805689027,-0.29040215417897125,-0.03171069822884376,-0.22192280643940296,-0.35541202019695123,True
2024-06-03 00:00:00+00:00,0.0,0.0,0.0,0.0,0.0,0.0,0.0,0.0,-0.19194370372363762,-0.3585541805689027,-0.29040215417897125,-0.03171069822884376,-0.22192280643940296,-0.35541202019695123,True
2024-06-04 00:00:00+00:00,0.0,0.0,0.0,0.0,0.0,0.0,0.0,0.0,-0.19194370372363762,-0.3585541805689027,-0.29040215417897125,-0.03171069822884376,-0.22192280643940296,-0.35541202019695123,True
2024-06-05 00:00:00+00:00,0.0,0.0,0.0,0.0,0.0,0.0,0.0,0.0,-0.19194370372363762,-0.3585541805689027,-0.29040215417897125,-0.03171069822884376,-0.22192280643940296,-0.35541202019695123,True
2024-06-06 00:00:00+00:00,3.0,3.0,2.0,837.6666666666666,0.3333333333333333,0.0,0.0,0.6666666666666666,0.3087677393233145,1.6235770807457464,2.7195032829682213,0.09600419046596634,2.7863468374636358,2.183968200233957,True
2024-06-07 00:00:00+00:00,0.0,0.0,0.0,0.0,0.0,0.0,0.0,0.0,-0.19194370372363762,-0.3585541805689027,-0.29040215417897125,-0.03171069822884376,-0.22192280643940296,-0.35541202019695123,True
2024-06-08 00:00:00+00:00,0.0,0.0,0.0,0.0,0.0,0.0,0.0,0.0,-0.19194370372363762,-0.3585541805689027,-0.29040215417897125,-0.03171069822884376,-0.22192280643940296,-0.35541202019695123,True
2024-06-09 00:00:00+00:00,0.0,0.0,0.0,0.0,0.0,0.0,0.0,0.0,-0.19194370372363762,-0.3585541805689027,-0.29040215417897125,-0.03171069822884376,-0.22192280643940296,-0.35541202019695123,True
2024-06-10 00:00:00+00:00,0.0,0.0,0.0,0.0,0.0,0.0,0.0,0.0,-0.19194370372363762,-0.3585541805689027,-0.29040215417897125,-0.03171069822884376,-0.22192280643940296,-0.35541202019695123,True
2024-06-11 00:00:00+00:00,2.0,2.0,0.0,57.0,0.5,0.0,0.0,0.0,0.14186392497433048,0.9628666603075299,-0.29040215417897125,-0.02302019048240025,4.290481659415155,-0.35541202019695123,True
2024-06-12 00:00:00+00:00,0.0,0.0,0.0,0.0,0.0,0.0,0.0,0.0,-0.19194370372363762,-0.3585541805689027,-0.29040215417897125,-0.03171069822884376,-0.22192280643940296,-0.35541202019695123,True
2024-06-13 00:00:00+00:00,0.0,0.0,0.0,0.0,0.0,0.0,0.0,0.0,-0.19194370372363762,-0.3585541805689027,-0.29040215417897125,-0.03171069822884376,-0.22192280643940296,-0.35541202019695123,True
2024-06-14 00:00:00+00:00,0.0,0.0,0.0,0.0,0.0,0.0,0.0,0.0,-0.19194370372363762,-0.3585541805689027,-0.29040215417897125,-0.03171069822884376,-0.22192280643940296,-0.35541202019695123,True
2024-06-15 00:00:00+00:00,0.0,0.0,0.0,0.0,0.0,0.0,0.0,0.0,-0.19194370372363762,-0.3585541805689027,-0.29040215417897125,-0.03171069822884376,-0.22192280643940296,-0.35541202019695123,True
2024-06-16 00:00:00+00:00,0.0,0.0,0.0,0.0,0.0,0.0,0.0,0.0,-0.19194370372363762,-0.3585541805689027,-0.29040215417897125,-0.03171069822884376,-0.22192280643940296,-0.35541202019695123,True
2024-06-17 00:00:00+00:00,0.0,0.0,0.0,0.0,0.0,0.0,0.0,0.0,-0.19194370372363762,-0.3585541805689027,-0.29040215417897125,-0.03171069822884376,-0.22192280643940296,-0.35541202019695123,True
2024-06-18 00:00:00+00:00,0.0,0.0,0.0,0.0,0.0,0.0,0.0,0.0,-0.19194370372363762,-0.3585541805689027,-0.29040215417897125,-0.03171069822884376,-0.22192280643940296,-0.35541202019695123,True
2024-06-19 00:00:00+00:00,0.0,0.0,0.0,0.0,0.0,0.0,0.0,0.0,-0.19194370372363762,-0.3585541805689027,-0.29040215417897125,-0.03171069822884376,-0.22192280643940296,-0.35541202019695123,True
2024-06-20 00:00:00+00:00,1.0,1.0,1.0,4.0,0.0,0.0,0.0,1.0,-0.025039889374653564,0.3021562398693136,1.214550564394625,-0.03110083803611088,-0.22192280643940296,3.4536583104494114,True
2024-06-21 00:00:00+00:00,1.0,1.0,0.0,17.0,0.0,0.0,0.0,0.0,-0.025039889374653564,0.3021562398693136,-0.29040215417897125,-0.029118792409729026,-0.22192280643940296,-0.35541202019695123,True
2024-06-22 00:00:00+00:00,0.0,0.0,0.0,0.0,0.0,0.0,0.0,0.0,-0.19194370372363762,-0.3585541805689027,-0.29040215417897125,-0.03171069822884376,-0.22192280643940296,-0.35541202019695123,True
2024-06-23 00:00:00+00:00,0.0,0.0,0.0,0.0,0.0,0.0,0.0,0.0,-0.19194370372363762,-0.3585541805689027,-0.29040215417897125,-0.03171069822884376,-0.22192280643940296,-0.35541202019695123,True
2024-06-24 00:00:00+00:00,0.0,0.0,0.0,0.0,0.0,0.0,0.0,0.0,-0.19194370372363762,-0.3585541805689027,-0.29040215417897125,-0.03171069822884376,-0.22192280643940296,-0.35541202019695123,True
2024-06-25 00:00:00+00:00,0.0,0.0,0.0,0.0,0.0,0.0,0.0,0.0,-0.19194370372363762,-0.3585541805689027,-0.29040215417897125,-0.03171069822884376,-0.22192280643940296,-0.35541202019695123,True
2024-06-26 00:00:00+00:00,0.0,0.0,0.0,0.0,0.0,0.0,0.0,0.0,-0.19194370372363762,-0.3585541805689027,-0.29040215417897125,-0.03171069822884376,-0.22192280643940296,-0.35541202019695123,True
2024-06-27 00:00:00+00:00,0.0,0.0,0.0,0.0,0.0,0.0,0.0,0.0,-0.19194370372363762,-0.3585541805689027,-0.29040215417897125,-0.03171069822884376,-0.22192280643940296,-0.35541202019695123,True
2024-06-28 00:00:00+00:00,1.0,1.0,0.0,0.0,0.0,1.0,0.0,0.0,-0.025039889374653564,0.3021562398693136,-0.29040215417897125,-0.03171069822884376,-0.22192280643940296,-0.35541202019695123,True
2024-06-29 00:00:00+00:00,0.0,0.0,0.0,0.0,0.0,0.0,0.0,0.0,-0.19194370372363762,-0.3585541805689027,-0.29040215417897125,-0.03171069822884376,-0.22192280643940296,-0.35541202019695123,True
2024-06-30 00:00:00+00:00,0.0,0.0,0.0,0.0,0.0,0.0,0.0,0.0,-0.19194370372363762,-0.3585541805689027,-0.29040215417897125,-0.03171069822884376,-0.22192280643940296,-0.35541202019695123,True
2024-07-01 00:00:00+00:00,0.0,0.0,0.0,0.0,0.0,0.0,0.0,0.0,-0.19194370372363762,-0.3585541805689027,-0.29040215417897125,-0.03171069822884376,-0.22192280643940296,-0.35541202019695123,True
2024-07-02 00:00:00+00:00,0.0,0.0,0.0,0.0,0.0,0.0,0.0,0.0,-0.19194370372363762,-0.3585541805689027,-0.29040215417897125,-0.03171069822884376,-0.22192280643940296,-0.35541202019695123,True
2024-07-03 00:00:00+00:00,1.0,1.0,1.0,25.0,0.0,0.0,0.0,1.0,-0.025039889374653564,0.3021562398693136,1.214550564394625,-0.027899072024263272,-0.22192280643940296,3.4536583104494114,True
2024-07-04 00:00:00+00:00,0.0,0.0,0.0,0.0,0.0,0.0,0.0,0.0,-0.19194370372363762,-0.3585541805689027,-0.29040215417897125,-0.03171069822884376,-0.22192280643940296,-0.35541202019695123,True
2024-07-05 00:00:00+00:00,0.0,0.0,0.0,0.0,0.0,0.0,0.0,0.0,-0.19194370372363762,-0.3585541805689027,-0.29040215417897125,-0.03171069822884376,-0.22192280643940296,-0.35541202019695123,True
2024-07-06 00:00:00+00:00,0.0,0.0,0.0,0.0,0.0,0.0,0.0,0.0,-0.19194370372363762,-0.3585541805689027,-0.29040215417897125,-0.03171069822884376,-0.22192280643940296,-0.35541202019695123,True
2024-07-07 00:00:00+00:00,2.0,1.0,1.0,52.0,0.0,0.0,0.0,1.0,0.14186392497433048,0.3021562398693136,1.214550564394625,-0.02378251572331635,-0.22192280643940296,3.4536583104494114,True
2024-07-08 00:00:00+00:00,0.0,0.0,0.0,0.0,0.0,0.0,0.0,0.0,-0.19194370372363762,-0.3585541805689027,-0.29040215417897125,-0.03171069822884376,-0.22192280643940296,-0.35541202019695123,True
2024-07-09 00:00:00+00:00,1.0,1.0,0.0,104.0,1.0,0.0,0.0,0.0,-0.025039889374653564,0.3021562398693136,-0.29040215417897125,-0.01585433321778894,8.802886125269712,-0.35541202019695123,True
2024-07-10 00:00:00+00:00,0.0,0.0,0.0,0.0,0.0,0.0,0.0,0.0,-0.19194370372363762,-0.3585541805689027,-0.29040215417897125,-0.03171069822884376,-0.22192280643940296,-0.35541202019695123,True
2024-07-11 00:00:00+00:00,0.0,0.0,0.0,0.0,0.0,0.0,0.0,0.0,-0.19194370372363762,-0.3585541805689027,-0.29040215417897125,-0.03171069822884376,-0.22192280643940296,-0.35541202019695123,True
2024-07-12 00:00:00+00:00,0.0,0.0,0.0,0.0,0.0,0.0,0.0,0.0,-0.19194370372363762,-0.3585541805689027,-0.29040215417897125,-0.03171069822884376,-0.22192280643940296,-0.35541202019695123,True
2024-07-13 00:00:00+00:00,0.0,0.0,0.0,0.0,0.0,0.0,0.0,0.0,-0.19194370372363762,-0.3585541805689027,-0.29040215417897125,-0.03171069822884376,-0.22192280643940296,-0.35541202019695123,True
2024-07-14 00:00:00+00:00,0.0,0.0,0.0,0.0,0.0,0.0,0.0,0.0,-0.19194370372363762,-0.3585541805689027,-0.29040215417897125,-0.03171069822884376,-0.22192280643940296,-0.35541202019695123,True
2024-07-15 00:00:00+00:00,0.0,0.0,0.0,0.0,0.0,0.0,0.0,0.0,-0.19194370372363762,-0.3585541805689027,-0.29040215417897125,-0.03171069822884376,-0.22192280643940296,-0.35541202019695123,True
2024-07-16 00:00:00+00:00,0.0,0.0,0.0,0.0,0.0,0.0,0.0,0.0,-0.19194370372363762,-0.3585541805689027,-0.29040215417897125,-0.03171069822884376,-0.22192280643940296,-0.35541202019695123,True
2024-07-17 00:00:00+00:00,0.0,0.0,0.0,0.0,0.0,0.0,0.0,0.0,-0.19194370372363762,-0.3585541805689027,-0.29040215417897125,-0.03171069822884376,-0.22192280643940296,-0.35541202019695123,True
2024-07-18 00:00:00+00:00,0.0,0.0,0.0,0.0,0.0,0.0,0.0,0.0,-0.19194370372363762,-0.3585541805689027,-0.29040215417897125,-0.03171069822884376,-0.22192280643940296,-0.35541202019695123,True
2024-07-19 00:00:00+00:00,0.0,0.0,0.0,0.0,0.0,0.0,0.0,0.0,-0.19194370372363762,-0.3585541805689027,-0.29040215417897125,-0.03171069822884376,-0.22192280643940296,-0.35541202019695123,True
2024-07-20 00:00:00+00:00,0.0,0.0,0.0,0.0,0.0,0.0,0.0,0.0,-0.19194370372363762,-0.3585541805689027,-0.29040215417897125,-0.03171069822884376,-0.22192280643940296,-0.35541202019695123,True
2024-07-21 00:00:00+00:00,0.0,0.0,0.0,0.0,0.0,0.0,0.0,0.0,-0.19194370372363762,-0.3585541805689027,-0.29040215417897125,-0.03171069822884376,-0.22192280643940296,-0.35541202019695123,True
2024-07-22 00:00:00+00:00,0.0,0.0,0.0,0.0,0.0,0.0,0.0,0.0,-0.19194370372363762,-0.3585541805689027,-0.29040215417897125,-0.03171069822884376,-0.22192280643940296,-0.35541202019695123,True
2024-07-23 00:00:00+00:00,0.0,0.0,0.0,0.0,0.0,0.0,0.0,0.0,-0.19194370372363762,-0.3585541805689027,-0.29040215417897125,-0.03171069822884376,-0.22192280643940296,-0.35541202019695123,True
2024-07-24 00:00:00+00:00,0.0,0.0,0.0,0.0,0.0,0.0,0.0,0.0,-0.19194370372363762,-0.3585541805689027,-0.29040215417897125,-0.03171069822884376,-0.22192280643940296,-0.35541202019695123,True
2024-07-25 00:00:00+00:00,0.0,0.0,0.0,0.0,0.0,0.0,0.0,0.0,-0.19194370372363762,-0.3585541805689027,-0.29040215417897125,-0.03171069822884376,-0.22192280643940296,-0.35541202019695123,True
2024-07-26 00:00:00+00:00,0.0,0.0,0.0,0.0,0.0,0.0,0.0,0.0,-0.19194370372363762,-0.3585541805689027,-0.29040215417897125,-0.03171069822884376,-0.22192280643940296,-0.35541202019695123,True
2024-07-27 00:00:00+00:00,0.0,0.0,0.0,0.0,0.0,0.0,0.0,0.0,-0.19194370372363762,-0.3585541805689027,-0.29040215417897125,-0.03171069822884376,-0.22192280643940296,-0.35541202019695123,True
2024-07-28 00:00:00+00:00,0.0,0.0,0.0,0.0,0.0,0.0,0.0,0.0,-0.19194370372363762,-0.3585541805689027,-0.29040215417897125,-0.03171069822884376,-0.22192280643940296,-0.35541202019695123,True
2024-07-29 00:00:00+00:00,6.0,2.0,1.0,175.16666666666666,0.0,0.0,0.0,0.5,0.8094791823702667,0.9628666603075299,1.214550564394625,-0.0050039039554164964,-0.22192280643940296,1.54912314512623,True
2024-07-30 00:00:00+00:00,0.0,0.0,0.0,0.0,0.0,0.0,0.0,0.0,-0.19194370372363762,-0.3585541805689027,-0.29040215417897125,-0.03171069822884376,-0.22192280643940296,-0.35541202019695123,True
2024-07-31 00:00:00+00:00,1.0,1.0,0.0,35.0,0.0,0.0,0.0,0.0,-0.025039889374653564,0.3021562398693136,-0.29040215417897125,-0.026374421542431078,-0.22192280643940296,-0.35541202019695123,True
2024-08-01 00:00:00+00:00,1.0,1.0,1.0,10.0,0.0,0.0,0.0,1.0,-0.025039889374653564,0.3021562398693136,1.214550564394625,-0.030186047747011564,-0.22192280643940296,3.4536583104494114,True
2024-08-02 00:00:00+00:00,0.0,0.0,0.0,0.0,0.0,0.0,0.0,0.0,-0.19194370372363762,-0.3585541805689027,-0.29040215417897125,-0.03171069822884376,-0.22192280643940296,-0.35541202019695123,True
2024-08-03 00:00:00+00:00,0.0,0.0,0.0,0.0,0.0,0.0,0.0,0.0,-0.19194370372363762,-0.3585541805689027,-0.29040215417897125,-0.03171069822884376,-0.22192280643940296,-0.35541202019695123,True
2024-08-04 00:00:00+00:00,0.0,0.0,0.0,0.0,0.0,0.0,0.0,0.0,-0.19194370372363762,-0.3585541805689027,-0.29040215417897125,-0.03171069822884376,-0.22192280643940296,-0.35541202019695123,True
2024-08-05 00:00:00+00:00,0.0,0.0,0.0,0.0,0.0,0.0,0.0,0.0,-0.19194370372363762,-0.3585541805689027,-0.29040215417897125,-0.03171069822884376,-0.22192280643940296,-0.35541202019695123,True
2024-08-06 00:00:00+00:00,0.0,0.0,0.0,0.0,0.0,0.0,0.0,0.0,-0.19194370372363762,-0.3585541805689027,-0.29040215417897125,-0.03171069822884376,-0.22192280643940296,-0.35541202019695123,True
2024-08-07 00:00:00+00:00,0.0,0.0,0.0,0.0,0.0,0.0,0.0,0.0,-0.19194370372363762,-0.3585541805689027,-0.29040215417897125,-0.03171069822884376,-0.22192280643940296,-0.35541202019695123,True
2024-08-08 00:00:00+00:00,0.0,0.0,0.0,0.0,0.0,0.0,0.0,0.0,-0.19194370372363762,-0.3585541805689027,-0.29040215417897125,-0.03171069822884376,-0.22192280643940296,-0.35541202019695123,True
2024-08-09 00:00:00+00:00,1.0,1.0,1.0,9.0,0.0,0.0,0.0,1.0,-0.025039889374653564,0.3021562398693136,1.214550564394625,-0.030338512795194783,-0.22192280643940296,3.4536583104494114,True
2024-08-10 00:00:00+00:00,0.0,0.0,0.0,0.0,0.0,0.0,0.0,0.0,-0.19194370372363762,-0.3585541805689027,-0.29040215417897125,-0.03171069822884376,-0.22192280643940296,-0.35541202019695123,True
2024-08-11 00:00:00+00:00,0.0,0.0,0.0,0.0,0.0,0.0,0.0,0.0,-0.19194370372363762,-0.3585541805689027,-0.29040215417897125,-0.03171069822884376,-0.22192280643940296,-0.35541202019695123,True
2024-08-12 00:00:00+00:00,0.0,0.0,0.0,0.0,0.0,0.0,0.0,0.0,-0.19194370372363762,-0.3585541805689027,-0.29040215417897125,-0.03171069822884376,-0.22192280643940296,-0.35541202019695123,True
2024-08-13 00:00:00+00:00,3.0,1.0,0.0,274.3333333333333,0.0,0.0,0.0,0.0,0.3087677393233145,0.3021562398693136,-0.29040215417897125,0.01011554665608609,-0.22192280643940296,-0.35541202019695123,True
2024-08-14 00:00:00+00:00,0.0,0.0,0.0,0.0,0.0,0.0,0.0,0.0,-0.19194370372363762,-0.3585541805689027,-0.29040215417897125,-0.03171069822884376,-0.22192280643940296,-0.35541202019695123,True
2024-08-15 00:00:00+00:00,0.0,0.0,0.0,0.0,0.0,0.0,0.0,0.0,-0.19194370372363762,-0.3585541805689027,-0.29040215417897125,-0.03171069822884376,-0.22192280643940296,-0.35541202019695123,True
2024-08-16 00:00:00+00:00,1.0,1.0,1.0,39.0,0.0,0.0,0.0,1.0,-0.025039889374653564,0.3021562398693136,1.214550564394625,-0.0257645613496982,-0.22192280643940296,3.4536583104494114,True
2024-08-17 00:00:00+00:00,1.0,1.0,0.0,4.0,0.0,0.0,0.0,0.0,-0.025039889374653564,0.3021562398693136,-0.29040215417897125,-0.03110083803611088,-0.22192280643940296,-0.35541202019695123,True
2024-08-18 00:00:00+00:00,0.0,0.0,0.0,0.0,0.0,0.0,0.0,0.0,-0.19194370372363762,-0.3585541805689027,-0.29040215417897125,-0.03171069822884376,-0.22192280643940296,-0.35541202019695123,True
2024-08-19 00:00:00+00:00,1.0,1.0,0.0,0.0,0.0,1.0,0.0,0.0,-0.025039889374653564,0.3021562398693136,-0.29040215417897125,-0.03171069822884376,-0.22192280643940296,-0.35541202019695123,True
2024-08-20 00:00:00+00:00,0.0,0.0,0.0,0.0,0.0,0.0,0.0,0.0,-0.19194370372363762,-0.3585541805689027,-0.29040215417897125,-0.03171069822884376,-0.22192280643940296,-0.35541202019695123,True
2024-08-21 00:00:00+00:00,1.0,1.0,1.0,17.0,0.0,0.0,0.0,1.0,-0.025039889374653564,0.3021562398693136,1.214550564394625,-0.029118792409729026,-0.22192280643940296,3.4536583104494114,True
2024-08-22 00:00:00+00:00,0.0,0.0,0.0,0.0,0.0,0.0,0.0,0.0,-0.19194370372363762,-0.3585541805689027,-0.29040215417897125,-0.03171069822884376,-0.22192280643940296,-0.35541202019695123,True
2024-08-23 00:00:00+00:00,0.0,0.0,0.0,0.0,0.0,0.0,0.0,0.0,-0.19194370372363762,-0.3585541805689027,-0.29040215417897125,-0.03171069822884376,-0.22192280643940296,-0.35541202019695123,True
2024-08-24 00:00:00+00:00,0.0,0.0,0.0,0.0,0.0,0.0,0.0,0.0,-0.19194370372363762,-0.3585541805689027,-0.29040215417897125,-0.03171069822884376,-0.22192280643940296,-0.35541202019695123,True
2024-08-25 00:00:00+00:00,0.0,0.0,0.0,0.0,0.0,0.0,0.0,0.0,-0.19194370372363762,-0.3585541805689027,-0.29040215417897125,-0.03171069822884376,-0.22192280643940296,-0.35541202019695123,True
2024-08-26 00:00:00+00:00,0.0,0.0,0.0,0.0,0.0,0.0,0.0,0.0,-0.19194370372363762,-0.3585541805689027,-0.29040215417897125,-0.03171069822884376,-0.22192280643940296,-0.35541202019695123,True
2024-08-27 00:00:00+00:00,0.0,0.0,0.0,0.0,0.0,0.0,0.0,0.0,-0.19194370372363762,-0.3585541805689027,-0.29040215417897125,-0.03171069822884376,-0.22192280643940296,-0.35541202019695123,True
2024-08-28 00:00:00+00:00,0.0,0.0,0.0,0.0,0.0,0.0,0.0,0.0,-0.19194370372363762,-0.3585541805689027,-0.29040215417897125,-0.03171069822884376,-0.22192280643940296,-0.35541202019695123,True
2024-08-29 00:00:00+00:00,0.0,0.0,0.0,0.0,0.0,0.0,0.0,0.0,-0.19194370372363762,-0.3585541805689027,-0.29040215417897125,-0.03171069822884376,-0.22192280643940296,-0.35541202019695123,True
2024-08-30 00:00:00+00:00,0.0,0.0,0.0,0.0,0.0,0.0,0.0,0.0,-0.19194370372363762,-0.3585541805689027,-0.29040215417897125,-0.03171069822884376,-0.22192280643940296,-0.35541202019695123,True
2024-08-31 00:00:00+00:00,0.0,0.0,0.0,0.0,0.0,0.0,0.0,0.0,-0.19194370372363762,-0.3585541805689027,-0.29040215417897125,-0.03171069822884376,-0.22192280643940296,-0.35541202019695123,True
2024-09-01 00:00:00+00:00,1.0,1.0,1.0,17.0,0.0,0.0,0.0,1.0,-0.025039889374653564,0.3021562398693136,1.214550564394625,-0.029118792409729026,-0.22192280643940296,3.4536583104494114,True
2024-09-02 00:00:00+00:00,0.0,0.0,0.0,0.0,0.0,0.0,0.0,0.0,-0.19194370372363762,-0.3585541805689027,-0.29040215417897125,-0.03171069822884376,-0.22192280643940296,-0.35541202019695123,True
2024-09-03 00:00:00+00:00,0.0,0.0,0.0,0.0,0.0,0.0,0.0,0.0,-0.19194370372363762,-0.3585541805689027,-0.29040215417897125,-0.03171069822884376,-0.22192280643940296,-0.35541202019695123,True
2024-09-04 00:00:00+00:00,1.0,1.0,1.0,2.0,0.0,0.0,0.0,1.0,-0.025039889374653564,0.3021562398693136,1.214550564394625,-0.031405768132477314,-0.22192280643940296,3.4536583104494114,True
2024-09-05 00:00:00+00:00,0.0,0.0,0.0,0.0,0.0,0.0,0.0,0.0,-0.19194370372363762,-0.3585541805689027,-0.29040215417897125,-0.03171069822884376,-0.22192280643940296,-0.35541202019695123,True
2024-09-06 00:00:00+00:00,0.0,0.0,0.0,0.0,0.0,0.0,0.0,0.0,-0.19194370372363762,-0.3585541805689027,-0.29040215417897125,-0.03171069822884376,-0.22192280643940296,-0.35541202019695123,True
2024-09-07 00:00:00+00:00,0.0,0.0,0.0,0.0,0.0,0.0,0.0,0.0,-0.19194370372363762,-0.3585541805689027,-0.29040215417897125,-0.03171069822884376,-0.22192280643940296,-0.35541202019695123,True
2024-09-08 00:00:00+00:00,0.0,0.0,0.0,0.0,0.0,0.0,0.0,0.0,-0.19194370372363762,-0.3585541805689027,-0.29040215417897125,-0.03171069822884376,-0.22192280643940296,-0.35541202019695123,True
2024-09-09 00:00:00+00:00,0.0,0.0,0.0,0.0,0.0,0.0,0.0,0.0,-0.19194370372363762,-0.3585541805689027,-0.29040215417897125,-0.03171069822884376,-0.22192280643940296,-0.35541202019695123,True
2024-09-10 00:00:00+00:00,0.0,0.0,0.0,0.0,0.0,0.0,0.0,0.0,-0.19194370372363762,-0.3585541805689027,-0.29040215417897125,-0.03171069822884376,-0.22192280643940296,-0.35541202019695123,True
2024-09-11 00:00:00+00:00,0.0,0.0,0.0,0.0,0.0,0.0,0.0,0.0,-0.19194370372363762,-0.3585541805689027,-0.29040215417897125,-0.03171069822884376,-0.22192280643940296,-0.35541202019695123,True
2024-09-12 00:00:00+00:00,0.0,0.0,0.0,0.0,0.0,0.0,0.0,0.0,-0.19194370372363762,-0.3585541805689027,-0.29040215417897125,-0.03171069822884376,-0.22192280643940296,-0.35541202019695123,True
2024-09-13 00:00:00+00:00,1.0,1.0,0.0,0.0,0.0,0.0,0.0,0.0,-0.025039889374653564,0.3021562398693136,-0.29040215417897125,-0.03171069822884376,-0.22192280643940296,-0.35541202019695123,True
2024-09-14 00:00:00+00:00,0.0,0.0,0.0,0.0,0.0,0.0,0.0,0.0,-0.19194370372363762,-0.3585541805689027,-0.29040215417897125,-0.03171069822884376,-0.22192280643940296,-0.35541202019695123,True
2024-09-15 00:00:00+00:00,1.0,1.0,1.0,2.0,0.0,0.0,0.0,1.0,-0.025039889374653564,0.3021562398693136,1.214550564394625,-0.031405768132477314,-0.22192280643940296,3.4536583104494114,True
2024-09-16 00:00:00+00:00,0.0,0.0,0.0,0.0,0.0,0.0,0.0,0.0,-0.19194370372363762,-0.3585541805689027,-0.29040215417897125,-0.03171069822884376,-0.22192280643940296,-0.35541202019695123,True
2024-09-17 00:00:00+00:00,1.0,1.0,1.0,3.0,0.0,0.0,0.0,1.0,-0.025039889374653564,0.3021562398693136,1.214550564394625,-0.031253303084294096,-0.22192280643940296,3.4536583104494114,True
2024-09-18 00:00:00+00:00,0.0,0.0,0.0,0.0,0.0,0.0,0.0,0.0,-0.19194370372363762,-0.3585541805689027,-0.29040215417897125,-0.03171069822884376,-0.22192280643940296,-0.35541202019695123,True
2024-09-19 00:00:00+00:00,1.0,1.0,0.0,17.0,0.0,0.0,0.0,0.0,-0.025039889374653564,0.3021562398693136,-0.29040215417897125,-0.029118792409729026,-0.22192280643940296,-0.35541202019695123,True
2024-09-20 00:00:00+00:00,0.0,0.0,0.0,0.0,0.0,0.0,0.0,0.0,-0.19194370372363762,-0.3585541805689027,-0.29040215417897125,-0.03171069822884376,-0.22192280643940296,-0.35541202019695123,True
2024-09-21 00:00:00+00:00,0.0,0.0,0.0,0.0,0.0,0.0,0.0,0.0,-0.19194370372363762,-0.3585541805689027,-0.29040215417897125,-0.03171069822884376,-0.22192280643940296,-0.35541202019695123,True
2024-09-22 00:00:00+00:00,0.0,0.0,0.0,0.0,0.0,0.0,0.0,0.0,-0.19194370372363762,-0.3585541805689027,-0.29040215417897125,-0.03171069822884376,-0.22192280643940296,-0.35541202019695123,True
2024-09-23 00:00:00+00:00,0.0,0.0,0.0,0.0,0.0,0.0,0.0,0.0,-0.19194370372363762,-0.3585541805689027,-0.29040215417897125,-0.03171069822884376,-0.22192280643940296,-0.35541202019695123,True
2024-09-24 00:00:00+00:00,0.0,0.0,0.0,0.0,0.0,0.0,0.0,0.0,-0.19194370372363762,-0.3585541805689027,-0.29040215417897125,-0.03171069822884376,-0.22192280643940296,-0.35541202019695123,True
2024-09-25 00:00:00+00:00,0.0,0.0,0.0,0.0,0.0,0.0,0.0,0.0,-0.19194370372363762,-0.3585541805689027,-0.29040215417897125,-0.03171069822884376,-0.22192280643940296,-0.35541202019695123,True
2024-09-26 00:00:00+00:00,0.0,0.0,0.0,0.0,0.0,0.0,0.0,0.0,-0.19194370372363762,-0.3585541805689027,-0.29040215417897125,-0.03171069822884376,-0.22192280643940296,-0.35541202019695123,True
2024-09-27 00:00:00+00:00,0.0,0.0,0.0,0.0,0.0,0.0,0.0,0.0,-0.19194370372363762,-0.3585541805689027,-0.29040215417897125,-0.03171069822884376,-0.22192280643940296,-0.35541202019695123,True
2024-09-28 00:00:00+00:00,0.0,0.0,0.0,0.0,0.0,0.0,0.0,0.0,-0.19194370372363762,-0.3585541805689027,-0.29040215417897125,-0.03171069822884376,-0.22192280643940296,-0.35541202019695123,True
2024-09-29 00:00:00+00:00,0.0,0.0,0.0,0.0,0.0,0.0,0.0,0.0,-0.19194370372363762,-0.3585541805689027,-0.29040215417897125,-0.03171069822884376,-0.22192280643940296,-0.35541202019695123,True
2024-09-30 00:00:00+00:00,0.0,0.0,0.0,0.0,0.0,0.0,0.0,0.0,-0.19194370372363762,-0.3585541805689027,-0.29040215417897125,-0.03171069822884376,-0.22192280643940296,-0.35541202019695123,True
2024-10-01 00:00:00+00:00,0.0,0.0,0.0,0.0,0.0,0.0,0.0,0.0,-0.19194370372363762,-0.3585541805689027,-0.29040215417897125,-0.03171069822884376,-0.22192280643940296,-0.35541202019695123,True
2024-10-02 00:00:00+00:00,0.0,0.0,0.0,0.0,0.0,0.0,0.0,0.0,-0.19194370372363762,-0.3585541805689027,-0.29040215417897125,-0.03171069822884376,-0.22192280643940296,-0.35541202019695123,True
2024-10-03 00:00:00+00:00,0.0,0.0,0.0,0.0,0.0,0.0,0.0,0.0,-0.19194370372363762,-0.3585541805689027,-0.29040215417897125,-0.03171069822884376,-0.22192280643940296,-0.35541202019695123,True
2024-10-04 00:00:00+00:00,0.0,0.0,0.0,0.0,0.0,0.0,0.0,0.0,-0.19194370372363762,-0.3585541805689027,-0.29040215417897125,-0.03171069822884376,-0.22192280643940296,-0.35541202019695123,True
2024-10-05 00:00:00+00:00,0.0,0.0,0.0,0.0,0.0,0.0,0.0,0.0,-0.19194370372363762,-0.3585541805689027,-0.29040215417897125,-0.03171069822884376,-0.22192280643940296,-0.35541202019695123,True
2024-10-06 00:00:00+00:00,0.0,0.0,0.0,0.0,0.0,0.0,0.0,0.0,-0.19194370372363762,-0.3585541805689027,-0.29040215417897125,-0.03171069822884376,-0.22192280643940296,-0.35541202019695123,True
2024-10-07 00:00:00+00:00,2.0,2.0,0.0,567.0,0.0,0.5,0.0,0.0,0.14186392497433048,0.9628666603075299,-0.29040215417897125,0.05473698409104163,-0.22192280643940296,-0.35541202019695123,True
2024-10-08 00:00:00+00:00,0.0,0.0,0.0,0.0,0.0,0.0,0.0,0.0,-0.19194370372363762,-0.3585541805689027,-0.29040215417897125,-0.03171069822884376,-0.22192280643940296,-0.35541202019695123,True
2024-10-09 00:00:00+00:00,0.0,0.0,0.0,0.0,0.0,0.0,0.0,0.0,-0.19194370372363762,-0.3585541805689027,-0.29040215417897125,-0.03171069822884376,-0.22192280643940296,-0.35541202019695123,True
2024-10-10 00:00:00+00:00,0.0,0.0,0.0,0.0,0.0,0.0,0.0,0.0,-0.19194370372363762,-0.3585541805689027,-0.29040215417897125,-0.03171069822884376,-0.22192280643940296,-0.35541202019695123,True
2024-10-11 00:00:00+00:00,0.0,0.0,0.0,0.0,0.0,0.0,0.0,0.0,-0.19194370372363762,-0.3585541805689027,-0.29040215417897125,-0.03171069822884376,-0.22192280643940296,-0.35541202019695123,True
2024-10-12 00:00:00+00:00,0.0,0.0,0.0,0.0,0.0,0.0,0.0,0.0,-0.19194370372363762,-0.3585541805689027,-0.29040215417897125,-0.03171069822884376,-0.22192280643940296,-0.35541202019695123,True
2024-10-13 00:00:00+00:00,0.0,0.0,0.0,0.0,0.0,0.0,0.0,0.0,-0.19194370372363762,-0.3585541805689027,-0.29040215417897125,-0.03171069822884376,-0.22192280643940296,-0.35541202019695123,True
2024-10-14 00:00:00+00:00,0.0,0.0,0.0,0.0,0.0,0.0,0.0,0.0,-0.19194370372363762,-0.3585541805689027,-0.29040215417897125,-0.03171069822884376,-0.22192280643940296,-0.35541202019695123,True
2024-10-15 00:00:00+00:00,0.0,0.0,0.0,0.0,0.0,0.0,0.0,0.0,-0.19194370372363762,-0.3585541805689027,-0.29040215417897125,-0.03171069822884376,-0.22192280643940296,-0.35541202019695123,True
2024-10-16 00:00:00+00:00,0.0,0.0,0.0,0.0,0.0,0.0,0.0,0.0,-0.19194370372363762,-0.3585541805689027,-0.29040215417897125,-0.03171069822884376,-0.22192280643940296,-0.35541202019695123,True
2024-10-17 00:00:00+00:00,0.0,0.0,0.0,0.0,0.0,0.0,0.0,0.0,-0.19194370372363762,-0.3585541805689027,-0.29040215417897125,-0.03171069822884376,-0.22192280643940296,-0.35541202019695123,True
2024-10-18 00:00:00+00:00,0.0,0.0,0.0,0.0,0.0,0.0,0.0,0.0,-0.19194370372363762,-0.3585541805689027,-0.29040215417897125,-0.03171069822884376,-0.22192280643940296,-0.35541202019695123,True
2024-10-19 00:00:00+00:00,0.0,0.0,0.0,0.0,0.0,0.0,0.0,0.0,-0.19194370372363762,-0.3585541805689027,-0.29040215417897125,-0.03171069822884376,-0.22192280643940296,-0.35541202019695123,True
2024-10-20 00:00:00+00:00,0.0,0.0,0.0,0.0,0.0,0.0,0.0,0.0,-0.19194370372363762,-0.3585541805689027,-0.29040215417897125,-0.03171069822884376,-0.22192280643940296,-0.35541202019695123,True
2024-10-21 00:00:00+00:00,2.0,1.0,0.0,400.5,0.0,0.0,0.0,0.0,0.14186392497433048,0.3021562398693136,-0.29040215417897125,0.029351553568535603,-0.22192280643940296,-0.35541202019695123,True
2024-10-22 00:00:00+00:00,1.0,1.0,0.0,87.0,0.0,0.0,0.0,0.0,-0.025039889374653564,0.3021562398693136,-0.29040215417897125,-0.01844623903690367,-0.22192280643940296,-0.35541202019695123,True
2024-10-23 00:00:00+00:00,0.0,0.0,0.0,0.0,0.0,0.0,0.0,0.0,-0.19194370372363762,-0.3585541805689027,-0.29040215417897125,-0.03171069822884376,-0.22192280643940296,-0.35541202019695123,True
2024-10-24 00:00:00+00:00,0.0,0.0,0.0,0.0,0.0,0.0,0.0,0.0,-0.19194370372363762,-0.3585541805689027,-0.29040215417897125,-0.03171069822884376,-0.22192280643940296,-0.35541202019695123,True
2024-10-25 00:00:00+00:00,0.0,0.0,0.0,0.0,0.0,0.0,0.0,0.0,-0.19194370372363762,-0.3585541805689027,-0.29040215417897125,-0.03171069822884376,-0.22192280643940296,-0.35541202019695123,True
2024-10-26 00:00:00+00:00,1.0,1.0,0.0,25.0,0.0,0.0,0.0,0.0,-0.025039889374653564,0.3021562398693136,-0.29040215417897125,-0.027899072024263272,-0.22192280643940296,-0.35541202019695123,True
2024-10-27 00:00:00+00:00,5.0,1.0,1.0,366.0,0.0,0.0,0.0,1.0,0.6425753680212826,0.3021562398693136,1.214550564394625,0.024091509406214535,-0.22192280643940296,3.4536583104494114,True
2024-10-28 00:00:00+00:00,1.0,1.0,0.0,29.0,0.0,0.0,0.0,0.0,-0.025039889374653564,0.3021562398693136,-0.29040215417897125,-0.027289211831530394,-0.22192280643940296,-0.35541202019695123,True
2024-10-29 00:00:00+00:00,0.0,0.0,0.0,0.0,0.0,0.0,0.0,0.0,-0.19194370372363762,-0.3585541805689027,-0.29040215417897125,-0.03171069822884376,-0.22192280643940296,-0.35541202019695123,True
2024-10-30 00:00:00+00:00,1.0,1.0,1.0,1.0,0.0,0.0,0.0,1.0,-0.025039889374653564,0.3021562398693136,1.214550564394625,-0.03155823318066054,-0.22192280643940296,3.4536583104494114,True
2024-10-31 00:00:00+00:00,0.0,0.0,0.0,0.0,0.0,0.0,0.0,0.0,-0.19194370372363762,-0.3585541805689027,-0.29040215417897125,-0.03171069822884376,-0.22192280643940296,-0.35541202019695123,True
2024-11-01 00:00:00+00:00,0.0,0.0,0.0,0.0,0.0,0.0,0.0,0.0,-0.19194370372363762,-0.3585541805689027,-0.29040215417897125,-0.03171069822884376,-0.22192280643940296,-0.35541202019695123,True
2024-11-02 00:00:00+00:00,0.0,0.0,0.0,0.0,0.0,0.0,0.0,0.0,-0.19194370372363762,-0.3585541805689027,-0.29040215417897125,-0.03171069822884376,-0.22192280643940296,-0.35541202019695123,True
2024-11-03 00:00:00+00:00,0.0,0.0,0.0,0.0,0.0,0.0,0.0,0.0,-0.19194370372363762,-0.3585541805689027,-0.29040215417897125,-0.03171069822884376,-0.22192280643940296,-0.35541202019695123,True
2024-11-04 00:00:00+00:00,0.0,0.0,0.0,0.0,0.0,0.0,0.0,0.0,-0.19194370372363762,-0.3585541805689027,-0.29040215417897125,-0.03171069822884376,-0.22192280643940296,-0.35541202019695123,True
2024-11-05 00:00:00+00:00,0.0,0.0,0.0,0.0,0.0,0.0,0.0,0.0,-0.19194370372363762,-0.3585541805689027,-0.29040215417897125,-0.03171069822884376,-0.22192280643940296,-0.35541202019695123,True
2024-11-06 00:00:00+00:00,1.0,1.0,0.0,223.0,0.0,0.0,0.0,0.0,-0.025039889374653564,0.3021562398693136,-0.29040215417897125,0.002289007516014165,-0.22192280643940296,-0.35541202019695123,True
2024-11-07 00:00:00+00:00,0.0,0.0,0.0,0.0,0.0,0.0,0.0,0.0,-0.19194370372363762,-0.3585541805689027,-0.29040215417897125,-0.03171069822884376,-0.22192280643940296,-0.35541202019695123,True
2024-11-08 00:00:00+00:00,0.0,0.0,0.0,0.0,0.0,0.0,0.0,0.0,-0.19194370372363762,-0.3585541805689027,-0.29040215417897125,-0.03171069822884376,-0.22192280643940296,-0.35541202019695123,True
2024-11-09 00:00:00+00:00,0.0,0.0,0.0,0.0,0.0,0.0,0.0,0.0,-0.19194370372363762,-0.3585541805689027,-0.29040215417897125,-0.03171069822884376,-0.22192280643940296,-0.35541202019695123,True
2024-11-10 00:00:00+00:00,1.0,1.0,0.0,25.0,0.0,0.0,0.0,0.0,-0.025039889374653564,0.3021562398693136,-0.29040215417897125,-0.027899072024263272,-0.22192280643940296,-0.35541202019695123,True
2024-11-11 00:00:00+00:00,0.0,0.0,0.0,0.0,0.0,0.0,0.0,0.0,-0.19194370372363762,-0.3585541805689027,-0.29040215417897125,-0.03171069822884376,-0.22192280643940296,-0.35541202019695123,True
2024-11-12 00:00:00+00:00,0.0,0.0,0.0,0.0,0.0,0.0,0.0,0.0,-0.19194370372363762,-0.3585541805689027,-0.29040215417897125,-0.03171069822884376,-0.22192280643940296,-0.35541202019695123,True
2024-11-13 00:00:00+00:00,1.0,1.0,0.0,0.0,0.0,1.0,0.0,0.0,-0.025039889374653564,0.3021562398693136,-0.29040215417897125,-0.03171069822884376,-0.22192280643940296,-0.35541202019695123,True
2024-11-14 00:00:00+00:00,1.0,1.0,0.0,0.0,0.0,1.0,0.0,0.0,-0.025039889374653564,0.3021562398693136,-0.29040215417897125,-0.03171069822884376,-0.22192280643940296,-0.35541202019695123,True
2024-11-15 00:00:00+00:00,0.0,0.0,0.0,0.0,0.0,0.0,0.0,0.0,-0.19194370372363762,-0.3585541805689027,-0.29040215417897125,-0.03171069822884376,-0.22192280643940296,-0.35541202019695123,True
2024-11-16 00:00:00+00:00,0.0,0.0,0.0,0.0,0.0,0.0,0.0,0.0,-0.19194370372363762,-0.3585541805689027,-0.29040215417897125,-0.03171069822884376,-0.22192280643940296,-0.35541202019695123,True
2024-11-17 00:00:00+00:00,0.0,0.0,0.0,0.0,0.0,0.0,0.0,0.0,-0.19194370372363762,-0.3585541805689027,-0.29040215417897125,-0.03171069822884376,-0.22192280643940296,-0.35541202019695123,True
2024-11-18 00:00:00+00:00,0.0,0.0,0.0,0.0,0.0,0.0,0.0,0.0,-0.19194370372363762,-0.3585541805689027,-0.29040215417897125,-0.03171069822884376,-0.22192280643940296,-0.35541202019695123,True
2024-11-19 00:00:00+00:00,0.0,0.0,0.0,0.0,0.0,0.0,0.0,0.0,-0.19194370372363762,-0.3585541805689027,-0.29040215417897125,-0.03171069822884376,-0.22192280643940296,-0.35541202019695123,True
2024-11-20 00:00:00+00:00,0.0,0.0,0.0,0.0,0.0,0.0,0.0,0.0,-0.19194370372363762,-0.3585541805689027,-0.29040215417897125,-0.03171069822884376,-0.22192280643940296,-0.35541202019695123,True
2024-11-21 00:00:00+00:00,0.0,0.0,0.0,0.0,0.0,0.0,0.0,0.0,-0.19194370372363762,-0.3585541805689027,-0.29040215417897125,-0.03171069822884376,-0.22192280643940296,-0.35541202019695123,True
2024-11-22 00:00:00+00:00,0.0,0.0,0.0,0.0,0.0,0.0,0.0,0.0,-0.19194370372363762,-0.3585541805689027,-0.29040215417897125,-0.03171069822884376,-0.22192280643940296,-0.35541202019695123,True
2024-11-23 00:00:00+00:00,0.0,0.0,0.0,0.0,0.0,0.0,0.0,0.0,-0.19194370372363762,-0.3585541805689027,-0.29040215417897125,-0.03171069822884376,-0.22192280643940296,-0.35541202019695123,True
2024-11-24 00:00:00+00:00,0.0,0.0,0.0,0.0,0.0,0.0,0.0,0.0,-0.19194370372363762,-0.3585541805689027,-0.29040215417897125,-0.03171069822884376,-0.22192280643940296,-0.35541202019695123,True
2024-11-25 00:00:00+00:00,0.0,0.0,0.0,0.0,0.0,0.0,0.0,0.0,-0.19194370372363762,-0.3585541805689027,-0.29040215417897125,-0.03171069822884376,-0.22192280643940296,-0.35541202019695123,True
2024-11-26 00:00:00+00:00,0.0,0.0,0.0,0.0,0.0,0.0,0.0,0.0,-0.19194370372363762,-0.3585541805689027,-0.29040215417897125,-0.03171069822884376,-0.22192280643940296,-0.35541202019695123,True
2024-11-27 00:00:00+00:00,0.0,0.0,0.0,0.0,0.0,0.0,0.0,0.0,-0.19194370372363762,-0.3585541805689027,-0.29040215417897125,-0.03171069822884376,-0.22192280643940296,-0.35541202019695123,True
2024-11-28 00:00:00+00:00,0.0,0.0,0.0,0.0,0.0,0.0,0.0,0.0,-0.19194370372363762,-0.3585541805689027,-0.29040215417897125,-0.03171069822884376,-0.22192280643940296,-0.35541202019695123,True
2024-11-29 00:00:00+00:00,0.0,0.0,0.0,0.0,0.0,0.0,0.0,0.0,-0.19194370372363762,-0.3585541805689027,-0.29040215417897125,-0.03171069822884376,-0.22192280643940296,-0.35541202019695123,True
2024-11-30 00:00:00+00:00,0.0,0.0,0.0,0.0,0.0,0.0,0.0,0.0,-0.19194370372363762,-0.3585541805689027,-0.29040215417897125,-0.03171069822884376,-0.22192280643940296,-0.35541202019695123,True
2024-12-01 00:00:00+00:00,0.0,0.0,0.0,0.0,0.0,0.0,0.0,0.0,-0.19194370372363762,-0.3585541805689027,-0.29040215417897125,-0.03171069822884376,-0.22192280643940296,-0.35541202019695123,True
2024-12-02 00:00:00+00:00,0.0,0.0,0.0,0.0,0.0,0.0,0.0,0.0,-0.19194370372363762,-0.3585541805689027,-0.29040215417897125,-0.03171069822884376,-0.22192280643940296,-0.35541202019695123,True
2024-12-03 00:00:00+00:00,1.0,1.0,0.0,0.0,0.0,1.0,0.0,0.0,-0.025039889374653564,0.3021562398693136,-0.29040215417897125,-0.03171069822884376,-0.22192280643940296,-0.35541202019695123,True
2024-12-04 00:00:00+00:00,0.0,0.0,0.0,0.0,0.0,0.0,0.0,0.0,-0.19194370372363762,-0.3585541805689027,-0.29040215417897125,-0.03171069822884376,-0.22192280643940296,-0.35541202019695123,True
2024-12-05 00:00:00+00:00,1.0,1.0,0.0,0.0,0.0,1.0,0.0,0.0,-0.025039889374653564,0.3021562398693136,-0.29040215417897125,-0.03171069822884376,-0.22192280643940296,-0.35541202019695123,True
2024-12-06 00:00:00+00:00,0.0,0.0,0.0,0.0,0.0,0.0,0.0,0.0,-0.19194370372363762,-0.3585541805689027,-0.29040215417897125,-0.03171069822884376,-0.22192280643940296,-0.35541202019695123,True
2024-12-07 00:00:00+00:00,0.0,0.0,0.0,0.0,0.0,0.0,0.0,0.0,-0.19194370372363762,-0.3585541805689027,-0.29040215417897125,-0.03171069822884376,-0.22192280643940296,-0.35541202019695123,True
2024-12-08 00:00:00+00:00,0.0,0.0,0.0,0.0,0.0,0.0,0.0,0.0,-0.19194370372363762,-0.3585541805689027,-0.29040215417897125,-0.03171069822884376,-0.22192280643940296,-0.35541202019695123,True
2024-12-09 00:00:00+00:00,0.0,0.0,0.0,0.0,0.0,0.0,0.0,0.0,-0.19194370372363762,-0.3585541805689027,-0.29040215417897125,-0.03171069822884376,-0.22192280643940296,-0.35541202019695123,True
2024-12-10 00:00:00+00:00,0.0,0.0,0.0,0.0,0.0,0.0,0.0,0.0,-0.19194370372363762,-0.3585541805689027,-0.29040215417897125,-0.03171069822884376,-0.22192280643940296,-0.35541202019695123,True
2024-12-11 00:00:00+00:00,0.0,0.0,0.0,0.0,0.0,0.0,0.0,0.0,-0.19194370372363762,-0.3585541805689027,-0.29040215417897125,-0.03171069822884376,-0.22192280643940296,-0.35541202019695123,True
2024-12-12 00:00:00+00:00,0.0,0.0,0.0,0.0,0.0,0.0,0.0,0.0,-0.19194370372363762,-0.3585541805689027,-0.29040215417897125,-0.03171069822884376,-0.22192280643940296,-0.35541202019695123,True
2024-12-13 00:00:00+00:00,0.0,0.0,0.0,0.0,0.0,0.0,0.0,0.0,-0.19194370372363762,-0.3585541805689027,-0.29040215417897125,-0.03171069822884376,-0.22192280643940296,-0.35541202019695123,True
2024-12-14 00:00:00+00:00,0.0,0.0,0.0,0.0,0.0,0.0,0.0,0.0,-0.19194370372363762,-0.3585541805689027,-0.29040215417897125,-0.03171069822884376,-0.22192280643940296,-0.35541202019695123,True
2024-12-15 00:00:00+00:00,0.0,0.0,0.0,0.0,0.0,0.0,0.0,0.0,-0.19194370372363762,-0.3585541805689027,-0.29040215417897125,-0.03171069822884376,-0.22192280643940296,-0.35541202019695123,True
2024-12-16 00:00:00+00:00,0.0,0.0,0.0,0.0,0.0,0.0,0.0,0.0,-0.19194370372363762,-0.3585541805689027,-0.29040215417897125,-0.03171069822884376,-0.22192280643940296,-0.35541202019695123,True
2024-12-17 00:00:00+00:00,1.0,1.0,0.0,759.0,0.0,0.0,0.0,0.0,-0.025039889374653564,0.3021562398693136,-0.29040215417897125,0.08401027334221975,-0.22192280643940296,-0.35541202019695123,True
2024-12-18 00:00:00+00:00,1.0,1.0,0.0,20.0,0.0,0.0,0.0,0.0,-0.025039889374653564,0.3021562398693136,-0.29040215417897125,-0.02866139726517937,-0.22192280643940296,-0.35541202019695123,True
2024-12-19 00:00:00+00:00,0.0,0.0,0.0,0.0,0.0,0.0,0.0,0.0,-0.19194370372363762,-0.3585541805689027,-0.29040215417897125,-0.03171069822884376,-0.22192280643940296,-0.35541202019695123,True
2024-12-20 00:00:00+00:00,0.0,0.0,0.0,0.0,0.0,0.0,0.0,0.0,-0.19194370372363762,-0.3585541805689027,-0.29040215417897125,-0.03171069822884376,-0.22192280643940296,-0.35541202019695123,True
2024-12-21 00:00:00+00:00,0.0,0.0,0.0,0.0,0.0,0.0,0.0,0.0,-0.19194370372363762,-0.3585541805689027,-0.29040215417897125,-0.03171069822884376,-0.22192280643940296,-0.35541202019695123,True
2024-12-22 00:00:00+00:00,0.0,0.0,0.0,0.0,0.0,0.0,0.0,0.0,-0.19194370372363762,-0.3585541805689027,-0.29040215417897125,-0.03171069822884376,-0.22192280643940296,-0.35541202019695123,True
2024-12-23 00:00:00+00:00,0.0,0.0,0.0,0.0,0.0,0.0,0.0,0.0,-0.19194370372363762,-0.3585541805689027,-0.29040215417897125,-0.03171069822884376,-0.22192280643940296,-0.35541202019695123,True
2024-12-24 00:00:00+00:00,0.0,0.0,0.0,0.0,0.0,0.0,0.0,0.0,-0.19194370372363762,-0.3585541805689027,-0.29040215417897125,-0.03171069822884376,-0.22192280643940296,-0.35541202019695123,True
2024-12-25 00:00:00+00:00,0.0,0.0,0.0,0.0,0.0,0.0,0.0,0.0,-0.19194370372363762,-0.3585541805689027,-0.29040215417897125,-0.03171069822884376,-0.22192280643940296,-0.35541202019695123,True
2024-12-26 00:00:00+00:00,0.0,0.0,0.0,0.0,0.0,0.0,0.0,0.0,-0.19194370372363762,-0.3585541805689027,-0.29040215417897125,-0.03171069822884376,-0.22192280643940296,-0.35541202019695123,True
2024-12-27 00:00:00+00:00,0.0,0.0,0.0,0.0,0.0,0.0,0.0,0.0,-0.19194370372363762,-0.3585541805689027,-0.29040215417897125,-0.03171069822884376,-0.22192280643940296,-0.35541202019695123,True
2024-12-28 00:00:00+00:00,0.0,0.0,0.0,0.0,0.0,0.0,0.0,0.0,-0.19194370372363762,-0.3585541805689027,-0.29040215417897125,-0.03171069822884376,-0.22192280643940296,-0.35541202019695123,True
2024-12-29 00:00:00+00:00,0.0,0.0,0.0,0.0,0.0,0.0,0.0,0.0,-0.19194370372363762,-0.3585541805689027,-0.29040215417897125,-0.03171069822884376,-0.22192280643940296,-0.35541202019695123,True
2024-12-30 00:00:00+00:00,0.0,0.0,0.0,0.0,0.0,0.0,0.0,0.0,-0.19194370372363762,-0.3585541805689027,-0.29040215417897125,-0.03171069822884376,-0.22192280643940296,-0.35541202019695123,True
2024-12-31 00:00:00+00:00,0.0,0.0,0.0,0.0,0.0,0.0,0.0,0.0,-0.19194370372363762,-0.3585541805689027,-0.29040215417897125,-0.03171069822884376,-0.22192280643940296,-0.35541202019695123,True
2025-01-01 00:00:00+00:00,0.0,0.0,0.0,0.0,0.0,0.0,0.0,0.0,-0.19194370372363762,-0.3585541805689027,-0.29040215417897125,-0.03171069822884376,-0.22192280643940296,-0.35541202019695123,True
2025-01-02 00:00:00+00:00,0.0,0.0,0.0,0.0,0.0,0.0,0.0,0.0,-0.19194370372363762,-0.3585541805689027,-0.29040215417897125,-0.03171069822884376,-0.22192280643940296,-0.35541202019695123,True
2025-01-03 00:00:00+00:00,0.0,0.0,0.0,0.0,0.0,0.0,0.0,0.0,-0.19194370372363762,-0.3585541805689027,-0.29040215417897125,-0.03171069822884376,-0.22192280643940296,-0.35541202019695123,True
2025-01-04 00:00:00+00:00,1.0,1.0,0.0,0.0,0.0,1.0,0.0,0.0,-0.025039889374653564,0.3021562398693136,-0.29040215417897125,-0.03171069822884376,-0.22192280643940296,-0.35541202019695123,True
2025-01-05 00:00:00+00:00,0.0,0.0,0.0,0.0,0.0,0.0,0.0,0.0,-0.19194370372363762,-0.3585541805689027,-0.29040215417897125,-0.03171069822884376,-0.22192280643940296,-0.35541202019695123,True
2025-01-06 00:00:00+00:00,2.0,2.0,0.0,278.0,0.0,0.5,0.0,0.0,0.14186392497433048,0.9628666603075299,-0.29040215417897125,0.010674585166091231,-0.22192280643940296,-0.35541202019695123,True
2025-01-07 00:00:00+00:00,2.0,2.0,0.0,54.0,0.5,0.0,0.0,0.0,0.14186392497433048,0.9628666603075299,-0.29040215417897125,-0.02347758562694991,4.290481659415155,-0.35541202019695123,True
2025-01-08 00:00:00+00:00,2.0,2.0,1.0,132.5,0.0,0.0,0.0,0.5,0.14186392497433048,0.9628666603075299,1.214550564394625,-0.01150907934456719,-0.22192280643940296,1.54912314512623,True
2025-01-09 00:00:00+00:00,0.0,0.0,0.0,0.0,0.0,0.0,0.0,0.0,-0.19194370372363762,-0.3585541805689027,-0.29040215417897125,-0.03171069822884376,-0.22192280643940296,-0.35541202019695123,True
2025-01-10 00:00:00+00:00,1.0,1.0,0.0,11.0,0.0,0.0,0.0,0.0,-0.025039889374653564,0.3021562398693136,-0.29040215417897125,-0.030033582698828342,-0.22192280643940296,-0.35541202019695123,True
2025-01-11 00:00:00+00:00,0.0,0.0,0.0,0.0,0.0,0.0,0.0,0.0,-0.19194370372363762,-0.3585541805689027,-0.29040215417897125,-0.03171069822884376,-0.22192280643940296,-0.35541202019695123,True
2025-01-12 00:00:00+00:00,0.0,0.0,0.0,0.0,0.0,0.0,0.0,0.0,-0.19194370372363762,-0.3585541805689027,-0.29040215417897125,-0.03171069822884376,-0.22192280643940296,-0.35541202019695123,True
2025-01-13 00:00:00+00:00,0.0,0.0,0.0,0.0,0.0,0.0,0.0,0.0,-0.19194370372363762,-0.3585541805689027,-0.29040215417897125,-0.03171069822884376,-0.22192280643940296,-0.35541202019695123,True
2025-01-14 00:00:00+00:00,0.0,0.0,0.0,0.0,0.0,0.0,0.0,0.0,-0.19194370372363762,-0.3585541805689027,-0.29040215417897125,-0.03171069822884376,-0.22192280643940296,-0.35541202019695123,True
2025-01-15 00:00:00+00:00,0.0,0.0,0.0,0.0,0.0,0.0,0.0,0.0,-0.19194370372363762,-0.3585541805689027,-0.29040215417897125,-0.03171069822884376,-0.22192280643940296,-0.35541202019695123,True
2025-01-16 00:00:00+00:00,0.0,0.0,0.0,0.0,0.0,0.0,0.0,0.0,-0.19194370372363762,-0.3585541805689027,-0.29040215417897125,-0.03171069822884376,-0.22192280643940296,-0.35541202019695123,True
2025-01-17 00:00:00+00:00,0.0,0.0,0.0,0.0,0.0,0.0,0.0,0.0,-0.19194370372363762,-0.3585541805689027,-0.29040215417897125,-0.03171069822884376,-0.22192280643940296,-0.35541202019695123,True
2025-01-18 00:00:00+00:00,1.0,1.0,1.0,1122.0,0.0,0.0,0.0,1.0,-0.025039889374653564,0.3021562398693136,1.214550564394625,0.13935508583272838,-0.22192280643940296,3.4536583104494114,True
2025-01-19 00:00:00+00:00,0.0,0.0,0.0,0.0,0.0,0.0,0.0,0.0,-0.19194370372363762,-0.3585541805689027,-0.29040215417897125,-0.03171069822884376,-0.22192280643940296,-0.35541202019695123,True
2025-01-20 00:00:00+00:00,1.0,1.0,1.0,14982.0,0.0,0.0,0.0,1.0,-0.025039889374653564,0.3021562398693136,1.214550564394625,2.252520653652149,-0.22192280643940296,3.4536583104494114,True
2025-01-21 00:00:00+00:00,1.0,1.0,0.0,30.0,0.0,0.0,0.0,0.0,-0.025039889374653564,0.3021562398693136,-0.29040215417897125,-0.027136746783347175,-0.22192280643940296,-0.35541202019695123,True
2025-01-22 00:00:00+00:00,0.0,0.0,0.0,0.0,0.0,0.0,0.0,0.0,-0.19194370372363762,-0.3585541805689027,-0.29040215417897125,-0.03171069822884376,-0.22192280643940296,-0.35541202019695123,True
2025-01-23 00:00:00+00:00,1.0,1.0,0.0,21.0,0.0,0.0,0.0,0.0,-0.025039889374653564,0.3021562398693136,-0.29040215417897125,-0.02850893221699615,-0.22192280643940296,-0.35541202019695123,True
2025-01-24 00:00:00+00:00,0.0,0.0,0.0,0.0,0.0,0.0,0.0,0.0,-0.19194370372363762,-0.3585541805689027,-0.29040215417897125,-0.03171069822884376,-0.22192280643940296,-0.35541202019695123,True
2025-01-25 00:00:00+00:00,0.0,0.0,0.0,0.0,0.0,0.0,0.0,0.0,-0.19194370372363762,-0.3585541805689027,-0.29040215417897125,-0.03171069822884376,-0.22192280643940296,-0.35541202019695123,True
2025-01-26 00:00:00+00:00,0.0,0.0,0.0,0.0,0.0,0.0,0.0,0.0,-0.19194370372363762,-0.3585541805689027,-0.29040215417897125,-0.03171069822884376,-0.22192280643940296,-0.35541202019695123,True
2025-01-27 00:00:00+00:00,0.0,0.0,0.0,0.0,0.0,0.0,0.0,0.0,-0.19194370372363762,-0.3585541805689027,-0.29040215417897125,-0.03171069822884376,-0.22192280643940296,-0.35541202019695123,True
2025-01-28 00:00:00+00:00,0.0,0.0,0.0,0.0,0.0,0.0,0.0,0.0,-0.19194370372363762,-0.3585541805689027,-0.29040215417897125,-0.03171069822884376,-0.22192280643940296,-0.35541202019695123,True
2025-01-29 00:00:00+00:00,0.0,0.0,0.0,0.0,0.0,0.0,0.0,0.0,-0.19194370372363762,-0.3585541805689027,-0.29040215417897125,-0.03171069822884376,-0.22192280643940296,-0.35541202019695123,True
2025-01-30 00:00:00+00:00,0.0,0.0,0.0,0.0,0.0,0.0,0.0,0.0,-0.19194370372363762,-0.3585541805689027,-0.29040215417897125,-0.03171069822884376,-0.22192280643940296,-0.35541202019695123,True
2025-01-31 00:00:00+00:00,0.0,0.0,0.0,0.0,0.0,0.0,0.0,0.0,-0.19194370372363762,-0.3585541805689027,-0.29040215417897125,-0.03171069822884376,-0.22192280643940296,-0.35541202019695123,True
2025-02-01 00:00:00+00:00,1.0,1.0,0.0,0.0,0.0,1.0,0.0,0.0,-0.025039889374653564,0.3021562398693136,-0.29040215417897125,-0.03171069822884376,-0.22192280643940296,-0.35541202019695123,True
2025-02-02 00:00:00+00:00,0.0,0.0,0.0,0.0,0.0,0.0,0.0,0.0,-0.19194370372363762,-0.3585541805689027,-0.29040215417897125,-0.03171069822884376,-0.22192280643940296,-0.35541202019695123,True
2025-02-03 00:00:00+00:00,0.0,0.0,0.0,0.0,0.0,0.0,0.0,0.0,-0.19194370372363762,-0.3585541805689027,-0.29040215417897125,-0.03171069822884376,-0.22192280643940296,-0.35541202019695123,True
2025-02-04 00:00:00+00:00,0.0,0.0,0.0,0.0,0.0,0.0,0.0,0.0,-0.19194370372363762,-0.3585541805689027,-0.29040215417897125,-0.03171069822884376,-0.22192280643940296,-0.35541202019695123,True
2025-02-05 00:00:00+00:00,0.0,0.0,0.0,0.0,0.0,0.0,0.0,0.0,-0.19194370372363762,-0.3585541805689027,-0.29040215417897125,-0.03171069822884376,-0.22192280643940296,-0.35541202019695123,True
2025-02-06 00:00:00+00:00,0.0,0.0,0.0,0.0,0.0,0.0,0.0,0.0,-0.19194370372363762,-0.3585541805689027,-0.29040215417897125,-0.03171069822884376,-0.22192280643940296,-0.35541202019695123,True
2025-02-07 00:00:00+00:00,1.0,1.0,1.0,135.0,0.0,0.0,0.0,1.0,-0.025039889374653564,0.3021562398693136,1.214550564394625,-0.01112791672410914,-0.22192280643940296,3.4536583104494114,True
2025-02-08 00:00:00+00:00,0.0,0.0,0.0,0.0,0.0,0.0,0.0,0.0,-0.19194370372363762,-0.3585541805689027,-0.29040215417897125,-0.03171069822884376,-0.22192280643940296,-0.35541202019695123,True
2025-02-09 00:00:00+00:00,0.0,0.0,0.0,0.0,0.0,0.0,0.0,0.0,-0.19194370372363762,-0.3585541805689027,-0.29040215417897125,-0.03171069822884376,-0.22192280643940296,-0.35541202019695123,True
2025-02-10 00:00:00+00:00,0.0,0.0,0.0,0.0,0.0,0.0,0.0,0.0,-0.19194370372363762,-0.3585541805689027,-0.29040215417897125,-0.03171069822884376,-0.22192280643940296,-0.35541202019695123,True
2025-02-11 00:00:00+00:00,0.0,0.0,0.0,0.0,0.0,0.0,0.0,0.0,-0.19194370372363762,-0.3585541805689027,-0.29040215417897125,-0.03171069822884376,-0.22192280643940296,-0.35541202019695123,True
2025-02-12 00:00:00+00:00,2.0,2.0,0.0,4.0,0.0,0.5,0.0,0.0,0.14186392497433048,0.9628666603075299,-0.29040215417897125,-0.03110083803611088,-0.22192280643940296,-0.35541202019695123,True
2025-02-13 00:00:00+00:00,0.0,0.0,0.0,0.0,0.0,0.0,0.0,0.0,-0.19194370372363762,-0.3585541805689027,-0.29040215417897125,-0.03171069822884376,-0.22192280643940296,-0.35541202019695123,True
2025-02-14 00:00:00+00:00,0.0,0.0,0.0,0.0,0.0,0.0,0.0,0.0,-0.19194370372363762,-0.3585541805689027,-0.29040215417897125,-0.03171069822884376,-0.22192280643940296,-0.35541202019695123,True
2025-02-15 00:00:00+00:00,0.0,0.0,0.0,0.0,0.0,0.0,0.0,0.0,-0.19194370372363762,-0.3585541805689027,-0.29040215417897125,-0.03171069822884376,-0.22192280643940296,-0.35541202019695123,True
2025-02-16 00:00:00+00:00,0.0,0.0,0.0,0.0,0.0,0.0,0.0,0.0,-0.19194370372363762,-0.3585541805689027,-0.29040215417897125,-0.03171069822884376,-0.22192280643940296,-0.35541202019695123,True
2025-02-17 00:00:00+00:00,0.0,0.0,0.0,0.0,0.0,0.0,0.0,0.0,-0.19194370372363762,-0.3585541805689027,-0.29040215417897125,-0.03171069822884376,-0.22192280643940296,-0.35541202019695123,True
2025-02-18 00:00:00+00:00,0.0,0.0,0.0,0.0,0.0,0.0,0.0,0.0,-0.19194370372363762,-0.3585541805689027,-0.29040215417897125,-0.03171069822884376,-0.22192280643940296,-0.35541202019695123,True
2025-02-19 00:00:00+00:00,0.0,0.0,0.0,0.0,0.0,0.0,0.0,0.0,-0.19194370372363762,-0.3585541805689027,-0.29040215417897125,-0.03171069822884376,-0.22192280643940296,-0.35541202019695123,True
2025-02-20 00:00:00+00:00,0.0,0.0,0.0,0.0,0.0,0.0,0.0,0.0,-0.19194370372363762,-0.3585541805689027,-0.29040215417897125,-0.03171069822884376,-0.22192280643940296,-0.35541202019695123,True
2025-02-21 00:00:00+00:00,0.0,0.0,0.0,0.0,0.0,0.0,0.0,0.0,-0.19194370372363762,-0.3585541805689027,-0.29040215417897125,-0.03171069822884376,-0.22192280643940296,-0.35541202019695123,True
2025-02-22 00:00:00+00:00,0.0,0.0,0.0,0.0,0.0,0.0,0.0,0.0,-0.19194370372363762,-0.3585541805689027,-0.29040215417897125,-0.03171069822884376,-0.22192280643940296,-0.35541202019695123,True
2025-02-23 00:00:00+00:00,0.0,0.0,0.0,0.0,0.0,0.0,0.0,0.0,-0.19194370372363762,-0.3585541805689027,-0.29040215417897125,-0.03171069822884376,-0.22192280643940296,-0.35541202019695123,True
2025-02-24 00:00:00+00:00,0.0,0.0,0.0,0.0,0.0,0.0,0.0,0.0,-0.19194370372363762,-0.3585541805689027,-0.29040215417897125,-0.03171069822884376,-0.22192280643940296,-0.35541202019695123,True
2025-02-25 00:00:00+00:00,0.0,0.0,0.0,0.0,0.0,0.0,0.0,0.0,-0.19194370372363762,-0.3585541805689027,-0.29040215417897125,-0.03171069822884376,-0.22192280643940296,-0.35541202019695123,True
2025-02-26 00:00:00+00:00,0.0,0.0,0.0,0.0,0.0,0.0,0.0,0.0,-0.19194370372363762,-0.3585541805689027,-0.29040215417897125,-0.03171069822884376,-0.22192280643940296,-0.35541202019695123,True
2025-02-27 00:00:00+00:00,0.0,0.0,0.0,0.0,0.0,0.0,0.0,0.0,-0.19194370372363762,-0.3585541805689027,-0.29040215417897125,-0.03171069822884376,-0.22192280643940296,-0.35541202019695123,True
2025-02-28 00:00:00+00:00,0.0,0.0,0.0,0.0,0.0,0.0,0.0,0.0,-0.19194370372363762,-0.3585541805689027,-0.29040215417897125,-0.03171069822884376,-0.22192280643940296,-0.35541202019695123,True
2025-03-01 00:00:00+00:00,0.0,0.0,0.0,0.0,0.0,0.0,0.0,0.0,-0.19194370372363762,-0.3585541805689027,-0.29040215417897125,-0.03171069822884376,-0.22192280643940296,-0.35541202019695123,True
2025-03-02 00:00:00+00:00,0.0,0.0,0.0,0.0,0.0,0.0,0.0,0.0,-0.19194370372363762,-0.3585541805689027,-0.29040215417897125,-0.03171069822884376,-0.22192280643940296,-0.35541202019695123,True
2025-03-03 00:00:00+00:00,0.0,0.0,0.0,0.0,0.0,0.0,0.0,0.0,-0.19194370372363762,-0.3585541805689027,-0.29040215417897125,-0.03171069822884376,-0.22192280643940296,-0.35541202019695123,True
2025-03-04 00:00:00+00:00,0.0,0.0,0.0,0.0,0.0,0.0,0.0,0.0,-0.19194370372363762,-0.3585541805689027,-0.29040215417897125,-0.03171069822884376,-0.22192280643940296,-0.35541202019695123,True
2025-03-05 00:00:00+00:00,0.0,0.0,0.0,0.0,0.0,0.0,0.0,0.0,-0.19194370372363762,-0.3585541805689027,-0.29040215417897125,-0.03171069822884376,-0.22192280643940296,-0.35541202019695123,True
2025-03-06 00:00:00+00:00,0.0,0.0,0.0,0.0,0.0,0.0,0.0,0.0,-0.19194370372363762,-0.3585541805689027,-0.29040215417897125,-0.03171069822884376,-0.22192280643940296,-0.35541202019695123,True
2025-03-07 00:00:00+00:00,0.0,0.0,0.0,0.0,0.0,0.0,0.0,0.0,-0.19194370372363762,-0.3585541805689027,-0.29040215417897125,-0.03171069822884376,-0.22192280643940296,-0.35541202019695123,True
2025-03-08 00:00:00+00:00,1.0,1.0,1.0,4.0,0.0,0.0,0.0,1.0,-0.025039889374653564,0.3021562398693136,1.214550564394625,-0.03110083803611088,-0.22192280643940296,3.4536583104494114,True
2025-03-09 00:00:00+00:00,0.0,0.0,0.0,0.0,0.0,0.0,0.0,0.0,-0.19194370372363762,-0.3585541805689027,-0.29040215417897125,-0.03171069822884376,-0.22192280643940296,-0.35541202019695123,True
2025-03-10 00:00:00+00:00,0.0,0.0,0.0,0.0,0.0,0.0,0.0,0.0,-0.19194370372363762,-0.3585541805689027,-0.29040215417897125,-0.03171069822884376,-0.22192280643940296,-0.35541202019695123,True
2025-03-11 00:00:00+00:00,0.0,0.0,0.0,0.0,0.0,0.0,0.0,0.0,-0.19194370372363762,-0.3585541805689027,-0.29040215417897125,-0.03171069822884376,-0.22192280643940296,-0.35541202019695123,True
2025-03-12 00:00:00+00:00,0.0,0.0,0.0,0.0,0.0,0.0,0.0,0.0,-0.19194370372363762,-0.3585541805689027,-0.29040215417897125,-0.03171069822884376,-0.22192280643940296,-0.35541202019695123,True
2025-03-13 00:00:00+00:00,1.0,1.0,1.0,71.0,0.0,0.0,0.0,1.0,-0.025039889374653564,0.3021562398693136,1.214550564394625,-0.02088567980783518,-0.22192280643940296,3.4536583104494114,True
2025-03-14 00:00:00+00:00,0.0,0.0,0.0,0.0,0.0,0.0,0.0,0.0,-0.19194370372363762,-0.3585541805689027,-0.29040215417897125,-0.03171069822884376,-0.22192280643940296,-0.35541202019695123,True
2025-03-15 00:00:00+00:00,0.0,0.0,0.0,0.0,0.0,0.0,0.0,0.0,-0.19194370372363762,-0.3585541805689027,-0.29040215417897125,-0.03171069822884376,-0.22192280643940296,-0.35541202019695123,True
2025-03-16 00:00:00+00:00,0.0,0.0,0.0,0.0,0.0,0.0,0.0,0.0,-0.19194370372363762,-0.3585541805689027,-0.29040215417897125,-0.03171069822884376,-0.22192280643940296,-0.35541202019695123,True
2025-03-17 00:00:00+00:00,0.0,0.0,0.0,0.0,0.0,0.0,0.0,0.0,-0.19194370372363762,-0.3585541805689027,-0.29040215417897125,-0.03171069822884376,-0.22192280643940296,-0.35541202019695123,True
2025-03-18 00:00:00+00:00,0.0,0.0,0.0,0.0,0.0,0.0,0.0,0.0,-0.19194370372363762,-0.3585541805689027,-0.29040215417897125,-0.03171069822884376,-0.22192280643940296,-0.35541202019695123,True
2025-03-19 00:00:00+00:00,0.0,0.0,0.0,0.0,0.0,0.0,0.0,0.0,-0.19194370372363762,-0.3585541805689027,-0.29040215417897125,-0.03171069822884376,-0.22192280643940296,-0.35541202019695123,True
2025-03-20 00:00:00+00:00,0.0,0.0,0.0,0.0,0.0,0.0,0.0,0.0,-0.19194370372363762,-0.3585541805689027,-0.29040215417897125,-0.03171069822884376,-0.22192280643940296,-0.35541202019695123,True
2025-03-21 00:00:00+00:00,0.0,0.0,0.0,0.0,0.0,0.0,0.0,0.0,-0.19194370372363762,-0.3585541805689027,-0.29040215417897125,-0.03171069822884376,-0.22192280643940296,-0.35541202019695123,True
2025-03-22 00:00:00+00:00,0.0,0.0,0.0,0.0,0.0,0.0,0.0,0.0,-0.19194370372363762,-0.3585541805689027,-0.29040215417897125,-0.03171069822884376,-0.22192280643940296,-0.35541202019695123,True
2025-03-23 00:00:00+00:00,0.0,0.0,0.0,0.0,0.0,0.0,0.0,0.0,-0.19194370372363762,-0.3585541805689027,-0.29040215417897125,-0.03171069822884376,-0.22192280643940296,-0.35541202019695123,True
2025-03-24 00:00:00+00:00,2.0,2.0,2.0,9.0,0.0,0.0,0.0,1.0,0.14186392497433048,0.9628666603075299,2.7195032829682213,-0.030338512795194783,-0.22192280643940296,3.4536583104494114,True
2025-03-25 00:00:00+00:00,0.0,0.0,0.0,0.0,0.0,0.0,0.0,0.0,-0.19194370372363762,-0.3585541805689027,-0.29040215417897125,-0.03171069822884376,-0.22192280643940296,-0.35541202019695123,True
2025-03-26 00:00:00+00:00,0.0,0.0,0.0,0.0,0.0,0.0,0.0,0.0,-0.19194370372363762,-0.3585541805689027,-0.29040215417897125,-0.03171069822884376,-0.22192280643940296,-0.35541202019695123,True
2025-03-27 00:00:00+00:00,0.0,0.0,0.0,0.0,0.0,0.0,0.0,0.0,-0.19194370372363762,-0.3585541805689027,-0.29040215417897125,-0.03171069822884376,-0.22192280643940296,-0.35541202019695123,True
2025-03-28 00:00:00+00:00,0.0,0.0,0.0,0.0,0.0,0.0,0.0,0.0,-0.19194370372363762,-0.3585541805689027,-0.29040215417897125,-0.03171069822884376,-0.22192280643940296,-0.35541202019695123,True
2025-03-29 00:00:00+00:00,0.0,0.0,0.0,0.0,0.0,0.0,0.0,0.0,-0.19194370372363762,-0.3585541805689027,-0.29040215417897125,-0.03171069822884376,-0.22192280643940296,-0.35541202019695123,True
2025-03-30 00:00:00+00:00,0.0,0.0,0.0,0.0,0.0,0.0,0.0,0.0,-0.19194370372363762,-0.3585541805689027,-0.29040215417897125,-0.03171069822884376,-0.22192280643940296,-0.35541202019695123,True
2025-03-31 00:00:00+00:00,0.0,0.0,0.0,0.0,0.0,0.0,0.0,0.0,-0.19194370372363762,-0.3585541805689027,-0.29040215417897125,-0.03171069822884376,-0.22192280643940296,-0.35541202019695123,True
2025-04-01 00:00:00+00:00,0.0,0.0,0.0,0.0,0.0,0.0,0.0,0.0,-0.19194370372363762,-0.3585541805689027,-0.29040215417897125,-0.03171069822884376,-0.22192280643940296,-0.35541202019695123,True
2025-04-02 00:00:00+00:00,0.0,0.0,0.0,0.0,0.0,0.0,0.0,0.0,-0.19194370372363762,-0.3585541805689027,-0.29040215417897125,-0.03171069822884376,-0.22192280643940296,-0.35541202019695123,True
2025-04-03 00:00:00+00:00,0.0,0.0,0.0,0.0,0.0,0.0,0.0,0.0,-0.19194370372363762,-0.3585541805689027,-0.29040215417897125,-0.03171069822884376,-0.22192280643940296,-0.35541202019695123,True
2025-04-04 00:00:00+00:00,0.0,0.0,0.0,0.0,0.0,0.0,0.0,0.0,-0.19194370372363762,-0.3585541805689027,-0.29040215417897125,-0.03171069822884376,-0.22192280643940296,-0.35541202019695123,True
2025-04-05 00:00:00+00:00,2.0,2.0,1.0,4.0,0.0,0.5,0.0,0.5,0.14186392497433048,0.9628666603075299,1.214550564394625,-0.03110083803611088,-0.22192280643940296,1.54912314512623,True
2025-04-06 00:00:00+00:00,0.0,0.0,0.0,0.0,0.0,0.0,0.0,0.0,-0.19194370372363762,-0.3585541805689027,-0.29040215417897125,-0.03171069822884376,-0.22192280643940296,-0.35541202019695123,True
2025-04-07 00:00:00+00:00,0.0,0.0,0.0,0.0,0.0,0.0,0.0,0.0,-0.19194370372363762,-0.3585541805689027,-0.29040215417897125,-0.03171069822884376,-0.22192280643940296,-0.35541202019695123,True
2025-04-08 00:00:00+00:00,0.0,0.0,0.0,0.0,0.0,0.0,0.0,0.0,-0.19194370372363762,-0.3585541805689027,-0.29040215417897125,-0.03171069822884376,-0.22192280643940296,-0.35541202019695123,True
2025-04-09 00:00:00+00:00,0.0,0.0,0.0,0.0,0.0,0.0,0.0,0.0,-0.19194370372363762,-0.3585541805689027,-0.29040215417897125,-0.03171069822884376,-0.22192280643940296,-0.35541202019695123,True
2025-04-10 00:00:00+00:00,0.0,0.0,0.0,0.0,0.0,0.0,0.0,0.0,-0.19194370372363762,-0.3585541805689027,-0.29040215417897125,-0.03171069822884376,-0.22192280643940296,-0.35541202019695123,True
2025-04-11 00:00:00+00:00,0.0,0.0,0.0,0.0,0.0,0.0,0.0,0.0,-0.19194370372363762,-0.3585541805689027,-0.29040215417897125,-0.03171069822884376,-0.22192280643940296,-0.35541202019695123,True
2025-04-12 00:00:00+00:00,1.0,1.0,0.0,0.0,0.0,1.0,0.0,0.0,-0.025039889374653564,0.3021562398693136,-0.29040215417897125,-0.03171069822884376,-0.22192280643940296,-0.35541202019695123,True
2025-04-13 00:00:00+00:00,0.0,0.0,0.0,0.0,0.0,0.0,0.0,0.0,-0.19194370372363762,-0.3585541805689027,-0.29040215417897125,-0.03171069822884376,-0.22192280643940296,-0.35541202019695123,True
2025-04-14 00:00:00+00:00,0.0,0.0,0.0,0.0,0.0,0.0,0.0,0.0,-0.19194370372363762,-0.3585541805689027,-0.29040215417897125,-0.03171069822884376,-0.22192280643940296,-0.35541202019695123,True
2025-04-15 00:00:00+00:00,0.0,0.0,0.0,0.0,0.0,0.0,0.0,0.0,-0.19194370372363762,-0.3585541805689027,-0.29040215417897125,-0.03171069822884376,-0.22192280643940296,-0.35541202019695123,True
2025-04-16 00:00:00+00:00,0.0,0.0,0.0,0.0,0.0,0.0,0.0,0.0,-0.19194370372363762,-0.3585541805689027,-0.29040215417897125,-0.03171069822884376,-0.22192280643940296,-0.35541202019695123,True
2025-04-17 00:00:00+00:00,0.0,0.0,0.0,0.0,0.0,0.0,0.0,0.0,-0.19194370372363762,-0.3585541805689027,-0.29040215417897125,-0.03171069822884376,-0.22192280643940296,-0.35541202019695123,True
2025-04-18 00:00:00+00:00,0.0,0.0,0.0,0.0,0.0,0.0,0.0,0.0,-0.19194370372363762,-0.3585541805689027,-0.29040215417897125,-0.03171069822884376,-0.22192280643940296,-0.35541202019695123,True
2025-04-19 00:00:00+00:00,0.0,0.0,0.0,0.0,0.0,0.0,0.0,0.0,-0.19194370372363762,-0.3585541805689027,-0.29040215417897125,-0.03171069822884376,-0.22192280643940296,-0.35541202019695123,True
2025-04-20 00:00:00+00:00,0.0,0.0,0.0,0.0,0.0,0.0,0.0,0.0,-0.19194370372363762,-0.3585541805689027,-0.29040215417897125,-0.03171069822884376,-0.22192280643940296,-0.35541202019695123,True
2025-04-21 00:00:00+00:00,0.0,0.0,0.0,0.0,0.0,0.0,0.0,0.0,-0.19194370372363762,-0.3585541805689027,-0.29040215417897125,-0.03171069822884376,-0.22192280643940296,-0.35541202019695123,True
2025-04-22 00:00:00+00:00,0.0,0.0,0.0,0.0,0.0,0.0,0.0,0.0,-0.19194370372363762,-0.3585541805689027,-0.29040215417897125,-0.03171069822884376,-0.22192280643940296,-0.35541202019695123,True
2025-04-23 00:00:00+00:00,0.0,0.0,0.0,0.0,0.0,0.0,0.0,0.0,-0.19194370372363762,-0.3585541805689027,-0.29040215417897125,-0.03171069822884376,-0.22192280643940296,-0.35541202019695123,True
2025-04-24 00:00:00+00:00,0.0,0.0,0.0,0.0,0.0,0.0,0.0,0.0,-0.19194370372363762,-0.3585541805689027,-0.29040215417897125,-0.03171069822884376,-0.22192280643940296,-0.35541202019695123,True
2025-04-25 00:00:00+00:00,0.0,0.0,0.0,0.0,0.0,0.0,0.0,0.0,-0.19194370372363762,-0.3585541805689027,-0.29040215417897125,-0.03171069822884376,-0.22192280643940296,-0.35541202019695123,True
2025-04-26 00:00:00+00:00,0.0,0.0,0.0,0.0,0.0,0.0,0.0,0.0,-0.19194370372363762,-0.3585541805689027,-0.29040215417897125,-0.03171069822884376,-0.22192280643940296,-0.35541202019695123,True
2025-04-27 00:00:00+00:00,0.0,0.0,0.0,0.0,0.0,0.0,0.0,0.0,-0.19194370372363762,-0.3585541805689027,-0.29040215417897125,-0.03171069822884376,-0.22192280643940296,-0.35541202019695123,True
2025-04-28 00:00:00+00:00,0.0,0.0,0.0,0.0,0.0,0.0,0.0,0.0,-0.19194370372363762,-0.3585541805689027,-0.29040215417897125,-0.03171069822884376,-0.22192280643940296,-0.35541202019695123,True
2025-04-29 00:00:00+00:00,5.0,2.0,0.0,321.75,0.0,0.2,0.0,0.0,0.6425753680212826,0.9628666603075299,-0.29040215417897125,0.01734493102410708,-0.22192280643940296,-0.35541202019695123,True
2025-04-30 00:00:00+00:00,0.0,0.0,0.0,0.0,0.0,0.0,0.0,0.0,-0.19194370372363762,-0.3585541805689027,-0.29040215417897125,-0.03171069822884376,-0.22192280643940296,-0.35541202019695123,True
2025-05-01 00:00:00+00:00,1.0,1.0,0.0,5.0,0.0,0.0,0.0,0.0,-0.025039889374653564,0.3021562398693136,-0.29040215417897125,-0.030948372987927658,-0.22192280643940296,-0.35541202019695123,True
2025-05-02 00:00:00+00:00,0.0,0.0,0.0,0.0,0.0,0.0,0.0,0.0,-0.19194370372363762,-0.3585541805689027,-0.29040215417897125,-0.03171069822884376,-0.22192280643940296,-0.35541202019695123,True
2025-05-03 00:00:00+00:00,0.0,0.0,0.0,0.0,0.0,0.0,0.0,0.0,-0.19194370372363762,-0.3585541805689027,-0.29040215417897125,-0.03171069822884376,-0.22192280643940296,-0.35541202019695123,True
2025-05-04 00:00:00+00:00,0.0,0.0,0.0,0.0,0.0,0.0,0.0,0.0,-0.19194370372363762,-0.3585541805689027,-0.29040215417897125,-0.03171069822884376,-0.22192280643940296,-0.35541202019695123,True
2025-05-05 00:00:00+00:00,0.0,0.0,0.0,0.0,0.0,0.0,0.0,0.0,-0.19194370372363762,-0.3585541805689027,-0.29040215417897125,-0.03171069822884376,-0.22192280643940296,-0.35541202019695123,True
2025-05-06 00:00:00+00:00,1.0,1.0,0.0,0.0,0.0,1.0,0.0,0.0,-0.025039889374653564,0.3021562398693136,-0.29040215417897125,-0.03171069822884376,-0.22192280643940296,-0.35541202019695123,True
2025-05-07 00:00:00+00:00,0.0,0.0,0.0,0.0,0.0,0.0,0.0,0.0,-0.19194370372363762,-0.3585541805689027,-0.29040215417897125,-0.03171069822884376,-0.22192280643940296,-0.35541202019695123,True
2025-05-08 00:00:00+00:00,0.0,0.0,0.0,0.0,0.0,0.0,0.0,0.0,-0.19194370372363762,-0.3585541805689027,-0.29040215417897125,-0.03171069822884376,-0.22192280643940296,-0.35541202019695123,True
2025-05-09 00:00:00+00:00,0.0,0.0,0.0,0.0,0.0,0.0,0.0,0.0,-0.19194370372363762,-0.3585541805689027,-0.29040215417897125,-0.03171069822884376,-0.22192280643940296,-0.35541202019695123,True
2025-05-10 00:00:00+00:00,0.0,0.0,0.0,0.0,0.0,0.0,0.0,0.0,-0.19194370372363762,-0.3585541805689027,-0.29040215417897125,-0.03171069822884376,-0.22192280643940296,-0.35541202019695123,True
2025-05-11 00:00:00+00:00,0.0,0.0,0.0,0.0,0.0,0.0,0.0,0.0,-0.19194370372363762,-0.3585541805689027,-0.29040215417897125,-0.03171069822884376,-0.22192280643940296,-0.35541202019695123,True
2025-05-12 00:00:00+00:00,1.0,1.0,1.0,1.0,0.0,0.0,0.0,1.0,-0.025039889374653564,0.3021562398693136,1.214550564394625,-0.03155823318066054,-0.22192280643940296,3.4536583104494114,True
2025-05-13 00:00:00+00:00,0.0,0.0,0.0,0.0,0.0,0.0,0.0,0.0,-0.19194370372363762,-0.3585541805689027,-0.29040215417897125,-0.03171069822884376,-0.22192280643940296,-0.35541202019695123,True
2025-05-14 00:00:00+00:00,0.0,0.0,0.0,0.0,0.0,0.0,0.0,0.0,-0.19194370372363762,-0.3585541805689027,-0.29040215417897125,-0.03171069822884376,-0.22192280643940296,-0.35541202019695123,True
2025-05-15 00:00:00+00:00,0.0,0.0,0.0,0.0,0.0,0.0,0.0,0.0,-0.19194370372363762,-0.3585541805689027,-0.29040215417897125,-0.03171069822884376,-0.22192280643940296,-0.35541202019695123,True
2025-05-16 00:00:00+00:00,0.0,0.0,0.0,0.0,0.0,0.0,0.0,0.0,-0.19194370372363762,-0.3585541805689027,-0.29040215417897125,-0.03171069822884376,-0.22192280643940296,-0.35541202019695123,True
2025-05-17 00:00:00+00:00,0.0,0.0,0.0,0.0,0.0,0.0,0.0,0.0,-0.19194370372363762,-0.3585541805689027,-0.29040215417897125,-0.03171069822884376,-0.22192280643940296,-0.35541202019695123,True
2025-05-18 00:00:00+00:00,0.0,0.0,0.0,0.0,0.0,0.0,0.0,0.0,-0.19194370372363762,-0.3585541805689027,-0.29040215417897125,-0.03171069822884376,-0.22192280643940296,-0.35541202019695123,True
2025-05-19 00:00:00+00:00,0.0,0.0,0.0,0.0,0.0,0.0,0.0,0.0,-0.19194370372363762,-0.3585541805689027,-0.29040215417897125,-0.03171069822884376,-0.22192280643940296,-0.35541202019695123,True
2025-05-20 00:00:00+00:00,0.0,0.0,0.0,0.0,0.0,0.0,0.0,0.0,-0.19194370372363762,-0.3585541805689027,-0.29040215417897125,-0.03171069822884376,-0.22192280643940296,-0.35541202019695123,True
2025-05-21 00:00:00+00:00,0.0,0.0,0.0,0.0,0.0,0.0,0.0,0.0,-0.19194370372363762,-0.3585541805689027,-0.29040215417897125,-0.03171069822884376,-0.22192280643940296,-0.35541202019695123,True
2025-05-22 00:00:00+00:00,0.0,0.0,0.0,0.0,0.0,0.0,0.0,0.0,-0.19194370372363762,-0.3585541805689027,-0.29040215417897125,-0.03171069822884376,-0.22192280643940296,-0.35541202019695123,True
2025-05-23 00:00:00+00:00,0.0,0.0,0.0,0.0,0.0,0.0,0.0,0.0,-0.19194370372363762,-0.3585541805689027,-0.29040215417897125,-0.03171069822884376,-0.22192280643940296,-0.35541202019695123,True
2025-05-24 00:00:00+00:00,0.0,0.0,0.0,0.0,0.0,0.0,0.0,0.0,-0.19194370372363762,-0.3585541805689027,-0.29040215417897125,-0.03171069822884376,-0.22192280643940296,-0.35541202019695123,True
2025-05-25 00:00:00+00:00,0.0,0.0,0.0,0.0,0.0,0.0,0.0,0.0,-0.19194370372363762,-0.3585541805689027,-0.29040215417897125,-0.03171069822884376,-0.22192280643940296,-0.35541202019695123,True
2025-05-26 00:00:00+00:00,1.0,1.0,0.0,0.0,0.0,1.0,0.0,0.0,-0.025039889374653564,0.3021562398693136,-0.29040215417897125,-0.03171069822884376,-0.22192280643940296,-0.35541202019695123,True
2025-05-27 00:00:00+00:00,0.0,0.0,0.0,0.0,0.0,0.0,0.0,0.0,-0.19194370372363762,-0.3585541805689027,-0.29040215417897125,-0.03171069822884376,-0.22192280643940296,-0.35541202019695123,True
2025-05-28 00:00:00+00:00,1.0,1.0,1.0,34.0,0.0,0.0,0.0,1.0,-0.025039889374653564,0.3021562398693136,1.214550564394625,-0.026526886590614297,-0.22192280643940296,3.4536583104494114,True
2025-05-29 00:00:00+00:00,0.0,0.0,0.0,0.0,0.0,0.0,0.0,0.0,-0.19194370372363762,-0.3585541805689027,-0.29040215417897125,-0.03171069822884376,-0.22192280643940296,-0.35541202019695123,True
2025-05-30 00:00:00+00:00,2.0,2.0,1.0,26.0,0.5,0.0,0.0,0.5,0.14186392497433048,0.9628666603075299,1.214550564394625,-0.027746606976080054,4.290481659415155,1.54912314512623,True
2025-05-31 00:00:00+00:00,0.0,0.0,0.0,0.0,0.0,0.0,0.0,0.0,-0.19194370372363762,-0.3585541805689027,-0.29040215417897125,-0.03171069822884376,-0.22192280643940296,-0.35541202019695123,True
2025-06-01 00:00:00+00:00,0.0,0.0,0.0,0.0,0.0,0.0,0.0,0.0,-0.19194370372363762,-0.3585541805689027,-0.29040215417897125,-0.03171069822884376,-0.22192280643940296,-0.35541202019695123,True
2025-06-02 00:00:00+00:00,0.0,0.0,0.0,0.0,0.0,0.0,0.0,0.0,-0.19194370372363762,-0.3585541805689027,-0.29040215417897125,-0.03171069822884376,-0.22192280643940296,-0.35541202019695123,True
2025-06-03 00:00:00+00:00,0.0,0.0,0.0,0.0,0.0,0.0,0.0,0.0,-0.19194370372363762,-0.3585541805689027,-0.29040215417897125,-0.03171069822884376,-0.22192280643940296,-0.35541202019695123,True
2025-06-04 00:00:00+00:00,2.0,2.0,1.0,57.0,0.0,0.0,0.0,0.5,0.14186392497433048,0.9628666603075299,1.214550564394625,-0.02302019048240025,-0.22192280643940296,1.54912314512623,True
2025-06-05 00:00:00+00:00,0.0,0.0,0.0,0.0,0.0,0.0,0.0,0.0,-0.19194370372363762,-0.3585541805689027,-0.29040215417897125,-0.03171069822884376,-0.22192280643940296,-0.35541202019695123,True
2025-06-06 00:00:00+00:00,0.0,0.0,0.0,0.0,0.0,0.0,0.0,0.0,-0.19194370372363762,-0.3585541805689027,-0.29040215417897125,-0.03171069822884376,-0.22192280643940296,-0.35541202019695123,True
2025-06-07 00:00:00+00:00,0.0,0.0,0.0,0.0,0.0,0.0,0.0,0.0,-0.19194370372363762,-0.3585541805689027,-0.29040215417897125,-0.03171069822884376,-0.22192280643940296,-0.35541202019695123,True
2025-06-08 00:00:00+00:00,0.0,0.0,0.0,0.0,0.0,0.0,0.0,0.0,-0.19194370372363762,-0.3585541805689027,-0.29040215417897125,-0.03171069822884376,-0.22192280643940296,-0.35541202019695123,True
2025-06-09 00:00:00+00:00,1.0,1.0,0.0,0.0,0.0,1.0,0.0,0.0,-0.025039889374653564,0.3021562398693136,-0.29040215417897125,-0.03171069822884376,-0.22192280643940296,-0.35541202019695123,True
2025-06-10 00:00:00+00:00,0.0,0.0,0.0,0.0,0.0,0.0,0.0,0.0,-0.19194370372363762,-0.3585541805689027,-0.29040215417897125,-0.03171069822884376,-0.22192280643940296,-0.35541202019695123,True
2025-06-11 00:00:00+00:00,0.0,0.0,0.0,0.0,0.0,0.0,0.0,0.0,-0.19194370372363762,-0.3585541805689027,-0.29040215417897125,-0.03171069822884376,-0.22192280643940296,-0.35541202019695123,True
2025-06-12 00:00:00+00:00,0.0,0.0,0.0,0.0,0.0,0.0,0.0,0.0,-0.19194370372363762,-0.3585541805689027,-0.29040215417897125,-0.03171069822884376,-0.22192280643940296,-0.35541202019695123,True
2025-06-13 00:00:00+00:00,0.0,0.0,0.0,0.0,0.0,0.0,0.0,0.0,-0.19194370372363762,-0.3585541805689027,-0.29040215417897125,-0.03171069822884376,-0.22192280643940296,-0.35541202019695123,True
2025-06-14 00:00:00+00:00,0.0,0.0,0.0,0.0,0.0,0.0,0.0,0.0,-0.19194370372363762,-0.3585541805689027,-0.29040215417897125,-0.03171069822884376,-0.22192280643940296,-0.35541202019695123,True
2025-06-15 00:00:00+00:00,0.0,0.0,0.0,0.0,0.0,0.0,0.0,0.0,-0.19194370372363762,-0.3585541805689027,-0.29040215417897125,-0.03171069822884376,-0.22192280643940296,-0.35541202019695123,True
2025-06-16 00:00:00+00:00,0.0,0.0,0.0,0.0,0.0,0.0,0.0,0.0,-0.19194370372363762,-0.3585541805689027,-0.29040215417897125,-0.03171069822884376,-0.22192280643940296,-0.35541202019695123,True
2025-06-17 00:00:00+00:00,0.0,0.0,0.0,0.0,0.0,0.0,0.0,0.0,-0.19194370372363762,-0.3585541805689027,-0.29040215417897125,-0.03171069822884376,-0.22192280643940296,-0.35541202019695123,True
2025-06-18 00:00:00+00:00,0.0,0.0,0.0,0.0,0.0,0.0,0.0,0.0,-0.19194370372363762,-0.3585541805689027,-0.29040215417897125,-0.03171069822884376,-0.22192280643940296,-0.35541202019695123,True
2025-06-19 00:00:00+00:00,0.0,0.0,0.0,0.0,0.0,0.0,0.0,0.0,-0.19194370372363762,-0.3585541805689027,-0.29040215417897125,-0.03171069822884376,-0.22192280643940296,-0.35541202019695123,True
2025-06-20 00:00:00+00:00,0.0,0.0,0.0,0.0,0.0,0.0,0.0,0.0,-0.19194370372363762,-0.3585541805689027,-0.29040215417897125,-0.03171069822884376,-0.22192280643940296,-0.35541202019695123,True
2025-06-21 00:00:00+00:00,0.0,0.0,0.0,0.0,0.0,0.0,0.0,0.0,-0.19194370372363762,-0.3585541805689027,-0.29040215417897125,-0.03171069822884376,-0.22192280643940296,-0.35541202019695123,True
2025-06-22 00:00:00+00:00,3.0,3.0,1.0,841.6666666666666,0.3333333333333333,0.0,0.0,0.3333333333333333,0.3087677393233145,1.6235770807457464,1.214550564394625,0.09661405065869921,2.7863468374636358,0.9142780900185028,True
2025-06-23 00:00:00+00:00,0.0,0.0,0.0,0.0,0.0,0.0,0.0,0.0,-0.19194370372363762,-0.3585541805689027,-0.29040215417897125,-0.03171069822884376,-0.22192280643940296,-0.35541202019695123,True
2025-06-24 00:00:00+00:00,0.0,0.0,0.0,0.0,0.0,0.0,0.0,0.0,-0.19194370372363762,-0.3585541805689027,-0.29040215417897125,-0.03171069822884376,-0.22192280643940296,-0.35541202019695123,True
2025-06-25 00:00:00+00:00,1.0,1.0,0.0,0.0,0.0,1.0,0.0,0.0,-0.025039889374653564,0.3021562398693136,-0.29040215417897125,-0.03171069822884376,-0.22192280643940296,-0.35541202019695123,True
2025-06-26 00:00:00+00:00,0.0,0.0,0.0,0.0,0.0,0.0,0.0,0.0,-0.19194370372363762,-0.3585541805689027,-0.29040215417897125,-0.03171069822884376,-0.22192280643940296,-0.35541202019695123,True
2025-06-27 00:00:00+00:00,0.0,0.0,0.0,0.0,0.0,0.0,0.0,0.0,-0.19194370372363762,-0.3585541805689027,-0.29040215417897125,-0.03171069822884376,-0.22192280643940296,-0.35541202019695123,True
2025-06-28 00:00:00+00:00,0.0,0.0,0.0,0.0,0.0,0.0,0.0,0.0,-0.19194370372363762,-0.3585541805689027,-0.29040215417897125,-0.03171069822884376,-0.22192280643940296,-0.35541202019695123,True
2025-06-29 00:00:00+00:00,0.0,0.0,0.0,0.0,0.0,0.0,0.0,0.0,-0.19194370372363762,-0.3585541805689027,-0.29040215417897125,-0.03171069822884376,-0.22192280643940296,-0.35541202019695123,True
2025-06-30 00:00:00+00:00,0.0,0.0,0.0,0.0,0.0,0.0,0.0,0.0,-0.19194370372363762,-0.3585541805689027,-0.29040215417897125,-0.03171069822884376,-0.22192280643940296,-0.35541202019695123,True
2025-07-01 00:00:00+00:00,0.0,0.0,0.0,0.0,0.0,0.0,0.0,0.0,-0.19194370372363762,-0.3585541805689027,-0.29040215417897125,-0.03171069822884376,-0.22192280643940296,-0.35541202019695123,True
2025-07-02 00:00:00+00:00,0.0,0.0,0.0,0.0,0.0,0.0,0.0,0.0,-0.19194370372363762,-0.3585541805689027,-0.29040215417897125,-0.03171069822884376,-0.22192280643940296,-0.35541202019695123,True
2025-07-03 00:00:00+00:00,0.0,0.0,0.0,0.0,0.0,0.0,0.0,0.0,-0.19194370372363762,-0.3585541805689027,-0.29040215417897125,-0.03171069822884376,-0.22192280643940296,-0.35541202019695123,True
2025-07-04 00:00:00+00:00,0.0,0.0,0.0,0.0,0.0,0.0,0.0,0.0,-0.19194370372363762,-0.3585541805689027,-0.29040215417897125,-0.03171069822884376,-0.22192280643940296,-0.35541202019695123,True
2025-07-05 00:00:00+00:00,1.0,1.0,0.0,2.0,0.0,0.0,0.0,0.0,-0.025039889374653564,0.3021562398693136,-0.29040215417897125,-0.031405768132477314,-0.22192280643940296,-0.35541202019695123,True
2025-07-06 00:00:00+00:00,0.0,0.0,0.0,0.0,0.0,0.0,0.0,0.0,-0.19194370372363762,-0.3585541805689027,-0.29040215417897125,-0.03171069822884376,-0.22192280643940296,-0.35541202019695123,True
2025-07-07 00:00:00+00:00,0.0,0.0,0.0,0.0,0.0,0.0,0.0,0.0,-0.19194370372363762,-0.3585541805689027,-0.29040215417897125,-0.03171069822884376,-0.22192280643940296,-0.35541202019695123,True
2025-07-08 00:00:00+00:00,0.0,0.0,0.0,0.0,0.0,0.0,0.0,0.0,-0.19194370372363762,-0.3585541805689027,-0.29040215417897125,-0.03171069822884376,-0.22192280643940296,-0.35541202019695123,True
2025-07-09 00:00:00+00:00,0.0,0.0,0.0,0.0,0.0,0.0,0.0,0.0,-0.19194370372363762,-0.3585541805689027,-0.29040215417897125,-0.03171069822884376,-0.22192280643940296,-0.35541202019695123,True
2025-07-10 00:00:00+00:00,0.0,0.0,0.0,0.0,0.0,0.0,0.0,0.0,-0.19194370372363762,-0.3585541805689027,-0.29040215417897125,-0.03171069822884376,-0.22192280643940296,-0.35541202019695123,True
2025-07-11 00:00:00+00:00,0.0,0.0,0.0,0.0,0.0,0.0,0.0,0.0,-0.19194370372363762,-0.3585541805689027,-0.29040215417897125,-0.03171069822884376,-0.22192280643940296,-0.35541202019695123,True
2025-07-12 00:00:00+00:00,1.0,1.0,0.0,0.0,0.0,1.0,0.0,0.0,-0.025039889374653564,0.3021562398693136,-0.29040215417897125,-0.03171069822884376,-0.22192280643940296,-0.35541202019695123,True
2025-07-13 00:00:00+00:00,0.0,0.0,0.0,0.0,0.0,0.0,0.0,0.0,-0.19194370372363762,-0.3585541805689027,-0.29040215417897125,-0.03171069822884376,-0.22192280643940296,-0.35541202019695123,True
2025-07-14 00:00:00+00:00,0.0,0.0,0.0,0.0,0.0,0.0,0.0,0.0,-0.19194370372363762,-0.3585541805689027,-0.29040215417897125,-0.03171069822884376,-0.22192280643940296,-0.35541202019695123,True
2025-07-15 00:00:00+00:00,0.0,0.0,0.0,0.0,0.0,0.0,0.0,0.0,-0.19194370372363762,-0.3585541805689027,-0.29040215417897125,-0.03171069822884376,-0.22192280643940296,-0.35541202019695123,True
2025-07-16 00:00:00+00:00,0.0,0.0,0.0,0.0,0.0,0.0,0.0,0.0,-0.19194370372363762,-0.3585541805689027,-0.29040215417897125,-0.03171069822884376,-0.22192280643940296,-0.35541202019695123,True
2025-07-17 00:00:00+00:00,0.0,0.0,0.0,0.0,0.0,0.0,0.0,0.0,-0.19194370372363762,-0.3585541805689027,-0.29040215417897125,-0.03171069822884376,-0.22192280643940296,-0.35541202019695123,True
2025-07-18 00:00:00+00:00,0.0,0.0,0.0,0.0,0.0,0.0,0.0,0.0,-0.19194370372363762,-0.3585541805689027,-0.29040215417897125,-0.03171069822884376,-0.22192280643940296,-0.35541202019695123,True
2025-07-19 00:00:00+00:00,0.0,0.0,0.0,0.0,0.0,0.0,0.0,0.0,-0.19194370372363762,-0.3585541805689027,-0.29040215417897125,-0.03171069822884376,-0.22192280643940296,-0.35541202019695123,True
2025-07-20 00:00:00+00:00,0.0,0.0,0.0,0.0,0.0,0.0,0.0,0.0,-0.19194370372363762,-0.3585541805689027,-0.29040215417897125,-0.03171069822884376,-0.22192280643940296,-0.35541202019695123,True
2025-07-21 00:00:00+00:00,0.0,0.0,0.0,0.0,0.0,0.0,0.0,0.0,-0.19194370372363762,-0.3585541805689027,-0.29040215417897125,-0.03171069822884376,-0.22192280643940296,-0.35541202019695123,True
2025-07-22 00:00:00+00:00,0.0,0.0,0.0,0.0,0.0,0.0,0.0,0.0,-0.19194370372363762,-0.3585541805689027,-0.29040215417897125,-0.03171069822884376,-0.22192280643940296,-0.35541202019695123,True
2025-07-23 00:00:00+00:00,0.0,0.0,0.0,0.0,0.0,0.0,0.0,0.0,-0.19194370372363762,-0.3585541805689027,-0.29040215417897125,-0.03171069822884376,-0.22192280643940296,-0.35541202019695123,True
2025-07-24 00:00:00+00:00,0.0,0.0,0.0,0.0,0.0,0.0,0.0,0.0,-0.19194370372363762,-0.3585541805689027,-0.29040215417897125,-0.03171069822884376,-0.22192280643940296,-0.35541202019695123,True
2025-07-25 00:00:00+00:00,0.0,0.0,0.0,0.0,0.0,0.0,0.0,0.0,-0.19194370372363762,-0.3585541805689027,-0.29040215417897125,-0.03171069822884376,-0.22192280643940296,-0.35541202019695123,True
2025-07-26 00:00:00+00:00,1.0,1.0,0.0,0.0,0.0,1.0,0.0,0.0,-0.025039889374653564,0.3021562398693136,-0.29040215417897125,-0.03171069822884376,-0.22192280643940296,-0.35541202019695123,True
2025-07-27 00:00:00+00:00,0.0,0.0,0.0,0.0,0.0,0.0,0.0,0.0,-0.19194370372363762,-0.3585541805689027,-0.29040215417897125,-0.03171069822884376,-0.22192280643940296,-0.35541202019695123,True
2025-07-28 00:00:00+00:00,0.0,0.0,0.0,0.0,0.0,0.0,0.0,0.0,-0.19194370372363762,-0.3585541805689027,-0.29040215417897125,-0.03171069822884376,-0.22192280643940296,-0.35541202019695123,True
2025-07-29 00:00:00+00:00,0.0,0.0,0.0,0.0,0.0,0.0,0.0,0.0,-0.19194370372363762,-0.3585541805689027,-0.29040215417897125,-0.03171069822884376,-0.22192280643940296,-0.35541202019695123,True
2025-07-30 00:00:00+00:00,0.0,0.0,0.0,0.0,0.0,0.0,0.0,0.0,-0.19194370372363762,-0.3585541805689027,-0.29040215417897125,-0.03171069822884376,-0.22192280643940296,-0.35541202019695123,True
2025-07-31 00:00:00+00:00,2.0,1.0,1.0,58.5,0.0,0.0,0.0,1.0,0.14186392497433048,0.3021562398693136,1.214550564394625,-0.022791492910125423,-0.22192280643940296,3.4536583104494114,True
2025-08-01 00:00:00+00:00,0.0,0.0,0.0,0.0,0.0,0.0,0.0,0.0,-0.19194370372363762,-0.3585541805689027,-0.29040215417897125,-0.03171069822884376,-0.22192280643940296,-0.35541202019695123,True
2025-08-02 00:00:00+00:00,0.0,0.0,0.0,0.0,0.0,0.0,0.0,0.0,-0.19194370372363762,-0.3585541805689027,-0.29040215417897125,-0.03171069822884376,-0.22192280643940296,-0.35541202019695123,True
2025-08-03 00:00:00+00:00,0.0,0.0,0.0,0.0,0.0,0.0,0.0,0.0,-0.19194370372363762,-0.3585541805689027,-0.29040215417897125,-0.03171069822884376,-0.22192280643940296,-0.35541202019695123,True
2025-08-04 00:00:00+00:00,0.0,0.0,0.0,0.0,0.0,0.0,0.0,0.0,-0.19194370372363762,-0.3585541805689027,-0.29040215417897125,-0.03171069822884376,-0.22192280643940296,-0.35541202019695123,True
2025-08-05 00:00:00+00:00,0.0,0.0,0.0,0.0,0.0,0.0,0.0,0.0,-0.19194370372363762,-0.3585541805689027,-0.29040215417897125,-0.03171069822884376,-0.22192280643940296,-0.35541202019695123,True
2025-08-06 00:00:00+00:00,0.0,0.0,0.0,0.0,0.0,0.0,0.0,0.0,-0.19194370372363762,-0.3585541805689027,-0.29040215417897125,-0.03171069822884376,-0.22192280643940296,-0.35541202019695123,True
2025-08-07 00:00:00+00:00,0.0,0.0,0.0,0.0,0.0,0.0,0.0,0.0,-0.19194370372363762,-0.3585541805689027,-0.29040215417897125,-0.03171069822884376,-0.22192280643940296,-0.35541202019695123,True
2025-08-08 00:00:00+00:00,0.0,0.0,0.0,0.0,0.0,0.0,0.0,0.0,-0.19194370372363762,-0.3585541805689027,-0.29040215417897125,-0.03171069822884376,-0.22192280643940296,-0.35541202019695123,True
2025-08-09 00:00:00+00:00,0.0,0.0,0.0,0.0,0.0,0.0,0.0,0.0,-0.19194370372363762,-0.3585541805689027,-0.29040215417897125,-0.03171069822884376,-0.22192280643940296,-0.35541202019695123,True
2025-08-10 00:00:00+00:00,0.0,0.0,0.0,0.0,0.0,0.0,0.0,0.0,-0.19194370372363762,-0.3585541805689027,-0.29040215417897125,-0.03171069822884376,-0.22192280643940296,-0.35541202019695123,True
2025-08-11 00:00:00+00:00,0.0,0.0,0.0,0.0,0.0,0.0,0.0,0.0,-0.19194370372363762,-0.3585541805689027,-0.29040215417897125,-0.03171069822884376,-0.22192280643940296,-0.35541202019695123,True
2025-08-12 00:00:00+00:00,0.0,0.0,0.0,0.0,0.0,0.0,0.0,0.0,-0.19194370372363762,-0.3585541805689027,-0.29040215417897125,-0.03171069822884376,-0.22192280643940296,-0.35541202019695123,True
2025-08-13 00:00:00+00:00,0.0,0.0,0.0,0.0,0.0,0.0,0.0,0.0,-0.19194370372363762,-0.3585541805689027,-0.29040215417897125,-0.03171069822884376,-0.22192280643940296,-0.35541202019695123,True
2025-08-14 00:00:00+00:00,0.0,0.0,0.0,0.0,0.0,0.0,0.0,0.0,-0.19194370372363762,-0.3585541805689027,-0.29040215417897125,-0.03171069822884376,-0.22192280643940296,-0.35541202019695123,True
2025-08-15 00:00:00+00:00,0.0,0.0,0.0,0.0,0.0,0.0,0.0,0.0,-0.19194370372363762,-0.3585541805689027,-0.29040215417897125,-0.03171069822884376,-0.22192280643940296,-0.35541202019695123,True
2025-08-16 00:00:00+00:00,0.0,0.0,0.0,0.0,0.0,0.0,0.0,0.0,-0.19194370372363762,-0.3585541805689027,-0.29040215417897125,-0.03171069822884376,-0.22192280643940296,-0.35541202019695123,True
2025-08-17 00:00:00+00:00,0.0,0.0,0.0,0.0,0.0,0.0,0.0,0.0,-0.19194370372363762,-0.3585541805689027,-0.29040215417897125,-0.03171069822884376,-0.22192280643940296,-0.35541202019695123,True
2025-08-18 00:00:00+00:00,1.0,1.0,0.0,725.0,0.0,0.0,0.0,0.0,-0.025039889374653564,0.3021562398693136,-0.29040215417897125,0.0788264617039903,-0.22192280643940296,-0.35541202019695123,True
2025-08-19 00:00:00+00:00,1.0,1.0,0.0,41.0,0.0,0.0,0.0,0.0,-0.025039889374653564,0.3021562398693136,-0.29040215417897125,-0.025459631253331762,-0.22192280643940296,-0.35541202019695123,True
2025-08-20 00:00:00+00:00,2.0,2.0,0.0,41.0,1.0,0.0,0.0,0.0,0.14186392497433048,0.9628666603075299,-0.29040215417897125,-0.025459631253331762,8.802886125269712,-0.35541202019695123,True
2025-08-21 00:00:00+00:00,1.0,1.0,0.0,55.0,0.0,0.0,0.0,0.0,-0.025039889374653564,0.3021562398693136,-0.29040215417897125,-0.023325120578766692,-0.22192280643940296,-0.35541202019695123,True
2025-08-22 00:00:00+00:00,1.0,1.0,0.0,206.0,0.0,0.0,0.0,0.0,-0.025039889374653564,0.3021562398693136,-0.29040215417897125,-0.00030289830310056446,-0.22192280643940296,-0.35541202019695123,True
2025-08-23 00:00:00+00:00,0.0,0.0,0.0,0.0,0.0,0.0,0.0,0.0,-0.19194370372363762,-0.3585541805689027,-0.29040215417897125,-0.03171069822884376,-0.22192280643940296,-0.35541202019695123,True
2025-08-24 00:00:00+00:00,0.0,0.0,0.0,0.0,0.0,0.0,0.0,0.0,-0.19194370372363762,-0.3585541805689027,-0.29040215417897125,-0.03171069822884376,-0.22192280643940296,-0.35541202019695123,True
2025-08-25 00:00:00+00:00,1.0,1.0,1.0,15.0,0.0,0.0,0.0,1.0,-0.025039889374653564,0.3021562398693136,1.214550564394625,-0.029423722506095467,-0.22192280643940296,3.4536583104494114,True
2025-08-26 00:00:00+00:00,2.0,1.0,0.0,12.5,0.5,0.0,0.0,0.0,0.14186392497433048,0.3021562398693136,-0.29040215417897125,-0.029804885126553514,4.290481659415155,-0.35541202019695123,True
2025-08-27 00:00:00+00:00,1.0,1.0,0.0,0.0,0.0,1.0,0.0,0.0,-0.025039889374653564,0.3021562398693136,-0.29040215417897125,-0.03171069822884376,-0.22192280643940296,-0.35541202019695123,True
2025-08-28 00:00:00+00:00,0.0,0.0,0.0,0.0,0.0,0.0,0.0,0.0,-0.19194370372363762,-0.3585541805689027,-0.29040215417897125,-0.03171069822884376,-0.22192280643940296,-0.35541202019695123,True
2025-08-29 00:00:00+00:00,0.0,0.0,0.0,0.0,0.0,0.0,0.0,0.0,-0.19194370372363762,-0.3585541805689027,-0.29040215417897125,-0.03171069822884376,-0.22192280643940296,-0.35541202019695123,True
2025-08-30 00:00:00+00:00,0.0,0.0,0.0,0.0,0.0,0.0,0.0,0.0,-0.19194370372363762,-0.3585541805689027,-0.29040215417897125,-0.03171069822884376,-0.22192280643940296,-0.35541202019695123,True
2025-08-31 00:00:00+00:00,0.0,0.0,0.0,0.0,0.0,0.0,0.0,0.0,-0.19194370372363762,-0.3585541805689027,-0.29040215417897125,-0.03171069822884376,-0.22192280643940296,-0.35541202019695123,True
2025-09-01 00:00:00+00:00,0.0,0.0,0.0,0.0,0.0,0.0,0.0,0.0,-0.19194370372363762,-0.3585541805689027,-0.29040215417897125,-0.03171069822884376,-0.22192280643940296,-0.35541202019695123,True
2025-09-02 00:00:00+00:00,0.0,0.0,0.0,0.0,0.0,0.0,0.0,0.0,-0.19194370372363762,-0.3585541805689027,-0.29040215417897125,-0.03171069822884376,-0.22192280643940296,-0.35541202019695123,True
2025-09-03 00:00:00+00:00,0.0,0.0,0.0,0.0,0.0,0.0,0.0,0.0,-0.19194370372363762,-0.3585541805689027,-0.29040215417897125,-0.03171069822884376,-0.22192280643940296,-0.35541202019695123,True
2025-09-04 00:00:00+00:00,0.0,0.0,0.0,0.0,0.0,0.0,0.0,0.0,-0.19194370372363762,-0.3585541805689027,-0.29040215417897125,-0.03171069822884376,-0.22192280643940296,-0.35541202019695123,True
2025-09-05 00:00:00+00:00,1.0,1.0,1.0,164.0,0.0,0.0,0.0,1.0,-0.025039889374653564,0.3021562398693136,1.214550564394625,-0.006706430326795778,-0.22192280643940296,3.4536583104494114,True
2025-09-06 00:00:00+00:00,0.0,0.0,0.0,0.0,0.0,0.0,0.0,0.0,-0.19194370372363762,-0.3585541805689027,-0.29040215417897125,-0.03171069822884376,-0.22192280643940296,-0.35541202019695123,True
2025-09-07 00:00:00+00:00,0.0,0.0,0.0,0.0,0.0,0.0,0.0,0.0,-0.19194370372363762,-0.3585541805689027,-0.29040215417897125,-0.03171069822884376,-0.22192280643940296,-0.35541202019695123,True
2025-09-08 00:00:00+00:00,0.0,0.0,0.0,0.0,0.0,0.0,0.0,0.0,-0.19194370372363762,-0.3585541805689027,-0.29040215417897125,-0.03171069822884376,-0.22192280643940296,-0.35541202019695123,True
2025-09-09 00:00:00+00:00,0.0,0.0,0.0,0.0,0.0,0.0,0.0,0.0,-0.19194370372363762,-0.3585541805689027,-0.29040215417897125,-0.03171069822884376,-0.22192280643940296,-0.35541202019695123,True
2025-09-10 00:00:00+00:00,0.0,0.0,0.0,0.0,0.0,0.0,0.0,0.0,-0.19194370372363762,-0.3585541805689027,-0.29040215417897125,-0.03171069822884376,-0.22192280643940296,-0.35541202019695123,True
2025-09-11 00:00:00+00:00,0.0,0.0,0.0,0.0,0.0,0.0,0.0,0.0,-0.19194370372363762,-0.3585541805689027,-0.29040215417897125,-0.03171069822884376,-0.22192280643940296,-0.35541202019695123,True
2025-09-12 00:00:00+00:00,0.0,0.0,0.0,0.0,0.0,0.0,0.0,0.0,-0.19194370372363762,-0.3585541805689027,-0.29040215417897125,-0.03171069822884376,-0.22192280643940296,-0.35541202019695123,True
2025-09-13 00:00:00+00:00,0.0,0.0,0.0,0.0,0.0,0.0,0.0,0.0,-0.19194370372363762,-0.3585541805689027,-0.29040215417897125,-0.03171069822884376,-0.22192280643940296,-0.35541202019695123,True
2025-09-14 00:00:00+00:00,0.0,0.0,0.0,0.0,0.0,0.0,0.0,0.0,-0.19194370372363762,-0.3585541805689027,-0.29040215417897125,-0.03171069822884376,-0.22192280643940296,-0.35541202019695123,True
2025-09-15 00:00:00+00:00,0.0,0.0,0.0,0.0,0.0,0.0,0.0,0.0,-0.19194370372363762,-0.3585541805689027,-0.29040215417897125,-0.03171069822884376,-0.22192280643940296,-0.35541202019695123,True
2025-09-16 00:00:00+00:00,0.0,0.0,0.0,0.0,0.0,0.0,0.0,0.0,-0.19194370372363762,-0.3585541805689027,-0.29040215417897125,-0.03171069822884376,-0.22192280643940296,-0.35541202019695123,True
2025-09-17 00:00:00+00:00,0.0,0.0,0.0,0.0,0.0,0.0,0.0,0.0,-0.19194370372363762,-0.3585541805689027,-0.29040215417897125,-0.03171069822884376,-0.22192280643940296,-0.35541202019695123,True
2025-09-18 00:00:00+00:00,0.0,0.0,0.0,0.0,0.0,0.0,0.0,0.0,-0.19194370372363762,-0.3585541805689027,-0.29040215417897125,-0.03171069822884376,-0.22192280643940296,-0.35541202019695123,True
2025-09-19 00:00:00+00:00,0.0,0.0,0.0,0.0,0.0,0.0,0.0,0.0,-0.19194370372363762,-0.3585541805689027,-0.29040215417897125,-0.03171069822884376,-0.22192280643940296,-0.35541202019695123,True
2025-09-20 00:00:00+00:00,0.0,0.0,0.0,0.0,0.0,0.0,0.0,0.0,-0.19194370372363762,-0.3585541805689027,-0.29040215417897125,-0.03171069822884376,-0.22192280643940296,-0.35541202019695123,True
2025-09-21 00:00:00+00:00,0.0,0.0,0.0,0.0,0.0,0.0,0.0,0.0,-0.19194370372363762,-0.3585541805689027,-0.29040215417897125,-0.03171069822884376,-0.22192280643940296,-0.35541202019695123,True
2025-09-22 00:00:00+00:00,0.0,0.0,0.0,0.0,0.0,0.0,0.0,0.0,-0.19194370372363762,-0.3585541805689027,-0.29040215417897125,-0.03171069822884376,-0.22192280643940296,-0.35541202019695123,True
2025-09-23 00:00:00+00:00,0.0,0.0,0.0,0.0,0.0,0.0,0.0,0.0,-0.19194370372363762,-0.3585541805689027,-0.29040215417897125,-0.03171069822884376,-0.22192280643940296,-0.35541202019695123,True
2025-09-24 00:00:00+00:00,0.0,0.0,0.0,0.0,0.0,0.0,0.0,0.0,-0.19194370372363762,-0.3585541805689027,-0.29040215417897125,-0.03171069822884376,-0.22192280643940296,-0.35541202019695123,True
2025-09-25 00:00:00+00:00,0.0,0.0,0.0,0.0,0.0,0.0,0.0,0.0,-0.19194370372363762,-0.3585541805689027,-0.29040215417897125,-0.03171069822884376,-0.22192280643940296,-0.35541202019695123,True
2025-09-26 00:00:00+00:00,0.0,0.0,0.0,0.0,0.0,0.0,0.0,0.0,-0.19194370372363762,-0.3585541805689027,-0.29040215417897125,-0.03171069822884376,-0.22192280643940296,-0.35541202019695123,True
2025-09-27 00:00:00+00:00,0.0,0.0,0.0,0.0,0.0,0.0,0.0,0.0,-0.19194370372363762,-0.3585541805689027,-0.29040215417897125,-0.03171069822884376,-0.22192280643940296,-0.35541202019695123,True
2025-09-28 00:00:00+00:00,0.0,0.0,0.0,0.0,0.0,0.0,0.0,0.0,-0.19194370372363762,-0.3585541805689027,-0.29040215417897125,-0.03171069822884376,-0.22192280643940296,-0.35541202019695123,True
2025-09-29 00:00:00+00:00,0.0,0.0,0.0,0.0,0.0,0.0,0.0,0.0,-0.19194370372363762,-0.3585541805689027,-0.29040215417897125,-0.03171069822884376,-0.22192280643940296,-0.35541202019695123,True
2025-09-30 00:00:00+00:00,0.0,0.0,0.0,0.0,0.0,0.0,0.0,0.0,-0.19194370372363762,-0.3585541805689027,-0.29040215417897125,-0.03171069822884376,-0.22192280643940296,-0.35541202019695123,True
2025-10-01 00:00:00+00:00,0.0,0.0,0.0,0.0,0.0,0.0,0.0,0.0,-0.19194370372363762,-0.3585541805689027,-0.29040215417897125,-0.03171069822884376,-0.22192280643940296,-0.35541202019695123,True
2025-10-02 00:00:00+00:00,0.0,0.0,0.0,0.0,0.0,0.0,0.0,0.0,-0.19194370372363762,-0.3585541805689027,-0.29040215417897125,-0.03171069822884376,-0.22192280643940296,-0.35541202019695123,True
2025-10-03 00:00:00+00:00,0.0,0.0,0.0,0.0,0.0,0.0,0.0,0.0,-0.19194370372363762,-0.3585541805689027,-0.29040215417897125,-0.03171069822884376,-0.22192280643940296,-0.35541202019695123,True
2025-10-04 00:00:00+00:00,0.0,0.0,0.0,0.0,0.0,0.0,0.0,0.0,-0.19194370372363762,-0.3585541805689027,-0.29040215417897125,-0.03171069822884376,-0.22192280643940296,-0.35541202019695123,True
2025-10-05 00:00:00+00:00,0.0,0.0,0.0,0.0,0.0,0.0,0.0,0.0,-0.19194370372363762,-0.3585541805689027,-0.29040215417897125,-0.03171069822884376,-0.22192280643940296,-0.35541202019695123,True
2025-10-06 00:00:00+00:00,0.0,0.0,0.0,0.0,0.0,0.0,0.0,0.0,-0.19194370372363762,-0.3585541805689027,-0.29040215417897125,-0.03171069822884376,-0.22192280643940296,-0.35541202019695123,True
2025-10-07 00:00:00+00:00,0.0,0.0,0.0,0.0,0.0,0.0,0.0,0.0,-0.19194370372363762,-0.3585541805689027,-0.29040215417897125,-0.03171069822884376,-0.22192280643940296,-0.35541202019695123,True
2025-10-08 00:00:00+00:00,0.0,0.0,0.0,0.0,0.0,0.0,0.0,0.0,-0.19194370372363762,-0.3585541805689027,-0.29040215417897125,-0.03171069822884376,-0.22192280643940296,-0.35541202019695123,True
2025-10-09 00:00:00+00:00,0.0,0.0,0.0,0.0,0.0,0.0,0.0,0.0,-0.19194370372363762,-0.3585541805689027,-0.29040215417897125,-0.03171069822884376,-0.22192280643940296,-0.35541202019695123,True
2025-10-10 00:00:00+00:00,0.0,0.0,0.0,0.0,0.0,0.0,0.0,0.0,-0.19194370372363762,-0.3585541805689027,-0.29040215417897125,-0.03171069822884376,-0.22192280643940296,-0.35541202019695123,True
2025-10-11 00:00:00+00:00,0.0,0.0,0.0,0.0,0.0,0.0,0.0,0.0,-0.19194370372363762,-0.3585541805689027,-0.29040215417897125,-0.03171069822884376,-0.22192280643940296,-0.35541202019695123,True
2025-10-12 00:00:00+00:00,0.0,0.0,0.0,0.0,0.0,0.0,0.0,0.0,-0.19194370372363762,-0.3585541805689027,-0.29040215417897125,-0.03171069822884376,-0.22192280643940296,-0.35541202019695123,True
2025-10-13 00:00:00+00:00,0.0,0.0,0.0,0.0,0.0,0.0,0.0,0.0,-0.19194370372363762,-0.3585541805689027,-0.29040215417897125,-0.03171069822884376,-0.22192280643940296,-0.35541202019695123,True
2025-10-14 00:00:00+00:00,0.0,0.0,0.0,0.0,0.0,0.0,0.0,0.0,-0.19194370372363762,-0.3585541805689027,-0.29040215417897125,-0.03171069822884376,-0.22192280643940296,-0.35541202019695123,True
2025-10-15 00:00:00+00:00,0.0,0.0,0.0,0.0,0.0,0.0,0.0,0.0,-0.19194370372363762,-0.3585541805689027,-0.29040215417897125,-0.03171069822884376,-0.22192280643940296,-0.35541202019695123,True
2025-10-16 00:00:00+00:00,0.0,0.0,0.0,0.0,0.0,0.0,0.0,0.0,-0.19194370372363762,-0.3585541805689027,-0.29040215417897125,-0.03171069822884376,-0.22192280643940296,-0.35541202019695123,True
2025-10-17 00:00:00+00:00,0.0,0.0,0.0,0.0,0.0,0.0,0.0,0.0,-0.19194370372363762,-0.3585541805689027,-0.29040215417897125,-0.03171069822884376,-0.22192280643940296,-0.35541202019695123,True
2025-10-18 00:00:00+00:00,0.0,0.0,0.0,0.0,0.0,0.0,0.0,0.0,-0.19194370372363762,-0.3585541805689027,-0.29040215417897125,-0.03171069822884376,-0.22192280643940296,-0.35541202019695123,True
2025-10-19 00:00:00+00:00,0.0,0.0,0.0,0.0,0.0,0.0,0.0,0.0,-0.19194370372363762,-0.3585541805689027,-0.29040215417897125,-0.03171069822884376,-0.22192280643940296,-0.35541202019695123,True
2025-10-20 00:00:00+00:00,0.0,0.0,0.0,0.0,0.0,0.0,0.0,0.0,-0.19194370372363762,-0.3585541805689027,-0.29040215417897125,-0.03171069822884376,-0.22192280643940296,-0.35541202019695123,True
2025-10-21 00:00:00+00:00,0.0,0.0,0.0,0.0,0.0,0.0,0.0,0.0,-0.19194370372363762,-0.3585541805689027,-0.29040215417897125,-0.03171069822884376,-0.22192280643940296,-0.35541202019695123,True
2025-10-22 00:00:00+00:00,0.0,0.0,0.0,0.0,0.0,0.0,0.0,0.0,-0.19194370372363762,-0.3585541805689027,-0.29040215417897125,-0.03171069822884376,-0.22192280643940296,-0.35541202019695123,True
2025-10-23 00:00:00+00:00,0.0,0.0,0.0,0.0,0.0,0.0,0.0,0.0,-0.19194370372363762,-0.3585541805689027,-0.29040215417897125,-0.03171069822884376,-0.22192280643940296,-0.35541202019695123,True
2025-10-24 00:00:00+00:00,0.0,0.0,0.0,0.0,0.0,0.0,0.0,0.0,-0.19194370372363762,-0.3585541805689027,-0.29040215417897125,-0.03171069822884376,-0.22192280643940296,-0.35541202019695123,True
2025-10-25 00:00:00+00:00,1.0,1.0,0.0,0.0,0.0,1.0,0.0,0.0,-0.025039889374653564,0.3021562398693136,-0.29040215417897125,-0.03171069822884376,-0.22192280643940296,-0.35541202019695123,True
2025-10-26 00:00:00+00:00,0.0,0.0,0.0,0.0,0.0,0.0,0.0,0.0,-0.19194370372363762,-0.3585541805689027,-0.29040215417897125,-0.03171069822884376,-0.22192280643940296,-0.35541202019695123,True
2025-10-27 00:00:00+00:00,0.0,0.0,0.0,0.0,0.0,0.0,0.0,0.0,-0.19194370372363762,-0.3585541805689027,-0.29040215417897125,-0.03171069822884376,-0.22192280643940296,-0.35541202019695123,True
2025-10-28 00:00:00+00:00,0.0,0.0,0.0,0.0,0.0,0.0,0.0,0.0,-0.19194370372363762,-0.3585541805689027,-0.29040215417897125,-0.03171069822884376,-0.22192280643940296,-0.35541202019695123,True
2025-10-29 00:00:00+00:00,0.0,0.0,0.0,0.0,0.0,0.0,0.0,0.0,-0.19194370372363762,-0.3585541805689027,-0.29040215417897125,-0.03171069822884376,-0.22192280643940296,-0.35541202019695123,True
2025-10-30 00:00:00+00:00,0.0,0.0,0.0,0.0,0.0,0.0,0.0,0.0,-0.19194370372363762,-0.3585541805689027,-0.29040215417897125,-0.03171069822884376,-0.22192280643940296,-0.35541202019695123,True
2025-10-31 00:00:00+00:00,0.0,0.0,0.0,0.0,0.0,0.0,0.0,0.0,-0.19194370372363762,-0.3585541805689027,-0.29040215417897125,-0.03171069822884376,-0.22192280643940296,-0.35541202019695123,True
2025-11-01 00:00:00+00:00,0.0,0.0,0.0,0.0,0.0,0.0,0.0,0.0,-0.19194370372363762,-0.3585541805689027,-0.29040215417897125,-0.03171069822884376,-0.22192280643940296,-0.35541202019695123,True
2025-11-02 00:00:00+00:00,0.0,0.0,0.0,0.0,0.0,0.0,0.0,0.0,-0.19194370372363762,-0.3585541805689027,-0.29040215417897125,-0.03171069822884376,-0.22192280643940296,-0.35541202019695123,True
2025-11-03 00:00:00+00:00,0.0,0.0,0.0,0.0,0.0,0.0,0.0,0.0,-0.19194370372363762,-0.3585541805689027,-0.29040215417897125,-0.03171069822884376,-0.22192280643940296,-0.35541202019695123,True
2025-11-04 00:00:00+00:00,0.0,0.0,0.0,0.0,0.0,0.0,0.0,0.0,-0.19194370372363762,-0.3585541805689027,-0.29040215417897125,-0.03171069822884376,-0.22192280643940296,-0.35541202019695123,True
2025-11-05 00:00:00+00:00,0.0,0.0,0.0,0.0,0.0,0.0,0.0,0.0,-0.19194370372363762,-0.3585541805689027,-0.29040215417897125,-0.03171069822884376,-0.22192280643940296,-0.35541202019695123,True
2025-11-06 00:00:00+00:00,0.0,0.0,0.0,0.0,0.0,0.0,0.0,0.0,-0.19194370372363762,-0.3585541805689027,-0.29040215417897125,-0.03171069822884376,-0.22192280643940296,-0.35541202019695123,True
2025-11-07 00:00:00+00:00,0.0,0.0,0.0,0.0,0.0,0.0,0.0,0.0,-0.19194370372363762,-0.3585541805689027,-0.29040215417897125,-0.03171069822884376,-0.22192280643940296,-0.35541202019695123,True
2025-11-08 00:00:00+00:00,0.0,0.0,0.0,0.0,0.0,0.0,0.0,0.0,-0.19194370372363762,-0.3585541805689027,-0.29040215417897125,-0.03171069822884376,-0.22192280643940296,-0.35541202019695123,True
2025-11-09 00:00:00+00:00,0.0,0.0,0.0,0.0,0.0,0.0,0.0,0.0,-0.19194370372363762,-0.3585541805689027,-0.29040215417897125,-0.03171069822884376,-0.22192280643940296,-0.35541202019695123,True
2025-11-10 00:00:00+00:00,3.0,2.0,0.0,811.3333333333334,0.3333333333333333,0.0,0.0,0.0,0.3087677393233145,0.9628666603075299,-0.29040215417897125,0.09198927753047491,2.7863468374636358,-0.35541202019695123,True
2025-11-11 00:00:00+00:00,0.0,0.0,0.0,0.0,0.0,0.0,0.0,0.0,-0.19194370372363762,-0.3585541805689027,-0.29040215417897125,-0.03171069822884376,-0.22192280643940296,-0.35541202019695123,True
2025-11-12 00:00:00+00:00,0.0,0.0,0.0,0.0,0.0,0.0,0.0,0.0,-0.19194370372363762,-0.3585541805689027,-0.29040215417897125,-0.03171069822884376,-0.22192280643940296,-0.35541202019695123,True
2025-11-13 00:00:00+00:00,0.0,0.0,0.0,0.0,0.0,0.0,0.0,0.0,-0.19194370372363762,-0.3585541805689027,-0.29040215417897125,-0.03171069822884376,-0.22192280643940296,-0.35541202019695123,True
2025-11-14 00:00:00+00:00,0.0,0.0,0.0,0.0,0.0,0.0,0.0,0.0,-0.19194370372363762,-0.3585541805689027,-0.29040215417897125,-0.03171069822884376,-0.22192280643940296,-0.35541202019695123,True
2025-11-15 00:00:00+00:00,0.0,0.0,0.0,0.0,0.0,0.0,0.0,0.0,-0.19194370372363762,-0.3585541805689027,-0.29040215417897125,-0.03171069822884376,-0.22192280643940296,-0.35541202019695123,True
2025-11-16 00:00:00+00:00,0.0,0.0,0.0,0.0,0.0,0.0,0.0,0.0,-0.19194370372363762,-0.3585541805689027,-0.29040215417897125,-0.03171069822884376,-0.22192280643940296,-0.35541202019695123,True
2025-11-17 00:00:00+00:00,0.0,0.0,0.0,0.0,0.0,0.0,0.0,0.0,-0.19194370372363762,-0.3585541805689027,-0.29040215417897125,-0.03171069822884376,-0.22192280643940296,-0.35541202019695123,True
2025-11-18 00:00:00+00:00,0.0,0.0,0.0,0.0,0.0,0.0,0.0,0.0,-0.19194370372363762,-0.3585541805689027,-0.29040215417897125,-0.03171069822884376,-0.22192280643940296,-0.35541202019695123,True
2025-11-19 00:00:00+00:00,0.0,0.0,0.0,0.0,0.0,0.0,0.0,0.0,-0.19194370372363762,-0.3585541805689027,-0.29040215417897125,-0.03171069822884376,-0.22192280643940296,-0.35541202019695123,True
2025-11-20 00:00:00+00:00,0.0,0.0,0.0,0.0,0.0,0.0,0.0,0.0,-0.19194370372363762,-0.3585541805689027,-0.29040215417897125,-0.03171069822884376,-0.22192280643940296,-0.35541202019695123,True
2025-11-21 00:00:00+00:00,0.0,0.0,0.0,0.0,0.0,0.0,0.0,0.0,-0.19194370372363762,-0.3585541805689027,-0.29040215417897125,-0.03171069822884376,-0.22192280643940296,-0.35541202019695123,True
2025-11-22 00:00:00+00:00,0.0,0.0,0.0,0.0,0.0,0.0,0.0,0.0,-0.19194370372363762,-0.3585541805689027,-0.29040215417897125,-0.03171069822884376,-0.22192280643940296,-0.35541202019695123,True
2025-11-23 00:00:00+00:00,0.0,0.0,0.0,0.0,0.0,0.0,0.0,0.0,-0.19194370372363762,-0.3585541805689027,-0.29040215417897125,-0.03171069822884376,-0.22192280643940296,-0.35541202019695123,True
2025-11-24 00:00:00+00:00,0.0,0.0,0.0,0.0,0.0,0.0,0.0,0.0,-0.19194370372363762,-0.3585541805689027,-0.29040215417897125,-0.03171069822884376,-0.22192280643940296,-0.35541202019695123,True
2025-11-25 00:00:00+00:00,0.0,0.0,0.0,0.0,0.0,0.0,0.0,0.0,-0.19194370372363762,-0.3585541805689027,-0.29040215417897125,-0.03171069822884376,-0.22192280643940296,-0.35541202019695123,True
2025-11-26 00:00:00+00:00,0.0,0.0,0.0,0.0,0.0,0.0,0.0,0.0,-0.19194370372363762,-0.3585541805689027,-0.29040215417897125,-0.03171069822884376,-0.22192280643940296,-0.35541202019695123,True
2025-11-27 00:00:00+00:00,0.0,0.0,0.0,0.0,0.0,0.0,0.0,0.0,-0.19194370372363762,-0.3585541805689027,-0.29040215417897125,-0.03171069822884376,-0.22192280643940296,-0.35541202019695123,True
2025-11-28 00:00:00+00:00,0.0,0.0,0.0,0.0,0.0,0.0,0.0,0.0,-0.19194370372363762,-0.3585541805689027,-0.29040215417897125,-0.03171069822884376,-0.22192280643940296,-0.35541202019695123,True
2025-11-29 00:00:00+00:00,0.0,0.0,0.0,0.0,0.0,0.0,0.0,0.0,-0.19194370372363762,-0.3585541805689027,-0.29040215417897125,-0.03171069822884376,-0.22192280643940296,-0.35541202019695123,True
2025-11-30 00:00:00+00:00,0.0,0.0,0.0,0.0,0.0,0.0,0.0,0.0,-0.19194370372363762,-0.3585541805689027,-0.29040215417897125,-0.03171069822884376,-0.22192280643940296,-0.35541202019695123,True
2025-12-01 00:00:00+00:00,0.0,0.0,0.0,0.0,0.0,0.0,0.0,0.0,-0.19194370372363762,-0.3585541805689027,-0.29040215417897125,-0.03171069822884376,-0.22192280643940296,-0.35541202019695123,True
2025-12-02 00:00:00+00:00,0.0,0.0,0.0,0.0,0.0,0.0,0.0,0.0,-0.19194370372363762,-0.3585541805689027,-0.29040215417897125,-0.03171069822884376,-0.22192280643940296,-0.35541202019695123,True
2025-12-03 00:00:00+00:00,0.0,0.0,0.0,0.0,0.0,0.0,0.0,0.0,-0.19194370372363762,-0.3585541805689027,-0.29040215417897125,-0.03171069822884376,-0.22192280643940296,-0.35541202019695123,True
2025-12-04 00:00:00+00:00,1.0,1.0,0.0,64.0,0.0,0.0,0.0,0.0,-0.025039889374653564,0.3021562398693136,-0.29040215417897125,-0.021952935145117716,-0.22192280643940296,-0.35541202019695123,True
2025-12-05 00:00:00+00:00,0.0,0.0,0.0,0.0,0.0,0.0,0.0,0.0,-0.19194370372363762,-0.3585541805689027,-0.29040215417897125,-0.03171069822884376,-0.22192280643940296,-0.35541202019695123,True
2025-12-06 00:00:00+00:00,0.0,0.0,0.0,0.0,0.0,0.0,0.0,0.0,-0.19194370372363762,-0.3585541805689027,-0.29040215417897125,-0.03171069822884376,-0.22192280643940296,-0.35541202019695123,True
2025-12-07 00:00:00+00:00,0.0,0.0,0.0,0.0,0.0,0.0,0.0,0.0,-0.19194370372363762,-0.3585541805689027,-0.29040215417897125,-0.03171069822884376,-0.22192280643940296,-0.35541202019695123,True
2025-12-08 00:00:00+00:00,0.0,0.0,0.0,0.0,0.0,0.0,0.0,0.0,-0.19194370372363762,-0.3585541805689027,-0.29040215417897125,-0.03171069822884376,-0.22192280643940296,-0.35541202019695123,True
2025-12-09 00:00:00+00:00,0.0,0.0,0.0,0.0,0.0,0.0,0.0,0.0,-0.19194370372363762,-0.3585541805689027,-0.29040215417897125,-0.03171069822884376,-0.22192280643940296,-0.35541202019695123,True
2025-12-10 00:00:00+00:00,0.0,0.0,0.0,0.0,0.0,0.0,0.0,0.0,-0.19194370372363762,-0.3585541805689027,-0.29040215417897125,-0.03171069822884376,-0.22192280643940296,-0.35541202019695123,True
2025-12-11 00:00:00+00:00,0.0,0.0,0.0,0.0,0.0,0.0,0.0,0.0,-0.19194370372363762,-0.3585541805689027,-0.29040215417897125,-0.03171069822884376,-0.22192280643940296,-0.35541202019695123,True
2025-12-12 00:00:00+00:00,0.0,0.0,0.0,0.0,0.0,0.0,0.0,0.0,-0.19194370372363762,-0.3585541805689027,-0.29040215417897125,-0.03171069822884376,-0.22192280643940296,-0.35541202019695123,True
2025-12-13 00:00:00+00:00,0.0,0.0,0.0,0.0,0.0,0.0,0.0,0.0,-0.19194370372363762,-0.3585541805689027,-0.29040215417897125,-0.03171069822884376,-0.22192280643940296,-0.35541202019695123,True
2025-12-14 00:00:00+00:00,0.0,0.0,0.0,0.0,0.0,0.0,0.0,0.0,-0.19194370372363762,-0.3585541805689027,-0.29040215417897125,-0.03171069822884376,-0.22192280643940296,-0.35541202019695123,True
2025-12-15 00:00:00+00:00,0.0,0.0,0.0,0.0,0.0,0.0,0.0,0.0,-0.19194370372363762,-0.3585541805689027,-0.29040215417897125,-0.03171069822884376,-0.22192280643940296,-0.35541202019695123,True
2025-12-16 00:00:00+00:00,0.0,0.0,0.0,0.0,0.0,0.0,0.0,0.0,-0.19194370372363762,-0.3585541805689027,-0.29040215417897125,-0.03171069822884376,-0.22192280643940296,-0.35541202019695123,True
2025-12-17 00:00:00+00:00,1.0,1.0,1.0,0.0,0.0,1.0,0.0,1.0,-0.025039889374653564,0.3021562398693136,1.214550564394625,-0.03171069822884376,-0.22192280643940296,3.4536583104494114,True
2025-12-18 00:00:00+00:00,0.0,0.0,0.0,0.0,0.0,0.0,0.0,0.0,-0.19194370372363762,-0.3585541805689027,-0.29040215417897125,-0.03171069822884376,-0.22192280643940296,-0.35541202019695123,True
2025-12-19 00:00:00+00:00,0.0,0.0,0.0,0.0,0.0,0.0,0.0,0.0,-0.19194370372363762,-0.3585541805689027,-0.29040215417897125,-0.03171069822884376,-0.22192280643940296,-0.35541202019695123,True
2025-12-20 00:00:00+00:00,0.0,0.0,0.0,0.0,0.0,0.0,0.0,0.0,-0.19194370372363762,-0.3585541805689027,-0.29040215417897125,-0.03171069822884376,-0.22192280643940296,-0.35541202019695123,True
2025-12-21 00:00:00+00:00,0.0,0.0,0.0,0.0,0.0,0.0,0.0,0.0,-0.19194370372363762,-0.3585541805689027,-0.29040215417897125,-0.03171069822884376,-0.22192280643940296,-0.35541202019695123,True
2025-12-22 00:00:00+00:00,0.0,0.0,0.0,0.0,0.0,0.0,0.0,0.0,-0.19194370372363762,-0.3585541805689027,-0.29040215417897125,-0.03171069822884376,-0.22192280643940296,-0.35541202019695123,True
2025-12-23 00:00:00+00:00,0.0,0.0,0.0,0.0,0.0,0.0,0.0,0.0,-0.19194370372363762,-0.3585541805689027,-0.29040215417897125,-0.03171069822884376,-0.22192280643940296,-0.35541202019695123,True
2025-12-24 00:00:00+00:00,0.0,0.0,0.0,0.0,0.0,0.0,0.0,0.0,-0.19194370372363762,-0.3585541805689027,-0.29040215417897125,-0.03171069822884376,-0.22192280643940296,-0.35541202019695123,True
2025-12-25 00:00:00+00:00,0.0,0.0,0.0,0.0,0.0,0.0,0.0,0.0,-0.19194370372363762,-0.3585541805689027,-0.29040215417897125,-0.03171069822884376,-0.22192280643940296,-0.35541202019695123,True
2025-12-26 00:00:00+00:00,1.0,1.0,1.0,56.0,0.0,0.0,0.0,1.0,-0.025039889374653564,0.3021562398693136,1.214550564394625,-0.02317265553058347,-0.22192280643940296,3.4536583104494114,True
2025-12-27 00:00:00+00:00,1.0,1.0,1.0,27.0,0.0,0.0,0.0,1.0,-0.025039889374653564,0.3021562398693136,1.214550564394625,-0.027594141927896835,-0.22192280643940296,3.4536583104494114,True
2025-12-28 00:00:00+00:00,0.0,0.0,0.0,0.0,0.0,0.0,0.0,0.0,-0.19194370372363762,-0.3585541805689027,-0.29040215417897125,-0.03171069822884376,-0.22192280643940296,-0.35541202019695123,True
2025-12-29 00:00:00+00:00,0.0,0.0,0.0,0.0,0.0,0.0,0.0,0.0,-0.19194370372363762,-0.3585541805689027,-0.29040215417897125,-0.03171069822884376,-0.22192280643940296,-0.35541202019695123,True
2025-12-30 00:00:00+00:00,0.0,0.0,0.0,0.0,0.0,0.0,0.0,0.0,-0.19194370372363762,-0.3585541805689027,-0.29040215417897125,-0.03171069822884376,-0.22192280643940296,-0.35541202019695123,True
2025-12-31 00:00:00+00:00,0.0,0.0,0.0,0.0,0.0,0.0,0.0,0.0,-0.19194370372363762,-0.3585541805689027,-0.29040215417897125,-0.03171069822884376,-0.22192280643940296,-0.35541202019695123,True
2026-01-01 00:00:00+00:00,0.0,0.0,0.0,0.0,0.0,0.0,0.0,0.0,-0.19194370372363762,-0.3585541805689027,-0.29040215417897125,-0.03171069822884376,-0.22192280643940296,-0.35541202019695123,True
2026-01-02 00:00:00+00:00,0.0,0.0,0.0,0.0,0.0,0.0,0.0,0.0,-0.19194370372363762,-0.3585541805689027,-0.29040215417897125,-0.03171069822884376,-0.22192280643940296,-0.35541202019695123,True
2026-01-03 00:00:00+00:00,0.0,0.0,0.0,0.0,0.0,0.0,0.0,0.0,-0.19194370372363762,-0.3585541805689027,-0.29040215417897125,-0.03171069822884376,-0.22192280643940296,-0.35541202019695123,True
2026-01-04 00:00:00+00:00,2.0,2.0,1.0,31.0,0.5,0.0,0.0,0.5,0.14186392497433048,0.9628666603075299,1.214550564394625,-0.026984281735163956,4.290481659415155,1.54912314512623,True
2026-01-05 00:00:00+00:00,0.0,0.0,0.0,0.0,0.0,0.0,0.0,0.0,-0.19194370372363762,-0.3585541805689027,-0.29040215417897125,-0.03171069822884376,-0.22192280643940296,-0.35541202019695123,True
2026-01-06 00:00:00+00:00,0.0,0.0,0.0,0.0,0.0,0.0,0.0,0.0,-0.19194370372363762,-0.3585541805689027,-0.29040215417897125,-0.03171069822884376,-0.22192280643940296,-0.35541202019695123,True
2026-01-07 00:00:00+00:00,0.0,0.0,0.0,0.0,0.0,0.0,0.0,0.0,-0.19194370372363762,-0.3585541805689027,-0.29040215417897125,-0.03171069822884376,-0.22192280643940296,-0.35541202019695123,True
2026-01-08 00:00:00+00:00,0.0,0.0,0.0,0.0,0.0,0.0,0.0,0.0,-0.19194370372363762,-0.3585541805689027,-0.29040215417897125,-0.03171069822884376,-0.22192280643940296,-0.35541202019695123,True
2026-01-09 00:00:00+00:00,0.0,0.0,0.0,0.0,0.0,0.0,0.0,0.0,-0.19194370372363762,-0.3585541805689027,-0.29040215417897125,-0.03171069822884376,-0.22192280643940296,-0.35541202019695123,True
2026-01-10 00:00:00+00:00,0.0,0.0,0.0,0.0,0.0,0.0,0.0,0.0,-0.19194370372363762,-0.3585541805689027,-0.29040215417897125,-0.03171069822884376,-0.22192280643940296,-0.35541202019695123,True
2026-01-11 00:00:00+00:00,0.0,0.0,0.0,0.0,0.0,0.0,0.0,0.0,-0.19194370372363762,-0.3585541805689027,-0.29040215417897125,-0.03171069822884376,-0.22192280643940296,-0.35541202019695123,True
2026-01-12 00:00:00+00:00,0.0,0.0,0.0,0.0,0.0,0.0,0.0,0.0,-0.19194370372363762,-0.3585541805689027,-0.29040215417897125,-0.03171069822884376,-0.22192280643940296,-0.35541202019695123,True
2026-01-13 00:00:00+00:00,0.0,0.0,0.0,0.0,0.0,0.0,0.0,0.0,-0.19194370372363762,-0.3585541805689027,-0.29040215417897125,-0.03171069822884376,-0.22192280643940296,-0.35541202019695123,True
2026-01-14 00:00:00+00:00,0.0,0.0,0.0,0.0,0.0,0.0,0.0,0.0,-0.19194370372363762,-0.3585541805689027,-0.29040215417897125,-0.03171069822884376,-0.22192280643940296,-0.35541202019695123,True
2026-01-15 00:00:00+00:00,0.0,0.0,0.0,0.0,0.0,0.0,0.0,0.0,-0.19194370372363762,-0.3585541805689027,-0.29040215417897125,-0.03171069822884376,-0.22192280643940296,-0.35541202019695123,True
2026-01-16 00:00:00+00:00,0.0,0.0,0.0,0.0,0.0,0.0,0.0,0.0,-0.19194370372363762,-0.3585541805689027,-0.29040215417897125,-0.03171069822884376,-0.22192280643940296,-0.35541202019695123,True
2026-01-17 00:00:00+00:00,0.0,0.0,0.0,0.0,0.0,0.0,0.0,0.0,-0.19194370372363762,-0.3585541805689027,-0.29040215417897125,-0.03171069822884376,-0.22192280643940296,-0.35541202019695123,True
2026-01-18 00:00:00+00:00,0.0,0.0,0.0,0.0,0.0,0.0,0.0,0.0,-0.19194370372363762,-0.3585541805689027,-0.29040215417897125,-0.03171069822884376,-0.22192280643940296,-0.35541202019695123,True
2026-01-19 00:00:00+00:00,0.0,0.0,0.0,0.0,0.0,0.0,0.0,0.0,-0.19194370372363762,-0.3585541805689027,-0.29040215417897125,-0.03171069822884376,-0.22192280643940296,-0.35541202019695123,True
2026-01-20 00:00:00+00:00,0.0,0.0,0.0,0.0,0.0,0.0,0.0,0.0,-0.19194370372363762,-0.3585541805689027,-0.29040215417897125,-0.03171069822884376,-0.22192280643940296,-0.35541202019695123,True
2026-01-21 00:00:00+00:00,0.0,0.0,0.0,0.0,0.0,0.0,0.0,0.0,-0.19194370372363762,-0.3585541805689027,-0.29040215417897125,-0.03171069822884376,-0.22192280643940296,-0.35541202019695123,True
2026-01-22 00:00:00+00:00,0.0,0.0,0.0,0.0,0.0,0.0,0.0,0.0,-0.19194370372363762,-0.3585541805689027,-0.29040215417897125,-0.03171069822884376,-0.22192280643940296,-0.35541202019695123,True
2026-01-23 00:00:00+00:00,0.0,0.0,0.0,0.0,0.0,0.0,0.0,0.0,-0.19194370372363762,-0.3585541805689027,-0.29040215417897125,-0.03171069822884376,-0.22192280643940296,-0.35541202019695123,True
2026-01-24 00:00:00+00:00,0.0,0.0,0.0,0.0,0.0,0.0,0.0,0.0,-0.19194370372363762,-0.3585541805689027,-0.29040215417897125,-0.03171069822884376,-0.22192280643940296,-0.35541202019695123,True
2026-01-25 00:00:00+00:00,0.0,0.0,0.0,0.0,0.0,0.0,0.0,0.0,-0.19194370372363762,-0.3585541805689027,-0.29040215417897125,-0.03171069822884376,-0.22192280643940296,-0.35541202019695123,True
2026-01-26 00:00:00+00:00,0.0,0.0,0.0,0.0,0.0,0.0,0.0,0.0,-0.19194370372363762,-0.3585541805689027,-0.29040215417897125,-0.03171069822884376,-0.22192280643940296,-0.35541202019695123,True
2026-01-27 00:00:00+00:00,0.0,0.0,0.0,0.0,0.0,0.0,0.0,0.0,-0.19194370372363762,-0.3585541805689027,-0.29040215417897125,-0.03171069822884376,-0.22192280643940296,-0.35541202019695123,True
2026-01-28 00:00:00+00:00,0.0,0.0,0.0,0.0,0.0,0.0,0.0,0.0,-0.19194370372363762,-0.3585541805689027,-0.29040215417897125,-0.03171069822884376,-0.22192280643940296,-0.35541202019695123,True
2026-01-29 00:00:00+00:00,0.0,0.0,0.0,0.0,0.0,0.0,0.0,0.0,-0.19194370372363762,-0.3585541805689027,-0.29040215417897125,-0.03171069822884376,-0.22192280643940296,-0.35541202019695123,True
2026-01-30 00:00:00+00:00,0.0,0.0,0.0,0.0,0.0,0.0,0.0,0.0,-0.19194370372363762,-0.3585541805689027,-0.29040215417897125,-0.03171069822884376,-0.22192280643940296,-0.35541202019695123,True
2026-01-31 00:00:00+00:00,0.0,0.0,0.0,0.0,0.0,0.0,0.0,0.0,-0.19194370372363762,-0.3585541805689027,-0.29040215417897125,-0.03171069822884376,-0.22192280643940296,-0.35541202019695123,True
2026-02-01 00:00:00+00:00,0.0,0.0,0.0,0.0,0.0,0.0,0.0,0.0,-0.19194370372363762,-0.3585541805689027,-0.29040215417897125,-0.03171069822884376,-0.22192280643940296,-0.35541202019695123,True
2026-02-02 00:00:00+00:00,0.0,0.0,0.0,0.0,0.0,0.0,0.0,0.0,-0.19194370372363762,-0.3585541805689027,-0.29040215417897125,-0.03171069822884376,-0.22192280643940296,-0.35541202019695123,True
2026-02-03 00:00:00+00:00,0.0,0.0,0.0,0.0,0.0,0.0,0.0,0.0,-0.19194370372363762,-0.3585541805689027,-0.29040215417897125,-0.03171069822884376,-0.22192280643940296,-0.35541202019695123,True
2026-02-04 00:00:00+00:00,0.0,0.0,0.0,0.0,0.0,0.0,0.0,0.0,-0.19194370372363762,-0.3585541805689027,-0.29040215417897125,-0.03171069822884376,-0.22192280643940296,-0.35541202019695123,True
2026-02-05 00:00:00+00:00,1.0,1.0,1.0,3.0,0.0,0.0,0.0,1.0,-0.025039889374653564,0.3021562398693136,1.214550564394625,-0.031253303084294096,-0.22192280643940296,3.4536583104494114,True
2026-02-06 00:00:00+00:00,0.0,0.0,0.0,0.0,0.0,0.0,0.0,0.0,-0.19194370372363762,-0.3585541805689027,-0.29040215417897125,-0.03171069822884376,-0.22192280643940296,-0.35541202019695123,True
2026-02-07 00:00:00+00:00,0.0,0.0,0.0,0.0,0.0,0.0,0.0,0.0,-0.19194370372363762,-0.3585541805689027,-0.29040215417897125,-0.03171069822884376,-0.22192280643940296,-0.35541202019695123,True
2026-02-08 00:00:00+00:00,0.0,0.0,0.0,0.0,0.0,0.0,0.0,0.0,-0.19194370372363762,-0.3585541805689027,-0.29040215417897125,-0.03171069822884376,-0.22192280643940296,-0.35541202019695123,True
2026-02-09 00:00:00+00:00,0.0,0.0,0.0,0.0,0.0,0.0,0.0,0.0,-0.19194370372363762,-0.3585541805689027,-0.29040215417897125,-0.03171069822884376,-0.22192280643940296,-0.35541202019695123,True
2026-02-10 00:00:00+00:00,0.0,0.0,0.0,0.0,0.0,0.0,0.0,0.0,-0.19194370372363762,-0.3585541805689027,-0.29040215417897125,-0.03171069822884376,-0.22192280643940296,-0.35541202019695123,True
2026-02-11 00:00:00+00:00,0.0,0.0,0.0,0.0,0.0,0.0,0.0,0.0,-0.19194370372363762,-0.3585541805689027,-0.29040215417897125,-0.03171069822884376,-0.22192280643940296,-0.35541202019695123,True
2026-02-12 00:00:00+00:00,0.0,0.0,0.0,0.0,0.0,0.0,0.0,0.0,-0.19194370372363762,-0.3585541805689027,-0.29040215417897125,-0.03171069822884376,-0.22192280643940296,-0.35541202019695123,True
2026-02-13 00:00:00+00:00,0.0,0.0,0.0,0.0,0.0,0.0,0.0,0.0,-0.19194370372363762,-0.3585541805689027,-0.29040215417897125,-0.03171069822884376,-0.22192280643940296,-0.35541202019695123,True
2026-02-14 00:00:00+00:00,2.0,2.0,1.0,1.0,0.5,0.0,0.0,0.5,0.14186392497433048,0.9628666603075299,1.214550564394625,-0.03155823318066054,4.290481659415155,1.54912314512623,True
2026-02-15 00:00:00+00:00,0.0,0.0,0.0,0.0,0.0,0.0,0.0,0.0,-0.19194370372363762,-0.3585541805689027,-0.29040215417897125,-0.03171069822884376,-0.22192280643940296,-0.35541202019695123,True
2026-02-16 00:00:00+00:00,0.0,0.0,0.0,0.0,0.0,0.0,0.0,0.0,-0.19194370372363762,-0.3585541805689027,-0.29040215417897125,-0.03171069822884376,-0.22192280643940296,-0.35541202019695123,True
2026-02-17 00:00:00+00:00,0.0,0.0,0.0,0.0,0.0,0.0,0.0,0.0,-0.19194370372363762,-0.3585541805689027,-0.29040215417897125,-0.03171069822884376,-0.22192280643940296,-0.35541202019695123,True
2026-02-18 00:00:00+00:00,0.0,0.0,0.0,0.0,0.0,0.0,0.0,0.0,-0.19194370372363762,-0.3585541805689027,-0.29040215417897125,-0.03171069822884376,-0.22192280643940296,-0.35541202019695123,True
2026-02-19 00:00:00+00:00,0.0,0.0,0.0,0.0,0.0,0.0,0.0,0.0,-0.19194370372363762,-0.3585541805689027,-0.29040215417897125,-0.03171069822884376,-0.22192280643940296,-0.35541202019695123,True
2026-02-20 00:00:00+00:00,0.0,0.0,0.0,0.0,0.0,0.0,0.0,0.0,-0.19194370372363762,-0.3585541805689027,-0.29040215417897125,-0.03171069822884376,-0.22192280643940296,-0.35541202019695123,True
2026-02-21 00:00:00+00:00,0.0,0.0,0.0,0.0,0.0,0.0,0.0,0.0,-0.19194370372363762,-0.3585541805689027,-0.29040215417897125,-0.03171069822884376,-0.22192280643940296,-0.35541202019695123,True
2026-02-22 00:00:00+00:00,0.0,0.0,0.0,0.0,0.0,0.0,0.0,0.0,-0.19194370372363762,-0.3585541805689027,-0.29040215417897125,-0.03171069822884376,-0.22192280643940296,-0.35541202019695123,True
2026-02-23 00:00:00+00:00,0.0,0.0,0.0,0.0,0.0,0.0,0.0,0.0,-0.19194370372363762,-0.3585541805689027,-0.29040215417897125,-0.03171069822884376,-0.22192280643940296,-0.35541202019695123,True
2026-02-24 00:00:00+00:00,0.0,0.0,0.0,0.0,0.0,0.0,0.0,0.0,-0.19194370372363762,-0.3585541805689027,-0.29040215417897125,-0.03171069822884376,-0.22192280643940296,-0.35541202019695123,True
2026-02-25 00:00:00+00:00,0.0,0.0,0.0,0.0,0.0,0.0,0.0,0.0,-0.19194370372363762,-0.3585541805689027,-0.29040215417897125,-0.03171069822884376,-0.22192280643940296,-0.35541202019695123,True
2026-02-26 00:00:00+00:00,0.0,0.0,0.0,0.0,0.0,0.0,0.0,0.0,-0.19194370372363762,-0.3585541805689027,-0.29040215417897125,-0.03171069822884376,-0.22192280643940296,-0.35541202019695123,True
2026-02-27 00:00:00+00:00,0.0,0.0,0.0,0.0,0.0,0.0,0.0,0.0,-0.19194370372363762,-0.3585541805689027,-0.29040215417897125,-0.03171069822884376,-0.22192280643940296,-0.35541202019695123,True
2026-02-28 00:00:00+00:00,0.0,0.0,0.0,0.0,0.0,0.0,0.0,0.0,-0.19194370372363762,-0.3585541805689027,-0.29040215417897125,-0.03171069822884376,-0.22192280643940296,-0.35541202019695123,True
2026-03-01 00:00:00+00:00,0.0,0.0,0.0,0.0,0.0,0.0,0.0,0.0,-0.19194370372363762,-0.3585541805689027,-0.29040215417897125,-0.03171069822884376,-0.22192280643940296,-0.35541202019695123,True
2026-03-02 00:00:00+00:00,4.0,2.0,0.0,107.0,0.75,0.0,0.0,0.0,0.4756715536722986,0.9628666603075299,-0.29040215417897125,-0.015396938073239283,6.5466838923424335,-0.35541202019695123,True
2026-03-03 00:00:00+00:00,0.0,0.0,0.0,0.0,0.0,0.0,0.0,0.0,-0.19194370372363762,-0.3585541805689027,-0.29040215417897125,-0.03171069822884376,-0.22192280643940296,-0.35541202019695123,True
2026-03-04 00:00:00+00:00,0.0,0.0,0.0,0.0,0.0,0.0,0.0,0.0,-0.19194370372363762,-0.3585541805689027,-0.29040215417897125,-0.03171069822884376,-0.22192280643940296,-0.35541202019695123,True
2026-03-05 00:00:00+00:00,0.0,0.0,0.0,0.0,0.0,0.0,0.0,0.0,-0.19194370372363762,-0.3585541805689027,-0.29040215417897125,-0.03171069822884376,-0.22192280643940296,-0.35541202019695123,True
2026-03-06 00:00:00+00:00,0.0,0.0,0.0,0.0,0.0,0.0,0.0,0.0,-0.19194370372363762,-0.3585541805689027,-0.29040215417897125,-0.03171069822884376,-0.22192280643940296,-0.35541202019695123,True
2026-03-07 00:00:00+00:00,0.0,0.0,0.0,0.0,0.0,0.0,0.0,0.0,-0.19194370372363762,-0.3585541805689027,-0.29040215417897125,-0.03171069822884376,-0.22192280643940296,-0.35541202019695123,True
2026-03-08 00:00:00+00:00,0.0,0.0,0.0,0.0,0.0,0.0,0.0,0.0,-0.19194370372363762,-0.3585541805689027,-0.29040215417897125,-0.03171069822884376,-0.22192280643940296,-0.35541202019695123,True
2026-03-09 00:00:00+00:00,0.0,0.0,0.0,0.0,0.0,0.0,0.0,0.0,-0.19194370372363762,-0.3585541805689027,-0.29040215417897125,-0.03171069822884376,-0.22192280643940296,-0.35541202019695123,True
2026-03-10 00:00:00+00:00,0.0,0.0,0.0,0.0,0.0,0.0,0.0,0.0,-0.19194370372363762,-0.3585541805689027,-0.29040215417897125,-0.03171069822884376,-0.22192280643940296,-0.35541202019695123,True
2026-03-11 00:00:00+00:00,1.0,1.0,1.0,422.0,0.0,0.0,0.0,1.0,-0.025039889374653564,0.3021562398693136,1.214550564394625,0.032629552104474824,-0.22192280643940296,3.4536583104494114,True
2026-03-12 00:00:00+00:00,0.0,0.0,0.0,0.0,0.0,0.0,0.0,0.0,-0.19194370372363762,-0.3585541805689027,-0.29040215417897125,-0.03171069822884376,-0.22192280643940296,-0.35541202019695123,True
2026-03-13 00:00:00+00:00,0.0,0.0,0.0,0.0,0.0,0.0,0.0,0.0,-0.19194370372363762,-0.3585541805689027,-0.29040215417897125,-0.03171069822884376,-0.22192280643940296,-0.35541202019695123,True
2026-03-14 00:00:00+00:00,0.0,0.0,0.0,0.0,0.0,0.0,0.0,0.0,-0.19194370372363762,-0.3585541805689027,-0.29040215417897125,-0.03171069822884376,-0.22192280643940296,-0.35541202019695123,True
2026-03-15 00:00:00+00:00,0.0,0.0,0.0,0.0,0.0,0.0,0.0,0.0,-0.19194370372363762,-0.3585541805689027,-0.29040215417897125,-0.03171069822884376,-0.22192280643940296,-0.35541202019695123,True
2026-03-16 00:00:00+00:00,0.0,0.0,0.0,0.0,0.0,0.0,0.0,0.0,-0.19194370372363762,-0.3585541805689027,-0.29040215417897125,-0.03171069822884376,-0.22192280643940296,-0.35541202019695123,True
2026-03-17 00:00:00+00:00,0.0,0.0,0.0,0.0,0.0,0.0,0.0,0.0,-0.19194370372363762,-0.3585541805689027,-0.29040215417897125,-0.03171069822884376,-0.22192280643940296,-0.35541202019695123,True
2026-03-18 00:00:00+00:00,0.0,0.0,0.0,0.0,0.0,0.0,0.0,0.0,-0.19194370372363762,-0.3585541805689027,-0.29040215417897125,-0.03171069822884376,-0.22192280643940296,-0.35541202019695123,True
2026-03-19 00:00:00+00:00,0.0,0.0,0.0,0.0,0.0,0.0,0.0,0.0,-0.19194370372363762,-0.3585541805689027,-0.29040215417897125,-0.03171069822884376,-0.22192280643940296,-0.35541202019695123,True
2026-03-20 00:00:00+00:00,0.0,0.0,0.0,0.0,0.0,0.0,0.0,0.0,-0.19194370372363762,-0.3585541805689027,-0.29040215417897125,-0.03171069822884376,-0.22192280643940296,-0.35541202019695123,True
2026-03-21 00:00:00+00:00,0.0,0.0,0.0,0.0,0.0,0.0,0.0,0.0,-0.19194370372363762,-0.3585541805689027,-0.29040215417897125,-0.03171069822884376,-0.22192280643940296,-0.35541202019695123,True
2026-03-22 00:00:00+00:00,0.0,0.0,0.0,0.0,0.0,0.0,0.0,0.0,-0.19194370372363762,-0.3585541805689027,-0.29040215417897125,-0.03171069822884376,-0.22192280643940296,-0.35541202019695123,True
2026-03-23 00:00:00+00:00,0.0,0.0,0.0,0.0,0.0,0.0,0.0,0.0,-0.19194370372363762,-0.3585541805689027,-0.29040215417897125,-0.03171069822884376,-0.22192280643940296,-0.35541202019695123,True
2026-03-24 00:00:00+00:00,0.0,0.0,0.0,0.0,0.0,0.0,0.0,0.0,-0.19194370372363762,-0.3585541805689027,-0.29040215417897125,-0.03171069822884376,-0.22192280643940296,-0.35541202019695123,True
2026-03-25 00:00:00+00:00,0.0,0.0,0.0,0.0,0.0,0.0,0.0,0.0,-0.19194370372363762,-0.3585541805689027,-0.29040215417897125,-0.03171069822884376,-0.22192280643940296,-0.35541202019695123,True
2026-03-26 00:00:00+00:00,0.0,0.0,0.0,0.0,0.0,0.0,0.0,0.0,-0.19194370372363762,-0.3585541805689027,-0.29040215417897125,-0.03171069822884376,-0.22192280643940296,-0.35541202019695123,True
2026-03-27 00:00:00+00:00,0.0,0.0,0.0,0.0,0.0,0.0,0.0,0.0,-0.19194370372363762,-0.3585541805689027,-0.29040215417897125,-0.03171069822884376,-0.22192280643940296,-0.35541202019695123,True
2026-03-28 00:00:00+00:00,0.0,0.0,0.0,0.0,0.0,0.0,0.0,0.0,-0.19194370372363762,-0.3585541805689027,-0.29040215417897125,-0.03171069822884376,-0.22192280643940296,-0.35541202019695123,True
2026-03-29 00:00:00+00:00,0.0,0.0,0.0,0.0,0.0,0.0,0.0,0.0,-0.19194370372363762,-0.3585541805689027,-0.29040215417897125,-0.03171069822884376,-0.22192280643940296,-0.35541202019695123,True
2026-03-30 00:00:00+00:00,0.0,0.0,0.0,0.0,0.0,0.0,0.0,0.0,-0.19194370372363762,-0.3585541805689027,-0.29040215417897125,-0.03171069822884376,-0.22192280643940296,-0.35541202019695123,True
2026-03-31 00:00:00+00:00,0.0,0.0,0.0,0.0,0.0,0.0,0.0,0.0,-0.19194370372363762,-0.3585541805689027,-0.29040215417897125,-0.03171069822884376,-0.22192280643940296,-0.35541202019695123,True
2026-04-01 00:00:00+00:00,0.0,0.0,0.0,0.0,0.0,0.0,0.0,0.0,-0.19194370372363762,-0.3585541805689027,-0.29040215417897125,-0.03171069822884376,-0.22192280643940296,-0.35541202019695123,True
2026-04-02 00:00:00+00:00,0.0,0.0,0.0,0.0,0.0,0.0,0.0,0.0,-0.19194370372363762,-0.3585541805689027,-0.29040215417897125,-0.03171069822884376,-0.22192280643940296,-0.35541202019695123,True
2026-04-03 00:00:00+00:00,0.0,0.0,0.0,0.0,0.0,0.0,0.0,0.0,-0.19194370372363762,-0.3585541805689027,-0.29040215417897125,-0.03171069822884376,-0.22192280643940296,-0.35541202019695123,True
2026-04-04 00:00:00+00:00,0.0,0.0,0.0,0.0,0.0,0.0,0.0,0.0,-0.19194370372363762,-0.3585541805689027,-0.29040215417897125,-0.03171069822884376,-0.22192280643940296,-0.35541202019695123,True
2026-04-05 00:00:00+00:00,0.0,0.0,0.0,0.0,0.0,0.0,0.0,0.0,-0.19194370372363762,-0.3585541805689027,-0.29040215417897125,-0.03171069822884376,-0.22192280643940296,-0.35541202019695123,True
2026-04-06 00:00:00+00:00,0.0,0.0,0.0,0.0,0.0,0.0,0.0,0.0,-0.19194370372363762,-0.3585541805689027,-0.29040215417897125,-0.03171069822884376,-0.22192280643940296,-0.35541202019695123,True
2026-04-07 00:00:00+00:00,0.0,0.0,0.0,0.0,0.0,0.0,0.0,0.0,-0.19194370372363762,-0.3585541805689027,-0.29040215417897125,-0.03171069822884376,-0.22192280643940296,-0.35541202019695123,True
2026-04-08 00:00:00+00:00,2.0,2.0,1.0,19.0,0.5,0.0,0.0,0.5,0.14186392497433048,0.9628666603075299,1.214550564394625,-0.02881386231336259,4.290481659415155,1.54912314512623,True
2026-04-09 00:00:00+00:00,2.0,2.0,0.0,19.0,1.0,0.0,0.0,0.0,0.14186392497433048,0.9628666603075299,-0.29040215417897125,-0.02881386231336259,8.802886125269712,-0.35541202019695123,True
2026-04-10 00:00:00+00:00,5.0,4.0,0.0,54.0,0.2,0.0,0.0,0.0,0.6425753680212826,2.2842875011839627,-0.29040215417897125,-0.02347758562694991,1.5830389799024203,-0.35541202019695123,True
2026-04-11 00:00:00+00:00,0.0,0.0,0.0,0.0,0.0,0.0,0.0,0.0,-0.19194370372363762,-0.3585541805689027,-0.29040215417897125,-0.03171069822884376,-0.22192280643940296,-0.35541202019695123,True
2026-04-12 00:00:00+00:00,0.0,0.0,0.0,0.0,0.0,0.0,0.0,0.0,-0.19194370372363762,-0.3585541805689027,-0.29040215417897125,-0.03171069822884376,-0.22192280643940296,-0.35541202019695123,True
2026-04-13 00:00:00+00:00,1.0,1.0,0.0,85.0,0.0,0.0,0.0,0.0,-0.025039889374653564,0.3021562398693136,-0.29040215417897125,-0.01875116913327011,-0.22192280643940296,-0.35541202019695123,True
2026-04-14 00:00:00+00:00,0.0,0.0,0.0,0.0,0.0,0.0,0.0,0.0,-0.19194370372363762,-0.3585541805689027,-0.29040215417897125,-0.03171069822884376,-0.22192280643940296,-0.35541202019695123,True
2026-04-15 00:00:00+00:00,0.0,0.0,0.0,0.0,0.0,0.0,0.0,0.0,-0.19194370372363762,-0.3585541805689027,-0.29040215417897125,-0.03171069822884376,-0.22192280643940296,-0.35541202019695123,True
2026-04-16 00:00:00+00:00,0.0,0.0,0.0,0.0,0.0,0.0,0.0,0.0,-0.19194370372363762,-0.3585541805689027,-0.29040215417897125,-0.03171069822884376,-0.22192280643940296,-0.35541202019695123,True
2026-04-17 00:00:00+00:00,0.0,0.0,0.0,0.0,0.0,0.0,0.0,0.0,-0.19194370372363762,-0.3585541805689027,-0.29040215417897125,-0.03171069822884376,-0.22192280643940296,-0.35541202019695123,True
2026-04-18 00:00:00+00:00,0.0,0.0,0.0,0.0,0.0,0.0,0.0,0.0,-0.19194370372363762,-0.3585541805689027,-0.29040215417897125,-0.03171069822884376,-0.22192280643940296,-0.35541202019695123,True
2026-04-19 00:00:00+00:00,1.0,1.0,0.0,178.0,0.0,0.0,0.0,0.0,-0.025039889374653564,0.3021562398693136,-0.29040215417897125,-0.004571919652230707,-0.22192280643940296,-0.35541202019695123,True
2026-04-20 00:00:00+00:00,1.0,1.0,0.0,23.0,0.0,0.0,0.0,0.0,-0.025039889374653564,0.3021562398693136,-0.29040215417897125,-0.02820400212062971,-0.22192280643940296,-0.35541202019695123,True
2026-04-21 00:00:00+00:00,0.0,0.0,0.0,0.0,0.0,0.0,0.0,0.0,-0.19194370372363762,-0.3585541805689027,-0.29040215417897125,-0.03171069822884376,-0.22192280643940296,-0.35541202019695123,True
2026-04-22 00:00:00+00:00,0.0,0.0,0.0,0.0,0.0,0.0,0.0,0.0,-0.19194370372363762,-0.3585541805689027,-0.29040215417897125,-0.03171069822884376,-0.22192280643940296,-0.35541202019695123,True
2026-04-23 00:00:00+00:00,0.0,0.0,0.0,0.0,0.0,0.0,0.0,0.0,-0.19194370372363762,-0.3585541805689027,-0.29040215417897125,-0.03171069822884376,-0.22192280643940296,-0.35541202019695123,True
2026-04-24 00:00:00+00:00,1.0,1.0,0.0,23.0,0.0,0.0,0.0,0.0,-0.025039889374653564,0.3021562398693136,-0.29040215417897125,-0.02820400212062971,-0.22192280643940296,-0.35541202019695123,True
2026-04-25 00:00:00+00:00,0.0,0.0,0.0,0.0,0.0,0.0,0.0,0.0,-0.19194370372363762,-0.3585541805689027,-0.29040215417897125,-0.03171069822884376,-0.22192280643940296,-0.35541202019695123,True
2026-04-26 00:00:00+00:00,1.0,1.0,0.0,0.0,0.0,1.0,0.0,0.0,-0.025039889374653564,0.3021562398693136,-0.29040215417897125,-0.03171069822884376,-0.22192280643940296,-0.35541202019695123,True
2026-04-27 00:00:00+00:00,0.0,0.0,0.0,0.0,0.0,0.0,0.0,0.0,-0.19194370372363762,-0.3585541805689027,-0.29040215417897125,-0.03171069822884376,-0.22192280643940296,-0.35541202019695123,True
2026-04-28 00:00:00+00:00,0.0,0.0,0.0,0.0,0.0,0.0,0.0,0.0,-0.19194370372363762,-0.3585541805689027,-0.29040215417897125,-0.03171069822884376,-0.22192280643940296,-0.35541202019695123,True
2026-04-29 00:00:00+00:00,1.0,1.0,1.0,9.0,0.0,0.0,0.0,1.0,-0.025039889374653564,0.3021562398693136,1.214550564394625,-0.030338512795194783,-0.22192280643940296,3.4536583104494114,True
2026-04-30 00:00:00+00:00,1.0,1.0,1.0,20.0,0.0,0.0,0.0,1.0,-0.025039889374653564,0.3021562398693136,1.214550564394625,-0.02866139726517937,-0.22192280643940296,3.4536583104494114,True
2026-05-01 00:00:00+00:00,0.0,0.0,0.0,0.0,0.0,0.0,0.0,0.0,-0.19194370372363762,-0.3585541805689027,-0.29040215417897125,-0.03171069822884376,-0.22192280643940296,-0.35541202019695123,True
2026-05-02 00:00:00+00:00,0.0,0.0,0.0,0.0,0.0,0.0,0.0,0.0,-0.19194370372363762,-0.3585541805689027,-0.29040215417897125,-0.03171069822884376,-0.22192280643940296,-0.35541202019695123,True
2026-05-03 00:00:00+00:00,0.0,0.0,0.0,0.0,0.0,0.0,0.0,0.0,-0.19194370372363762,-0.3585541805689027,-0.29040215417897125,-0.03171069822884376,-0.22192280643940296,-0.35541202019695123,True
2026-05-04 00:00:00+00:00,0.0,0.0,0.0,0.0,0.0,0.0,0.0,0.0,-0.19194370372363762,-0.3585541805689027,-0.29040215417897125,-0.03171069822884376,-0.22192280643940296,-0.35541202019695123,True
2026-05-05 00:00:00+00:00,0.0,0.0,0.0,0.0,0.0,0.0,0.0,0.0,-0.19194370372363762,-0.3585541805689027,-0.29040215417897125,-0.03171069822884376,-0.22192280643940296,-0.35541202019695123,True
2026-05-06 00:00:00+00:00,0.0,0.0,0.0,0.0,0.0,0.0,0.0,0.0,-0.19194370372363762,-0.3585541805689027,-0.29040215417897125,-0.03171069822884376,-0.22192280643940296,-0.35541202019695123,True
2026-05-07 00:00:00+00:00,0.0,0.0,0.0,0.0,0.0,0.0,0.0,0.0,-0.19194370372363762,-0.3585541805689027,-0.29040215417897125,-0.03171069822884376,-0.22192280643940296,-0.35541202019695123,True
2026-05-08 00:00:00+00:00,0.0,0.0,0.0,0.0,0.0,0.0,0.0,0.0,-0.19194370372363762,-0.3585541805689027,-0.29040215417897125,-0.03171069822884376,-0.22192280643940296,-0.35541202019695123,True
2026-05-09 00:00:00+00:00,0.0,0.0,0.0,0.0,0.0,0.0,0.0,0.0,-0.19194370372363762,-0.3585541805689027,-0.29040215417897125,-0.03171069822884376,-0.22192280643940296,-0.35541202019695123,True
2026-05-10 00:00:00+00:00,3.0,2.0,1.0,254.0,0.0,0.0,0.0,0.5,0.3087677393233145,0.9628666603075299,1.214550564394625,0.007015424009693965,-0.22192280643940296,1.54912314512623,True
2026-05-11 00:00:00+00:00,1.0,1.0,0.0,8.0,1.0,0.0,0.0,0.0,-0.025039889374653564,0.3021562398693136,-0.29040215417897125,-0.030490977843378002,8.802886125269712,-0.35541202019695123,True
2026-05-12 00:00:00+00:00,0.0,0.0,0.0,0.0,0.0,0.0,0.0,0.0,-0.19194370372363762,-0.3585541805689027,-0.29040215417897125,-0.03171069822884376,-0.22192280643940296,-0.35541202019695123,True
2026-05-13 00:00:00+00:00,0.0,0.0,0.0,0.0,0.0,0.0,0.0,0.0,-0.19194370372363762,-0.3585541805689027,-0.29040215417897125,-0.03171069822884376,-0.22192280643940296,-0.35541202019695123,True
2026-05-14 00:00:00+00:00,0.0,0.0,0.0,0.0,0.0,0.0,0.0,0.0,-0.19194370372363762,-0.3585541805689027,-0.29040215417897125,-0.03171069822884376,-0.22192280643940296,-0.35541202019695123,True
2026-05-15 00:00:00+00:00,0.0,0.0,0.0,0.0,0.0,0.0,0.0,0.0,-0.19194370372363762,-0.3585541805689027,-0.29040215417897125,-0.03171069822884376,-0.22192280643940296,-0.35541202019695123,True
2026-05-16 00:00:00+00:00,0.0,0.0,0.0,0.0,0.0,0.0,0.0,0.0,-0.19194370372363762,-0.3585541805689027,-0.29040215417897125,-0.03171069822884376,-0.22192280643940296,-0.35541202019695123,True
2026-05-17 00:00:00+00:00,0.0,0.0,0.0,0.0,0.0,0.0,0.0,0.0,-0.19194370372363762,-0.3585541805689027,-0.29040215417897125,-0.03171069822884376,-0.22192280643940296,-0.35541202019695123,True
2026-05-18 00:00:00+00:00,0.0,0.0,0.0,0.0,0.0,0.0,0.0,0.0,-0.19194370372363762,-0.3585541805689027,-0.29040215417897125,-0.03171069822884376,-0.22192280643940296,-0.35541202019695123,True
2026-05-19 00:00:00+00:00,1.0,1.0,0.0,0.0,0.0,1.0,0.0,0.0,-0.025039889374653564,0.3021562398693136,-0.29040215417897125,-0.03171069822884376,-0.22192280643940296,-0.35541202019695123,True
2026-05-20 00:00:00+00:00,0.0,0.0,0.0,0.0,0.0,0.0,0.0,0.0,-0.19194370372363762,-0.3585541805689027,-0.29040215417897125,-0.03171069822884376,-0.22192280643940296,-0.35541202019695123,True
2026-05-21 00:00:00+00:00,0.0,0.0,0.0,0.0,0.0,0.0,0.0,0.0,-0.19194370372363762,-0.3585541805689027,-0.29040215417897125,-0.03171069822884376,-0.22192280643940296,-0.35541202019695123,True
2026-05-22 00:00:00+00:00,0.0,0.0,0.0,0.0,0.0,0.0,0.0,0.0,-0.19194370372363762,-0.3585541805689027,-0.29040215417897125,-0.03171069822884376,-0.22192280643940296,-0.35541202019695123,True
2026-05-23 00:00:00+00:00,0.0,0.0,0.0,0.0,0.0,0.0,0.0,0.0,-0.19194370372363762,-0.3585541805689027,-0.29040215417897125,-0.03171069822884376,-0.22192280643940296,-0.35541202019695123,True
2026-05-24 00:00:00+00:00,0.0,0.0,0.0,0.0,0.0,0.0,0.0,0.0,-0.19194370372363762,-0.3585541805689027,-0.29040215417897125,-0.03171069822884376,-0.22192280643940296,-0.35541202019695123,True
2026-05-25 00:00:00+00:00,0.0,0.0,0.0,0.0,0.0,0.0,0.0,0.0,-0.19194370372363762,-0.3585541805689027,-0.29040215417897125,-0.03171069822884376,-0.22192280643940296,-0.35541202019695123,True
2026-05-26 00:00:00+00:00,0.0,0.0,0.0,0.0,0.0,0.0,0.0,0.0,-0.19194370372363762,-0.3585541805689027,-0.29040215417897125,-0.03171069822884376,-0.22192280643940296,-0.35541202019695123,True
2026-05-27 00:00:00+00:00,0.0,0.0,0.0,0.0,0.0,0.0,0.0,0.0,-0.19194370372363762,-0.3585541805689027,-0.29040215417897125,-0.03171069822884376,-0.22192280643940296,-0.35541202019695123,True
2026-05-28 00:00:00+00:00,0.0,0.0,0.0,0.0,0.0,0.0,0.0,0.0,-0.19194370372363762,-0.3585541805689027,-0.29040215417897125,-0.03171069822884376,-0.22192280643940296,-0.35541202019695123,True
2026-05-29 00:00:00+00:00,0.0,0.0,0.0,0.0,0.0,0.0,0.0,0.0,-0.19194370372363762,-0.3585541805689027,-0.29040215417897125,-0.03171069822884376,-0.22192280643940296,-0.35541202019695123,True
2026-05-30 00:00:00+00:00,0.0,0.0,0.0,0.0,0.0,0.0,0.0,0.0,-0.19194370372363762,-0.3585541805689027,-0.29040215417897125,-0.03171069822884376,-0.22192280643940296,-0.35541202019695123,True
2026-05-31 00:00:00+00:00,0.0,0.0,0.0,0.0,0.0,0.0,0.0,0.0,-0.19194370372363762,-0.3585541805689027,-0.29040215417897125,-0.03171069822884376,-0.22192280643940296,-0.35541202019695123,True
2026-06-01 00:00:00+00:00,1.0,1.0,1.0,31.0,0.0,0.0,0.0,1.0,-0.025039889374653564,0.3021562398693136,1.214550564394625,-0.026984281735163956,-0.22192280643940296,3.4536583104494114,True
2026-06-02 00:00:00+00:00,0.0,0.0,0.0,0.0,0.0,0.0,0.0,0.0,-0.19194370372363762,-0.3585541805689027,-0.29040215417897125,-0.03171069822884376,-0.22192280643940296,-0.35541202019695123,True
2026-06-03 00:00:00+00:00,0.0,0.0,0.0,0.0,0.0,0.0,0.0,0.0,-0.19194370372363762,-0.3585541805689027,-0.29040215417897125,-0.03171069822884376,-0.22192280643940296,-0.35541202019695123,True
2026-06-04 00:00:00+00:00,0.0,0.0,0.0,0.0,0.0,0.0,0.0,0.0,-0.19194370372363762,-0.3585541805689027,-0.29040215417897125,-0.03171069822884376,-0.22192280643940296,-0.35541202019695123,True
2026-06-05 00:00:00+00:00,0.0,0.0,0.0,0.0,0.0,0.0,0.0,0.0,-0.19194370372363762,-0.3585541805689027,-0.29040215417897125,-0.03171069822884376,-0.22192280643940296,-0.35541202019695123,True
2026-06-06 00:00:00+00:00,0.0,0.0,0.0,0.0,0.0,0.0,0.0,0.0,-0.19194370372363762,-0.3585541805689027,-0.29040215417897125,-0.03171069822884376,-0.22192280643940296,-0.35541202019695123,True
2026-06-07 00:00:00+00:00,2.0,1.0,0.0,7.0,0.0,0.0,0.0,0.0,0.14186392497433048,0.3021562398693136,-0.29040215417897125,-0.03064344289156122,-0.22192280643940296,-0.35541202019695123,True
2026-06-08 00:00:00+00:00,0.0,0.0,0.0,0.0,0.0,0.0,0.0,0.0,-0.19194370372363762,-0.3585541805689027,-0.29040215417897125,-0.03171069822884376,-0.22192280643940296,-0.35541202019695123,True
2026-06-09 00:00:00+00:00,0.0,0.0,0.0,0.0,0.0,0.0,0.0,0.0,-0.19194370372363762,-0.3585541805689027,-0.29040215417897125,-0.03171069822884376,-0.22192280643940296,-0.35541202019695123,True
2026-06-10 00:00:00+00:00,0.0,0.0,0.0,0.0,0.0,0.0,0.0,0.0,-0.19194370372363762,-0.3585541805689027,-0.29040215417897125,-0.03171069822884376,-0.22192280643940296,-0.35541202019695123,True
2026-06-11 00:00:00+00:00,0.0,0.0,0.0,0.0,0.0,0.0,0.0,0.0,-0.19194370372363762,-0.3585541805689027,-0.29040215417897125,-0.03171069822884376,-0.22192280643940296,-0.35541202019695123,True
2026-06-12 00:00:00+00:00,0.0,0.0,0.0,0.0,0.0,0.0,0.0,0.0,-0.19194370372363762,-0.3585541805689027,-0.29040215417897125,-0.03171069822884376,-0.22192280643940296,-0.35541202019695123,True
2026-06-13 00:00:00+00:00,0.0,0.0,0.0,0.0,0.0,0.0,0.0,0.0,-0.19194370372363762,-0.3585541805689027,-0.29040215417897125,-0.03171069822884376,-0.22192280643940296,-0.35541202019695123,True
2026-06-14 00:00:00+00:00,0.0,0.0,0.0,0.0,0.0,0.0,0.0,0.0,-0.19194370372363762,-0.3585541805689027,-0.29040215417897125,-0.03171069822884376,-0.22192280643940296,-0.35541202019695123,True
2026-06-15 00:00:00+00:00,0.0,0.0,0.0,0.0,0.0,0.0,0.0,0.0,-0.19194370372363762,-0.3585541805689027,-0.29040215417897125,-0.03171069822884376,-0.22192280643940296,-0.35541202019695123,True
2026-06-16 00:00:00+00:00,0.0,0.0,0.0,0.0,0.0,0.0,0.0,0.0,-0.19194370372363762,-0.3585541805689027,-0.29040215417897125,-0.03171069822884376,-0.22192280643940296,-0.35541202019695123,True
2026-06-17 00:00:00+00:00,0.0,0.0,0.0,0.0,0.0,0.0,0.0,0.0,-0.19194370372363762,-0.3585541805689027,-0.29040215417897125,-0.03171069822884376,-0.22192280643940296,-0.35541202019695123,True
2026-06-18 00:00:00+00:00,0.0,0.0,0.0,0.0,0.0,0.0,0.0,0.0,-0.19194370372363762,-0.3585541805689027,-0.29040215417897125,-0.03171069822884376,-0.22192280643940296,-0.35541202019695123,True
2026-06-19 00:00:00+00:00,0.0,0.0,0.0,0.0,0.0,0.0,0.0,0.0,-0.19194370372363762,-0.3585541805689027,-0.29040215417897125,-0.03171069822884376,-0.22192280643940296,-0.35541202019695123,True
2026-06-20 00:00:00+00:00,0.0,0.0,0.0,0.0,0.0,0.0,0.0,0.0,-0.19194370372363762,-0.3585541805689027,-0.29040215417897125,-0.03171069822884376,-0.22192280643940296,-0.35541202019695123,True
2026-06-21 00:00:00+00:00,0.0,0.0,0.0,0.0,0.0,0.0,0.0,0.0,-0.19194370372363762,-0.3585541805689027,-0.29040215417897125,-0.03171069822884376,-0.22192280643940296,-0.35541202019695123,True
2026-06-22 00:00:00+00:00,0.0,0.0,0.0,0.0,0.0,0.0,0.0,0.0,-0.19194370372363762,-0.3585541805689027,-0.29040215417897125,-0.03171069822884376,-0.22192280643940296,-0.35541202019695123,True
2026-06-23 00:00:00+00:00,0.0,0.0,0.0,0.0,0.0,0.0,0.0,0.0,-0.19194370372363762,-0.3585541805689027,-0.29040215417897125,-0.03171069822884376,-0.22192280643940296,-0.35541202019695123,True
2026-06-24 00:00:00+00:00,0.0,0.0,0.0,0.0,0.0,0.0,0.0,0.0,-0.19194370372363762,-0.3585541805689027,-0.29040215417897125,-0.03171069822884376,-0.22192280643940296,-0.35541202019695123,True
2026-06-25 00:00:00+00:00,0.0,0.0,0.0,0.0,0.0,0.0,0.0,0.0,-0.19194370372363762,-0.3585541805689027,-0.29040215417897125,-0.03171069822884376,-0.22192280643940296,-0.35541202019695123,True
2026-06-26 00:00:00+00:00,0.0,0.0,0.0,0.0,0.0,0.0,0.0,0.0,-0.19194370372363762,-0.3585541805689027,-0.29040215417897125,-0.03171069822884376,-0.22192280643940296,-0.35541202019695123,True
2026-06-27 00:00:00+00:00,1.0,1.0,0.0,2.0,0.0,0.0,0.0,0.0,-0.025039889374653564,0.3021562398693136,-0.29040215417897125,-0.031405768132477314,-0.22192280643940296,-0.35541202019695123,True
2026-06-28 00:00:00+00:00,0.0,0.0,0.0,0.0,0.0,0.0,0.0,0.0,-0.19194370372363762,-0.3585541805689027,-0.29040215417897125,-0.03171069822884376,-0.22192280643940296,-0.35541202019695123,True
2026-06-29 00:00:00+00:00,0.0,0.0,0.0,0.0,0.0,0.0,0.0,0.0,-0.19194370372363762,-0.3585541805689027,-0.29040215417897125,-0.03171069822884376,-0.22192280643940296,-0.35541202019695123,True
2026-06-30 00:00:00+00:00,0.0,0.0,0.0,0.0,0.0,0.0,0.0,0.0,-0.19194370372363762,-0.3585541805689027,-0.29040215417897125,-0.03171069822884376,-0.22192280643940296,-0.35541202019695123,True
2026-07-01 00:00:00+00:00,0.0,0.0,0.0,0.0,0.0,0.0,0.0,0.0,-0.19194370372363762,-0.3585541805689027,-0.29040215417897125,-0.03171069822884376,-0.22192280643940296,-0.35541202019695123,True
2026-07-02 00:00:00+00:00,0.0,0.0,0.0,0.0,0.0,0.0,0.0,0.0,-0.19194370372363762,-0.3585541805689027,-0.29040215417897125,-0.03171069822884376,-0.22192280643940296,-0.35541202019695123,True
2026-07-03 00:00:00+00:00,0.0,0.0,0.0,0.0,0.0,0.0,0.0,0.0,-0.19194370372363762,-0.3585541805689027,-0.29040215417897125,-0.03171069822884376,-0.22192280643940296,-0.35541202019695123,True
2026-07-04 00:00:00+00:00,0.0,0.0,0.0,0.0,0.0,0.0,0.0,0.0,-0.19194370372363762,-0.3585541805689027,-0.29040215417897125,-0.03171069822884376,-0.22192280643940296,-0.35541202019695123,True
2026-07-05 00:00:00+00:00,0.0,0.0,0.0,0.0,0.0,0.0,0.0,0.0,-0.19194370372363762,-0.3585541805689027,-0.29040215417897125,-0.03171069822884376,-0.22192280643940296,-0.35541202019695123,True
2026-07-06 00:00:00+00:00,0.0,0.0,0.0,0.0,0.0,0.0,0.0,0.0,-0.19194370372363762,-0.3585541805689027,-0.29040215417897125,-0.03171069822884376,-0.22192280643940296,-0.35541202019695123,True
2026-07-07 00:00:00+00:00,0.0,0.0,0.0,0.0,0.0,0.0,0.0,0.0,-0.19194370372363762,-0.3585541805689027,-0.29040215417897125,-0.03171069822884376,-0.22192280643940296,-0.35541202019695123,True
2026-07-08 00:00:00+00:00,0.0,0.0,0.0,0.0,0.0,0.0,0.0,0.0,-0.19194370372363762,-0.3585541805689027,-0.29040215417897125,-0.03171069822884376,-0.22192280643940296,-0.35541202019695123,True
2026-07-09 00:00:00+00:00,0.0,0.0,0.0,0.0,0.0,0.0,0.0,0.0,-0.19194370372363762,-0.3585541805689027,-0.29040215417897125,-0.03171069822884376,-0.22192280643940296,-0.35541202019695123,True
2026-07-10 00:00:00+00:00,0.0,0.0,0.0,0.0,0.0,0.0,0.0,0.0,-0.19194370372363762,-0.3585541805689027,-0.29040215417897125,-0.03171069822884376,-0.22192280643940296,-0.35541202019695123,True
2026-07-11 00:00:00+00:00,0.0,0.0,0.0,0.0,0.0,0.0,0.0,0.0,-0.19194370372363762,-0.3585541805689027,-0.29040215417897125,-0.03171069822884376,-0.22192280643940296,-0.35541202019695123,True
2026-07-12 00:00:00+00:00,0.0,0.0,0.0,0.0,0.0,0.0,0.0,0.0,-0.19194370372363762,-0.3585541805689027,-0.29040215417897125,-0.03171069822884376,-0.22192280643940296,-0.35541202019695123,True
2026-07-13 00:00:00+00:00,0.0,0.0,0.0,0.0,0.0,0.0,0.0,0.0,-0.19194370372363762,-0.3585541805689027,-0.29040215417897125,-0.03171069822884376,-0.22192280643940296,-0.35541202019695123,True
2026-07-14 00:00:00+00:00,1.0,1.0,0.0,0.0,0.0,1.0,0.0,0.0,-0.025039889374653564,0.3021562398693136,-0.29040215417897125,-0.03171069822884376,-0.22192280643940296,-0.35541202019695123,True
2026-07-15 00:00:00+00:00,0.0,0.0,0.0,0.0,0.0,0.0,0.0,0.0,-0.19194370372363762,-0.3585541805689027,-0.29040215417897125,-0.03171069822884376,-0.22192280643940296,-0.35541202019695123,True
2026-07-16 00:00:00+00:00,0.0,0.0,0.0,0.0,0.0,0.0,0.0,0.0,-0.19194370372363762,-0.3585541805689027,-0.29040215417897125,-0.03171069822884376,-0.22192280643940296,-0.35541202019695123,True
2026-07-17 00:00:00+00:00,0.0,0.0,0.0,0.0,0.0,0.0,0.0,0.0,-0.19194370372363762,-0.3585541805689027,-0.29040215417897125,-0.03171069822884376,-0.22192280643940296,-0.35541202019695123,True
2026-07-18 00:00:00+00:00,0.0,0.0,0.0,0.0,0.0,0.0,0.0,0.0,-0.19194370372363762,-0.3585541805689027,-0.29040215417897125,-0.03171069822884376,-0.22192280643940296,-0.35541202019695123,True
2026-07-19 00:00:00+00:00,0.0,0.0,0.0,0.0,0.0,0.0,0.0,0.0,-0.19194370372363762,-0.3585541805689027,-0.29040215417897125,-0.03171069822884376,-0.22192280643940296,-0.35541202019695123,True
2026-07-20 00:00:00+00:00,1.0,1.0,1.0,1.0,0.0,0.0,0.0,1.0,-0.025039889374653564,0.3021562398693136,1.214550564394625,-0.03155823318066054,-0.22192280643940296,3.4536583104494114,True
2026-07-21 00:00:00+00:00,0.0,0.0,0.0,0.0,0.0,0.0,0.0,0.0,-0.19194370372363762,-0.3585541805689027,-0.29040215417897125,-0.03171069822884376,-0.22192280643940296,-0.35541202019695123,True
2026-07-22 00:00:00+00:00,0.0,0.0,0.0,0.0,0.0,0.0,0.0,0.0,-0.19194370372363762,-0.3585541805689027,-0.29040215417897125,-0.03171069822884376,-0.22192280643940296,-0.35541202019695123,True
2026-07-23 00:00:00+00:00,0.0,0.0,0.0,0.0,0.0,0.0,0.0,0.0,-0.19194370372363762,-0.3585541805689027,-0.29040215417897125,-0.03171069822884376,-0.22192280643940296,-0.35541202019695123,True
2026-07-24 00:00:00+00:00,0.0,0.0,0.0,0.0,0.0,0.0,0.0,0.0,-0.19194370372363762,-0.3585541805689027,-0.29040215417897125,-0.03171069822884376,-0.22192280643940296,-0.35541202019695123,True
2026-07-25 00:00:00+00:00,0.0,0.0,0.0,0.0,0.0,0.0,0.0,0.0,-0.19194370372363762,-0.3585541805689027,-0.29040215417897125,-0.03171069822884376,-0.22192280643940296,-0.35541202019695123,True
2026-07-26 00:00:00+00:00,0.0,0.0,0.0,0.0,0.0,0.0,0.0,0.0,-0.19194370372363762,-0.3585541805689027,-0.29040215417897125,-0.03171069822884376,-0.22192280643940296,-0.35541202019695123,True
2026-07-27 00:00:00+00:00,0.0,0.0,0.0,0.0,0.0,0.0,0.0,0.0,-0.19194370372363762,-0.3585541805689027,-0.29040215417897125,-0.03171069822884376,-0.22192280643940296,-0.35541202019695123,True
2026-07-28 00:00:00+00:00,0.0,0.0,0.0,0.0,0.0,0.0,0.0,0.0,-0.19194370372363762,-0.3585541805689027,-0.29040215417897125,-0.03171069822884376,-0.22192280643940296,-0.35541202019695123,True
2026-07-29 00:00:00+00:00,0.0,0.0,0.0,0.0,0.0,0.0,0.0,0.0,-0.19194370372363762,-0.3585541805689027,-0.29040215417897125,-0.03171069822884376,-0.22192280643940296,-0.35541202019695123,True
2026-07-30 00:00:00+00:00,0.0,0.0,0.0,0.0,0.0,0.0,0.0,0.0,-0.19194370372363762,-0.3585541805689027,-0.29040215417897125,-0.03171069822884376,-0.22192280643940296,-0.35541202019695123,True
2026-07-31 00:00:00+00:00,0.0,0.0,0.0,0.0,0.0,0.0,0.0,0.0,-0.19194370372363762,-0.3585541805689027,-0.29040215417897125,-0.03171069822884376,-0.22192280643940296,-0.35541202019695123,True
2026-08-01 00:00:00+00:00,0.0,0.0,0.0,0.0,0.0,0.0,0.0,0.0,-0.19194370372363762,-0.3585541805689027,-0.29040215417897125,-0.03171069822884376,-0.22192280643940296,-0.35541202019695123,True
2026-08-02 00:00:00+00:00,0.0,0.0,0.0,0.0,0.0,0.0,0.0,0.0,-0.19194370372363762,-0.3585541805689027,-0.29040215417897125,-0.03171069822884376,-0.22192280643940296,-0.35541202019695123,True
2026-08-03 00:00:00+00:00,0.0,0.0,0.0,0.0,0.0,0.0,0.0,0.0,-0.19194370372363762,-0.3585541805689027,-0.29040215417897125,-0.03171069822884376,-0.22192280643940296,-0.35541202019695123,True
2026-08-04 00:00:00+00:00,0.0,0.0,0.0,0.0,0.0,0.0,0.0,0.0,-0.19194370372363762,-0.3585541805689027,-0.29040215417897125,-0.03171069822884376,-0.22192280643940296,-0.35541202019695123,True
2026-08-05 00:00:00+00:00,0.0,0.0,0.0,0.0,0.0,0.0,0.0,0.0,-0.19194370372363762,-0.3585541805689027,-0.29040215417897125,-0.03171069822884376,-0.22192280643940296,-0.35541202019695123,True
2026-08-06 00:00:00+00:00,0.0,0.0,0.0,0.0,0.0,0.0,0.0,0.0,-0.19194370372363762,-0.3585541805689027,-0.29040215417897125,-0.03171069822884376,-0.22192280643940296,-0.35541202019695123,True
2026-08-07 00:00:00+00:00,0.0,0.0,0.0,0.0,0.0,0.0,0.0,0.0,-0.19194370372363762,-0.3585541805689027,-0.29040215417897125,-0.03171069822884376,-0.22192280643940296,-0.35541202019695123,True
2026-08-08 00:00:00+00:00,0.0,0.0,0.0,0.0,0.0,0.0,0.0,0.0,-0.19194370372363762,-0.3585541805689027,-0.29040215417897125,-0.03171069822884376,-0.22192280643940296,-0.35541202019695123,True
2026-08-09 00:00:00+00:00,0.0,0.0,0.0,0.0,0.0,0.0,0.0,0.0,-0.19194370372363762,-0.3585541805689027,-0.29040215417897125,-0.03171069822884376,-0.22192280643940296,-0.35541202019695123,True
2026-08-10 00:00:00+00:00,0.0,0.0,0.0,0.0,0.0,0.0,0.0,0.0,-0.19194370372363762,-0.3585541805689027,-0.29040215417897125,-0.03171069822884376,-0.22192280643940296,-0.35541202019695123,True
2026-08-11 00:00:00+00:00,0.0,0.0,0.0,0.0,0.0,0.0,0.0,0.0,-0.19194370372363762,-0.3585541805689027,-0.29040215417897125,-0.03171069822884376,-0.22192280643940296,-0.35541202019695123,True
2026-08-12 00:00:00+00:00,0.0,0.0,0.0,0.0,0.0,0.0,0.0,0.0,-0.19194370372363762,-0.3585541805689027,-0.29040215417897125,-0.03171069822884376,-0.22192280643940296,-0.35541202019695123,True
2026-08-13 00:00:00+00:00,0.0,0.0,0.0,0.0,0.0,0.0,0.0,0.0,-0.19194370372363762,-0.3585541805689027,-0.29040215417897125,-0.03171069822884376,-0.22192280643940296,-0.35541202019695123,True
2026-08-14 00:00:00+00:00,0.0,0.0,0.0,0.0,0.0,0.0,0.0,0.0,-0.19194370372363762,-0.3585541805689027,-0.29040215417897125,-0.03171069822884376,-0.22192280643940296,-0.35541202019695123,True
2026-08-15 00:00:00+00:00,0.0,0.0,0.0,0.0,0.0,0.0,0.0,0.0,-0.19194370372363762,-0.3585541805689027,-0.29040215417897125,-0.03171069822884376,-0.22192280643940296,-0.35541202019695123,True
2026-08-16 00:00:00+00:00,0.0,0.0,0.0,0.0,0.0,0.0,0.0,0.0,-0.19194370372363762,-0.3585541805689027,-0.29040215417897125,-0.03171069822884376,-0.22192280643940296,-0.35541202019695123,True
2026-08-17 00:00:00+00:00,2.0,2.0,1.0,10.0,0.5,0.0,0.0,0.5,0.14186392497433048,0.9628666603075299,1.214550564394625,-0.030186047747011564,4.290481659415155,1.54912314512623,True
2026-08-18 00:00:00+00:00,0.0,0.0,0.0,0.0,0.0,0.0,0.0,0.0,-0.19194370372363762,-0.3585541805689027,-0.29040215417897125,-0.03171069822884376,-0.22192280643940296,-0.35541202019695123,True
2026-08-19 00:00:00+00:00,0.0,0.0,0.0,0.0,0.0,0.0,0.0,0.0,-0.19194370372363762,-0.3585541805689027,-0.29040215417897125,-0.03171069822884376,-0.22192280643940296,-0.35541202019695123,True
2026-08-20 00:00:00+00:00,0.0,0.0,0.0,0.0,0.0,0.0,0.0,0.0,-0.19194370372363762,-0.3585541805689027,-0.29040215417897125,-0.03171069822884376,-0.22192280643940296,-0.35541202019695123,True
2026-08-21 00:00:00+00:00,1.0,1.0,0.0,1029.0,0.0,0.0,0.0,0.0,-0.025039889374653564,0.3021562398693136,-0.29040215417897125,0.125175836351689,-0.22192280643940296,-0.35541202019695123,True
2026-08-22 00:00:00+00:00,1.0,1.0,0.0,1029.0,1.0,0.0,0.0,0.0,-0.025039889374653564,0.3021562398693136,-0.29040215417897125,0.125175836351689,8.802886125269712,-0.35541202019695123,True
2026-08-23 00:00:00+00:00,0.0,0.0,0.0,0.0,0.0,0.0,0.0,0.0,-0.19194370372363762,-0.3585541805689027,-0.29040215417897125,-0.03171069822884376,-0.22192280643940296,-0.35541202019695123,True
2026-08-24 00:00:00+00:00,0.0,0.0,0.0,0.0,0.0,0.0,0.0,0.0,-0.19194370372363762,-0.3585541805689027,-0.29040215417897125,-0.03171069822884376,-0.22192280643940296,-0.35541202019695123,True
2026-08-25 00:00:00+00:00,0.0,0.0,0.0,0.0,0.0,0.0,0.0,0.0,-0.19194370372363762,-0.3585541805689027,-0.29040215417897125,-0.03171069822884376,-0.22192280643940296,-0.35541202019695123,True
2026-08-26 00:00:00+00:00,0.0,0.0,0.0,0.0,0.0,0.0,0.0,0.0,-0.19194370372363762,-0.3585541805689027,-0.29040215417897125,-0.03171069822884376,-0.22192280643940296,-0.35541202019695123,True
2026-08-27 00:00:00+00:00,0.0,0.0,0.0,0.0,0.0,0.0,0.0,0.0,-0.19194370372363762,-0.3585541805689027,-0.29040215417897125,-0.03171069822884376,-0.22192280643940296,-0.35541202019695123,True
2026-08-28 00:00:00+00:00,0.0,0.0,0.0,0.0,0.0,0.0,0.0,0.0,-0.19194370372363762,-0.3585541805689027,-0.29040215417897125,-0.03171069822884376,-0.22192280643940296,-0.35541202019695123,True
2026-08-29 00:00:00+00:00,0.0,0.0,0.0,0.0,0.0,0.0,0.0,0.0,-0.19194370372363762,-0.3585541805689027,-0.29040215417897125,-0.03171069822884376,-0.22192280643940296,-0.35541202019695123,True
2026-08-30 00:00:00+00:00,0.0,0.0,0.0,0.0,0.0,0.0,0.0,0.0,-0.19194370372363762,-0.3585541805689027,-0.29040215417897125,-0.03171069822884376,-0.22192280643940296,-0.35541202019695123,True
2026-08-31 00:00:00+00:00,0.0,0.0,0.0,0.0,0.0,0.0,0.0,0.0,-0.19194370372363762,-0.3585541805689027,-0.29040215417897125,-0.03171069822884376,-0.22192280643940296,-0.35541202019695123,True
2026-09-01 00:00:00+00:00,0.0,0.0,0.0,0.0,0.0,0.0,0.0,0.0,-0.19194370372363762,-0.3585541805689027,-0.29040215417897125,-0.03171069822884376,-0.22192280643940296,-0.35541202019695123,True
2026-09-02 00:00:00+00:00,0.0,0.0,0.0,0.0,0.0,0.0,0.0,0.0,-0.19194370372363762,-0.3585541805689027,-0.29040215417897125,-0.03171069822884376,-0.22192280643940296,-0.35541202019695123,True
2026-09-03 00:00:00+00:00,0.0,0.0,0.0,0.0,0.0,0.0,0.0,0.0,-0.19194370372363762,-0.3585541805689027,-0.29040215417897125,-0.03171069822884376,-0.22192280643940296,-0.35541202019695123,True
2026-09-04 00:00:00+00:00,0.0,0.0,0.0,0.0,0.0,0.0,0.0,0.0,-0.19194370372363762,-0.3585541805689027,-0.29040215417897125,-0.03171069822884376,-0.22192280643940296,-0.35541202019695123,True
2026-09-05 00:00:00+00:00,0.0,0.0,0.0,0.0,0.0,0.0,0.0,0.0,-0.19194370372363762,-0.3585541805689027,-0.29040215417897125,-0.03171069822884376,-0.22192280643940296,-0.35541202019695123,True
2026-09-06 00:00:00+00:00,0.0,0.0,0.0,0.0,0.0,0.0,0.0,0.0,-0.19194370372363762,-0.3585541805689027,-0.29040215417897125,-0.03171069822884376,-0.22192280643940296,-0.35541202019695123,True
2026-09-07 00:00:00+00:00,0.0,0.0,0.0,0.0,0.0,0.0,0.0,0.0,-0.19194370372363762,-0.3585541805689027,-0.29040215417897125,-0.03171069822884376,-0.22192280643940296,-0.35541202019695123,True
2026-09-08 00:00:00+00:00,0.0,0.0,0.0,0.0,0.0,0.0,0.0,0.0,-0.19194370372363762,-0.3585541805689027,-0.29040215417897125,-0.03171069822884376,-0.22192280643940296,-0.35541202019695123,True
2026-09-09 00:00:00+00:00,0.0,0.0,0.0,0.0,0.0,0.0,0.0,0.0,-0.19194370372363762,-0.3585541805689027,-0.29040215417897125,-0.03171069822884376,-0.22192280643940296,-0.35541202019695123,True
2026-09-10 00:00:00+00:00,2.0,2.0,2.0,0.0,0.5,0.0,0.0,1.0,0.14186392497433048,0.9628666603075299,2.7195032829682213,-0.03171069822884376,4.290481659415155,3.4536583104494114,True
2026-09-11 00:00:00+00:00,1.0,1.0,0.0,0.0,0.0,1.0,0.0,0.0,-0.025039889374653564,0.3021562398693136,-0.29040215417897125,-0.03171069822884376,-0.22192280643940296,-0.35541202019695123,True
2026-09-12 00:00:00+00:00,0.0,0.0,0.0,0.0,0.0,0.0,0.0,0.0,-0.19194370372363762,-0.3585541805689027,-0.29040215417897125,-0.03171069822884376,-0.22192280643940296,-0.35541202019695123,True
2026-09-13 00:00:00+00:00,0.0,0.0,0.0,0.0,0.0,0.0,0.0,0.0,-0.19194370372363762,-0.3585541805689027,-0.29040215417897125,-0.03171069822884376,-0.22192280643940296,-0.35541202019695123,True
2026-09-14 00:00:00+00:00,2.0,2.0,1.0,20.0,0.0,0.0,0.0,0.5,0.14186392497433048,0.9628666603075299,1.214550564394625,-0.02866139726517937,-0.22192280643940296,1.54912314512623,True
