timestamp,edits_count,unique_editors,new_editors,mean_edit_size,revert_rate,bot_edit_share,hidden_user_share,editor_churn,z_edits_count,z_unique_editors,z_new_editors,z_mean_edit_size,z_revert_rate,z_editor_churn,is_baseline,anomaly_score
2020-08-26 00:00:00+00:00,1.0,1.0,1.0,26.0,0.0,0.0,0.0,1.0,0.2330271670460012,0.6537725428661474,1.3434351273058398,-0.0382261283612662,-0.2494937901255431,3.848472299029357,True,1.277335225316605
2020-08-27 00:00:00+00:00,9.0,3.0,3.0,37.6,0.3333333333333333,0.4444444444444444,0.0,1.0,3.9917598270843695,2.584873793432961,4.588915864405514,-0.01852407742283,2.395274431374833,3.848472299029357,True,3.411835519162853
2020-08-28 00:00:00+00:00,6.0,4.0,4.0,3.0,0.5,0.0,0.0,1.0,2.5822350795699816,3.5504244187163683,6.211656232955352,-0.0772905397047173,3.717658542125021,3.848472299029357,True,3.382788640241453
2020-08-29 00:00:00+00:00,0.0,0.0,0.0,0.0,0.0,0.0,0.0,0.0,-0.2368144154587947,-0.3117780824172594,-0.2793052412439976,-0.082385897706037,-0.2494937901255431,-0.321664557897566,True,-0.26932425449396796
2020-08-30 00:00:00+00:00,2.0,2.0,1.0,3.0,0.5,0.0,0.0,0.5,0.7028687495507973,1.6193231681495543,1.3434351273058398,-0.0772905397047173,3.717658542125021,1.7634038705658954,True,2.0613103874139047
2020-08-31 00:00:00+00:00,0.0,0.0,0.0,0.0,0.0,0.0,0.0,0.0,-0.2368144154587947,-0.3117780824172594,-0.2793052412439976,-0.082385897706037,-0.2494937901255431,-0.321664557897566,True,-0.26932425449396796
2020-09-01 00:00:00+00:00,0.0,0.0,0.0,0.0,0.0,0.0,0.0,0.0,-0.2368144154587947,-0.3117780824172594,-0.2793052412439976,-0.082385897706037,-0.2494937901255431,-0.321664557897566,True,-0.26932425449396796
2020-09-02 00:00:00+00:00,0.0,0.0,0.0,0.0,0.0,0.0,0.0,0.0,-0.2368144154587947,-0.3117780824172594,-0.2793052412439976,-0.082385897706037,-0.2494937901255431,-0.321664557897566,True,-0.26932425449396796
2020-09-03 00:00:00+00:00,1.0,1.0,1.0,0.0,0.0,0.0,0.0,1.0,0.2330271670460012,0.6537725428661474,1.3434351273058398,-0.082385897706037,-0.2494937901255431,3.848472299029357,True,1.277335225316605
2020-09-04 00:00:00+00:00,0.0,0.0,0.0,0.0,0.0,0.0,0.0,0.0,-0.2368144154587947,-0.3117780824172594,-0.2793052412439976,-0.082385897706037,-0.2494937901255431,-0.321664557897566,True,-0.26932425449396796
2020-09-05 00:00:00+00:00,1.0,1.0,0.0,0.0,1.0,0.0,0.0,0.0,0.2330271670460012,0.6537725428661474,-0.2793052412439976,-0.082385897706037,7.684810874375585,-0.321664557897566,True,2.53205782784134
2020-09-06 00:00:00+00:00,0.0,0.0,0.0,0.0,0.0,0.0,0.0,0.0,-0.2368144154587947,-0.3117780824172594,-0.2793052412439976,-0.082385897706037,-0.2494937901255431,-0.321664557897566,True,-0.26932425449396796
2020-09-07 00:00:00+00:00,0.0,0.0,0.0,0.0,0.0,0.0,0.0,0.0,-0.2368144154587947,-0.3117780824172594,-0.2793052412439976,-0.082385897706037,-0.2494937901255431,-0.321664557897566,True,-0.26932425449396796
2020-09-08 00:00:00+00:00,0.0,0.0,0.0,0.0,0.0,0.0,0.0,0.0,-0.2368144154587947,-0.3117780824172594,-0.2793052412439976,-0.082385897706037,-0.2494937901255431,-0.321664557897566,True,-0.26932425449396796
2020-09-09 00:00:00+00:00,0.0,0.0,0.0,0.0,0.0,0.0,0.0,0.0,-0.2368144154587947,-0.3117780824172594,-0.2793052412439976,-0.082385897706037,-0.2494937901255431,-0.321664557897566,True,-0.26932425449396796
2020-09-10 00:00:00+00:00,0.0,0.0,0.0,0.0,0.0,0.0,0.0,0.0,-0.2368144154587947,-0.3117780824172594,-0.2793052412439976,-0.082385897706037,-0.2494937901255431,-0.321664557897566,True,-0.26932425449396796
2020-09-11 00:00:00+00:00,0.0,0.0,0.0,0.0,0.0,0.0,0.0,0.0,-0.2368144154587947,-0.3117780824172594,-0.2793052412439976,-0.082385897706037,-0.2494937901255431,-0.321664557897566,True,-0.26932425449396796
2020-09-12 00:00:00+00:00,0.0,0.0,0.0,0.0,0.0,0.0,0.0,0.0,-0.2368144154587947,-0.3117780824172594,-0.2793052412439976,-0.082385897706037,-0.2494937901255431,-0.321664557897566,True,-0.26932425449396796
2020-09-13 00:00:00+00:00,0.0,0.0,0.0,0.0,0.0,0.0,0.0,0.0,-0.2368144154587947,-0.3117780824172594,-0.2793052412439976,-0.082385897706037,-0.2494937901255431,-0.321664557897566,True,-0.26932425449396796
2020-09-14 00:00:00+00:00,0.0,0.0,0.0,0.0,0.0,0.0,0.0,0.0,-0.2368144154587947,-0.3117780824172594,-0.2793052412439976,-0.082385897706037,-0.2494937901255431,-0.321664557897566,True,-0.26932425449396796
2020-09-15 00:00:00+00:00,0.0,0.0,0.0,0.0,0.0,0.0,0.0,0.0,-0.2368144154587947,-0.3117780824172594,-0.2793052412439976,-0.082385897706037,-0.2494937901255431,-0.321664557897566,True,-0.26932425449396796
2020-09-16 00:00:00+00:00,1.0,1.0,1.0,0.0,0.0,1.0,0.0,1.0,0.2330271670460012,0.6537725428661474,1.3434351273058398,-0.082385897706037,-0.2494937901255431,3.848472299029357,True,1.277335225316605
2020-09-17 00:00:00+00:00,0.0,0.0,0.0,0.0,0.0,0.0,0.0,0.0,-0.2368144154587947,-0.3117780824172594,-0.2793052412439976,-0.082385897706037,-0.2494937901255431,-0.321664557897566,True,-0.26932425449396796
2020-09-18 00:00:00+00:00,0.0,0.0,0.0,0.0,0.0,0.0,0.0,0.0,-0.2368144154587947,-0.3117780824172594,-0.2793052412439976,-0.082385897706037,-0.2494937901255431,-0.321664557897566,True,-0.26932425449396796
2020-09-19 00:00:00+00:00,0.0,0.0,0.0,0.0,0.0,0.0,0.0,0.0,-0.2368144154587947,-0.3117780824172594,-0.2793052412439976,-0.082385897706037,-0.2494937901255431,-0.321664557897566,True,-0.26932425449396796
2020-09-20 00:00:00+00:00,0.0,0.0,0.0,0.0,0.0,0.0,0.0,0.0,-0.2368144154587947,-0.3117780824172594,-0.2793052412439976,-0.082385897706037,-0.2494937901255431,-0.321664557897566,True,-0.26932425449396796
2020-09-21 00:00:00+00:00,0.0,0.0,0.0,0.0,0.0,0.0,0.0,0.0,-0.2368144154587947,-0.3117780824172594,-0.2793052412439976,-0.082385897706037,-0.2494937901255431,-0.321664557897566,True,-0.26932425449396796
2020-09-22 00:00:00+00:00,0.0,0.0,0.0,0.0,0.0,0.0,0.0,0.0,-0.2368144154587947,-0.3117780824172594,-0.2793052412439976,-0.082385897706037,-0.2494937901255431,-0.321664557897566,True,-0.26932425449396796
2020-09-23 00:00:00+00:00,0.0,0.0,0.0,0.0,0.0,0.0,0.0,0.0,-0.2368144154587947,-0.3117780824172594,-0.2793052412439976,-0.082385897706037,-0.2494937901255431,-0.321664557897566,True,-0.26932425449396796
2020-09-24 00:00:00+00:00,0.0,0.0,0.0,0.0,0.0,0.0,0.0,0.0,-0.2368144154587947,-0.3117780824172594,-0.2793052412439976,-0.082385897706037,-0.2494937901255431,-0.321664557897566,True,-0.26932425449396796
2020-09-25 00:00:00+00:00,0.0,0.0,0.0,0.0,0.0,0.0,0.0,0.0,-0.2368144154587947,-0.3117780824172594,-0.2793052412439976,-0.082385897706037,-0.2494937901255431,-0.321664557897566,True,-0.26932425449396796
2020-09-26 00:00:00+00:00,0.0,0.0,0.0,0.0,0.0,0.0,0.0,0.0,-0.2368144154587947,-0.3117780824172594,-0.2793052412439976,-0.082385897706037,-0.2494937901255431,-0.321664557897566,True,-0.26932425449396796
2020-09-27 00:00:00+00:00,3.0,2.0,1.0,8816.333333333334,0.3333333333333333,0.0,0.0,0.5,1.1727103320555934,1.6193231681495543,1.3434351273058398,14.89173896639449,2.395274431374833,1.7634038705658954,True,1.7771295446654405
2020-09-28 00:00:00+00:00,0.0,0.0,0.0,0.0,0.0,0.0,0.0,0.0,-0.2368144154587947,-0.3117780824172594,-0.2793052412439976,-0.082385897706037,-0.2494937901255431,-0.321664557897566,True,-0.26932425449396796
2020-09-29 00:00:00+00:00,0.0,0.0,0.0,0.0,0.0,0.0,0.0,0.0,-0.2368144154587947,-0.3117780824172594,-0.2793052412439976,-0.082385897706037,-0.2494937901255431,-0.321664557897566,True,-0.26932425449396796
2020-09-30 00:00:00+00:00,0.0,0.0,0.0,0.0,0.0,0.0,0.0,0.0,-0.2368144154587947,-0.3117780824172594,-0.2793052412439976,-0.082385897706037,-0.2494937901255431,-0.321664557897566,True,-0.26932425449396796
2020-10-01 00:00:00+00:00,0.0,0.0,0.0,0.0,0.0,0.0,0.0,0.0,-0.2368144154587947,-0.3117780824172594,-0.2793052412439976,-0.082385897706037,-0.2494937901255431,-0.321664557897566,True,-0.26932425449396796
2020-10-02 00:00:00+00:00,0.0,0.0,0.0,0.0,0.0,0.0,0.0,0.0,-0.2368144154587947,-0.3117780824172594,-0.2793052412439976,-0.082385897706037,-0.2494937901255431,-0.321664557897566,True,-0.26932425449396796
2020-10-03 00:00:00+00:00,0.0,0.0,0.0,0.0,0.0,0.0,0.0,0.0,-0.2368144154587947,-0.3117780824172594,-0.2793052412439976,-0.082385897706037,-0.2494937901255431,-0.321664557897566,True,-0.26932425449396796
2020-10-04 00:00:00+00:00,0.0,0.0,0.0,0.0,0.0,0.0,0.0,0.0,-0.2368144154587947,-0.3117780824172594,-0.2793052412439976,-0.082385897706037,-0.2494937901255431,-0.321664557897566,True,-0.26932425449396796
2020-10-05 00:00:00+00:00,0.0,0.0,0.0,0.0,0.0,0.0,0.0,0.0,-0.2368144154587947,-0.3117780824172594,-0.2793052412439976,-0.082385897706037,-0.2494937901255431,-0.321664557897566,True,-0.26932425449396796
2020-10-06 00:00:00+00:00,0.0,0.0,0.0,0.0,0.0,0.0,0.0,0.0,-0.2368144154587947,-0.3117780824172594,-0.2793052412439976,-0.082385897706037,-0.2494937901255431,-0.321664557897566,True,-0.26932425449396796
2020-10-07 00:00:00+00:00,0.0,0.0,0.0,0.0,0.0,0.0,0.0,0.0,-0.2368144154587947,-0.3117780824172594,-0.2793052412439976,-0.082385897706037,-0.2494937901255431,-0.321664557897566,True,-0.26932425449396796
2020-10-08 00:00:00+00:00,0.0,0.0,0.0,0.0,0.0,0.0,0.0,0.0,-0.2368144154587947,-0.3117780824172594,-0.2793052412439976,-0.082385897706037,-0.2494937901255431,-0.321664557897566,True,-0.26932425449396796
2020-10-09 00:00:00+00:00,0.0,0.0,0.0,0.0,0.0,0.0,0.0,0.0,-0.2368144154587947,-0.3117780824172594,-0.2793052412439976,-0.082385897706037,-0.2494937901255431,-0.321664557897566,True,-0.26932425449396796
2020-10-10 00:00:00+00:00,0.0,0.0,0.0,0.0,0.0,0.0,0.0,0.0,-0.2368144154587947,-0.3117780824172594,-0.2793052412439976,-0.082385897706037,-0.2494937901255431,-0.321664557897566,True,-0.26932425449396796
2020-10-11 00:00:00+00:00,0.0,0.0,0.0,0.0,0.0,0.0,0.0,0.0,-0.2368144154587947,-0.3117780824172594,-0.2793052412439976,-0.082385897706037,-0.2494937901255431,-0.321664557897566,True,-0.26932425449396796
2020-10-12 00:00:00+00:00,0.0,0.0,0.0,0.0,0.0,0.0,0.0,0.0,-0.2368144154587947,-0.3117780824172594,-0.2793052412439976,-0.082385897706037,-0.2494937901255431,-0.321664557897566,True,-0.26932425449396796
2020-10-13 00:00:00+00:00,0.0,0.0,0.0,0.0,0.0,0.0,0.0,0.0,-0.2368144154587947,-0.3117780824172594,-0.2793052412439976,-0.082385897706037,-0.2494937901255431,-0.321664557897566,True,-0.26932425449396796
2020-10-14 00:00:00+00:00,0.0,0.0,0.0,0.0,0.0,0.0,0.0,0.0,-0.2368144154587947,-0.3117780824172594,-0.2793052412439976,-0.082385897706037,-0.2494937901255431,-0.321664557897566,True,-0.26932425449396796
2020-10-15 00:00:00+00:00,0.0,0.0,0.0,0.0,0.0,0.0,0.0,0.0,-0.2368144154587947,-0.3117780824172594,-0.2793052412439976,-0.082385897706037,-0.2494937901255431,-0.321664557897566,True,-0.26932425449396796
2020-10-16 00:00:00+00:00,0.0,0.0,0.0,0.0,0.0,0.0,0.0,0.0,-0.2368144154587947,-0.3117780824172594,-0.2793052412439976,-0.082385897706037,-0.2494937901255431,-0.321664557897566,True,-0.26932425449396796
2020-10-17 00:00:00+00:00,0.0,0.0,0.0,0.0,0.0,0.0,0.0,0.0,-0.2368144154587947,-0.3117780824172594,-0.2793052412439976,-0.082385897706037,-0.2494937901255431,-0.321664557897566,True,-0.26932425449396796
2020-10-18 00:00:00+00:00,0.0,0.0,0.0,0.0,0.0,0.0,0.0,0.0,-0.2368144154587947,-0.3117780824172594,-0.2793052412439976,-0.082385897706037,-0.2494937901255431,-0.321664557897566,True,-0.26932425449396796
2020-10-19 00:00:00+00:00,0.0,0.0,0.0,0.0,0.0,0.0,0.0,0.0,-0.2368144154587947,-0.3117780824172594,-0.2793052412439976,-0.082385897706037,-0.2494937901255431,-0.321664557897566,True,-0.26932425449396796
2020-10-20 00:00:00+00:00,0.0,0.0,0.0,0.0,0.0,0.0,0.0,0.0,-0.2368144154587947,-0.3117780824172594,-0.2793052412439976,-0.082385897706037,-0.2494937901255431,-0.321664557897566,True,-0.26932425449396796
2020-10-21 00:00:00+00:00,0.0,0.0,0.0,0.0,0.0,0.0,0.0,0.0,-0.2368144154587947,-0.3117780824172594,-0.2793052412439976,-0.082385897706037,-0.2494937901255431,-0.321664557897566,True,-0.26932425449396796
2020-10-22 00:00:00+00:00,0.0,0.0,0.0,0.0,0.0,0.0,0.0,0.0,-0.2368144154587947,-0.3117780824172594,-0.2793052412439976,-0.082385897706037,-0.2494937901255431,-0.321664557897566,True,-0.26932425449396796
2020-10-23 00:00:00+00:00,0.0,0.0,0.0,0.0,0.0,0.0,0.0,0.0,-0.2368144154587947,-0.3117780824172594,-0.2793052412439976,-0.082385897706037,-0.2494937901255431,-0.321664557897566,True,-0.26932425449396796
2020-10-24 00:00:00+00:00,0.0,0.0,0.0,0.0,0.0,0.0,0.0,0.0,-0.2368144154587947,-0.3117780824172594,-0.2793052412439976,-0.082385897706037,-0.2494937901255431,-0.321664557897566,True,-0.26932425449396796
2020-10-25 00:00:00+00:00,0.0,0.0,0.0,0.0,0.0,0.0,0.0,0.0,-0.2368144154587947,-0.3117780824172594,-0.2793052412439976,-0.082385897706037,-0.2494937901255431,-0.321664557897566,True,-0.26932425449396796
2020-10-26 00:00:00+00:00,0.0,0.0,0.0,0.0,0.0,0.0,0.0,0.0,-0.2368144154587947,-0.3117780824172594,-0.2793052412439976,-0.082385897706037,-0.2494937901255431,-0.321664557897566,True,-0.26932425449396796
2020-10-27 00:00:00+00:00,0.0,0.0,0.0,0.0,0.0,0.0,0.0,0.0,-0.2368144154587947,-0.3117780824172594,-0.2793052412439976,-0.082385897706037,-0.2494937901255431,-0.321664557897566,True,-0.26932425449396796
2020-10-28 00:00:00+00:00,0.0,0.0,0.0,0.0,0.0,0.0,0.0,0.0,-0.2368144154587947,-0.3117780824172594,-0.2793052412439976,-0.082385897706037,-0.2494937901255431,-0.321664557897566,True,-0.26932425449396796
2020-10-29 00:00:00+00:00,0.0,0.0,0.0,0.0,0.0,0.0,0.0,0.0,-0.2368144154587947,-0.3117780824172594,-0.2793052412439976,-0.082385897706037,-0.2494937901255431,-0.321664557897566,True,-0.26932425449396796
2020-10-30 00:00:00+00:00,1.0,1.0,1.0,20.0,0.0,0.0,0.0,1.0,0.2330271670460012,0.6537725428661474,1.3434351273058398,-0.0484168443639056,-0.2494937901255431,3.848472299029357,True,1.277335225316605
2020-10-31 00:00:00+00:00,0.0,0.0,0.0,0.0,0.0,0.0,0.0,0.0,-0.2368144154587947,-0.3117780824172594,-0.2793052412439976,-0.082385897706037,-0.2494937901255431,-0.321664557897566,True,-0.26932425449396796
2020-11-01 00:00:00+00:00,0.0,0.0,0.0,0.0,0.0,0.0,0.0,0.0,-0.2368144154587947,-0.3117780824172594,-0.2793052412439976,-0.082385897706037,-0.2494937901255431,-0.321664557897566,True,-0.26932425449396796
2020-11-02 00:00:00+00:00,0.0,0.0,0.0,0.0,0.0,0.0,0.0,0.0,-0.2368144154587947,-0.3117780824172594,-0.2793052412439976,-0.082385897706037,-0.2494937901255431,-0.321664557897566,True,-0.26932425449396796
2020-11-03 00:00:00+00:00,0.0,0.0,0.0,0.0,0.0,0.0,0.0,0.0,-0.2368144154587947,-0.3117780824172594,-0.2793052412439976,-0.082385897706037,-0.2494937901255431,-0.321664557897566,True,-0.26932425449396796
2020-11-04 00:00:00+00:00,0.0,0.0,0.0,0.0,0.0,0.0,0.0,0.0,-0.2368144154587947,-0.3117780824172594,-0.2793052412439976,-0.082385897706037,-0.2494937901255431,-0.321664557897566,True,-0.26932425449396796
2020-11-05 00:00:00+00:00,0.0,0.0,0.0,0.0,0.0,0.0,0.0,0.0,-0.2368144154587947,-0.3117780824172594,-0.2793052412439976,-0.082385897706037,-0.2494937901255431,-0.321664557897566,True,-0.26932425449396796
2020-11-06 00:00:00+00:00,0.0,0.0,0.0,0.0,0.0,0.0,0.0,0.0,-0.2368144154587947,-0.3117780824172594,-0.2793052412439976,-0.082385897706037,-0.2494937901255431,-0.321664557897566,True,-0.26932425449396796
2020-11-07 00:00:00+00:00,0.0,0.0,0.0,0.0,0.0,0.0,0.0,0.0,-0.2368144154587947,-0.3117780824172594,-0.2793052412439976,-0.082385897706037,-0.2494937901255431,-0.321664557897566,True,-0.26932425449396796
2020-11-08 00:00:00+00:00,0.0,0.0,0.0,0.0,0.0,0.0,0.0,0.0,-0.2368144154587947,-0.3117780824172594,-0.2793052412439976,-0.082385897706037,-0.2494937901255431,-0.321664557897566,True,-0.26932425449396796
2020-11-09 00:00:00+00:00,0.0,0.0,0.0,0.0,0.0,0.0,0.0,0.0,-0.2368144154587947,-0.3117780824172594,-0.2793052412439976,-0.082385897706037,-0.2494937901255431,-0.321664557897566,True,-0.26932425449396796
2020-11-10 00:00:00+00:00,0.0,0.0,0.0,0.0,0.0,0.0,0.0,0.0,-0.2368144154587947,-0.3117780824172594,-0.2793052412439976,-0.082385897706037,-0.2494937901255431,-0.321664557897566,True,-0.26932425449396796
2020-11-11 00:00:00+00:00,0.0,0.0,0.0,0.0,0.0,0.0,0.0,0.0,-0.2368144154587947,-0.3117780824172594,-0.2793052412439976,-0.082385897706037,-0.2494937901255431,-0.321664557897566,True,-0.26932425449396796
2020-11-12 00:00:00+00:00,0.0,0.0,0.0,0.0,0.0,0.0,0.0,0.0,-0.2368144154587947,-0.3117780824172594,-0.2793052412439976,-0.082385897706037,-0.2494937901255431,-0.321664557897566,True,-0.26932425449396796
2020-11-13 00:00:00+00:00,0.0,0.0,0.0,0.0,0.0,0.0,0.0,0.0,-0.2368144154587947,-0.3117780824172594,-0.2793052412439976,-0.082385897706037,-0.2494937901255431,-0.321664557897566,True,-0.26932425449396796
2020-11-14 00:00:00+00:00,1.0,1.0,0.0,17.0,0.0,0.0,0.0,0.0,0.2330271670460012,0.6537725428661474,-0.2793052412439976,-0.0535122023652253,-0.2494937901255431,-0.321664557897566,True,-0.11271039365903596
2020-11-15 00:00:00+00:00,0.0,0.0,0.0,0.0,0.0,0.0,0.0,0.0,-0.2368144154587947,-0.3117780824172594,-0.2793052412439976,-0.082385897706037,-0.2494937901255431,-0.321664557897566,True,-0.26932425449396796
2020-11-16 00:00:00+00:00,0.0,0.0,0.0,0.0,0.0,0.0,0.0,0.0,-0.2368144154587947,-0.3117780824172594,-0.2793052412439976,-0.082385897706037,-0.2494937901255431,-0.321664557897566,True,-0.26932425449396796
2020-11-17 00:00:00+00:00,0.0,0.0,0.0,0.0,0.0,0.0,0.0,0.0,-0.2368144154587947,-0.3117780824172594,-0.2793052412439976,-0.082385897706037,-0.2494937901255431,-0.321664557897566,True,-0.26932425449396796
2020-11-18 00:00:00+00:00,0.0,0.0,0.0,0.0,0.0,0.0,0.0,0.0,-0.2368144154587947,-0.3117780824172594,-0.2793052412439976,-0.082385897706037,-0.2494937901255431,-0.321664557897566,True,-0.26932425449396796
2020-11-19 00:00:00+00:00,0.0,0.0,0.0,0.0,0.0,0.0,0.0,0.0,-0.2368144154587947,-0.3117780824172594,-0.2793052412439976,-0.082385897706037,-0.2494937901255431,-0.321664557897566,True,-0.26932425449396796
2020-11-20 00:00:00+00:00,1.0,1.0,1.0,40.0,0.0,0.0,0.0,1.0,0.2330271670460012,0.6537725428661474,1.3434351273058398,-0.0144477910217743,-0.2494937901255431,3.848472299029357,True,1.277335225316605
2020-11-21 00:00:00+00:00,0.0,0.0,0.0,0.0,0.0,0.0,0.0,0.0,-0.2368144154587947,-0.3117780824172594,-0.2793052412439976,-0.082385897706037,-0.2494937901255431,-0.321664557897566,True,-0.26932425449396796
2020-11-22 00:00:00+00:00,0.0,0.0,0.0,0.0,0.0,0.0,0.0,0.0,-0.2368144154587947,-0.3117780824172594,-0.2793052412439976,-0.082385897706037,-0.2494937901255431,-0.321664557897566,True,-0.26932425449396796
2020-11-23 00:00:00+00:00,0.0,0.0,0.0,0.0,0.0,0.0,0.0,0.0,-0.2368144154587947,-0.3117780824172594,-0.2793052412439976,-0.082385897706037,-0.2494937901255431,-0.321664557897566,True,-0.26932425449396796
2020-11-24 00:00:00+00:00,0.0,0.0,0.0,0.0,0.0,0.0,0.0,0.0,-0.2368144154587947,-0.3117780824172594,-0.2793052412439976,-0.082385897706037,-0.2494937901255431,-0.321664557897566,True,-0.26932425449396796
2020-11-25 00:00:00+00:00,0.0,0.0,0.0,0.0,0.0,0.0,0.0,0.0,-0.2368144154587947,-0.3117780824172594,-0.2793052412439976,-0.082385897706037,-0.2494937901255431,-0.321664557897566,True,-0.26932425449396796
2020-11-26 00:00:00+00:00,0.0,0.0,0.0,0.0,0.0,0.0,0.0,0.0,-0.2368144154587947,-0.3117780824172594,-0.2793052412439976,-0.082385897706037,-0.2494937901255431,-0.321664557897566,True,-0.26932425449396796
2020-11-27 00:00:00+00:00,0.0,0.0,0.0,0.0,0.0,0.0,0.0,0.0,-0.2368144154587947,-0.3117780824172594,-0.2793052412439976,-0.082385897706037,-0.2494937901255431,-0.321664557897566,True,-0.26932425449396796
2020-11-28 00:00:00+00:00,0.0,0.0,0.0,0.0,0.0,0.0,0.0,0.0,-0.2368144154587947,-0.3117780824172594,-0.2793052412439976,-0.082385897706037,-0.2494937901255431,-0.321664557897566,True,-0.26932425449396796
2020-11-29 00:00:00+00:00,0.0,0.0,0.0,0.0,0.0,0.0,0.0,0.0,-0.2368144154587947,-0.3117780824172594,-0.2793052412439976,-0.082385897706037,-0.2494937901255431,-0.321664557897566,True,-0.26932425449396796
2020-11-30 00:00:00+00:00,0.0,0.0,0.0,0.0,0.0,0.0,0.0,0.0,-0.2368144154587947,-0.3117780824172594,-0.2793052412439976,-0.082385897706037,-0.2494937901255431,-0.321664557897566,True,-0.26932425449396796
2020-12-01 00:00:00+00:00,0.0,0.0,0.0,0.0,0.0,0.0,0.0,0.0,-0.2368144154587947,-0.3117780824172594,-0.2793052412439976,-0.082385897706037,-0.2494937901255431,-0.321664557897566,True,-0.26932425449396796
2020-12-02 00:00:00+00:00,0.0,0.0,0.0,0.0,0.0,0.0,0.0,0.0,-0.2368144154587947,-0.3117780824172594,-0.2793052412439976,-0.082385897706037,-0.2494937901255431,-0.321664557897566,True,-0.26932425449396796
2020-12-03 00:00:00+00:00,0.0,0.0,0.0,0.0,0.0,0.0,0.0,0.0,-0.2368144154587947,-0.3117780824172594,-0.2793052412439976,-0.082385897706037,-0.2494937901255431,-0.321664557897566,True,-0.26932425449396796
2020-12-04 00:00:00+00:00,0.0,0.0,0.0,0.0,0.0,0.0,0.0,0.0,-0.2368144154587947,-0.3117780824172594,-0.2793052412439976,-0.082385897706037,-0.2494937901255431,-0.321664557897566,True,-0.26932425449396796
2020-12-05 00:00:00+00:00,0.0,0.0,0.0,0.0,0.0,0.0,0.0,0.0,-0.2368144154587947,-0.3117780824172594,-0.2793052412439976,-0.082385897706037,-0.2494937901255431,-0.321664557897566,True,-0.26932425449396796
2020-12-06 00:00:00+00:00,0.0,0.0,0.0,0.0,0.0,0.0,0.0,0.0,-0.2368144154587947,-0.3117780824172594,-0.2793052412439976,-0.082385897706037,-0.2494937901255431,-0.321664557897566,True,-0.26932425449396796
2020-12-07 00:00:00+00:00,0.0,0.0,0.0,0.0,0.0,0.0,0.0,0.0,-0.2368144154587947,-0.3117780824172594,-0.2793052412439976,-0.082385897706037,-0.2494937901255431,-0.321664557897566,True,-0.26932425449396796
2020-12-08 00:00:00+00:00,0.0,0.0,0.0,0.0,0.0,0.0,0.0,0.0,-0.2368144154587947,-0.3117780824172594,-0.2793052412439976,-0.082385897706037,-0.2494937901255431,-0.321664557897566,True,-0.26932425449396796
2020-12-09 00:00:00+00:00,0.0,0.0,0.0,0.0,0.0,0.0,0.0,0.0,-0.2368144154587947,-0.3117780824172594,-0.2793052412439976,-0.082385897706037,-0.2494937901255431,-0.321664557897566,True,-0.26932425449396796
2020-12-10 00:00:00+00:00,0.0,0.0,0.0,0.0,0.0,0.0,0.0,0.0,-0.2368144154587947,-0.3117780824172594,-0.2793052412439976,-0.082385897706037,-0.2494937901255431,-0.321664557897566,True,-0.26932425449396796
2020-12-11 00:00:00+00:00,0.0,0.0,0.0,0.0,0.0,0.0,0.0,0.0,-0.2368144154587947,-0.3117780824172594,-0.2793052412439976,-0.082385897706037,-0.2494937901255431,-0.321664557897566,True,-0.26932425449396796
2020-12-12 00:00:00+00:00,0.0,0.0,0.0,0.0,0.0,0.0,0.0,0.0,-0.2368144154587947,-0.3117780824172594,-0.2793052412439976,-0.082385897706037,-0.2494937901255431,-0.321664557897566,True,-0.26932425449396796
2020-12-13 00:00:00+00:00,0.0,0.0,0.0,0.0,0.0,0.0,0.0,0.0,-0.2368144154587947,-0.3117780824172594,-0.2793052412439976,-0.082385897706037,-0.2494937901255431,-0.321664557897566,True,-0.26932425449396796
2020-12-14 00:00:00+00:00,0.0,0.0,0.0,0.0,0.0,0.0,0.0,0.0,-0.2368144154587947,-0.3117780824172594,-0.2793052412439976,-0.082385897706037,-0.2494937901255431,-0.321664557897566,True,-0.26932425449396796
2020-12-15 00:00:00+00:00,0.0,0.0,0.0,0.0,0.0,0.0,0.0,0.0,-0.2368144154587947,-0.3117780824172594,-0.2793052412439976,-0.082385897706037,-0.2494937901255431,-0.321664557897566,True,-0.26932425449396796
2020-12-16 00:00:00+00:00,0.0,0.0,0.0,0.0,0.0,0.0,0.0,0.0,-0.2368144154587947,-0.3117780824172594,-0.2793052412439976,-0.082385897706037,-0.2494937901255431,-0.321664557897566,True,-0.26932425449396796
2020-12-17 00:00:00+00:00,0.0,0.0,0.0,0.0,0.0,0.0,0.0,0.0,-0.2368144154587947,-0.3117780824172594,-0.2793052412439976,-0.082385897706037,-0.2494937901255431,-0.321664557897566,True,-0.26932425449396796
2020-12-18 00:00:00+00:00,0.0,0.0,0.0,0.0,0.0,0.0,0.0,0.0,-0.2368144154587947,-0.3117780824172594,-0.2793052412439976,-0.082385897706037,-0.2494937901255431,-0.321664557897566,True,-0.26932425449396796
2020-12-19 00:00:00+00:00,0.0,0.0,0.0,0.0,0.0,0.0,0.0,0.0,-0.2368144154587947,-0.3117780824172594,-0.2793052412439976,-0.082385897706037,-0.2494937901255431,-0.321664557897566,True,-0.26932425449396796
2020-12-20 00:00:00+00:00,0.0,0.0,0.0,0.0,0.0,0.0,0.0,0.0,-0.2368144154587947,-0.3117780824172594,-0.2793052412439976,-0.082385897706037,-0.2494937901255431,-0.321664557897566,True,-0.26932425449396796
2020-12-21 00:00:00+00:00,0.0,0.0,0.0,0.0,0.0,0.0,0.0,0.0,-0.2368144154587947,-0.3117780824172594,-0.2793052412439976,-0.082385897706037,-0.2494937901255431,-0.321664557897566,True,-0.26932425449396796
2020-12-22 00:00:00+00:00,0.0,0.0,0.0,0.0,0.0,0.0,0.0,0.0,-0.2368144154587947,-0.3117780824172594,-0.2793052412439976,-0.082385897706037,-0.2494937901255431,-0.321664557897566,True,-0.26932425449396796
2020-12-23 00:00:00+00:00,0.0,0.0,0.0,0.0,0.0,0.0,0.0,0.0,-0.2368144154587947,-0.3117780824172594,-0.2793052412439976,-0.082385897706037,-0.2494937901255431,-0.321664557897566,True,-0.26932425449396796
2020-12-24 00:00:00+00:00,0.0,0.0,0.0,0.0,0.0,0.0,0.0,0.0,-0.2368144154587947,-0.3117780824172594,-0.2793052412439976,-0.082385897706037,-0.2494937901255431,-0.321664557897566,True,-0.26932425449396796
2020-12-25 00:00:00+00:00,0.0,0.0,0.0,0.0,0.0,0.0,0.0,0.0,-0.2368144154587947,-0.3117780824172594,-0.2793052412439976,-0.082385897706037,-0.2494937901255431,-0.321664557897566,True,-0.26932425449396796
2020-12-26 00:00:00+00:00,0.0,0.0,0.0,0.0,0.0,0.0,0.0,0.0,-0.2368144154587947,-0.3117780824172594,-0.2793052412439976,-0.082385897706037,-0.2494937901255431,-0.321664557897566,True,-0.26932425449396796
2020-12-27 00:00:00+00:00,0.0,0.0,0.0,0.0,0.0,0.0,0.0,0.0,-0.2368144154587947,-0.3117780824172594,-0.2793052412439976,-0.082385897706037,-0.2494937901255431,-0.321664557897566,True,-0.26932425449396796
2020-12-28 00:00:00+00:00,0.0,0.0,0.0,0.0,0.0,0.0,0.0,0.0,-0.2368144154587947,-0.3117780824172594,-0.2793052412439976,-0.082385897706037,-0.2494937901255431,-0.321664557897566,True,-0.26932425449396796
2020-12-29 00:00:00+00:00,0.0,0.0,0.0,0.0,0.0,0.0,0.0,0.0,-0.2368144154587947,-0.3117780824172594,-0.2793052412439976,-0.082385897706037,-0.2494937901255431,-0.321664557897566,True,-0.26932425449396796
2020-12-30 00:00:00+00:00,0.0,0.0,0.0,0.0,0.0,0.0,0.0,0.0,-0.2368144154587947,-0.3117780824172594,-0.2793052412439976,-0.082385897706037,-0.2494937901255431,-0.321664557897566,True,-0.26932425449396796
2020-12-31 00:00:00+00:00,0.0,0.0,0.0,0.0,0.0,0.0,0.0,0.0,-0.2368144154587947,-0.3117780824172594,-0.2793052412439976,-0.082385897706037,-0.2494937901255431,-0.321664557897566,True,-0.26932425449396796
2021-01-01 00:00:00+00:00,0.0,0.0,0.0,0.0,0.0,0.0,0.0,0.0,-0.2368144154587947,-0.3117780824172594,-0.2793052412439976,-0.082385897706037,-0.2494937901255431,-0.321664557897566,True,-0.26932425449396796
2021-01-02 00:00:00+00:00,0.0,0.0,0.0,0.0,0.0,0.0,0.0,0.0,-0.2368144154587947,-0.3117780824172594,-0.2793052412439976,-0.082385897706037,-0.2494937901255431,-0.321664557897566,True,-0.26932425449396796
2021-01-03 00:00:00+00:00,0.0,0.0,0.0,0.0,0.0,0.0,0.0,0.0,-0.2368144154587947,-0.3117780824172594,-0.2793052412439976,-0.082385897706037,-0.2494937901255431,-0.321664557897566,True,-0.26932425449396796
2021-01-04 00:00:00+00:00,0.0,0.0,0.0,0.0,0.0,0.0,0.0,0.0,-0.2368144154587947,-0.3117780824172594,-0.2793052412439976,-0.082385897706037,-0.2494937901255431,-0.321664557897566,True,-0.26932425449396796
2021-01-05 00:00:00+00:00,0.0,0.0,0.0,0.0,0.0,0.0,0.0,0.0,-0.2368144154587947,-0.3117780824172594,-0.2793052412439976,-0.082385897706037,-0.2494937901255431,-0.321664557897566,True,-0.26932425449396796
2021-01-06 00:00:00+00:00,0.0,0.0,0.0,0.0,0.0,0.0,0.0,0.0,-0.2368144154587947,-0.3117780824172594,-0.2793052412439976,-0.082385897706037,-0.2494937901255431,-0.321664557897566,True,-0.26932425449396796
2021-01-07 00:00:00+00:00,0.0,0.0,0.0,0.0,0.0,0.0,0.0,0.0,-0.2368144154587947,-0.3117780824172594,-0.2793052412439976,-0.082385897706037,-0.2494937901255431,-0.321664557897566,True,-0.26932425449396796
2021-01-08 00:00:00+00:00,0.0,0.0,0.0,0.0,0.0,0.0,0.0,0.0,-0.2368144154587947,-0.3117780824172594,-0.2793052412439976,-0.082385897706037,-0.2494937901255431,-0.321664557897566,True,-0.26932425449396796
2021-01-09 00:00:00+00:00,0.0,0.0,0.0,0.0,0.0,0.0,0.0,0.0,-0.2368144154587947,-0.3117780824172594,-0.2793052412439976,-0.082385897706037,-0.2494937901255431,-0.321664557897566,True,-0.26932425449396796
2021-01-10 00:00:00+00:00,0.0,0.0,0.0,0.0,0.0,0.0,0.0,0.0,-0.2368144154587947,-0.3117780824172594,-0.2793052412439976,-0.082385897706037,-0.2494937901255431,-0.321664557897566,True,-0.26932425449396796
2021-01-11 00:00:00+00:00,0.0,0.0,0.0,0.0,0.0,0.0,0.0,0.0,-0.2368144154587947,-0.3117780824172594,-0.2793052412439976,-0.082385897706037,-0.2494937901255431,-0.321664557897566,True,-0.26932425449396796
2021-01-12 00:00:00+00:00,0.0,0.0,0.0,0.0,0.0,0.0,0.0,0.0,-0.2368144154587947,-0.3117780824172594,-0.2793052412439976,-0.082385897706037,-0.2494937901255431,-0.321664557897566,True,-0.26932425449396796
2021-01-13 00:00:00+00:00,0.0,0.0,0.0,0.0,0.0,0.0,0.0,0.0,-0.2368144154587947,-0.3117780824172594,-0.2793052412439976,-0.082385897706037,-0.2494937901255431,-0.321664557897566,True,-0.26932425449396796
2021-01-14 00:00:00+00:00,0.0,0.0,0.0,0.0,0.0,0.0,0.0,0.0,-0.2368144154587947,-0.3117780824172594,-0.2793052412439976,-0.082385897706037,-0.2494937901255431,-0.321664557897566,True,-0.26932425449396796
2021-01-15 00:00:00+00:00,0.0,0.0,0.0,0.0,0.0,0.0,0.0,0.0,-0.2368144154587947,-0.3117780824172594,-0.2793052412439976,-0.082385897706037,-0.2494937901255431,-0.321664557897566,True,-0.26932425449396796
2021-01-16 00:00:00+00:00,2.0,2.0,1.0,41.0,0.5,0.0,0.0,0.5,0.7028687495507973,1.6193231681495543,1.3434351273058398,-0.0127493383546677,3.717658542125021,1.7634038705658954,True,2.0613103874139047
2021-01-17 00:00:00+00:00,0.0,0.0,0.0,0.0,0.0,0.0,0.0,0.0,-0.2368144154587947,-0.3117780824172594,-0.2793052412439976,-0.082385897706037,-0.2494937901255431,-0.321664557897566,True,-0.26932425449396796
2021-01-18 00:00:00+00:00,0.0,0.0,0.0,0.0,0.0,0.0,0.0,0.0,-0.2368144154587947,-0.3117780824172594,-0.2793052412439976,-0.082385897706037,-0.2494937901255431,-0.321664557897566,True,-0.26932425449396796
2021-01-19 00:00:00+00:00,0.0,0.0,0.0,0.0,0.0,0.0,0.0,0.0,-0.2368144154587947,-0.3117780824172594,-0.2793052412439976,-0.082385897706037,-0.2494937901255431,-0.321664557897566,True,-0.26932425449396796
2021-01-20 00:00:00+00:00,0.0,0.0,0.0,0.0,0.0,0.0,0.0,0.0,-0.2368144154587947,-0.3117780824172594,-0.2793052412439976,-0.082385897706037,-0.2494937901255431,-0.321664557897566,True,-0.26932425449396796
2021-01-21 00:00:00+00:00,0.0,0.0,0.0,0.0,0.0,0.0,0.0,0.0,-0.2368144154587947,-0.3117780824172594,-0.2793052412439976,-0.082385897706037,-0.2494937901255431,-0.321664557897566,True,-0.26932425449396796
2021-01-22 00:00:00+00:00,0.0,0.0,0.0,0.0,0.0,0.0,0.0,0.0,-0.2368144154587947,-0.3117780824172594,-0.2793052412439976,-0.082385897706037,-0.2494937901255431,-0.321664557897566,True,-0.26932425449396796
2021-01-23 00:00:00+00:00,0.0,0.0,0.0,0.0,0.0,0.0,0.0,0.0,-0.2368144154587947,-0.3117780824172594,-0.2793052412439976,-0.082385897706037,-0.2494937901255431,-0.321664557897566,True,-0.26932425449396796
2021-01-24 00:00:00+00:00,0.0,0.0,0.0,0.0,0.0,0.0,0.0,0.0,-0.2368144154587947,-0.3117780824172594,-0.2793052412439976,-0.082385897706037,-0.2494937901255431,-0.321664557897566,True,-0.26932425449396796
2021-01-25 00:00:00+00:00,0.0,0.0,0.0,0.0,0.0,0.0,0.0,0.0,-0.2368144154587947,-0.3117780824172594,-0.2793052412439976,-0.082385897706037,-0.2494937901255431,-0.321664557897566,True,-0.26932425449396796
2021-01-26 00:00:00+00:00,0.0,0.0,0.0,0.0,0.0,0.0,0.0,0.0,-0.2368144154587947,-0.3117780824172594,-0.2793052412439976,-0.082385897706037,-0.2494937901255431,-0.321664557897566,True,-0.26932425449396796
2021-01-27 00:00:00+00:00,0.0,0.0,0.0,0.0,0.0,0.0,0.0,0.0,-0.2368144154587947,-0.3117780824172594,-0.2793052412439976,-0.082385897706037,-0.2494937901255431,-0.321664557897566,True,-0.26932425449396796
2021-01-28 00:00:00+00:00,0.0,0.0,0.0,0.0,0.0,0.0,0.0,0.0,-0.2368144154587947,-0.3117780824172594,-0.2793052412439976,-0.082385897706037,-0.2494937901255431,-0.321664557897566,True,-0.26932425449396796
2021-01-29 00:00:00+00:00,0.0,0.0,0.0,0.0,0.0,0.0,0.0,0.0,-0.2368144154587947,-0.3117780824172594,-0.2793052412439976,-0.082385897706037,-0.2494937901255431,-0.321664557897566,True,-0.26932425449396796
2021-01-30 00:00:00+00:00,1.0,1.0,1.0,17.0,0.0,0.0,0.0,1.0,0.2330271670460012,0.6537725428661474,1.3434351273058398,-0.0535122023652253,-0.2494937901255431,3.848472299029357,True,1.277335225316605
2021-01-31 00:00:00+00:00,0.0,0.0,0.0,0.0,0.0,0.0,0.0,0.0,-0.2368144154587947,-0.3117780824172594,-0.2793052412439976,-0.082385897706037,-0.2494937901255431,-0.321664557897566,True,-0.26932425449396796
2021-02-01 00:00:00+00:00,0.0,0.0,0.0,0.0,0.0,0.0,0.0,0.0,-0.2368144154587947,-0.3117780824172594,-0.2793052412439976,-0.082385897706037,-0.2494937901255431,-0.321664557897566,True,-0.26932425449396796
2021-02-02 00:00:00+00:00,0.0,0.0,0.0,0.0,0.0,0.0,0.0,0.0,-0.2368144154587947,-0.3117780824172594,-0.2793052412439976,-0.082385897706037,-0.2494937901255431,-0.321664557897566,True,-0.26932425449396796
2021-02-03 00:00:00+00:00,0.0,0.0,0.0,0.0,0.0,0.0,0.0,0.0,-0.2368144154587947,-0.3117780824172594,-0.2793052412439976,-0.082385897706037,-0.2494937901255431,-0.321664557897566,True,-0.26932425449396796
2021-02-04 00:00:00+00:00,0.0,0.0,0.0,0.0,0.0,0.0,0.0,0.0,-0.2368144154587947,-0.3117780824172594,-0.2793052412439976,-0.082385897706037,-0.2494937901255431,-0.321664557897566,True,-0.26932425449396796
2021-02-05 00:00:00+00:00,0.0,0.0,0.0,0.0,0.0,0.0,0.0,0.0,-0.2368144154587947,-0.3117780824172594,-0.2793052412439976,-0.082385897706037,-0.2494937901255431,-0.321664557897566,True,-0.26932425449396796
2021-02-06 00:00:00+00:00,0.0,0.0,0.0,0.0,0.0,0.0,0.0,0.0,-0.2368144154587947,-0.3117780824172594,-0.2793052412439976,-0.082385897706037,-0.2494937901255431,-0.321664557897566,True,-0.26932425449396796
2021-02-07 00:00:00+00:00,0.0,0.0,0.0,0.0,0.0,0.0,0.0,0.0,-0.2368144154587947,-0.3117780824172594,-0.2793052412439976,-0.082385897706037,-0.2494937901255431,-0.321664557897566,True,-0.26932425449396796
2021-02-08 00:00:00+00:00,0.0,0.0,0.0,0.0,0.0,0.0,0.0,0.0,-0.2368144154587947,-0.3117780824172594,-0.2793052412439976,-0.082385897706037,-0.2494937901255431,-0.321664557897566,True,-0.26932425449396796
2021-02-09 00:00:00+00:00,0.0,0.0,0.0,0.0,0.0,0.0,0.0,0.0,-0.2368144154587947,-0.3117780824172594,-0.2793052412439976,-0.082385897706037,-0.2494937901255431,-0.321664557897566,True,-0.26932425449396796
2021-02-10 00:00:00+00:00,0.0,0.0,0.0,0.0,0.0,0.0,0.0,0.0,-0.2368144154587947,-0.3117780824172594,-0.2793052412439976,-0.082385897706037,-0.2494937901255431,-0.321664557897566,True,-0.26932425449396796
2021-02-11 00:00:00+00:00,0.0,0.0,0.0,0.0,0.0,0.0,0.0,0.0,-0.2368144154587947,-0.3117780824172594,-0.2793052412439976,-0.082385897706037,-0.2494937901255431,-0.321664557897566,True,-0.26932425449396796
2021-02-12 00:00:00+00:00,0.0,0.0,0.0,0.0,0.0,0.0,0.0,0.0,-0.2368144154587947,-0.3117780824172594,-0.2793052412439976,-0.082385897706037,-0.2494937901255431,-0.321664557897566,True,-0.26932425449396796
2021-02-13 00:00:00+00:00,0.0,0.0,0.0,0.0,0.0,0.0,0.0,0.0,-0.2368144154587947,-0.3117780824172594,-0.2793052412439976,-0.082385897706037,-0.2494937901255431,-0.321664557897566,True,-0.26932425449396796
2021-02-14 00:00:00+00:00,0.0,0.0,0.0,0.0,0.0,0.0,0.0,0.0,-0.2368144154587947,-0.3117780824172594,-0.2793052412439976,-0.082385897706037,-0.2494937901255431,-0.321664557897566,True,-0.26932425449396796
2021-02-15 00:00:00+00:00,0.0,0.0,0.0,0.0,0.0,0.0,0.0,0.0,-0.2368144154587947,-0.3117780824172594,-0.2793052412439976,-0.082385897706037,-0.2494937901255431,-0.321664557897566,True,-0.26932425449396796
2021-02-16 00:00:00+00:00,0.0,0.0,0.0,0.0,0.0,0.0,0.0,0.0,-0.2368144154587947,-0.3117780824172594,-0.2793052412439976,-0.082385897706037,-0.2494937901255431,-0.321664557897566,True,-0.26932425449396796
2021-02-17 00:00:00+00:00,0.0,0.0,0.0,0.0,0.0,0.0,0.0,0.0,-0.2368144154587947,-0.3117780824172594,-0.2793052412439976,-0.082385897706037,-0.2494937901255431,-0.321664557897566,True,-0.26932425449396796
2021-02-18 00:00:00+00:00,0.0,0.0,0.0,0.0,0.0,0.0,0.0,0.0,-0.2368144154587947,-0.3117780824172594,-0.2793052412439976,-0.082385897706037,-0.2494937901255431,-0.321664557897566,True,-0.26932425449396796
2021-02-19 00:00:00+00:00,0.0,0.0,0.0,0.0,0.0,0.0,0.0,0.0,-0.2368144154587947,-0.3117780824172594,-0.2793052412439976,-0.082385897706037,-0.2494937901255431,-0.321664557897566,True,-0.26932425449396796
2021-02-20 00:00:00+00:00,0.0,0.0,0.0,0.0,0.0,0.0,0.0,0.0,-0.2368144154587947,-0.3117780824172594,-0.2793052412439976,-0.082385897706037,-0.2494937901255431,-0.321664557897566,True,-0.26932425449396796
2021-02-21 00:00:00+00:00,0.0,0.0,0.0,0.0,0.0,0.0,0.0,0.0,-0.2368144154587947,-0.3117780824172594,-0.2793052412439976,-0.082385897706037,-0.2494937901255431,-0.321664557897566,True,-0.26932425449396796
2021-02-22 00:00:00+00:00,0.0,0.0,0.0,0.0,0.0,0.0,0.0,0.0,-0.2368144154587947,-0.3117780824172594,-0.2793052412439976,-0.082385897706037,-0.2494937901255431,-0.321664557897566,True,-0.26932425449396796
2021-02-23 00:00:00+00:00,0.0,0.0,0.0,0.0,0.0,0.0,0.0,0.0,-0.2368144154587947,-0.3117780824172594,-0.2793052412439976,-0.082385897706037,-0.2494937901255431,-0.321664557897566,True,-0.26932425449396796
2021-02-24 00:00:00+00:00,0.0,0.0,0.0,0.0,0.0,0.0,0.0,0.0,-0.2368144154587947,-0.3117780824172594,-0.2793052412439976,-0.082385897706037,-0.2494937901255431,-0.321664557897566,True,-0.26932425449396796
2021-02-25 00:00:00+00:00,0.0,0.0,0.0,0.0,0.0,0.0,0.0,0.0,-0.2368144154587947,-0.3117780824172594,-0.2793052412439976,-0.082385897706037,-0.2494937901255431,-0.321664557897566,True,-0.26932425449396796
2021-02-26 00:00:00+00:00,0.0,0.0,0.0,0.0,0.0,0.0,0.0,0.0,-0.2368144154587947,-0.3117780824172594,-0.2793052412439976,-0.082385897706037,-0.2494937901255431,-0.321664557897566,True,-0.26932425449396796
2021-02-27 00:00:00+00:00,0.0,0.0,0.0,0.0,0.0,0.0,0.0,0.0,-0.2368144154587947,-0.3117780824172594,-0.2793052412439976,-0.082385897706037,-0.2494937901255431,-0.321664557897566,True,-0.26932425449396796
2021-02-28 00:00:00+00:00,0.0,0.0,0.0,0.0,0.0,0.0,0.0,0.0,-0.2368144154587947,-0.3117780824172594,-0.2793052412439976,-0.082385897706037,-0.2494937901255431,-0.321664557897566,True,-0.26932425449396796
2021-03-01 00:00:00+00:00,0.0,0.0,0.0,0.0,0.0,0.0,0.0,0.0,-0.2368144154587947,-0.3117780824172594,-0.2793052412439976,-0.082385897706037,-0.2494937901255431,-0.321664557897566,True,-0.26932425449396796
2021-03-02 00:00:00+00:00,0.0,0.0,0.0,0.0,0.0,0.0,0.0,0.0,-0.2368144154587947,-0.3117780824172594,-0.2793052412439976,-0.082385897706037,-0.2494937901255431,-0.321664557897566,True,-0.26932425449396796
2021-03-03 00:00:00+00:00,3.0,3.0,3.0,11116.0,0.3333333333333333,0.0,0.0,1.0,1.1727103320555934,2.584873793432961,4.588915864405514,18.79761394985056,2.395274431374833,3.848472299029357,True,2.4721523541532613
2021-03-04 00:00:00+00:00,0.0,0.0,0.0,0.0,0.0,0.0,0.0,0.0,-0.2368144154587947,-0.3117780824172594,-0.2793052412439976,-0.082385897706037,-0.2494937901255431,-0.321664557897566,True,-0.26932425449396796
2021-03-05 00:00:00+00:00,0.0,0.0,0.0,0.0,0.0,0.0,0.0,0.0,-0.2368144154587947,-0.3117780824172594,-0.2793052412439976,-0.082385897706037,-0.2494937901255431,-0.321664557897566,True,-0.26932425449396796
2021-03-06 00:00:00+00:00,0.0,0.0,0.0,0.0,0.0,0.0,0.0,0.0,-0.2368144154587947,-0.3117780824172594,-0.2793052412439976,-0.082385897706037,-0.2494937901255431,-0.321664557897566,True,-0.26932425449396796
2021-03-07 00:00:00+00:00,0.0,0.0,0.0,0.0,0.0,0.0,0.0,0.0,-0.2368144154587947,-0.3117780824172594,-0.2793052412439976,-0.082385897706037,-0.2494937901255431,-0.321664557897566,True,-0.26932425449396796
2021-03-08 00:00:00+00:00,0.0,0.0,0.0,0.0,0.0,0.0,0.0,0.0,-0.2368144154587947,-0.3117780824172594,-0.2793052412439976,-0.082385897706037,-0.2494937901255431,-0.321664557897566,True,-0.26932425449396796
2021-03-09 00:00:00+00:00,0.0,0.0,0.0,0.0,0.0,0.0,0.0,0.0,-0.2368144154587947,-0.3117780824172594,-0.2793052412439976,-0.082385897706037,-0.2494937901255431,-0.321664557897566,True,-0.26932425449396796
2021-03-10 00:00:00+00:00,0.0,0.0,0.0,0.0,0.0,0.0,0.0,0.0,-0.2368144154587947,-0.3117780824172594,-0.2793052412439976,-0.082385897706037,-0.2494937901255431,-0.321664557897566,True,-0.26932425449396796
2021-03-11 00:00:00+00:00,0.0,0.0,0.0,0.0,0.0,0.0,0.0,0.0,-0.2368144154587947,-0.3117780824172594,-0.2793052412439976,-0.082385897706037,-0.2494937901255431,-0.321664557897566,True,-0.26932425449396796
2021-03-12 00:00:00+00:00,0.0,0.0,0.0,0.0,0.0,0.0,0.0,0.0,-0.2368144154587947,-0.3117780824172594,-0.2793052412439976,-0.082385897706037,-0.2494937901255431,-0.321664557897566,True,-0.26932425449396796
2021-03-13 00:00:00+00:00,0.0,0.0,0.0,0.0,0.0,0.0,0.0,0.0,-0.2368144154587947,-0.3117780824172594,-0.2793052412439976,-0.082385897706037,-0.2494937901255431,-0.321664557897566,True,-0.26932425449396796
2021-03-14 00:00:00+00:00,0.0,0.0,0.0,0.0,0.0,0.0,0.0,0.0,-0.2368144154587947,-0.3117780824172594,-0.2793052412439976,-0.082385897706037,-0.2494937901255431,-0.321664557897566,True,-0.26932425449396796
2021-03-15 00:00:00+00:00,0.0,0.0,0.0,0.0,0.0,0.0,0.0,0.0,-0.2368144154587947,-0.3117780824172594,-0.2793052412439976,-0.082385897706037,-0.2494937901255431,-0.321664557897566,True,-0.26932425449396796
2021-03-16 00:00:00+00:00,0.0,0.0,0.0,0.0,0.0,0.0,0.0,0.0,-0.2368144154587947,-0.3117780824172594,-0.2793052412439976,-0.082385897706037,-0.2494937901255431,-0.321664557897566,True,-0.26932425449396796
2021-03-17 00:00:00+00:00,0.0,0.0,0.0,0.0,0.0,0.0,0.0,0.0,-0.2368144154587947,-0.3117780824172594,-0.2793052412439976,-0.082385897706037,-0.2494937901255431,-0.321664557897566,True,-0.26932425449396796
2021-03-18 00:00:00+00:00,0.0,0.0,0.0,0.0,0.0,0.0,0.0,0.0,-0.2368144154587947,-0.3117780824172594,-0.2793052412439976,-0.082385897706037,-0.2494937901255431,-0.321664557897566,True,-0.26932425449396796
2021-03-19 00:00:00+00:00,0.0,0.0,0.0,0.0,0.0,0.0,0.0,0.0,-0.2368144154587947,-0.3117780824172594,-0.2793052412439976,-0.082385897706037,-0.2494937901255431,-0.321664557897566,True,-0.26932425449396796
2021-03-20 00:00:00+00:00,0.0,0.0,0.0,0.0,0.0,0.0,0.0,0.0,-0.2368144154587947,-0.3117780824172594,-0.2793052412439976,-0.082385897706037,-0.2494937901255431,-0.321664557897566,True,-0.26932425449396796
2021-03-21 00:00:00+00:00,0.0,0.0,0.0,0.0,0.0,0.0,0.0,0.0,-0.2368144154587947,-0.3117780824172594,-0.2793052412439976,-0.082385897706037,-0.2494937901255431,-0.321664557897566,True,-0.26932425449396796
2021-03-22 00:00:00+00:00,0.0,0.0,0.0,0.0,0.0,0.0,0.0,0.0,-0.2368144154587947,-0.3117780824172594,-0.2793052412439976,-0.082385897706037,-0.2494937901255431,-0.321664557897566,True,-0.26932425449396796
2021-03-23 00:00:00+00:00,1.0,1.0,1.0,17.0,0.0,0.0,0.0,1.0,0.2330271670460012,0.6537725428661474,1.3434351273058398,-0.0535122023652253,-0.2494937901255431,3.848472299029357,True,1.277335225316605
2021-03-24 00:00:00+00:00,0.0,0.0,0.0,0.0,0.0,0.0,0.0,0.0,-0.2368144154587947,-0.3117780824172594,-0.2793052412439976,-0.082385897706037,-0.2494937901255431,-0.321664557897566,True,-0.26932425449396796
2021-03-25 00:00:00+00:00,0.0,0.0,0.0,0.0,0.0,0.0,0.0,0.0,-0.2368144154587947,-0.3117780824172594,-0.2793052412439976,-0.082385897706037,-0.2494937901255431,-0.321664557897566,True,-0.26932425449396796
2021-03-26 00:00:00+00:00,0.0,0.0,0.0,0.0,0.0,0.0,0.0,0.0,-0.2368144154587947,-0.3117780824172594,-0.2793052412439976,-0.082385897706037,-0.2494937901255431,-0.321664557897566,True,-0.26932425449396796
2021-03-27 00:00:00+00:00,0.0,0.0,0.0,0.0,0.0,0.0,0.0,0.0,-0.2368144154587947,-0.3117780824172594,-0.2793052412439976,-0.082385897706037,-0.2494937901255431,-0.321664557897566,True,-0.26932425449396796
2021-03-28 00:00:00+00:00,0.0,0.0,0.0,0.0,0.0,0.0,0.0,0.0,-0.2368144154587947,-0.3117780824172594,-0.2793052412439976,-0.082385897706037,-0.2494937901255431,-0.321664557897566,True,-0.26932425449396796
2021-03-29 00:00:00+00:00,0.0,0.0,0.0,0.0,0.0,0.0,0.0,0.0,-0.2368144154587947,-0.3117780824172594,-0.2793052412439976,-0.082385897706037,-0.2494937901255431,-0.321664557897566,True,-0.26932425449396796
2021-03-30 00:00:00+00:00,0.0,0.0,0.0,0.0,0.0,0.0,0.0,0.0,-0.2368144154587947,-0.3117780824172594,-0.2793052412439976,-0.082385897706037,-0.2494937901255431,-0.321664557897566,True,-0.26932425449396796
2021-03-31 00:00:00+00:00,0.0,0.0,0.0,0.0,0.0,0.0,0.0,0.0,-0.2368144154587947,-0.3117780824172594,-0.2793052412439976,-0.082385897706037,-0.2494937901255431,-0.321664557897566,True,-0.26932425449396796
2021-04-01 00:00:00+00:00,0.0,0.0,0.0,0.0,0.0,0.0,0.0,0.0,-0.2368144154587947,-0.3117780824172594,-0.2793052412439976,-0.082385897706037,-0.2494937901255431,-0.321664557897566,True,-0.26932425449396796
2021-04-02 00:00:00+00:00,0.0,0.0,0.0,0.0,0.0,0.0,0.0,0.0,-0.2368144154587947,-0.3117780824172594,-0.2793052412439976,-0.082385897706037,-0.2494937901255431,-0.321664557897566,True,-0.26932425449396796
2021-04-03 00:00:00+00:00,0.0,0.0,0.0,0.0,0.0,0.0,0.0,0.0,-0.2368144154587947,-0.3117780824172594,-0.2793052412439976,-0.082385897706037,-0.2494937901255431,-0.321664557897566,True,-0.26932425449396796
2021-04-04 00:00:00+00:00,0.0,0.0,0.0,0.0,0.0,0.0,0.0,0.0,-0.2368144154587947,-0.3117780824172594,-0.2793052412439976,-0.082385897706037,-0.2494937901255431,-0.321664557897566,True,-0.26932425449396796
2021-04-05 00:00:00+00:00,0.0,0.0,0.0,0.0,0.0,0.0,0.0,0.0,-0.2368144154587947,-0.3117780824172594,-0.2793052412439976,-0.082385897706037,-0.2494937901255431,-0.321664557897566,True,-0.26932425449396796
2021-04-06 00:00:00+00:00,0.0,0.0,0.0,0.0,0.0,0.0,0.0,0.0,-0.2368144154587947,-0.3117780824172594,-0.2793052412439976,-0.082385897706037,-0.2494937901255431,-0.321664557897566,True,-0.26932425449396796
2021-04-07 00:00:00+00:00,0.0,0.0,0.0,0.0,0.0,0.0,0.0,0.0,-0.2368144154587947,-0.3117780824172594,-0.2793052412439976,-0.082385897706037,-0.2494937901255431,-0.321664557897566,True,-0.26932425449396796
2021-04-08 00:00:00+00:00,0.0,0.0,0.0,0.0,0.0,0.0,0.0,0.0,-0.2368144154587947,-0.3117780824172594,-0.2793052412439976,-0.082385897706037,-0.2494937901255431,-0.321664557897566,True,-0.26932425449396796
2021-04-09 00:00:00+00:00,0.0,0.0,0.0,0.0,0.0,0.0,0.0,0.0,-0.2368144154587947,-0.3117780824172594,-0.2793052412439976,-0.082385897706037,-0.2494937901255431,-0.321664557897566,True,-0.26932425449396796
2021-04-10 00:00:00+00:00,0.0,0.0,0.0,0.0,0.0,0.0,0.0,0.0,-0.2368144154587947,-0.3117780824172594,-0.2793052412439976,-0.082385897706037,-0.2494937901255431,-0.321664557897566,True,-0.26932425449396796
2021-04-11 00:00:00+00:00,0.0,0.0,0.0,0.0,0.0,0.0,0.0,0.0,-0.2368144154587947,-0.3117780824172594,-0.2793052412439976,-0.082385897706037,-0.2494937901255431,-0.321664557897566,True,-0.26932425449396796
2021-04-12 00:00:00+00:00,0.0,0.0,0.0,0.0,0.0,0.0,0.0,0.0,-0.2368144154587947,-0.3117780824172594,-0.2793052412439976,-0.082385897706037,-0.2494937901255431,-0.321664557897566,True,-0.26932425449396796
2021-04-13 00:00:00+00:00,0.0,0.0,0.0,0.0,0.0,0.0,0.0,0.0,-0.2368144154587947,-0.3117780824172594,-0.2793052412439976,-0.082385897706037,-0.2494937901255431,-0.321664557897566,True,-0.26932425449396796
2021-04-14 00:00:00+00:00,0.0,0.0,0.0,0.0,0.0,0.0,0.0,0.0,-0.2368144154587947,-0.3117780824172594,-0.2793052412439976,-0.082385897706037,-0.2494937901255431,-0.321664557897566,True,-0.26932425449396796
2021-04-15 00:00:00+00:00,0.0,0.0,0.0,0.0,0.0,0.0,0.0,0.0,-0.2368144154587947,-0.3117780824172594,-0.2793052412439976,-0.082385897706037,-0.2494937901255431,-0.321664557897566,True,-0.26932425449396796
2021-04-16 00:00:00+00:00,0.0,0.0,0.0,0.0,0.0,0.0,0.0,0.0,-0.2368144154587947,-0.3117780824172594,-0.2793052412439976,-0.082385897706037,-0.2494937901255431,-0.321664557897566,True,-0.26932425449396796
2021-04-17 00:00:00+00:00,0.0,0.0,0.0,0.0,0.0,0.0,0.0,0.0,-0.2368144154587947,-0.3117780824172594,-0.2793052412439976,-0.082385897706037,-0.2494937901255431,-0.321664557897566,True,-0.26932425449396796
2021-04-18 00:00:00+00:00,0.0,0.0,0.0,0.0,0.0,0.0,0.0,0.0,-0.2368144154587947,-0.3117780824172594,-0.2793052412439976,-0.082385897706037,-0.2494937901255431,-0.321664557897566,True,-0.26932425449396796
2021-04-19 00:00:00+00:00,0.0,0.0,0.0,0.0,0.0,0.0,0.0,0.0,-0.2368144154587947,-0.3117780824172594,-0.2793052412439976,-0.082385897706037,-0.2494937901255431,-0.321664557897566,True,-0.26932425449396796
2021-04-20 00:00:00+00:00,0.0,0.0,0.0,0.0,0.0,0.0,0.0,0.0,-0.2368144154587947,-0.3117780824172594,-0.2793052412439976,-0.082385897706037,-0.2494937901255431,-0.321664557897566,True,-0.26932425449396796
2021-04-21 00:00:00+00:00,0.0,0.0,0.0,0.0,0.0,0.0,0.0,0.0,-0.2368144154587947,-0.3117780824172594,-0.2793052412439976,-0.082385897706037,-0.2494937901255431,-0.321664557897566,True,-0.26932425449396796
2021-04-22 00:00:00+00:00,0.0,0.0,0.0,0.0,0.0,0.0,0.0,0.0,-0.2368144154587947,-0.3117780824172594,-0.2793052412439976,-0.082385897706037,-0.2494937901255431,-0.321664557897566,True,-0.26932425449396796
2021-04-23 00:00:00+00:00,0.0,0.0,0.0,0.0,0.0,0.0,0.0,0.0,-0.2368144154587947,-0.3117780824172594,-0.2793052412439976,-0.082385897706037,-0.2494937901255431,-0.321664557897566,True,-0.26932425449396796
2021-04-24 00:00:00+00:00,0.0,0.0,0.0,0.0,0.0,0.0,0.0,0.0,-0.2368144154587947,-0.3117780824172594,-0.2793052412439976,-0.082385897706037,-0.2494937901255431,-0.321664557897566,True,-0.26932425449396796
2021-04-25 00:00:00+00:00,0.0,0.0,0.0,0.0,0.0,0.0,0.0,0.0,-0.2368144154587947,-0.3117780824172594,-0.2793052412439976,-0.082385897706037,-0.2494937901255431,-0.321664557897566,True,-0.26932425449396796
2021-04-26 00:00:00+00:00,0.0,0.0,0.0,0.0,0.0,0.0,0.0,0.0,-0.2368144154587947,-0.3117780824172594,-0.2793052412439976,-0.082385897706037,-0.2494937901255431,-0.321664557897566,True,-0.26932425449396796
2021-04-27 00:00:00+00:00,0.0,0.0,0.0,0.0,0.0,0.0,0.0,0.0,-0.2368144154587947,-0.3117780824172594,-0.2793052412439976,-0.082385897706037,-0.2494937901255431,-0.321664557897566,True,-0.26932425449396796
2021-04-28 00:00:00+00:00,0.0,0.0,0.0,0.0,0.0,0.0,0.0,0.0,-0.2368144154587947,-0.3117780824172594,-0.2793052412439976,-0.082385897706037,-0.2494937901255431,-0.321664557897566,True,-0.26932425449396796
2021-04-29 00:00:00+00:00,0.0,0.0,0.0,0.0,0.0,0.0,0.0,0.0,-0.2368144154587947,-0.3117780824172594,-0.2793052412439976,-0.082385897706037,-0.2494937901255431,-0.321664557897566,True,-0.26932425449396796
2021-04-30 00:00:00+00:00,0.0,0.0,0.0,0.0,0.0,0.0,0.0,0.0,-0.2368144154587947,-0.3117780824172594,-0.2793052412439976,-0.082385897706037,-0.2494937901255431,-0.321664557897566,True,-0.26932425449396796
2021-05-01 00:00:00+00:00,0.0,0.0,0.0,0.0,0.0,0.0,0.0,0.0,-0.2368144154587947,-0.3117780824172594,-0.2793052412439976,-0.082385897706037,-0.2494937901255431,-0.321664557897566,True,-0.26932425449396796
2021-05-02 00:00:00+00:00,0.0,0.0,0.0,0.0,0.0,0.0,0.0,0.0,-0.2368144154587947,-0.3117780824172594,-0.2793052412439976,-0.082385897706037,-0.2494937901255431,-0.321664557897566,True,-0.26932425449396796
2021-05-03 00:00:00+00:00,0.0,0.0,0.0,0.0,0.0,0.0,0.0,0.0,-0.2368144154587947,-0.3117780824172594,-0.2793052412439976,-0.082385897706037,-0.2494937901255431,-0.321664557897566,True,-0.26932425449396796
2021-05-04 00:00:00+00:00,0.0,0.0,0.0,0.0,0.0,0.0,0.0,0.0,-0.2368144154587947,-0.3117780824172594,-0.2793052412439976,-0.082385897706037,-0.2494937901255431,-0.321664557897566,True,-0.26932425449396796
2021-05-05 00:00:00+00:00,0.0,0.0,0.0,0.0,0.0,0.0,0.0,0.0,-0.2368144154587947,-0.3117780824172594,-0.2793052412439976,-0.082385897706037,-0.2494937901255431,-0.321664557897566,True,-0.26932425449396796
2021-05-06 00:00:00+00:00,0.0,0.0,0.0,0.0,0.0,0.0,0.0,0.0,-0.2368144154587947,-0.3117780824172594,-0.2793052412439976,-0.082385897706037,-0.2494937901255431,-0.321664557897566,True,-0.26932425449396796
2021-05-07 00:00:00+00:00,0.0,0.0,0.0,0.0,0.0,0.0,0.0,0.0,-0.2368144154587947,-0.3117780824172594,-0.2793052412439976,-0.082385897706037,-0.2494937901255431,-0.321664557897566,True,-0.26932425449396796
2021-05-08 00:00:00+00:00,0.0,0.0,0.0,0.0,0.0,0.0,0.0,0.0,-0.2368144154587947,-0.3117780824172594,-0.2793052412439976,-0.082385897706037,-0.2494937901255431,-0.321664557897566,True,-0.26932425449396796
2021-05-09 00:00:00+00:00,0.0,0.0,0.0,0.0,0.0,0.0,0.0,0.0,-0.2368144154587947,-0.3117780824172594,-0.2793052412439976,-0.082385897706037,-0.2494937901255431,-0.321664557897566,True,-0.26932425449396796
2021-05-10 00:00:00+00:00,0.0,0.0,0.0,0.0,0.0,0.0,0.0,0.0,-0.2368144154587947,-0.3117780824172594,-0.2793052412439976,-0.082385897706037,-0.2494937901255431,-0.321664557897566,True,-0.26932425449396796
2021-05-11 00:00:00+00:00,0.0,0.0,0.0,0.0,0.0,0.0,0.0,0.0,-0.2368144154587947,-0.3117780824172594,-0.2793052412439976,-0.082385897706037,-0.2494937901255431,-0.321664557897566,True,-0.26932425449396796
2021-05-12 00:00:00+00:00,0.0,0.0,0.0,0.0,0.0,0.0,0.0,0.0,-0.2368144154587947,-0.3117780824172594,-0.2793052412439976,-0.082385897706037,-0.2494937901255431,-0.321664557897566,True,-0.26932425449396796
2021-05-13 00:00:00+00:00,0.0,0.0,0.0,0.0,0.0,0.0,0.0,0.0,-0.2368144154587947,-0.3117780824172594,-0.2793052412439976,-0.082385897706037,-0.2494937901255431,-0.321664557897566,True,-0.26932425449396796
2021-05-14 00:00:00+00:00,0.0,0.0,0.0,0.0,0.0,0.0,0.0,0.0,-0.2368144154587947,-0.3117780824172594,-0.2793052412439976,-0.082385897706037,-0.2494937901255431,-0.321664557897566,True,-0.26932425449396796
2021-05-15 00:00:00+00:00,0.0,0.0,0.0,0.0,0.0,0.0,0.0,0.0,-0.2368144154587947,-0.3117780824172594,-0.2793052412439976,-0.082385897706037,-0.2494937901255431,-0.321664557897566,True,-0.26932425449396796
2021-05-16 00:00:00+00:00,0.0,0.0,0.0,0.0,0.0,0.0,0.0,0.0,-0.2368144154587947,-0.3117780824172594,-0.2793052412439976,-0.082385897706037,-0.2494937901255431,-0.321664557897566,True,-0.26932425449396796
2021-05-17 00:00:00+00:00,0.0,0.0,0.0,0.0,0.0,0.0,0.0,0.0,-0.2368144154587947,-0.3117780824172594,-0.2793052412439976,-0.082385897706037,-0.2494937901255431,-0.321664557897566,True,-0.26932425449396796
2021-05-18 00:00:00+00:00,0.0,0.0,0.0,0.0,0.0,0.0,0.0,0.0,-0.2368144154587947,-0.3117780824172594,-0.2793052412439976,-0.082385897706037,-0.2494937901255431,-0.321664557897566,True,-0.26932425449396796
2021-05-19 00:00:00+00:00,0.0,0.0,0.0,0.0,0.0,0.0,0.0,0.0,-0.2368144154587947,-0.3117780824172594,-0.2793052412439976,-0.082385897706037,-0.2494937901255431,-0.321664557897566,True,-0.26932425449396796
2021-05-20 00:00:00+00:00,0.0,0.0,0.0,0.0,0.0,0.0,0.0,0.0,-0.2368144154587947,-0.3117780824172594,-0.2793052412439976,-0.082385897706037,-0.2494937901255431,-0.321664557897566,True,-0.26932425449396796
2021-05-21 00:00:00+00:00,0.0,0.0,0.0,0.0,0.0,0.0,0.0,0.0,-0.2368144154587947,-0.3117780824172594,-0.2793052412439976,-0.082385897706037,-0.2494937901255431,-0.321664557897566,True,-0.26932425449396796
2021-05-22 00:00:00+00:00,0.0,0.0,0.0,0.0,0.0,0.0,0.0,0.0,-0.2368144154587947,-0.3117780824172594,-0.2793052412439976,-0.082385897706037,-0.2494937901255431,-0.321664557897566,True,-0.26932425449396796
2021-05-23 00:00:00+00:00,0.0,0.0,0.0,0.0,0.0,0.0,0.0,0.0,-0.2368144154587947,-0.3117780824172594,-0.2793052412439976,-0.082385897706037,-0.2494937901255431,-0.321664557897566,True,-0.26932425449396796
2021-05-24 00:00:00+00:00,0.0,0.0,0.0,0.0,0.0,0.0,0.0,0.0,-0.2368144154587947,-0.3117780824172594,-0.2793052412439976,-0.082385897706037,-0.2494937901255431,-0.321664557897566,True,-0.26932425449396796
2021-05-25 00:00:00+00:00,0.0,0.0,0.0,0.0,0.0,0.0,0.0,0.0,-0.2368144154587947,-0.3117780824172594,-0.2793052412439976,-0.082385897706037,-0.2494937901255431,-0.321664557897566,True,-0.26932425449396796
2021-05-26 00:00:00+00:00,0.0,0.0,0.0,0.0,0.0,0.0,0.0,0.0,-0.2368144154587947,-0.3117780824172594,-0.2793052412439976,-0.082385897706037,-0.2494937901255431,-0.321664557897566,True,-0.26932425449396796
2021-05-27 00:00:00+00:00,0.0,0.0,0.0,0.0,0.0,0.0,0.0,0.0,-0.2368144154587947,-0.3117780824172594,-0.2793052412439976,-0.082385897706037,-0.2494937901255431,-0.321664557897566,True,-0.26932425449396796
2021-05-28 00:00:00+00:00,0.0,0.0,0.0,0.0,0.0,0.0,0.0,0.0,-0.2368144154587947,-0.3117780824172594,-0.2793052412439976,-0.082385897706037,-0.2494937901255431,-0.321664557897566,True,-0.26932425449396796
2021-05-29 00:00:00+00:00,0.0,0.0,0.0,0.0,0.0,0.0,0.0,0.0,-0.2368144154587947,-0.3117780824172594,-0.2793052412439976,-0.082385897706037,-0.2494937901255431,-0.321664557897566,True,-0.26932425449396796
2021-05-30 00:00:00+00:00,0.0,0.0,0.0,0.0,0.0,0.0,0.0,0.0,-0.2368144154587947,-0.3117780824172594,-0.2793052412439976,-0.082385897706037,-0.2494937901255431,-0.321664557897566,True,-0.26932425449396796
2021-05-31 00:00:00+00:00,0.0,0.0,0.0,0.0,0.0,0.0,0.0,0.0,-0.2368144154587947,-0.3117780824172594,-0.2793052412439976,-0.082385897706037,-0.2494937901255431,-0.321664557897566,True,-0.26932425449396796
2021-06-01 00:00:00+00:00,0.0,0.0,0.0,0.0,0.0,0.0,0.0,0.0,-0.2368144154587947,-0.3117780824172594,-0.2793052412439976,-0.082385897706037,-0.2494937901255431,-0.321664557897566,True,-0.26932425449396796
2021-06-02 00:00:00+00:00,0.0,0.0,0.0,0.0,0.0,0.0,0.0,0.0,-0.2368144154587947,-0.3117780824172594,-0.2793052412439976,-0.082385897706037,-0.2494937901255431,-0.321664557897566,True,-0.26932425449396796
2021-06-03 00:00:00+00:00,0.0,0.0,0.0,0.0,0.0,0.0,0.0,0.0,-0.2368144154587947,-0.3117780824172594,-0.2793052412439976,-0.082385897706037,-0.2494937901255431,-0.321664557897566,True,-0.26932425449396796
2021-06-04 00:00:00+00:00,0.0,0.0,0.0,0.0,0.0,0.0,0.0,0.0,-0.2368144154587947,-0.3117780824172594,-0.2793052412439976,-0.082385897706037,-0.2494937901255431,-0.321664557897566,True,-0.26932425449396796
2021-06-05 00:00:00+00:00,0.0,0.0,0.0,0.0,0.0,0.0,0.0,0.0,-0.2368144154587947,-0.3117780824172594,-0.2793052412439976,-0.082385897706037,-0.2494937901255431,-0.321664557897566,True,-0.26932425449396796
2021-06-06 00:00:00+00:00,0.0,0.0,0.0,0.0,0.0,0.0,0.0,0.0,-0.2368144154587947,-0.3117780824172594,-0.2793052412439976,-0.082385897706037,-0.2494937901255431,-0.321664557897566,True,-0.26932425449396796
2021-06-07 00:00:00+00:00,0.0,0.0,0.0,0.0,0.0,0.0,0.0,0.0,-0.2368144154587947,-0.3117780824172594,-0.2793052412439976,-0.082385897706037,-0.2494937901255431,-0.321664557897566,True,-0.26932425449396796
2021-06-08 00:00:00+00:00,0.0,0.0,0.0,0.0,0.0,0.0,0.0,0.0,-0.2368144154587947,-0.3117780824172594,-0.2793052412439976,-0.082385897706037,-0.2494937901255431,-0.321664557897566,True,-0.26932425449396796
2021-06-09 00:00:00+00:00,0.0,0.0,0.0,0.0,0.0,0.0,0.0,0.0,-0.2368144154587947,-0.3117780824172594,-0.2793052412439976,-0.082385897706037,-0.2494937901255431,-0.321664557897566,True,-0.26932425449396796
2021-06-10 00:00:00+00:00,0.0,0.0,0.0,0.0,0.0,0.0,0.0,0.0,-0.2368144154587947,-0.3117780824172594,-0.2793052412439976,-0.082385897706037,-0.2494937901255431,-0.321664557897566,True,-0.26932425449396796
2021-06-11 00:00:00+00:00,0.0,0.0,0.0,0.0,0.0,0.0,0.0,0.0,-0.2368144154587947,-0.3117780824172594,-0.2793052412439976,-0.082385897706037,-0.2494937901255431,-0.321664557897566,True,-0.26932425449396796
2021-06-12 00:00:00+00:00,0.0,0.0,0.0,0.0,0.0,0.0,0.0,0.0,-0.2368144154587947,-0.3117780824172594,-0.2793052412439976,-0.082385897706037,-0.2494937901255431,-0.321664557897566,True,-0.26932425449396796
2021-06-13 00:00:00+00:00,0.0,0.0,0.0,0.0,0.0,0.0,0.0,0.0,-0.2368144154587947,-0.3117780824172594,-0.2793052412439976,-0.082385897706037,-0.2494937901255431,-0.321664557897566,True,-0.26932425449396796
2021-06-14 00:00:00+00:00,0.0,0.0,0.0,0.0,0.0,0.0,0.0,0.0,-0.2368144154587947,-0.3117780824172594,-0.2793052412439976,-0.082385897706037,-0.2494937901255431,-0.321664557897566,True,-0.26932425449396796
2021-06-15 00:00:00+00:00,0.0,0.0,0.0,0.0,0.0,0.0,0.0,0.0,-0.2368144154587947,-0.3117780824172594,-0.2793052412439976,-0.082385897706037,-0.2494937901255431,-0.321664557897566,True,-0.26932425449396796
2021-06-16 00:00:00+00:00,0.0,0.0,0.0,0.0,0.0,0.0,0.0,0.0,-0.2368144154587947,-0.3117780824172594,-0.2793052412439976,-0.082385897706037,-0.2494937901255431,-0.321664557897566,True,-0.26932425449396796
2021-06-17 00:00:00+00:00,0.0,0.0,0.0,0.0,0.0,0.0,0.0,0.0,-0.2368144154587947,-0.3117780824172594,-0.2793052412439976,-0.082385897706037,-0.2494937901255431,-0.321664557897566,True,-0.26932425449396796
2021-06-18 00:00:00+00:00,0.0,0.0,0.0,0.0,0.0,0.0,0.0,0.0,-0.2368144154587947,-0.3117780824172594,-0.2793052412439976,-0.082385897706037,-0.2494937901255431,-0.321664557897566,True,-0.26932425449396796
2021-06-19 00:00:00+00:00,0.0,0.0,0.0,0.0,0.0,0.0,0.0,0.0,-0.2368144154587947,-0.3117780824172594,-0.2793052412439976,-0.082385897706037,-0.2494937901255431,-0.321664557897566,True,-0.26932425449396796
2021-06-20 00:00:00+00:00,0.0,0.0,0.0,0.0,0.0,0.0,0.0,0.0,-0.2368144154587947,-0.3117780824172594,-0.2793052412439976,-0.082385897706037,-0.2494937901255431,-0.321664557897566,True,-0.26932425449396796
2021-06-21 00:00:00+00:00,0.0,0.0,0.0,0.0,0.0,0.0,0.0,0.0,-0.2368144154587947,-0.3117780824172594,-0.2793052412439976,-0.082385897706037,-0.2494937901255431,-0.321664557897566,True,-0.26932425449396796
2021-06-22 00:00:00+00:00,0.0,0.0,0.0,0.0,0.0,0.0,0.0,0.0,-0.2368144154587947,-0.3117780824172594,-0.2793052412439976,-0.082385897706037,-0.2494937901255431,-0.321664557897566,True,-0.26932425449396796
2021-06-23 00:00:00+00:00,0.0,0.0,0.0,0.0,0.0,0.0,0.0,0.0,-0.2368144154587947,-0.3117780824172594,-0.2793052412439976,-0.082385897706037,-0.2494937901255431,-0.321664557897566,True,-0.26932425449396796
2021-06-24 00:00:00+00:00,0.0,0.0,0.0,0.0,0.0,0.0,0.0,0.0,-0.2368144154587947,-0.3117780824172594,-0.2793052412439976,-0.082385897706037,-0.2494937901255431,-0.321664557897566,True,-0.26932425449396796
2021-06-25 00:00:00+00:00,0.0,0.0,0.0,0.0,0.0,0.0,0.0,0.0,-0.2368144154587947,-0.3117780824172594,-0.2793052412439976,-0.082385897706037,-0.2494937901255431,-0.321664557897566,True,-0.26932425449396796
2021-06-26 00:00:00+00:00,0.0,0.0,0.0,0.0,0.0,0.0,0.0,0.0,-0.2368144154587947,-0.3117780824172594,-0.2793052412439976,-0.082385897706037,-0.2494937901255431,-0.321664557897566,True,-0.26932425449396796
2021-06-27 00:00:00+00:00,0.0,0.0,0.0,0.0,0.0,0.0,0.0,0.0,-0.2368144154587947,-0.3117780824172594,-0.2793052412439976,-0.082385897706037,-0.2494937901255431,-0.321664557897566,True,-0.26932425449396796
2021-06-28 00:00:00+00:00,0.0,0.0,0.0,0.0,0.0,0.0,0.0,0.0,-0.2368144154587947,-0.3117780824172594,-0.2793052412439976,-0.082385897706037,-0.2494937901255431,-0.321664557897566,True,-0.26932425449396796
2021-06-29 00:00:00+00:00,0.0,0.0,0.0,0.0,0.0,0.0,0.0,0.0,-0.2368144154587947,-0.3117780824172594,-0.2793052412439976,-0.082385897706037,-0.2494937901255431,-0.321664557897566,True,-0.26932425449396796
2021-06-30 00:00:00+00:00,0.0,0.0,0.0,0.0,0.0,0.0,0.0,0.0,-0.2368144154587947,-0.3117780824172594,-0.2793052412439976,-0.082385897706037,-0.2494937901255431,-0.321664557897566,True,-0.26932425449396796
2021-07-01 00:00:00+00:00,0.0,0.0,0.0,0.0,0.0,0.0,0.0,0.0,-0.2368144154587947,-0.3117780824172594,-0.2793052412439976,-0.082385897706037,-0.2494937901255431,-0.321664557897566,True,-0.26932425449396796
2021-07-02 00:00:00+00:00,0.0,0.0,0.0,0.0,0.0,0.0,0.0,0.0,-0.2368144154587947,-0.3117780824172594,-0.2793052412439976,-0.082385897706037,-0.2494937901255431,-0.321664557897566,True,-0.26932425449396796
2021-07-03 00:00:00+00:00,0.0,0.0,0.0,0.0,0.0,0.0,0.0,0.0,-0.2368144154587947,-0.3117780824172594,-0.2793052412439976,-0.082385897706037,-0.2494937901255431,-0.321664557897566,True,-0.26932425449396796
2021-07-04 00:00:00+00:00,0.0,0.0,0.0,0.0,0.0,0.0,0.0,0.0,-0.2368144154587947,-0.3117780824172594,-0.2793052412439976,-0.082385897706037,-0.2494937901255431,-0.321664557897566,True,-0.26932425449396796
2021-07-05 00:00:00+00:00,0.0,0.0,0.0,0.0,0.0,0.0,0.0,0.0,-0.2368144154587947,-0.3117780824172594,-0.2793052412439976,-0.082385897706037,-0.2494937901255431,-0.321664557897566,True,-0.26932425449396796
2021-07-06 00:00:00+00:00,0.0,0.0,0.0,0.0,0.0,0.0,0.0,0.0,-0.2368144154587947,-0.3117780824172594,-0.2793052412439976,-0.082385897706037,-0.2494937901255431,-0.321664557897566,True,-0.26932425449396796
2021-07-07 00:00:00+00:00,0.0,0.0,0.0,0.0,0.0,0.0,0.0,0.0,-0.2368144154587947,-0.3117780824172594,-0.2793052412439976,-0.082385897706037,-0.2494937901255431,-0.321664557897566,True,-0.26932425449396796
2021-07-08 00:00:00+00:00,0.0,0.0,0.0,0.0,0.0,0.0,0.0,0.0,-0.2368144154587947,-0.3117780824172594,-0.2793052412439976,-0.082385897706037,-0.2494937901255431,-0.321664557897566,True,-0.26932425449396796
2021-07-09 00:00:00+00:00,0.0,0.0,0.0,0.0,0.0,0.0,0.0,0.0,-0.2368144154587947,-0.3117780824172594,-0.2793052412439976,-0.082385897706037,-0.2494937901255431,-0.321664557897566,True,-0.26932425449396796
2021-07-10 00:00:00+00:00,0.0,0.0,0.0,0.0,0.0,0.0,0.0,0.0,-0.2368144154587947,-0.3117780824172594,-0.2793052412439976,-0.082385897706037,-0.2494937901255431,-0.321664557897566,True,-0.26932425449396796
2021-07-11 00:00:00+00:00,0.0,0.0,0.0,0.0,0.0,0.0,0.0,0.0,-0.2368144154587947,-0.3117780824172594,-0.2793052412439976,-0.082385897706037,-0.2494937901255431,-0.321664557897566,True,-0.26932425449396796
2021-07-12 00:00:00+00:00,0.0,0.0,0.0,0.0,0.0,0.0,0.0,0.0,-0.2368144154587947,-0.3117780824172594,-0.2793052412439976,-0.082385897706037,-0.2494937901255431,-0.321664557897566,True,-0.26932425449396796
2021-07-13 00:00:00+00:00,0.0,0.0,0.0,0.0,0.0,0.0,0.0,0.0,-0.2368144154587947,-0.3117780824172594,-0.2793052412439976,-0.082385897706037,-0.2494937901255431,-0.321664557897566,True,-0.26932425449396796
2021-07-14 00:00:00+00:00,0.0,0.0,0.0,0.0,0.0,0.0,0.0,0.0,-0.2368144154587947,-0.3117780824172594,-0.2793052412439976,-0.082385897706037,-0.2494937901255431,-0.321664557897566,True,-0.26932425449396796
2021-07-15 00:00:00+00:00,0.0,0.0,0.0,0.0,0.0,0.0,0.0,0.0,-0.2368144154587947,-0.3117780824172594,-0.2793052412439976,-0.082385897706037,-0.2494937901255431,-0.321664557897566,True,-0.26932425449396796
2021-07-16 00:00:00+00:00,0.0,0.0,0.0,0.0,0.0,0.0,0.0,0.0,-0.2368144154587947,-0.3117780824172594,-0.2793052412439976,-0.082385897706037,-0.2494937901255431,-0.321664557897566,True,-0.26932425449396796
2021-07-17 00:00:00+00:00,0.0,0.0,0.0,0.0,0.0,0.0,0.0,0.0,-0.2368144154587947,-0.3117780824172594,-0.2793052412439976,-0.082385897706037,-0.2494937901255431,-0.321664557897566,True,-0.26932425449396796
2021-07-18 00:00:00+00:00,0.0,0.0,0.0,0.0,0.0,0.0,0.0,0.0,-0.2368144154587947,-0.3117780824172594,-0.2793052412439976,-0.082385897706037,-0.2494937901255431,-0.321664557897566,True,-0.26932425449396796
2021-07-19 00:00:00+00:00,0.0,0.0,0.0,0.0,0.0,0.0,0.0,0.0,-0.2368144154587947,-0.3117780824172594,-0.2793052412439976,-0.082385897706037,-0.2494937901255431,-0.321664557897566,True,-0.26932425449396796
2021-07-20 00:00:00+00:00,0.0,0.0,0.0,0.0,0.0,0.0,0.0,0.0,-0.2368144154587947,-0.3117780824172594,-0.2793052412439976,-0.082385897706037,-0.2494937901255431,-0.321664557897566,True,-0.26932425449396796
2021-07-21 00:00:00+00:00,0.0,0.0,0.0,0.0,0.0,0.0,0.0,0.0,-0.2368144154587947,-0.3117780824172594,-0.2793052412439976,-0.082385897706037,-0.2494937901255431,-0.321664557897566,True,-0.26932425449396796
2021-07-22 00:00:00+00:00,0.0,0.0,0.0,0.0,0.0,0.0,0.0,0.0,-0.2368144154587947,-0.3117780824172594,-0.2793052412439976,-0.082385897706037,-0.2494937901255431,-0.321664557897566,True,-0.26932425449396796
2021-07-23 00:00:00+00:00,0.0,0.0,0.0,0.0,0.0,0.0,0.0,0.0,-0.2368144154587947,-0.3117780824172594,-0.2793052412439976,-0.082385897706037,-0.2494937901255431,-0.321664557897566,True,-0.26932425449396796
2021-07-24 00:00:00+00:00,0.0,0.0,0.0,0.0,0.0,0.0,0.0,0.0,-0.2368144154587947,-0.3117780824172594,-0.2793052412439976,-0.082385897706037,-0.2494937901255431,-0.321664557897566,True,-0.26932425449396796
2021-07-25 00:00:00+00:00,0.0,0.0,0.0,0.0,0.0,0.0,0.0,0.0,-0.2368144154587947,-0.3117780824172594,-0.2793052412439976,-0.082385897706037,-0.2494937901255431,-0.321664557897566,True,-0.26932425449396796
2021-07-26 00:00:00+00:00,0.0,0.0,0.0,0.0,0.0,0.0,0.0,0.0,-0.2368144154587947,-0.3117780824172594,-0.2793052412439976,-0.082385897706037,-0.2494937901255431,-0.321664557897566,True,-0.26932425449396796
2021-07-27 00:00:00+00:00,0.0,0.0,0.0,0.0,0.0,0.0,0.0,0.0,-0.2368144154587947,-0.3117780824172594,-0.2793052412439976,-0.082385897706037,-0.2494937901255431,-0.321664557897566,True,-0.26932425449396796
2021-07-28 00:00:00+00:00,0.0,0.0,0.0,0.0,0.0,0.0,0.0,0.0,-0.2368144154587947,-0.3117780824172594,-0.2793052412439976,-0.082385897706037,-0.2494937901255431,-0.321664557897566,True,-0.26932425449396796
2021-07-29 00:00:00+00:00,0.0,0.0,0.0,0.0,0.0,0.0,0.0,0.0,-0.2368144154587947,-0.3117780824172594,-0.2793052412439976,-0.082385897706037,-0.2494937901255431,-0.321664557897566,True,-0.26932425449396796
2021-07-30 00:00:00+00:00,0.0,0.0,0.0,0.0,0.0,0.0,0.0,0.0,-0.2368144154587947,-0.3117780824172594,-0.2793052412439976,-0.082385897706037,-0.2494937901255431,-0.321664557897566,True,-0.26932425449396796
2021-07-31 00:00:00+00:00,0.0,0.0,0.0,0.0,0.0,0.0,0.0,0.0,-0.2368144154587947,-0.3117780824172594,-0.2793052412439976,-0.082385897706037,-0.2494937901255431,-0.321664557897566,True,-0.26932425449396796
2021-08-01 00:00:00+00:00,0.0,0.0,0.0,0.0,0.0,0.0,0.0,0.0,-0.2368144154587947,-0.3117780824172594,-0.2793052412439976,-0.082385897706037,-0.2494937901255431,-0.321664557897566,True,-0.26932425449396796
2021-08-02 00:00:00+00:00,0.0,0.0,0.0,0.0,0.0,0.0,0.0,0.0,-0.2368144154587947,-0.3117780824172594,-0.2793052412439976,-0.082385897706037,-0.2494937901255431,-0.321664557897566,True,-0.26932425449396796
2021-08-03 00:00:00+00:00,0.0,0.0,0.0,0.0,0.0,0.0,0.0,0.0,-0.2368144154587947,-0.3117780824172594,-0.2793052412439976,-0.082385897706037,-0.2494937901255431,-0.321664557897566,True,-0.26932425449396796
2021-08-04 00:00:00+00:00,0.0,0.0,0.0,0.0,0.0,0.0,0.0,0.0,-0.2368144154587947,-0.3117780824172594,-0.2793052412439976,-0.082385897706037,-0.2494937901255431,-0.321664557897566,True,-0.26932425449396796
2021-08-05 00:00:00+00:00,0.0,0.0,0.0,0.0,0.0,0.0,0.0,0.0,-0.2368144154587947,-0.3117780824172594,-0.2793052412439976,-0.082385897706037,-0.2494937901255431,-0.321664557897566,True,-0.26932425449396796
2021-08-06 00:00:00+00:00,0.0,0.0,0.0,0.0,0.0,0.0,0.0,0.0,-0.2368144154587947,-0.3117780824172594,-0.2793052412439976,-0.082385897706037,-0.2494937901255431,-0.321664557897566,True,-0.26932425449396796
2021-08-07 00:00:00+00:00,0.0,0.0,0.0,0.0,0.0,0.0,0.0,0.0,-0.2368144154587947,-0.3117780824172594,-0.2793052412439976,-0.082385897706037,-0.2494937901255431,-0.321664557897566,True,-0.26932425449396796
2021-08-08 00:00:00+00:00,0.0,0.0,0.0,0.0,0.0,0.0,0.0,0.0,-0.2368144154587947,-0.3117780824172594,-0.2793052412439976,-0.082385897706037,-0.2494937901255431,-0.321664557897566,True,-0.26932425449396796
2021-08-09 00:00:00+00:00,0.0,0.0,0.0,0.0,0.0,0.0,0.0,0.0,-0.2368144154587947,-0.3117780824172594,-0.2793052412439976,-0.082385897706037,-0.2494937901255431,-0.321664557897566,True,-0.26932425449396796
2021-08-10 00:00:00+00:00,0.0,0.0,0.0,0.0,0.0,0.0,0.0,0.0,-0.2368144154587947,-0.3117780824172594,-0.2793052412439976,-0.082385897706037,-0.2494937901255431,-0.321664557897566,True,-0.26932425449396796
2021-08-11 00:00:00+00:00,0.0,0.0,0.0,0.0,0.0,0.0,0.0,0.0,-0.2368144154587947,-0.3117780824172594,-0.2793052412439976,-0.082385897706037,-0.2494937901255431,-0.321664557897566,True,-0.26932425449396796
2021-08-12 00:00:00+00:00,0.0,0.0,0.0,0.0,0.0,0.0,0.0,0.0,-0.2368144154587947,-0.3117780824172594,-0.2793052412439976,-0.082385897706037,-0.2494937901255431,-0.321664557897566,True,-0.26932425449396796
2021-08-13 00:00:00+00:00,0.0,0.0,0.0,0.0,0.0,0.0,0.0,0.0,-0.2368144154587947,-0.3117780824172594,-0.2793052412439976,-0.082385897706037,-0.2494937901255431,-0.321664557897566,True,-0.26932425449396796
2021-08-14 00:00:00+00:00,0.0,0.0,0.0,0.0,0.0,0.0,0.0,0.0,-0.2368144154587947,-0.3117780824172594,-0.2793052412439976,-0.082385897706037,-0.2494937901255431,-0.321664557897566,True,-0.26932425449396796
2021-08-15 00:00:00+00:00,0.0,0.0,0.0,0.0,0.0,0.0,0.0,0.0,-0.2368144154587947,-0.3117780824172594,-0.2793052412439976,-0.082385897706037,-0.2494937901255431,-0.321664557897566,True,-0.26932425449396796
2021-08-16 00:00:00+00:00,0.0,0.0,0.0,0.0,0.0,0.0,0.0,0.0,-0.2368144154587947,-0.3117780824172594,-0.2793052412439976,-0.082385897706037,-0.2494937901255431,-0.321664557897566,True,-0.26932425449396796
2021-08-17 00:00:00+00:00,0.0,0.0,0.0,0.0,0.0,0.0,0.0,0.0,-0.2368144154587947,-0.3117780824172594,-0.2793052412439976,-0.082385897706037,-0.2494937901255431,-0.321664557897566,True,-0.26932425449396796
2021-08-18 00:00:00+00:00,0.0,0.0,0.0,0.0,0.0,0.0,0.0,0.0,-0.2368144154587947,-0.3117780824172594,-0.2793052412439976,-0.082385897706037,-0.2494937901255431,-0.321664557897566,True,-0.26932425449396796
2021-08-19 00:00:00+00:00,0.0,0.0,0.0,0.0,0.0,0.0,0.0,0.0,-0.2368144154587947,-0.3117780824172594,-0.2793052412439976,-0.082385897706037,-0.2494937901255431,-0.321664557897566,True,-0.26932425449396796
2021-08-20 00:00:00+00:00,0.0,0.0,0.0,0.0,0.0,0.0,0.0,0.0,-0.2368144154587947,-0.3117780824172594,-0.2793052412439976,-0.082385897706037,-0.2494937901255431,-0.321664557897566,True,-0.26932425449396796
2021-08-21 00:00:00+00:00,0.0,0.0,0.0,0.0,0.0,0.0,0.0,0.0,-0.2368144154587947,-0.3117780824172594,-0.2793052412439976,-0.082385897706037,-0.2494937901255431,-0.321664557897566,True,-0.26932425449396796
2021-08-22 00:00:00+00:00,0.0,0.0,0.0,0.0,0.0,0.0,0.0,0.0,-0.2368144154587947,-0.3117780824172594,-0.2793052412439976,-0.082385897706037,-0.2494937901255431,-0.321664557897566,True,-0.26932425449396796
2021-08-23 00:00:00+00:00,0.0,0.0,0.0,0.0,0.0,0.0,0.0,0.0,-0.2368144154587947,-0.3117780824172594,-0.2793052412439976,-0.082385897706037,-0.2494937901255431,-0.321664557897566,True,-0.26932425449396796
2021-08-24 00:00:00+00:00,0.0,0.0,0.0,0.0,0.0,0.0,0.0,0.0,-0.2368144154587947,-0.3117780824172594,-0.2793052412439976,-0.082385897706037,-0.2494937901255431,-0.321664557897566,True,-0.26932425449396796
2021-08-25 00:00:00+00:00,0.0,0.0,0.0,0.0,0.0,0.0,0.0,0.0,-0.2368144154587947,-0.3117780824172594,-0.2793052412439976,-0.082385897706037,-0.2494937901255431,-0.321664557897566,True,-0.26932425449396796
2021-08-26 00:00:00+00:00,0.0,0.0,0.0,0.0,0.0,0.0,0.0,0.0,-0.2368144154587947,-0.3117780824172594,-0.2793052412439976,-0.082385897706037,-0.2494937901255431,-0.321664557897566,True,-0.26932425449396796
2021-08-27 00:00:00+00:00,0.0,0.0,0.0,0.0,0.0,0.0,0.0,0.0,-0.2368144154587947,-0.3117780824172594,-0.2793052412439976,-0.082385897706037,-0.2494937901255431,-0.321664557897566,True,-0.26932425449396796
2021-08-28 00:00:00+00:00,0.0,0.0,0.0,0.0,0.0,0.0,0.0,0.0,-0.2368144154587947,-0.3117780824172594,-0.2793052412439976,-0.082385897706037,-0.2494937901255431,-0.321664557897566,True,-0.26932425449396796
2021-08-29 00:00:00+00:00,0.0,0.0,0.0,0.0,0.0,0.0,0.0,0.0,-0.2368144154587947,-0.3117780824172594,-0.2793052412439976,-0.082385897706037,-0.2494937901255431,-0.321664557897566,True,-0.26932425449396796
2021-08-30 00:00:00+00:00,0.0,0.0,0.0,0.0,0.0,0.0,0.0,0.0,-0.2368144154587947,-0.3117780824172594,-0.2793052412439976,-0.082385897706037,-0.2494937901255431,-0.321664557897566,True,-0.26932425449396796
2021-08-31 00:00:00+00:00,0.0,0.0,0.0,0.0,0.0,0.0,0.0,0.0,-0.2368144154587947,-0.3117780824172594,-0.2793052412439976,-0.082385897706037,-0.2494937901255431,-0.321664557897566,True,-0.26932425449396796
2021-09-01 00:00:00+00:00,0.0,0.0,0.0,0.0,0.0,0.0,0.0,0.0,-0.2368144154587947,-0.3117780824172594,-0.2793052412439976,-0.082385897706037,-0.2494937901255431,-0.321664557897566,True,-0.26932425449396796
2021-09-02 00:00:00+00:00,0.0,0.0,0.0,0.0,0.0,0.0,0.0,0.0,-0.2368144154587947,-0.3117780824172594,-0.2793052412439976,-0.082385897706037,-0.2494937901255431,-0.321664557897566,True,-0.26932425449396796
2021-09-03 00:00:00+00:00,0.0,0.0,0.0,0.0,0.0,0.0,0.0,0.0,-0.2368144154587947,-0.3117780824172594,-0.2793052412439976,-0.082385897706037,-0.2494937901255431,-0.321664557897566,True,-0.26932425449396796
2021-09-04 00:00:00+00:00,0.0,0.0,0.0,0.0,0.0,0.0,0.0,0.0,-0.2368144154587947,-0.3117780824172594,-0.2793052412439976,-0.082385897706037,-0.2494937901255431,-0.321664557897566,True,-0.26932425449396796
2021-09-05 00:00:00+00:00,0.0,0.0,0.0,0.0,0.0,0.0,0.0,0.0,-0.2368144154587947,-0.3117780824172594,-0.2793052412439976,-0.082385897706037,-0.2494937901255431,-0.321664557897566,True,-0.26932425449396796
2021-09-06 00:00:00+00:00,0.0,0.0,0.0,0.0,0.0,0.0,0.0,0.0,-0.2368144154587947,-0.3117780824172594,-0.2793052412439976,-0.082385897706037,-0.2494937901255431,-0.321664557897566,True,-0.26932425449396796
2021-09-07 00:00:00+00:00,0.0,0.0,0.0,0.0,0.0,0.0,0.0,0.0,-0.2368144154587947,-0.3117780824172594,-0.2793052412439976,-0.082385897706037,-0.2494937901255431,-0.321664557897566,True,-0.26932425449396796
2021-09-08 00:00:00+00:00,0.0,0.0,0.0,0.0,0.0,0.0,0.0,0.0,-0.2368144154587947,-0.3117780824172594,-0.2793052412439976,-0.082385897706037,-0.2494937901255431,-0.321664557897566,True,-0.26932425449396796
2021-09-09 00:00:00+00:00,0.0,0.0,0.0,0.0,0.0,0.0,0.0,0.0,-0.2368144154587947,-0.3117780824172594,-0.2793052412439976,-0.082385897706037,-0.2494937901255431,-0.321664557897566,True,-0.26932425449396796
2021-09-10 00:00:00+00:00,0.0,0.0,0.0,0.0,0.0,0.0,0.0,0.0,-0.2368144154587947,-0.3117780824172594,-0.2793052412439976,-0.082385897706037,-0.2494937901255431,-0.321664557897566,True,-0.26932425449396796
2021-09-11 00:00:00+00:00,0.0,0.0,0.0,0.0,0.0,0.0,0.0,0.0,-0.2368144154587947,-0.3117780824172594,-0.2793052412439976,-0.082385897706037,-0.2494937901255431,-0.321664557897566,True,-0.26932425449396796
2021-09-12 00:00:00+00:00,0.0,0.0,0.0,0.0,0.0,0.0,0.0,0.0,-0.2368144154587947,-0.3117780824172594,-0.2793052412439976,-0.082385897706037,-0.2494937901255431,-0.321664557897566,True,-0.26932425449396796
2021-09-13 00:00:00+00:00,0.0,0.0,0.0,0.0,0.0,0.0,0.0,0.0,-0.2368144154587947,-0.3117780824172594,-0.2793052412439976,-0.082385897706037,-0.2494937901255431,-0.321664557897566,True,-0.26932425449396796
2021-09-14 00:00:00+00:00,0.0,0.0,0.0,0.0,0.0,0.0,0.0,0.0,-0.2368144154587947,-0.3117780824172594,-0.2793052412439976,-0.082385897706037,-0.2494937901255431,-0.321664557897566,True,-0.26932425449396796
2021-09-15 00:00:00+00:00,0.0,0.0,0.0,0.0,0.0,0.0,0.0,0.0,-0.2368144154587947,-0.3117780824172594,-0.2793052412439976,-0.082385897706037,-0.2494937901255431,-0.321664557897566,True,-0.26932425449396796
2021-09-16 00:00:00+00:00,0.0,0.0,0.0,0.0,0.0,0.0,0.0,0.0,-0.2368144154587947,-0.3117780824172594,-0.2793052412439976,-0.082385897706037,-0.2494937901255431,-0.321664557897566,True,-0.26932425449396796
2021-09-17 00:00:00+00:00,0.0,0.0,0.0,0.0,0.0,0.0,0.0,0.0,-0.2368144154587947,-0.3117780824172594,-0.2793052412439976,-0.082385897706037,-0.2494937901255431,-0.321664557897566,True,-0.26932425449396796
2021-09-18 00:00:00+00:00,0.0,0.0,0.0,0.0,0.0,0.0,0.0,0.0,-0.2368144154587947,-0.3117780824172594,-0.2793052412439976,-0.082385897706037,-0.2494937901255431,-0.321664557897566,True,-0.26932425449396796
2021-09-19 00:00:00+00:00,0.0,0.0,0.0,0.0,0.0,0.0,0.0,0.0,-0.2368144154587947,-0.3117780824172594,-0.2793052412439976,-0.082385897706037,-0.2494937901255431,-0.321664557897566,True,-0.26932425449396796
2021-09-20 00:00:00+00:00,0.0,0.0,0.0,0.0,0.0,0.0,0.0,0.0,-0.2368144154587947,-0.3117780824172594,-0.2793052412439976,-0.082385897706037,-0.2494937901255431,-0.321664557897566,True,-0.26932425449396796
2021-09-21 00:00:00+00:00,0.0,0.0,0.0,0.0,0.0,0.0,0.0,0.0,-0.2368144154587947,-0.3117780824172594,-0.2793052412439976,-0.082385897706037,-0.2494937901255431,-0.321664557897566,True,-0.26932425449396796
2021-09-22 00:00:00+00:00,0.0,0.0,0.0,0.0,0.0,0.0,0.0,0.0,-0.2368144154587947,-0.3117780824172594,-0.2793052412439976,-0.082385897706037,-0.2494937901255431,-0.321664557897566,True,-0.26932425449396796
2021-09-23 00:00:00+00:00,0.0,0.0,0.0,0.0,0.0,0.0,0.0,0.0,-0.2368144154587947,-0.3117780824172594,-0.2793052412439976,-0.082385897706037,-0.2494937901255431,-0.321664557897566,True,-0.26932425449396796
2021-09-24 00:00:00+00:00,0.0,0.0,0.0,0.0,0.0,0.0,0.0,0.0,-0.2368144154587947,-0.3117780824172594,-0.2793052412439976,-0.082385897706037,-0.2494937901255431,-0.321664557897566,True,-0.26932425449396796
2021-09-25 00:00:00+00:00,0.0,0.0,0.0,0.0,0.0,0.0,0.0,0.0,-0.2368144154587947,-0.3117780824172594,-0.2793052412439976,-0.082385897706037,-0.2494937901255431,-0.321664557897566,True,-0.26932425449396796
2021-09-26 00:00:00+00:00,0.0,0.0,0.0,0.0,0.0,0.0,0.0,0.0,-0.2368144154587947,-0.3117780824172594,-0.2793052412439976,-0.082385897706037,-0.2494937901255431,-0.321664557897566,True,-0.26932425449396796
2021-09-27 00:00:00+00:00,0.0,0.0,0.0,0.0,0.0,0.0,0.0,0.0,-0.2368144154587947,-0.3117780824172594,-0.2793052412439976,-0.082385897706037,-0.2494937901255431,-0.321664557897566,True,-0.26932425449396796
2021-09-28 00:00:00+00:00,0.0,0.0,0.0,0.0,0.0,0.0,0.0,0.0,-0.2368144154587947,-0.3117780824172594,-0.2793052412439976,-0.082385897706037,-0.2494937901255431,-0.321664557897566,True,-0.26932425449396796
2021-09-29 00:00:00+00:00,0.0,0.0,0.0,0.0,0.0,0.0,0.0,0.0,-0.2368144154587947,-0.3117780824172594,-0.2793052412439976,-0.082385897706037,-0.2494937901255431,-0.321664557897566,True,-0.26932425449396796
2021-09-30 00:00:00+00:00,0.0,0.0,0.0,0.0,0.0,0.0,0.0,0.0,-0.2368144154587947,-0.3117780824172594,-0.2793052412439976,-0.082385897706037,-0.2494937901255431,-0.321664557897566,True,-0.26932425449396796
2021-10-01 00:00:00+00:00,0.0,0.0,0.0,0.0,0.0,0.0,0.0,0.0,-0.2368144154587947,-0.3117780824172594,-0.2793052412439976,-0.082385897706037,-0.2494937901255431,-0.321664557897566,True,-0.26932425449396796
2021-10-02 00:00:00+00:00,0.0,0.0,0.0,0.0,0.0,0.0,0.0,0.0,-0.2368144154587947,-0.3117780824172594,-0.2793052412439976,-0.082385897706037,-0.2494937901255431,-0.321664557897566,True,-0.26932425449396796
2021-10-03 00:00:00+00:00,0.0,0.0,0.0,0.0,0.0,0.0,0.0,0.0,-0.2368144154587947,-0.3117780824172594,-0.2793052412439976,-0.082385897706037,-0.2494937901255431,-0.321664557897566,True,-0.26932425449396796
2021-10-04 00:00:00+00:00,0.0,0.0,0.0,0.0,0.0,0.0,0.0,0.0,-0.2368144154587947,-0.3117780824172594,-0.2793052412439976,-0.082385897706037,-0.2494937901255431,-0.321664557897566,True,-0.26932425449396796
2021-10-05 00:00:00+00:00,0.0,0.0,0.0,0.0,0.0,0.0,0.0,0.0,-0.2368144154587947,-0.3117780824172594,-0.2793052412439976,-0.082385897706037,-0.2494937901255431,-0.321664557897566,True,-0.26932425449396796
2021-10-06 00:00:00+00:00,0.0,0.0,0.0,0.0,0.0,0.0,0.0,0.0,-0.2368144154587947,-0.3117780824172594,-0.2793052412439976,-0.082385897706037,-0.2494937901255431,-0.321664557897566,True,-0.26932425449396796
2021-10-07 00:00:00+00:00,0.0,0.0,0.0,0.0,0.0,0.0,0.0,0.0,-0.2368144154587947,-0.3117780824172594,-0.2793052412439976,-0.082385897706037,-0.2494937901255431,-0.321664557897566,True,-0.26932425449396796
2021-10-08 00:00:00+00:00,0.0,0.0,0.0,0.0,0.0,0.0,0.0,0.0,-0.2368144154587947,-0.3117780824172594,-0.2793052412439976,-0.082385897706037,-0.2494937901255431,-0.321664557897566,True,-0.26932425449396796
2021-10-09 00:00:00+00:00,0.0,0.0,0.0,0.0,0.0,0.0,0.0,0.0,-0.2368144154587947,-0.3117780824172594,-0.2793052412439976,-0.082385897706037,-0.2494937901255431,-0.321664557897566,True,-0.26932425449396796
2021-10-10 00:00:00+00:00,0.0,0.0,0.0,0.0,0.0,0.0,0.0,0.0,-0.2368144154587947,-0.3117780824172594,-0.2793052412439976,-0.082385897706037,-0.2494937901255431,-0.321664557897566,True,-0.26932425449396796
2021-10-11 00:00:00+00:00,0.0,0.0,0.0,0.0,0.0,0.0,0.0,0.0,-0.2368144154587947,-0.3117780824172594,-0.2793052412439976,-0.082385897706037,-0.2494937901255431,-0.321664557897566,True,-0.26932425449396796
2021-10-12 00:00:00+00:00,0.0,0.0,0.0,0.0,0.0,0.0,0.0,0.0,-0.2368144154587947,-0.3117780824172594,-0.2793052412439976,-0.082385897706037,-0.2494937901255431,-0.321664557897566,True,-0.26932425449396796
2021-10-13 00:00:00+00:00,0.0,0.0,0.0,0.0,0.0,0.0,0.0,0.0,-0.2368144154587947,-0.3117780824172594,-0.2793052412439976,-0.082385897706037,-0.2494937901255431,-0.321664557897566,True,-0.26932425449396796
2021-10-14 00:00:00+00:00,0.0,0.0,0.0,0.0,0.0,0.0,0.0,0.0,-0.2368144154587947,-0.3117780824172594,-0.2793052412439976,-0.082385897706037,-0.2494937901255431,-0.321664557897566,True,-0.26932425449396796
2021-10-15 00:00:00+00:00,0.0,0.0,0.0,0.0,0.0,0.0,0.0,0.0,-0.2368144154587947,-0.3117780824172594,-0.2793052412439976,-0.082385897706037,-0.2494937901255431,-0.321664557897566,True,-0.26932425449396796
2021-10-16 00:00:00+00:00,0.0,0.0,0.0,0.0,0.0,0.0,0.0,0.0,-0.2368144154587947,-0.3117780824172594,-0.2793052412439976,-0.082385897706037,-0.2494937901255431,-0.321664557897566,True,-0.26932425449396796
2021-10-17 00:00:00+00:00,0.0,0.0,0.0,0.0,0.0,0.0,0.0,0.0,-0.2368144154587947,-0.3117780824172594,-0.2793052412439976,-0.082385897706037,-0.2494937901255431,-0.321664557897566,True,-0.26932425449396796
2021-10-18 00:00:00+00:00,0.0,0.0,0.0,0.0,0.0,0.0,0.0,0.0,-0.2368144154587947,-0.3117780824172594,-0.2793052412439976,-0.082385897706037,-0.2494937901255431,-0.321664557897566,True,-0.26932425449396796
2021-10-19 00:00:00+00:00,0.0,0.0,0.0,0.0,0.0,0.0,0.0,0.0,-0.2368144154587947,-0.3117780824172594,-0.2793052412439976,-0.082385897706037,-0.2494937901255431,-0.321664557897566,True,-0.26932425449396796
2021-10-20 00:00:00+00:00,0.0,0.0,0.0,0.0,0.0,0.0,0.0,0.0,-0.2368144154587947,-0.3117780824172594,-0.2793052412439976,-0.082385897706037,-0.2494937901255431,-0.321664557897566,True,-0.26932425449396796
2021-10-21 00:00:00+00:00,0.0,0.0,0.0,0.0,0.0,0.0,0.0,0.0,-0.2368144154587947,-0.3117780824172594,-0.2793052412439976,-0.082385897706037,-0.2494937901255431,-0.321664557897566,True,-0.26932425449396796
2021-10-22 00:00:00+00:00,0.0,0.0,0.0,0.0,0.0,0.0,0.0,0.0,-0.2368144154587947,-0.3117780824172594,-0.2793052412439976,-0.082385897706037,-0.2494937901255431,-0.321664557897566,True,-0.26932425449396796
2021-10-23 00:00:00+00:00,0.0,0.0,0.0,0.0,0.0,0.0,0.0,0.0,-0.2368144154587947,-0.3117780824172594,-0.2793052412439976,-0.082385897706037,-0.2494937901255431,-0.321664557897566,True,-0.26932425449396796
2021-10-24 00:00:00+00:00,0.0,0.0,0.0,0.0,0.0,0.0,0.0,0.0,-0.2368144154587947,-0.3117780824172594,-0.2793052412439976,-0.082385897706037,-0.2494937901255431,-0.321664557897566,True,-0.26932425449396796
2021-10-25 00:00:00+00:00,0.0,0.0,0.0,0.0,0.0,0.0,0.0,0.0,-0.2368144154587947,-0.3117780824172594,-0.2793052412439976,-0.082385897706037,-0.2494937901255431,-0.321664557897566,True,-0.26932425449396796
2021-10-26 00:00:00+00:00,0.0,0.0,0.0,0.0,0.0,0.0,0.0,0.0,-0.2368144154587947,-0.3117780824172594,-0.2793052412439976,-0.082385897706037,-0.2494937901255431,-0.321664557897566,True,-0.26932425449396796
2021-10-27 00:00:00+00:00,2.0,1.0,1.0,260.0,1.0,0.0,0.0,1.0,0.7028687495507973,0.6537725428661474,1.3434351273058398,0.3592117957416703,7.684810874375585,3.848472299029357,True,4.078717307651913
2021-10-28 00:00:00+00:00,0.0,0.0,0.0,0.0,0.0,0.0,0.0,0.0,-0.2368144154587947,-0.3117780824172594,-0.2793052412439976,-0.082385897706037,-0.2494937901255431,-0.321664557897566,True,-0.26932425449396796
2021-10-29 00:00:00+00:00,0.0,0.0,0.0,0.0,0.0,0.0,0.0,0.0,-0.2368144154587947,-0.3117780824172594,-0.2793052412439976,-0.082385897706037,-0.2494937901255431,-0.321664557897566,True,-0.26932425449396796
2021-10-30 00:00:00+00:00,0.0,0.0,0.0,0.0,0.0,0.0,0.0,0.0,-0.2368144154587947,-0.3117780824172594,-0.2793052412439976,-0.082385897706037,-0.2494937901255431,-0.321664557897566,True,-0.26932425449396796
2021-10-31 00:00:00+00:00,0.0,0.0,0.0,0.0,0.0,0.0,0.0,0.0,-0.2368144154587947,-0.3117780824172594,-0.2793052412439976,-0.082385897706037,-0.2494937901255431,-0.321664557897566,True,-0.26932425449396796
2021-11-01 00:00:00+00:00,0.0,0.0,0.0,0.0,0.0,0.0,0.0,0.0,-0.2368144154587947,-0.3117780824172594,-0.2793052412439976,-0.082385897706037,-0.2494937901255431,-0.321664557897566,True,-0.26932425449396796
2021-11-02 00:00:00+00:00,0.0,0.0,0.0,0.0,0.0,0.0,0.0,0.0,-0.2368144154587947,-0.3117780824172594,-0.2793052412439976,-0.082385897706037,-0.2494937901255431,-0.321664557897566,True,-0.26932425449396796
2021-11-03 00:00:00+00:00,0.0,0.0,0.0,0.0,0.0,0.0,0.0,0.0,-0.2368144154587947,-0.3117780824172594,-0.2793052412439976,-0.082385897706037,-0.2494937901255431,-0.321664557897566,True,-0.26932425449396796
2021-11-04 00:00:00+00:00,0.0,0.0,0.0,0.0,0.0,0.0,0.0,0.0,-0.2368144154587947,-0.3117780824172594,-0.2793052412439976,-0.082385897706037,-0.2494937901255431,-0.321664557897566,True,-0.26932425449396796
2021-11-05 00:00:00+00:00,0.0,0.0,0.0,0.0,0.0,0.0,0.0,0.0,-0.2368144154587947,-0.3117780824172594,-0.2793052412439976,-0.082385897706037,-0.2494937901255431,-0.321664557897566,True,-0.26932425449396796
2021-11-06 00:00:00+00:00,0.0,0.0,0.0,0.0,0.0,0.0,0.0,0.0,-0.2368144154587947,-0.3117780824172594,-0.2793052412439976,-0.082385897706037,-0.2494937901255431,-0.321664557897566,True,-0.26932425449396796
2021-11-07 00:00:00+00:00,0.0,0.0,0.0,0.0,0.0,0.0,0.0,0.0,-0.2368144154587947,-0.3117780824172594,-0.2793052412439976,-0.082385897706037,-0.2494937901255431,-0.321664557897566,True,-0.26932425449396796
2021-11-08 00:00:00+00:00,0.0,0.0,0.0,0.0,0.0,0.0,0.0,0.0,-0.2368144154587947,-0.3117780824172594,-0.2793052412439976,-0.082385897706037,-0.2494937901255431,-0.321664557897566,True,-0.26932425449396796
2021-11-09 00:00:00+00:00,0.0,0.0,0.0,0.0,0.0,0.0,0.0,0.0,-0.2368144154587947,-0.3117780824172594,-0.2793052412439976,-0.082385897706037,-0.2494937901255431,-0.321664557897566,True,-0.26932425449396796
2021-11-10 00:00:00+00:00,0.0,0.0,0.0,0.0,0.0,0.0,0.0,0.0,-0.2368144154587947,-0.3117780824172594,-0.2793052412439976,-0.082385897706037,-0.2494937901255431,-0.321664557897566,True,-0.26932425449396796
2021-11-11 00:00:00+00:00,0.0,0.0,0.0,0.0,0.0,0.0,0.0,0.0,-0.2368144154587947,-0.3117780824172594,-0.2793052412439976,-0.082385897706037,-0.2494937901255431,-0.321664557897566,True,-0.26932425449396796
2021-11-12 00:00:00+00:00,0.0,0.0,0.0,0.0,0.0,0.0,0.0,0.0,-0.2368144154587947,-0.3117780824172594,-0.2793052412439976,-0.082385897706037,-0.2494937901255431,-0.321664557897566,True,-0.26932425449396796
2021-11-13 00:00:00+00:00,0.0,0.0,0.0,0.0,0.0,0.0,0.0,0.0,-0.2368144154587947,-0.3117780824172594,-0.2793052412439976,-0.082385897706037,-0.2494937901255431,-0.321664557897566,True,-0.26932425449396796
2021-11-14 00:00:00+00:00,3.0,2.0,2.0,1032.5,0.3333333333333333,0.3333333333333333,0.0,1.0,1.1727103320555934,1.6193231681495543,2.966175495855677,1.671266481081493,2.395274431374833,3.848472299029357,True,2.4721523541532613
2021-11-15 00:00:00+00:00,0.0,0.0,0.0,0.0,0.0,0.0,0.0,0.0,-0.2368144154587947,-0.3117780824172594,-0.2793052412439976,-0.082385897706037,-0.2494937901255431,-0.321664557897566,True,-0.26932425449396796
2021-11-16 00:00:00+00:00,0.0,0.0,0.0,0.0,0.0,0.0,0.0,0.0,-0.2368144154587947,-0.3117780824172594,-0.2793052412439976,-0.082385897706037,-0.2494937901255431,-0.321664557897566,False,-0.26932425449396796
2021-11-17 00:00:00+00:00,0.0,0.0,0.0,0.0,0.0,0.0,0.0,0.0,-0.2368144154587947,-0.3117780824172594,-0.2793052412439976,-0.082385897706037,-0.2494937901255431,-0.321664557897566,False,-0.26932425449396796
2021-11-18 00:00:00+00:00,1.0,1.0,1.0,17.0,0.0,0.0,0.0,1.0,0.2330271670460012,0.6537725428661474,1.3434351273058398,-0.0535122023652253,-0.2494937901255431,3.848472299029357,False,1.277335225316605
2021-11-19 00:00:00+00:00,1.0,1.0,1.0,0.0,0.0,0.0,0.0,1.0,0.2330271670460012,0.6537725428661474,1.3434351273058398,-0.082385897706037,-0.2494937901255431,3.848472299029357,False,1.277335225316605
2021-11-20 00:00:00+00:00,8.0,6.0,6.0,2336.375,0.125,0.0,0.0,1.0,3.5219182445795734,5.481525669283182,9.457136970055029,3.885836452405067,0.742294292937098,3.848472299029357,False,2.7042282788486762
2021-11-21 00:00:00+00:00,2.0,2.0,1.0,116.5,0.0,0.0,0.0,0.5,0.7028687495507973,1.6193231681495543,1.3434351273058398,0.115483838011878,-0.2494937901255431,1.7634038705658954,False,0.7389262766637166
2021-11-22 00:00:00+00:00,5.0,4.0,2.0,175.25,0.8,0.2,0.0,0.5,2.1123934970651854,3.5504244187163683,2.966175495855677,0.2152679322043888,6.09794994147536,1.7634038705658954,False,3.324582436368813
2021-11-23 00:00:00+00:00,2.0,2.0,1.0,33.0,0.5,0.0,0.0,0.5,0.7028687495507973,1.6193231681495543,1.3434351273058398,-0.0263369596915203,3.717658542125021,1.7634038705658954,True,2.0613103874139047
2021-11-24 00:00:00+00:00,0.0,0.0,0.0,0.0,0.0,0.0,0.0,0.0,-0.2368144154587947,-0.3117780824172594,-0.2793052412439976,-0.082385897706037,-0.2494937901255431,-0.321664557897566,True,-0.26932425449396796
2021-11-25 00:00:00+00:00,0.0,0.0,0.0,0.0,0.0,0.0,0.0,0.0,-0.2368144154587947,-0.3117780824172594,-0.2793052412439976,-0.082385897706037,-0.2494937901255431,-0.321664557897566,True,-0.26932425449396796
2021-11-26 00:00:00+00:00,0.0,0.0,0.0,0.0,0.0,0.0,0.0,0.0,-0.2368144154587947,-0.3117780824172594,-0.2793052412439976,-0.082385897706037,-0.2494937901255431,-0.321664557897566,True,-0.26932425449396796
2021-11-27 00:00:00+00:00,0.0,0.0,0.0,0.0,0.0,0.0,0.0,0.0,-0.2368144154587947,-0.3117780824172594,-0.2793052412439976,-0.082385897706037,-0.2494937901255431,-0.321664557897566,True,-0.26932425449396796
2021-11-28 00:00:00+00:00,0.0,0.0,0.0,0.0,0.0,0.0,0.0,0.0,-0.2368144154587947,-0.3117780824172594,-0.2793052412439976,-0.082385897706037,-0.2494937901255431,-0.321664557897566,True,-0.26932425449396796
2021-11-29 00:00:00+00:00,0.0,0.0,0.0,0.0,0.0,0.0,0.0,0.0,-0.2368144154587947,-0.3117780824172594,-0.2793052412439976,-0.082385897706037,-0.2494937901255431,-0.321664557897566,True,-0.26932425449396796
2021-11-30 00:00:00+00:00,0.0,0.0,0.0,0.0,0.0,0.0,0.0,0.0,-0.2368144154587947,-0.3117780824172594,-0.2793052412439976,-0.082385897706037,-0.2494937901255431,-0.321664557897566,True,-0.26932425449396796
2021-12-01 00:00:00+00:00,0.0,0.0,0.0,0.0,0.0,0.0,0.0,0.0,-0.2368144154587947,-0.3117780824172594,-0.2793052412439976,-0.082385897706037,-0.2494937901255431,-0.321664557897566,True,-0.26932425449396796
2021-12-02 00:00:00+00:00,0.0,0.0,0.0,0.0,0.0,0.0,0.0,0.0,-0.2368144154587947,-0.3117780824172594,-0.2793052412439976,-0.082385897706037,-0.2494937901255431,-0.321664557897566,True,-0.26932425449396796
2021-12-03 00:00:00+00:00,0.0,0.0,0.0,0.0,0.0,0.0,0.0,0.0,-0.2368144154587947,-0.3117780824172594,-0.2793052412439976,-0.082385897706037,-0.2494937901255431,-0.321664557897566,True,-0.26932425449396796
2021-12-04 00:00:00+00:00,0.0,0.0,0.0,0.0,0.0,0.0,0.0,0.0,-0.2368144154587947,-0.3117780824172594,-0.2793052412439976,-0.082385897706037,-0.2494937901255431,-0.321664557897566,True,-0.26932425449396796
2021-12-05 00:00:00+00:00,0.0,0.0,0.0,0.0,0.0,0.0,0.0,0.0,-0.2368144154587947,-0.3117780824172594,-0.2793052412439976,-0.082385897706037,-0.2494937901255431,-0.321664557897566,True,-0.26932425449396796
2021-12-06 00:00:00+00:00,0.0,0.0,0.0,0.0,0.0,0.0,0.0,0.0,-0.2368144154587947,-0.3117780824172594,-0.2793052412439976,-0.082385897706037,-0.2494937901255431,-0.321664557897566,True,-0.26932425449396796
2021-12-07 00:00:00+00:00,0.0,0.0,0.0,0.0,0.0,0.0,0.0,0.0,-0.2368144154587947,-0.3117780824172594,-0.2793052412439976,-0.082385897706037,-0.2494937901255431,-0.321664557897566,True,-0.26932425449396796
2021-12-08 00:00:00+00:00,1.0,1.0,1.0,1.0,0.0,0.0,0.0,1.0,0.2330271670460012,0.6537725428661474,1.3434351273058398,-0.0806874450389304,-0.2494937901255431,3.848472299029357,True,1.277335225316605
2021-12-09 00:00:00+00:00,0.0,0.0,0.0,0.0,0.0,0.0,0.0,0.0,-0.2368144154587947,-0.3117780824172594,-0.2793052412439976,-0.082385897706037,-0.2494937901255431,-0.321664557897566,True,-0.26932425449396796
2021-12-10 00:00:00+00:00,0.0,0.0,0.0,0.0,0.0,0.0,0.0,0.0,-0.2368144154587947,-0.3117780824172594,-0.2793052412439976,-0.082385897706037,-0.2494937901255431,-0.321664557897566,True,-0.26932425449396796
2021-12-11 00:00:00+00:00,0.0,0.0,0.0,0.0,0.0,0.0,0.0,0.0,-0.2368144154587947,-0.3117780824172594,-0.2793052412439976,-0.082385897706037,-0.2494937901255431,-0.321664557897566,True,-0.26932425449396796
2021-12-12 00:00:00+00:00,0.0,0.0,0.0,0.0,0.0,0.0,0.0,0.0,-0.2368144154587947,-0.3117780824172594,-0.2793052412439976,-0.082385897706037,-0.2494937901255431,-0.321664557897566,True,-0.26932425449396796
2021-12-13 00:00:00+00:00,0.0,0.0,0.0,0.0,0.0,0.0,0.0,0.0,-0.2368144154587947,-0.3117780824172594,-0.2793052412439976,-0.082385897706037,-0.2494937901255431,-0.321664557897566,True,-0.26932425449396796
2021-12-14 00:00:00+00:00,0.0,0.0,0.0,0.0,0.0,0.0,0.0,0.0,-0.2368144154587947,-0.3117780824172594,-0.2793052412439976,-0.082385897706037,-0.2494937901255431,-0.321664557897566,True,-0.26932425449396796
2021-12-15 00:00:00+00:00,0.0,0.0,0.0,0.0,0.0,0.0,0.0,0.0,-0.2368144154587947,-0.3117780824172594,-0.2793052412439976,-0.082385897706037,-0.2494937901255431,-0.321664557897566,True,-0.26932425449396796
2021-12-16 00:00:00+00:00,0.0,0.0,0.0,0.0,0.0,0.0,0.0,0.0,-0.2368144154587947,-0.3117780824172594,-0.2793052412439976,-0.082385897706037,-0.2494937901255431,-0.321664557897566,True,-0.26932425449396796
2021-12-17 00:00:00+00:00,0.0,0.0,0.0,0.0,0.0,0.0,0.0,0.0,-0.2368144154587947,-0.3117780824172594,-0.2793052412439976,-0.082385897706037,-0.2494937901255431,-0.321664557897566,True,-0.26932425449396796
2021-12-18 00:00:00+00:00,0.0,0.0,0.0,0.0,0.0,0.0,0.0,0.0,-0.2368144154587947,-0.3117780824172594,-0.2793052412439976,-0.082385897706037,-0.2494937901255431,-0.321664557897566,True,-0.26932425449396796
2021-12-19 00:00:00+00:00,0.0,0.0,0.0,0.0,0.0,0.0,0.0,0.0,-0.2368144154587947,-0.3117780824172594,-0.2793052412439976,-0.082385897706037,-0.2494937901255431,-0.321664557897566,True,-0.26932425449396796
2021-12-20 00:00:00+00:00,0.0,0.0,0.0,0.0,0.0,0.0,0.0,0.0,-0.2368144154587947,-0.3117780824172594,-0.2793052412439976,-0.082385897706037,-0.2494937901255431,-0.321664557897566,True,-0.26932425449396796
2021-12-21 00:00:00+00:00,0.0,0.0,0.0,0.0,0.0,0.0,0.0,0.0,-0.2368144154587947,-0.3117780824172594,-0.2793052412439976,-0.082385897706037,-0.2494937901255431,-0.321664557897566,True,-0.26932425449396796
2021-12-22 00:00:00+00:00,0.0,0.0,0.0,0.0,0.0,0.0,0.0,0.0,-0.2368144154587947,-0.3117780824172594,-0.2793052412439976,-0.082385897706037,-0.2494937901255431,-0.321664557897566,True,-0.26932425449396796
2021-12-23 00:00:00+00:00,0.0,0.0,0.0,0.0,0.0,0.0,0.0,0.0,-0.2368144154587947,-0.3117780824172594,-0.2793052412439976,-0.082385897706037,-0.2494937901255431,-0.321664557897566,True,-0.26932425449396796
2021-12-24 00:00:00+00:00,0.0,0.0,0.0,0.0,0.0,0.0,0.0,0.0,-0.2368144154587947,-0.3117780824172594,-0.2793052412439976,-0.082385897706037,-0.2494937901255431,-0.321664557897566,True,-0.26932425449396796
2021-12-25 00:00:00+00:00,0.0,0.0,0.0,0.0,0.0,0.0,0.0,0.0,-0.2368144154587947,-0.3117780824172594,-0.2793052412439976,-0.082385897706037,-0.2494937901255431,-0.321664557897566,True,-0.26932425449396796
2021-12-26 00:00:00+00:00,0.0,0.0,0.0,0.0,0.0,0.0,0.0,0.0,-0.2368144154587947,-0.3117780824172594,-0.2793052412439976,-0.082385897706037,-0.2494937901255431,-0.321664557897566,True,-0.26932425449396796
2021-12-27 00:00:00+00:00,0.0,0.0,0.0,0.0,0.0,0.0,0.0,0.0,-0.2368144154587947,-0.3117780824172594,-0.2793052412439976,-0.082385897706037,-0.2494937901255431,-0.321664557897566,True,-0.26932425449396796
2021-12-28 00:00:00+00:00,0.0,0.0,0.0,0.0,0.0,0.0,0.0,0.0,-0.2368144154587947,-0.3117780824172594,-0.2793052412439976,-0.082385897706037,-0.2494937901255431,-0.321664557897566,True,-0.26932425449396796
2021-12-29 00:00:00+00:00,0.0,0.0,0.0,0.0,0.0,0.0,0.0,0.0,-0.2368144154587947,-0.3117780824172594,-0.2793052412439976,-0.082385897706037,-0.2494937901255431,-0.321664557897566,True,-0.26932425449396796
2021-12-30 00:00:00+00:00,0.0,0.0,0.0,0.0,0.0,0.0,0.0,0.0,-0.2368144154587947,-0.3117780824172594,-0.2793052412439976,-0.082385897706037,-0.2494937901255431,-0.321664557897566,True,-0.26932425449396796
2021-12-31 00:00:00+00:00,0.0,0.0,0.0,0.0,0.0,0.0,0.0,0.0,-0.2368144154587947,-0.3117780824172594,-0.2793052412439976,-0.082385897706037,-0.2494937901255431,-0.321664557897566,True,-0.26932425449396796
2022-01-01 00:00:00+00:00,0.0,0.0,0.0,0.0,0.0,0.0,0.0,0.0,-0.2368144154587947,-0.3117780824172594,-0.2793052412439976,-0.082385897706037,-0.2494937901255431,-0.321664557897566,True,-0.26932425449396796
2022-01-02 00:00:00+00:00,0.0,0.0,0.0,0.0,0.0,0.0,0.0,0.0,-0.2368144154587947,-0.3117780824172594,-0.2793052412439976,-0.082385897706037,-0.2494937901255431,-0.321664557897566,True,-0.26932425449396796
2022-01-03 00:00:00+00:00,0.0,0.0,0.0,0.0,0.0,0.0,0.0,0.0,-0.2368144154587947,-0.3117780824172594,-0.2793052412439976,-0.082385897706037,-0.2494937901255431,-0.321664557897566,True,-0.26932425449396796
2022-01-04 00:00:00+00:00,0.0,0.0,0.0,0.0,0.0,0.0,0.0,0.0,-0.2368144154587947,-0.3117780824172594,-0.2793052412439976,-0.082385897706037,-0.2494937901255431,-0.321664557897566,True,-0.26932425449396796
2022-01-05 00:00:00+00:00,0.0,0.0,0.0,0.0,0.0,0.0,0.0,0.0,-0.2368144154587947,-0.3117780824172594,-0.2793052412439976,-0.082385897706037,-0.2494937901255431,-0.321664557897566,True,-0.26932425449396796
2022-01-06 00:00:00+00:00,0.0,0.0,0.0,0.0,0.0,0.0,0.0,0.0,-0.2368144154587947,-0.3117780824172594,-0.2793052412439976,-0.082385897706037,-0.2494937901255431,-0.321664557897566,True,-0.26932425449396796
2022-01-07 00:00:00+00:00,0.0,0.0,0.0,0.0,0.0,0.0,0.0,0.0,-0.2368144154587947,-0.3117780824172594,-0.2793052412439976,-0.082385897706037,-0.2494937901255431,-0.321664557897566,True,-0.26932425449396796
2022-01-08 00:00:00+00:00,0.0,0.0,0.0,0.0,0.0,0.0,0.0,0.0,-0.2368144154587947,-0.3117780824172594,-0.2793052412439976,-0.082385897706037,-0.2494937901255431,-0.321664557897566,True,-0.26932425449396796
2022-01-09 00:00:00+00:00,0.0,0.0,0.0,0.0,0.0,0.0,0.0,0.0,-0.2368144154587947,-0.3117780824172594,-0.2793052412439976,-0.082385897706037,-0.2494937901255431,-0.321664557897566,True,-0.26932425449396796
2022-01-10 00:00:00+00:00,0.0,0.0,0.0,0.0,0.0,0.0,0.0,0.0,-0.2368144154587947,-0.3117780824172594,-0.2793052412439976,-0.082385897706037,-0.2494937901255431,-0.321664557897566,True,-0.26932425449396796
2022-01-11 00:00:00+00:00,0.0,0.0,0.0,0.0,0.0,0.0,0.0,0.0,-0.2368144154587947,-0.3117780824172594,-0.2793052412439976,-0.082385897706037,-0.2494937901255431,-0.321664557897566,True,-0.26932425449396796
2022-01-12 00:00:00+00:00,0.0,0.0,0.0,0.0,0.0,0.0,0.0,0.0,-0.2368144154587947,-0.3117780824172594,-0.2793052412439976,-0.082385897706037,-0.2494937901255431,-0.321664557897566,True,-0.26932425449396796
2022-01-13 00:00:00+00:00,0.0,0.0,0.0,0.0,0.0,0.0,0.0,0.0,-0.2368144154587947,-0.3117780824172594,-0.2793052412439976,-0.082385897706037,-0.2494937901255431,-0.321664557897566,True,-0.26932425449396796
2022-01-14 00:00:00+00:00,0.0,0.0,0.0,0.0,0.0,0.0,0.0,0.0,-0.2368144154587947,-0.3117780824172594,-0.2793052412439976,-0.082385897706037,-0.2494937901255431,-0.321664557897566,True,-0.26932425449396796
2022-01-15 00:00:00+00:00,0.0,0.0,0.0,0.0,0.0,0.0,0.0,0.0,-0.2368144154587947,-0.3117780824172594,-0.2793052412439976,-0.082385897706037,-0.2494937901255431,-0.321664557897566,True,-0.26932425449396796
2022-01-16 00:00:00+00:00,0.0,0.0,0.0,0.0,0.0,0.0,0.0,0.0,-0.2368144154587947,-0.3117780824172594,-0.2793052412439976,-0.082385897706037,-0.2494937901255431,-0.321664557897566,True,-0.26932425449396796
2022-01-17 00:00:00+00:00,0.0,0.0,0.0,0.0,0.0,0.0,0.0,0.0,-0.2368144154587947,-0.3117780824172594,-0.2793052412439976,-0.082385897706037,-0.2494937901255431,-0.321664557897566,True,-0.26932425449396796
2022-01-18 00:00:00+00:00,0.0,0.0,0.0,0.0,0.0,0.0,0.0,0.0,-0.2368144154587947,-0.3117780824172594,-0.2793052412439976,-0.082385897706037,-0.2494937901255431,-0.321664557897566,True,-0.26932425449396796
2022-01-19 00:00:00+00:00,0.0,0.0,0.0,0.0,0.0,0.0,0.0,0.0,-0.2368144154587947,-0.3117780824172594,-0.2793052412439976,-0.082385897706037,-0.2494937901255431,-0.321664557897566,True,-0.26932425449396796
2022-01-20 00:00:00+00:00,0.0,0.0,0.0,0.0,0.0,0.0,0.0,0.0,-0.2368144154587947,-0.3117780824172594,-0.2793052412439976,-0.082385897706037,-0.2494937901255431,-0.321664557897566,True,-0.26932425449396796
2022-01-21 00:00:00+00:00,0.0,0.0,0.0,0.0,0.0,0.0,0.0,0.0,-0.2368144154587947,-0.3117780824172594,-0.2793052412439976,-0.082385897706037,-0.2494937901255431,-0.321664557897566,True,-0.26932425449396796
2022-01-22 00:00:00+00:00,0.0,0.0,0.0,0.0,0.0,0.0,0.0,0.0,-0.2368144154587947,-0.3117780824172594,-0.2793052412439976,-0.082385897706037,-0.2494937901255431,-0.321664557897566,True,-0.26932425449396796
2022-01-23 00:00:00+00:00,0.0,0.0,0.0,0.0,0.0,0.0,0.0,0.0,-0.2368144154587947,-0.3117780824172594,-0.2793052412439976,-0.082385897706037,-0.2494937901255431,-0.321664557897566,True,-0.26932425449396796
2022-01-24 00:00:00+00:00,0.0,0.0,0.0,0.0,0.0,0.0,0.0,0.0,-0.2368144154587947,-0.3117780824172594,-0.2793052412439976,-0.082385897706037,-0.2494937901255431,-0.321664557897566,True,-0.26932425449396796
2022-01-25 00:00:00+00:00,0.0,0.0,0.0,0.0,0.0,0.0,0.0,0.0,-0.2368144154587947,-0.3117780824172594,-0.2793052412439976,-0.082385897706037,-0.2494937901255431,-0.321664557897566,True,-0.26932425449396796
2022-01-26 00:00:00+00:00,0.0,0.0,0.0,0.0,0.0,0.0,0.0,0.0,-0.2368144154587947,-0.3117780824172594,-0.2793052412439976,-0.082385897706037,-0.2494937901255431,-0.321664557897566,True,-0.26932425449396796
2022-01-27 00:00:00+00:00,0.0,0.0,0.0,0.0,0.0,0.0,0.0,0.0,-0.2368144154587947,-0.3117780824172594,-0.2793052412439976,-0.082385897706037,-0.2494937901255431,-0.321664557897566,True,-0.26932425449396796
2022-01-28 00:00:00+00:00,0.0,0.0,0.0,0.0,0.0,0.0,0.0,0.0,-0.2368144154587947,-0.3117780824172594,-0.2793052412439976,-0.082385897706037,-0.2494937901255431,-0.321664557897566,True,-0.26932425449396796
2022-01-29 00:00:00+00:00,0.0,0.0,0.0,0.0,0.0,0.0,0.0,0.0,-0.2368144154587947,-0.3117780824172594,-0.2793052412439976,-0.082385897706037,-0.2494937901255431,-0.321664557897566,True,-0.26932425449396796
2022-01-30 00:00:00+00:00,0.0,0.0,0.0,0.0,0.0,0.0,0.0,0.0,-0.2368144154587947,-0.3117780824172594,-0.2793052412439976,-0.082385897706037,-0.2494937901255431,-0.321664557897566,True,-0.26932425449396796
2022-01-31 00:00:00+00:00,0.0,0.0,0.0,0.0,0.0,0.0,0.0,0.0,-0.2368144154587947,-0.3117780824172594,-0.2793052412439976,-0.082385897706037,-0.2494937901255431,-0.321664557897566,True,-0.26932425449396796
2022-02-01 00:00:00+00:00,0.0,0.0,0.0,0.0,0.0,0.0,0.0,0.0,-0.2368144154587947,-0.3117780824172594,-0.2793052412439976,-0.082385897706037,-0.2494937901255431,-0.321664557897566,True,-0.26932425449396796
2022-02-02 00:00:00+00:00,0.0,0.0,0.0,0.0,0.0,0.0,0.0,0.0,-0.2368144154587947,-0.3117780824172594,-0.2793052412439976,-0.082385897706037,-0.2494937901255431,-0.321664557897566,True,-0.26932425449396796
2022-02-03 00:00:00+00:00,0.0,0.0,0.0,0.0,0.0,0.0,0.0,0.0,-0.2368144154587947,-0.3117780824172594,-0.2793052412439976,-0.082385897706037,-0.2494937901255431,-0.321664557897566,True,-0.26932425449396796
2022-02-04 00:00:00+00:00,0.0,0.0,0.0,0.0,0.0,0.0,0.0,0.0,-0.2368144154587947,-0.3117780824172594,-0.2793052412439976,-0.082385897706037,-0.2494937901255431,-0.321664557897566,True,-0.26932425449396796
2022-02-05 00:00:00+00:00,0.0,0.0,0.0,0.0,0.0,0.0,0.0,0.0,-0.2368144154587947,-0.3117780824172594,-0.2793052412439976,-0.082385897706037,-0.2494937901255431,-0.321664557897566,True,-0.26932425449396796
2022-02-06 00:00:00+00:00,0.0,0.0,0.0,0.0,0.0,0.0,0.0,0.0,-0.2368144154587947,-0.3117780824172594,-0.2793052412439976,-0.082385897706037,-0.2494937901255431,-0.321664557897566,True,-0.26932425449396796
2022-02-07 00:00:00+00:00,0.0,0.0,0.0,0.0,0.0,0.0,0.0,0.0,-0.2368144154587947,-0.3117780824172594,-0.2793052412439976,-0.082385897706037,-0.2494937901255431,-0.321664557897566,True,-0.26932425449396796
2022-02-08 00:00:00+00:00,0.0,0.0,0.0,0.0,0.0,0.0,0.0,0.0,-0.2368144154587947,-0.3117780824172594,-0.2793052412439976,-0.082385897706037,-0.2494937901255431,-0.321664557897566,True,-0.26932425449396796
2022-02-09 00:00:00+00:00,0.0,0.0,0.0,0.0,0.0,0.0,0.0,0.0,-0.2368144154587947,-0.3117780824172594,-0.2793052412439976,-0.082385897706037,-0.2494937901255431,-0.321664557897566,True,-0.26932425449396796
2022-02-10 00:00:00+00:00,0.0,0.0,0.0,0.0,0.0,0.0,0.0,0.0,-0.2368144154587947,-0.3117780824172594,-0.2793052412439976,-0.082385897706037,-0.2494937901255431,-0.321664557897566,True,-0.26932425449396796
2022-02-11 00:00:00+00:00,0.0,0.0,0.0,0.0,0.0,0.0,0.0,0.0,-0.2368144154587947,-0.3117780824172594,-0.2793052412439976,-0.082385897706037,-0.2494937901255431,-0.321664557897566,True,-0.26932425449396796
2022-02-12 00:00:00+00:00,0.0,0.0,0.0,0.0,0.0,0.0,0.0,0.0,-0.2368144154587947,-0.3117780824172594,-0.2793052412439976,-0.082385897706037,-0.2494937901255431,-0.321664557897566,True,-0.26932425449396796
2022-02-13 00:00:00+00:00,0.0,0.0,0.0,0.0,0.0,0.0,0.0,0.0,-0.2368144154587947,-0.3117780824172594,-0.2793052412439976,-0.082385897706037,-0.2494937901255431,-0.321664557897566,True,-0.26932425449396796
2022-02-14 00:00:00+00:00,0.0,0.0,0.0,0.0,0.0,0.0,0.0,0.0,-0.2368144154587947,-0.3117780824172594,-0.2793052412439976,-0.082385897706037,-0.2494937901255431,-0.321664557897566,True,-0.26932425449396796
2022-02-15 00:00:00+00:00,0.0,0.0,0.0,0.0,0.0,0.0,0.0,0.0,-0.2368144154587947,-0.3117780824172594,-0.2793052412439976,-0.082385897706037,-0.2494937901255431,-0.321664557897566,True,-0.26932425449396796
2022-02-16 00:00:00+00:00,0.0,0.0,0.0,0.0,0.0,0.0,0.0,0.0,-0.2368144154587947,-0.3117780824172594,-0.2793052412439976,-0.082385897706037,-0.2494937901255431,-0.321664557897566,True,-0.26932425449396796
2022-02-17 00:00:00+00:00,0.0,0.0,0.0,0.0,0.0,0.0,0.0,0.0,-0.2368144154587947,-0.3117780824172594,-0.2793052412439976,-0.082385897706037,-0.2494937901255431,-0.321664557897566,True,-0.26932425449396796
2022-02-18 00:00:00+00:00,0.0,0.0,0.0,0.0,0.0,0.0,0.0,0.0,-0.2368144154587947,-0.3117780824172594,-0.2793052412439976,-0.082385897706037,-0.2494937901255431,-0.321664557897566,True,-0.26932425449396796
2022-02-19 00:00:00+00:00,0.0,0.0,0.0,0.0,0.0,0.0,0.0,0.0,-0.2368144154587947,-0.3117780824172594,-0.2793052412439976,-0.082385897706037,-0.2494937901255431,-0.321664557897566,True,-0.26932425449396796
2022-02-20 00:00:00+00:00,0.0,0.0,0.0,0.0,0.0,0.0,0.0,0.0,-0.2368144154587947,-0.3117780824172594,-0.2793052412439976,-0.082385897706037,-0.2494937901255431,-0.321664557897566,True,-0.26932425449396796
2022-02-21 00:00:00+00:00,0.0,0.0,0.0,0.0,0.0,0.0,0.0,0.0,-0.2368144154587947,-0.3117780824172594,-0.2793052412439976,-0.082385897706037,-0.2494937901255431,-0.321664557897566,True,-0.26932425449396796
2022-02-22 00:00:00+00:00,0.0,0.0,0.0,0.0,0.0,0.0,0.0,0.0,-0.2368144154587947,-0.3117780824172594,-0.2793052412439976,-0.082385897706037,-0.2494937901255431,-0.321664557897566,True,-0.26932425449396796
2022-02-23 00:00:00+00:00,0.0,0.0,0.0,0.0,0.0,0.0,0.0,0.0,-0.2368144154587947,-0.3117780824172594,-0.2793052412439976,-0.082385897706037,-0.2494937901255431,-0.321664557897566,True,-0.26932425449396796
2022-02-24 00:00:00+00:00,0.0,0.0,0.0,0.0,0.0,0.0,0.0,0.0,-0.2368144154587947,-0.3117780824172594,-0.2793052412439976,-0.082385897706037,-0.2494937901255431,-0.321664557897566,True,-0.26932425449396796
2022-02-25 00:00:00+00:00,0.0,0.0,0.0,0.0,0.0,0.0,0.0,0.0,-0.2368144154587947,-0.3117780824172594,-0.2793052412439976,-0.082385897706037,-0.2494937901255431,-0.321664557897566,True,-0.26932425449396796
2022-02-26 00:00:00+00:00,0.0,0.0,0.0,0.0,0.0,0.0,0.0,0.0,-0.2368144154587947,-0.3117780824172594,-0.2793052412439976,-0.082385897706037,-0.2494937901255431,-0.321664557897566,True,-0.26932425449396796
2022-02-27 00:00:00+00:00,0.0,0.0,0.0,0.0,0.0,0.0,0.0,0.0,-0.2368144154587947,-0.3117780824172594,-0.2793052412439976,-0.082385897706037,-0.2494937901255431,-0.321664557897566,True,-0.26932425449396796
2022-02-28 00:00:00+00:00,0.0,0.0,0.0,0.0,0.0,0.0,0.0,0.0,-0.2368144154587947,-0.3117780824172594,-0.2793052412439976,-0.082385897706037,-0.2494937901255431,-0.321664557897566,True,-0.26932425449396796
2022-03-01 00:00:00+00:00,0.0,0.0,0.0,0.0,0.0,0.0,0.0,0.0,-0.2368144154587947,-0.3117780824172594,-0.2793052412439976,-0.082385897706037,-0.2494937901255431,-0.321664557897566,True,-0.26932425449396796
2022-03-02 00:00:00+00:00,0.0,0.0,0.0,0.0,0.0,0.0,0.0,0.0,-0.2368144154587947,-0.3117780824172594,-0.2793052412439976,-0.082385897706037,-0.2494937901255431,-0.321664557897566,True,-0.26932425449396796
2022-03-03 00:00:00+00:00,0.0,0.0,0.0,0.0,0.0,0.0,0.0,0.0,-0.2368144154587947,-0.3117780824172594,-0.2793052412439976,-0.082385897706037,-0.2494937901255431,-0.321664557897566,True,-0.26932425449396796
2022-03-04 00:00:00+00:00,0.0,0.0,0.0,0.0,0.0,0.0,0.0,0.0,-0.2368144154587947,-0.3117780824172594,-0.2793052412439976,-0.082385897706037,-0.2494937901255431,-0.321664557897566,True,-0.26932425449396796
2022-03-05 00:00:00+00:00,0.0,0.0,0.0,0.0,0.0,0.0,0.0,0.0,-0.2368144154587947,-0.3117780824172594,-0.2793052412439976,-0.082385897706037,-0.2494937901255431,-0.321664557897566,True,-0.26932425449396796
2022-03-06 00:00:00+00:00,0.0,0.0,0.0,0.0,0.0,0.0,0.0,0.0,-0.2368144154587947,-0.3117780824172594,-0.2793052412439976,-0.082385897706037,-0.2494937901255431,-0.321664557897566,True,-0.26932425449396796
2022-03-07 00:00:00+00:00,0.0,0.0,0.0,0.0,0.0,0.0,0.0,0.0,-0.2368144154587947,-0.3117780824172594,-0.2793052412439976,-0.082385897706037,-0.2494937901255431,-0.321664557897566,True,-0.26932425449396796
2022-03-08 00:00:00+00:00,0.0,0.0,0.0,0.0,0.0,0.0,0.0,0.0,-0.2368144154587947,-0.3117780824172594,-0.2793052412439976,-0.082385897706037,-0.2494937901255431,-0.321664557897566,True,-0.26932425449396796
2022-03-09 00:00:00+00:00,0.0,0.0,0.0,0.0,0.0,0.0,0.0,0.0,-0.2368144154587947,-0.3117780824172594,-0.2793052412439976,-0.082385897706037,-0.2494937901255431,-0.321664557897566,True,-0.26932425449396796
2022-03-10 00:00:00+00:00,0.0,0.0,0.0,0.0,0.0,0.0,0.0,0.0,-0.2368144154587947,-0.3117780824172594,-0.2793052412439976,-0.082385897706037,-0.2494937901255431,-0.321664557897566,True,-0.26932425449396796
2022-03-11 00:00:00+00:00,0.0,0.0,0.0,0.0,0.0,0.0,0.0,0.0,-0.2368144154587947,-0.3117780824172594,-0.2793052412439976,-0.082385897706037,-0.2494937901255431,-0.321664557897566,True,-0.26932425449396796
2022-03-12 00:00:00+00:00,0.0,0.0,0.0,0.0,0.0,0.0,0.0,0.0,-0.2368144154587947,-0.3117780824172594,-0.2793052412439976,-0.082385897706037,-0.2494937901255431,-0.321664557897566,True,-0.26932425449396796
2022-03-13 00:00:00+00:00,0.0,0.0,0.0,0.0,0.0,0.0,0.0,0.0,-0.2368144154587947,-0.3117780824172594,-0.2793052412439976,-0.082385897706037,-0.2494937901255431,-0.321664557897566,True,-0.26932425449396796
2022-03-14 00:00:00+00:00,0.0,0.0,0.0,0.0,0.0,0.0,0.0,0.0,-0.2368144154587947,-0.3117780824172594,-0.2793052412439976,-0.082385897706037,-0.2494937901255431,-0.321664557897566,True,-0.26932425449396796
2022-03-15 00:00:00+00:00,0.0,0.0,0.0,0.0,0.0,0.0,0.0,0.0,-0.2368144154587947,-0.3117780824172594,-0.2793052412439976,-0.082385897706037,-0.2494937901255431,-0.321664557897566,True,-0.26932425449396796
2022-03-16 00:00:00+00:00,0.0,0.0,0.0,0.0,0.0,0.0,0.0,0.0,-0.2368144154587947,-0.3117780824172594,-0.2793052412439976,-0.082385897706037,-0.2494937901255431,-0.321664557897566,True,-0.26932425449396796
2022-03-17 00:00:00+00:00,0.0,0.0,0.0,0.0,0.0,0.0,0.0,0.0,-0.2368144154587947,-0.3117780824172594,-0.2793052412439976,-0.082385897706037,-0.2494937901255431,-0.321664557897566,True,-0.26932425449396796
2022-03-18 00:00:00+00:00,0.0,0.0,0.0,0.0,0.0,0.0,0.0,0.0,-0.2368144154587947,-0.3117780824172594,-0.2793052412439976,-0.082385897706037,-0.2494937901255431,-0.321664557897566,True,-0.26932425449396796
2022-03-19 00:00:00+00:00,0.0,0.0,0.0,0.0,0.0,0.0,0.0,0.0,-0.2368144154587947,-0.3117780824172594,-0.2793052412439976,-0.082385897706037,-0.2494937901255431,-0.321664557897566,True,-0.26932425449396796
2022-03-20 00:00:00+00:00,0.0,0.0,0.0,0.0,0.0,0.0,0.0,0.0,-0.2368144154587947,-0.3117780824172594,-0.2793052412439976,-0.082385897706037,-0.2494937901255431,-0.321664557897566,True,-0.26932425449396796
2022-03-21 00:00:00+00:00,0.0,0.0,0.0,0.0,0.0,0.0,0.0,0.0,-0.2368144154587947,-0.3117780824172594,-0.2793052412439976,-0.082385897706037,-0.2494937901255431,-0.321664557897566,True,-0.26932425449396796
2022-03-22 00:00:00+00:00,0.0,0.0,0.0,0.0,0.0,0.0,0.0,0.0,-0.2368144154587947,-0.3117780824172594,-0.2793052412439976,-0.082385897706037,-0.2494937901255431,-0.321664557897566,True,-0.26932425449396796
2022-03-23 00:00:00+00:00,0.0,0.0,0.0,0.0,0.0,0.0,0.0,0.0,-0.2368144154587947,-0.3117780824172594,-0.2793052412439976,-0.082385897706037,-0.2494937901255431,-0.321664557897566,True,-0.26932425449396796
2022-03-24 00:00:00+00:00,0.0,0.0,0.0,0.0,0.0,0.0,0.0,0.0,-0.2368144154587947,-0.3117780824172594,-0.2793052412439976,-0.082385897706037,-0.2494937901255431,-0.321664557897566,True,-0.26932425449396796
2022-03-25 00:00:00+00:00,0.0,0.0,0.0,0.0,0.0,0.0,0.0,0.0,-0.2368144154587947,-0.3117780824172594,-0.2793052412439976,-0.082385897706037,-0.2494937901255431,-0.321664557897566,True,-0.26932425449396796
2022-03-26 00:00:00+00:00,0.0,0.0,0.0,0.0,0.0,0.0,0.0,0.0,-0.2368144154587947,-0.3117780824172594,-0.2793052412439976,-0.082385897706037,-0.2494937901255431,-0.321664557897566,True,-0.26932425449396796
2022-03-27 00:00:00+00:00,0.0,0.0,0.0,0.0,0.0,0.0,0.0,0.0,-0.2368144154587947,-0.3117780824172594,-0.2793052412439976,-0.082385897706037,-0.2494937901255431,-0.321664557897566,True,-0.26932425449396796
2022-03-28 00:00:00+00:00,0.0,0.0,0.0,0.0,0.0,0.0,0.0,0.0,-0.2368144154587947,-0.3117780824172594,-0.2793052412439976,-0.082385897706037,-0.2494937901255431,-0.321664557897566,True,-0.26932425449396796
2022-03-29 00:00:00+00:00,0.0,0.0,0.0,0.0,0.0,0.0,0.0,0.0,-0.2368144154587947,-0.3117780824172594,-0.2793052412439976,-0.082385897706037,-0.2494937901255431,-0.321664557897566,True,-0.26932425449396796
2022-03-30 00:00:00+00:00,0.0,0.0,0.0,0.0,0.0,0.0,0.0,0.0,-0.2368144154587947,-0.3117780824172594,-0.2793052412439976,-0.082385897706037,-0.2494937901255431,-0.321664557897566,True,-0.26932425449396796
2022-03-31 00:00:00+00:00,0.0,0.0,0.0,0.0,0.0,0.0,0.0,0.0,-0.2368144154587947,-0.3117780824172594,-0.2793052412439976,-0.082385897706037,-0.2494937901255431,-0.321664557897566,True,-0.26932425449396796
2022-04-01 00:00:00+00:00,0.0,0.0,0.0,0.0,0.0,0.0,0.0,0.0,-0.2368144154587947,-0.3117780824172594,-0.2793052412439976,-0.082385897706037,-0.2494937901255431,-0.321664557897566,True,-0.26932425449396796
2022-04-02 00:00:00+00:00,0.0,0.0,0.0,0.0,0.0,0.0,0.0,0.0,-0.2368144154587947,-0.3117780824172594,-0.2793052412439976,-0.082385897706037,-0.2494937901255431,-0.321664557897566,True,-0.26932425449396796
2022-04-03 00:00:00+00:00,0.0,0.0,0.0,0.0,0.0,0.0,0.0,0.0,-0.2368144154587947,-0.3117780824172594,-0.2793052412439976,-0.082385897706037,-0.2494937901255431,-0.321664557897566,True,-0.26932425449396796
2022-04-04 00:00:00+00:00,0.0,0.0,0.0,0.0,0.0,0.0,0.0,0.0,-0.2368144154587947,-0.3117780824172594,-0.2793052412439976,-0.082385897706037,-0.2494937901255431,-0.321664557897566,True,-0.26932425449396796
2022-04-05 00:00:00+00:00,0.0,0.0,0.0,0.0,0.0,0.0,0.0,0.0,-0.2368144154587947,-0.3117780824172594,-0.2793052412439976,-0.082385897706037,-0.2494937901255431,-0.321664557897566,True,-0.26932425449396796
2022-04-06 00:00:00+00:00,0.0,0.0,0.0,0.0,0.0,0.0,0.0,0.0,-0.2368144154587947,-0.3117780824172594,-0.2793052412439976,-0.082385897706037,-0.2494937901255431,-0.321664557897566,True,-0.26932425449396796
2022-04-07 00:00:00+00:00,0.0,0.0,0.0,0.0,0.0,0.0,0.0,0.0,-0.2368144154587947,-0.3117780824172594,-0.2793052412439976,-0.082385897706037,-0.2494937901255431,-0.321664557897566,True,-0.26932425449396796
2022-04-08 00:00:00+00:00,0.0,0.0,0.0,0.0,0.0,0.0,0.0,0.0,-0.2368144154587947,-0.3117780824172594,-0.2793052412439976,-0.082385897706037,-0.2494937901255431,-0.321664557897566,True,-0.26932425449396796
2022-04-09 00:00:00+00:00,0.0,0.0,0.0,0.0,0.0,0.0,0.0,0.0,-0.2368144154587947,-0.3117780824172594,-0.2793052412439976,-0.082385897706037,-0.2494937901255431,-0.321664557897566,True,-0.26932425449396796
2022-04-10 00:00:00+00:00,0.0,0.0,0.0,0.0,0.0,0.0,0.0,0.0,-0.2368144154587947,-0.3117780824172594,-0.2793052412439976,-0.082385897706037,-0.2494937901255431,-0.321664557897566,True,-0.26932425449396796
2022-04-11 00:00:00+00:00,0.0,0.0,0.0,0.0,0.0,0.0,0.0,0.0,-0.2368144154587947,-0.3117780824172594,-0.2793052412439976,-0.082385897706037,-0.2494937901255431,-0.321664557897566,True,-0.26932425449396796
2022-04-12 00:00:00+00:00,0.0,0.0,0.0,0.0,0.0,0.0,0.0,0.0,-0.2368144154587947,-0.3117780824172594,-0.2793052412439976,-0.082385897706037,-0.2494937901255431,-0.321664557897566,True,-0.26932425449396796
2022-04-13 00:00:00+00:00,0.0,0.0,0.0,0.0,0.0,0.0,0.0,0.0,-0.2368144154587947,-0.3117780824172594,-0.2793052412439976,-0.082385897706037,-0.2494937901255431,-0.321664557897566,True,-0.26932425449396796
2022-04-14 00:00:00+00:00,0.0,0.0,0.0,0.0,0.0,0.0,0.0,0.0,-0.2368144154587947,-0.3117780824172594,-0.2793052412439976,-0.082385897706037,-0.2494937901255431,-0.321664557897566,True,-0.26932425449396796
2022-04-15 00:00:00+00:00,0.0,0.0,0.0,0.0,0.0,0.0,0.0,0.0,-0.2368144154587947,-0.3117780824172594,-0.2793052412439976,-0.082385897706037,-0.2494937901255431,-0.321664557897566,True,-0.26932425449396796
2022-04-16 00:00:00+00:00,0.0,0.0,0.0,0.0,0.0,0.0,0.0,0.0,-0.2368144154587947,-0.3117780824172594,-0.2793052412439976,-0.082385897706037,-0.2494937901255431,-0.321664557897566,True,-0.26932425449396796
2022-04-17 00:00:00+00:00,0.0,0.0,0.0,0.0,0.0,0.0,0.0,0.0,-0.2368144154587947,-0.3117780824172594,-0.2793052412439976,-0.082385897706037,-0.2494937901255431,-0.321664557897566,True,-0.26932425449396796
2022-04-18 00:00:00+00:00,0.0,0.0,0.0,0.0,0.0,0.0,0.0,0.0,-0.2368144154587947,-0.3117780824172594,-0.2793052412439976,-0.082385897706037,-0.2494937901255431,-0.321664557897566,True,-0.26932425449396796
2022-04-19 00:00:00+00:00,0.0,0.0,0.0,0.0,0.0,0.0,0.0,0.0,-0.2368144154587947,-0.3117780824172594,-0.2793052412439976,-0.082385897706037,-0.2494937901255431,-0.321664557897566,True,-0.26932425449396796
2022-04-20 00:00:00+00:00,0.0,0.0,0.0,0.0,0.0,0.0,0.0,0.0,-0.2368144154587947,-0.3117780824172594,-0.2793052412439976,-0.082385897706037,-0.2494937901255431,-0.321664557897566,True,-0.26932425449396796
2022-04-21 00:00:00+00:00,0.0,0.0,0.0,0.0,0.0,0.0,0.0,0.0,-0.2368144154587947,-0.3117780824172594,-0.2793052412439976,-0.082385897706037,-0.2494937901255431,-0.321664557897566,True,-0.26932425449396796
2022-04-22 00:00:00+00:00,0.0,0.0,0.0,0.0,0.0,0.0,0.0,0.0,-0.2368144154587947,-0.3117780824172594,-0.2793052412439976,-0.082385897706037,-0.2494937901255431,-0.321664557897566,True,-0.26932425449396796
2022-04-23 00:00:00+00:00,0.0,0.0,0.0,0.0,0.0,0.0,0.0,0.0,-0.2368144154587947,-0.3117780824172594,-0.2793052412439976,-0.082385897706037,-0.2494937901255431,-0.321664557897566,True,-0.26932425449396796
2022-04-24 00:00:00+00:00,0.0,0.0,0.0,0.0,0.0,0.0,0.0,0.0,-0.2368144154587947,-0.3117780824172594,-0.2793052412439976,-0.082385897706037,-0.2494937901255431,-0.321664557897566,True,-0.26932425449396796
2022-04-25 00:00:00+00:00,0.0,0.0,0.0,0.0,0.0,0.0,0.0,0.0,-0.2368144154587947,-0.3117780824172594,-0.2793052412439976,-0.082385897706037,-0.2494937901255431,-0.321664557897566,True,-0.26932425449396796
2022-04-26 00:00:00+00:00,0.0,0.0,0.0,0.0,0.0,0.0,0.0,0.0,-0.2368144154587947,-0.3117780824172594,-0.2793052412439976,-0.082385897706037,-0.2494937901255431,-0.321664557897566,True,-0.26932425449396796
2022-04-27 00:00:00+00:00,0.0,0.0,0.0,0.0,0.0,0.0,0.0,0.0,-0.2368144154587947,-0.3117780824172594,-0.2793052412439976,-0.082385897706037,-0.2494937901255431,-0.321664557897566,True,-0.26932425449396796
2022-04-28 00:00:00+00:00,0.0,0.0,0.0,0.0,0.0,0.0,0.0,0.0,-0.2368144154587947,-0.3117780824172594,-0.2793052412439976,-0.082385897706037,-0.2494937901255431,-0.321664557897566,True,-0.26932425449396796
2022-04-29 00:00:00+00:00,0.0,0.0,0.0,0.0,0.0,0.0,0.0,0.0,-0.2368144154587947,-0.3117780824172594,-0.2793052412439976,-0.082385897706037,-0.2494937901255431,-0.321664557897566,True,-0.26932425449396796
2022-04-30 00:00:00+00:00,0.0,0.0,0.0,0.0,0.0,0.0,0.0,0.0,-0.2368144154587947,-0.3117780824172594,-0.2793052412439976,-0.082385897706037,-0.2494937901255431,-0.321664557897566,True,-0.26932425449396796
2022-05-01 00:00:00+00:00,0.0,0.0,0.0,0.0,0.0,0.0,0.0,0.0,-0.2368144154587947,-0.3117780824172594,-0.2793052412439976,-0.082385897706037,-0.2494937901255431,-0.321664557897566,True,-0.26932425449396796
2022-05-02 00:00:00+00:00,0.0,0.0,0.0,0.0,0.0,0.0,0.0,0.0,-0.2368144154587947,-0.3117780824172594,-0.2793052412439976,-0.082385897706037,-0.2494937901255431,-0.321664557897566,True,-0.26932425449396796
2022-05-03 00:00:00+00:00,0.0,0.0,0.0,0.0,0.0,0.0,0.0,0.0,-0.2368144154587947,-0.3117780824172594,-0.2793052412439976,-0.082385897706037,-0.2494937901255431,-0.321664557897566,True,-0.26932425449396796
2022-05-04 00:00:00+00:00,0.0,0.0,0.0,0.0,0.0,0.0,0.0,0.0,-0.2368144154587947,-0.3117780824172594,-0.2793052412439976,-0.082385897706037,-0.2494937901255431,-0.321664557897566,True,-0.26932425449396796
2022-05-05 00:00:00+00:00,0.0,0.0,0.0,0.0,0.0,0.0,0.0,0.0,-0.2368144154587947,-0.3117780824172594,-0.2793052412439976,-0.082385897706037,-0.2494937901255431,-0.321664557897566,True,-0.26932425449396796
2022-05-06 00:00:00+00:00,0.0,0.0,0.0,0.0,0.0,0.0,0.0,0.0,-0.2368144154587947,-0.3117780824172594,-0.2793052412439976,-0.082385897706037,-0.2494937901255431,-0.321664557897566,True,-0.26932425449396796
2022-05-07 00:00:00+00:00,0.0,0.0,0.0,0.0,0.0,0.0,0.0,0.0,-0.2368144154587947,-0.3117780824172594,-0.2793052412439976,-0.082385897706037,-0.2494937901255431,-0.321664557897566,True,-0.26932425449396796
2022-05-08 00:00:00+00:00,0.0,0.0,0.0,0.0,0.0,0.0,0.0,0.0,-0.2368144154587947,-0.3117780824172594,-0.2793052412439976,-0.082385897706037,-0.2494937901255431,-0.321664557897566,True,-0.26932425449396796
2022-05-09 00:00:00+00:00,0.0,0.0,0.0,0.0,0.0,0.0,0.0,0.0,-0.2368144154587947,-0.3117780824172594,-0.2793052412439976,-0.082385897706037,-0.2494937901255431,-0.321664557897566,True,-0.26932425449396796
2022-05-10 00:00:00+00:00,0.0,0.0,0.0,0.0,0.0,0.0,0.0,0.0,-0.2368144154587947,-0.3117780824172594,-0.2793052412439976,-0.082385897706037,-0.2494937901255431,-0.321664557897566,True,-0.26932425449396796
2022-05-11 00:00:00+00:00,0.0,0.0,0.0,0.0,0.0,0.0,0.0,0.0,-0.2368144154587947,-0.3117780824172594,-0.2793052412439976,-0.082385897706037,-0.2494937901255431,-0.321664557897566,True,-0.26932425449396796
2022-05-12 00:00:00+00:00,0.0,0.0,0.0,0.0,0.0,0.0,0.0,0.0,-0.2368144154587947,-0.3117780824172594,-0.2793052412439976,-0.082385897706037,-0.2494937901255431,-0.321664557897566,True,-0.26932425449396796
2022-05-13 00:00:00+00:00,0.0,0.0,0.0,0.0,0.0,0.0,0.0,0.0,-0.2368144154587947,-0.3117780824172594,-0.2793052412439976,-0.082385897706037,-0.2494937901255431,-0.321664557897566,True,-0.26932425449396796
2022-05-14 00:00:00+00:00,0.0,0.0,0.0,0.0,0.0,0.0,0.0,0.0,-0.2368144154587947,-0.3117780824172594,-0.2793052412439976,-0.082385897706037,-0.2494937901255431,-0.321664557897566,True,-0.26932425449396796
2022-05-15 00:00:00+00:00,0.0,0.0,0.0,0.0,0.0,0.0,0.0,0.0,-0.2368144154587947,-0.3117780824172594,-0.2793052412439976,-0.082385897706037,-0.2494937901255431,-0.321664557897566,True,-0.26932425449396796
2022-05-16 00:00:00+00:00,0.0,0.0,0.0,0.0,0.0,0.0,0.0,0.0,-0.2368144154587947,-0.3117780824172594,-0.2793052412439976,-0.082385897706037,-0.2494937901255431,-0.321664557897566,True,-0.26932425449396796
2022-05-17 00:00:00+00:00,0.0,0.0,0.0,0.0,0.0,0.0,0.0,0.0,-0.2368144154587947,-0.3117780824172594,-0.2793052412439976,-0.082385897706037,-0.2494937901255431,-0.321664557897566,True,-0.26932425449396796
2022-05-18 00:00:00+00:00,0.0,0.0,0.0,0.0,0.0,0.0,0.0,0.0,-0.2368144154587947,-0.3117780824172594,-0.2793052412439976,-0.082385897706037,-0.2494937901255431,-0.321664557897566,True,-0.26932425449396796
2022-05-19 00:00:00+00:00,0.0,0.0,0.0,0.0,0.0,0.0,0.0,0.0,-0.2368144154587947,-0.3117780824172594,-0.2793052412439976,-0.082385897706037,-0.2494937901255431,-0.321664557897566,True,-0.26932425449396796
2022-05-20 00:00:00+00:00,0.0,0.0,0.0,0.0,0.0,0.0,0.0,0.0,-0.2368144154587947,-0.3117780824172594,-0.2793052412439976,-0.082385897706037,-0.2494937901255431,-0.321664557897566,True,-0.26932425449396796
2022-05-21 00:00:00+00:00,0.0,0.0,0.0,0.0,0.0,0.0,0.0,0.0,-0.2368144154587947,-0.3117780824172594,-0.2793052412439976,-0.082385897706037,-0.2494937901255431,-0.321664557897566,True,-0.26932425449396796
2022-05-22 00:00:00+00:00,0.0,0.0,0.0,0.0,0.0,0.0,0.0,0.0,-0.2368144154587947,-0.3117780824172594,-0.2793052412439976,-0.082385897706037,-0.2494937901255431,-0.321664557897566,True,-0.26932425449396796
2022-05-23 00:00:00+00:00,0.0,0.0,0.0,0.0,0.0,0.0,0.0,0.0,-0.2368144154587947,-0.3117780824172594,-0.2793052412439976,-0.082385897706037,-0.2494937901255431,-0.321664557897566,True,-0.26932425449396796
2022-05-24 00:00:00+00:00,0.0,0.0,0.0,0.0,0.0,0.0,0.0,0.0,-0.2368144154587947,-0.3117780824172594,-0.2793052412439976,-0.082385897706037,-0.2494937901255431,-0.321664557897566,True,-0.26932425449396796
2022-05-25 00:00:00+00:00,0.0,0.0,0.0,0.0,0.0,0.0,0.0,0.0,-0.2368144154587947,-0.3117780824172594,-0.2793052412439976,-0.082385897706037,-0.2494937901255431,-0.321664557897566,True,-0.26932425449396796
2022-05-26 00:00:00+00:00,0.0,0.0,0.0,0.0,0.0,0.0,0.0,0.0,-0.2368144154587947,-0.3117780824172594,-0.2793052412439976,-0.082385897706037,-0.2494937901255431,-0.321664557897566,True,-0.26932425449396796
2022-05-27 00:00:00+00:00,0.0,0.0,0.0,0.0,0.0,0.0,0.0,0.0,-0.2368144154587947,-0.3117780824172594,-0.2793052412439976,-0.082385897706037,-0.2494937901255431,-0.321664557897566,True,-0.26932425449396796
2022-05-28 00:00:00+00:00,0.0,0.0,0.0,0.0,0.0,0.0,0.0,0.0,-0.2368144154587947,-0.3117780824172594,-0.2793052412439976,-0.082385897706037,-0.2494937901255431,-0.321664557897566,True,-0.26932425449396796
2022-05-29 00:00:00+00:00,2.0,2.0,2.0,56.0,0.5,0.0,0.0,1.0,0.7028687495507973,1.6193231681495543,2.966175495855677,0.0127274516519307,3.717658542125021,3.848472299029357,True,2.756333196901725
2022-05-30 00:00:00+00:00,0.0,0.0,0.0,0.0,0.0,0.0,0.0,0.0,-0.2368144154587947,-0.3117780824172594,-0.2793052412439976,-0.082385897706037,-0.2494937901255431,-0.321664557897566,True,-0.26932425449396796
2022-05-31 00:00:00+00:00,0.0,0.0,0.0,0.0,0.0,0.0,0.0,0.0,-0.2368144154587947,-0.3117780824172594,-0.2793052412439976,-0.082385897706037,-0.2494937901255431,-0.321664557897566,True,-0.26932425449396796
2022-06-01 00:00:00+00:00,0.0,0.0,0.0,0.0,0.0,0.0,0.0,0.0,-0.2368144154587947,-0.3117780824172594,-0.2793052412439976,-0.082385897706037,-0.2494937901255431,-0.321664557897566,True,-0.26932425449396796
2022-06-02 00:00:00+00:00,0.0,0.0,0.0,0.0,0.0,0.0,0.0,0.0,-0.2368144154587947,-0.3117780824172594,-0.2793052412439976,-0.082385897706037,-0.2494937901255431,-0.321664557897566,True,-0.26932425449396796
2022-06-03 00:00:00+00:00,0.0,0.0,0.0,0.0,0.0,0.0,0.0,0.0,-0.2368144154587947,-0.3117780824172594,-0.2793052412439976,-0.082385897706037,-0.2494937901255431,-0.321664557897566,True,-0.26932425449396796
2022-06-04 00:00:00+00:00,0.0,0.0,0.0,0.0,0.0,0.0,0.0,0.0,-0.2368144154587947,-0.3117780824172594,-0.2793052412439976,-0.082385897706037,-0.2494937901255431,-0.321664557897566,True,-0.26932425449396796
2022-06-05 00:00:00+00:00,0.0,0.0,0.0,0.0,0.0,0.0,0.0,0.0,-0.2368144154587947,-0.3117780824172594,-0.2793052412439976,-0.082385897706037,-0.2494937901255431,-0.321664557897566,True,-0.26932425449396796
2022-06-06 00:00:00+00:00,0.0,0.0,0.0,0.0,0.0,0.0,0.0,0.0,-0.2368144154587947,-0.3117780824172594,-0.2793052412439976,-0.082385897706037,-0.2494937901255431,-0.321664557897566,True,-0.26932425449396796
2022-06-07 00:00:00+00:00,0.0,0.0,0.0,0.0,0.0,0.0,0.0,0.0,-0.2368144154587947,-0.3117780824172594,-0.2793052412439976,-0.082385897706037,-0.2494937901255431,-0.321664557897566,True,-0.26932425449396796
2022-06-08 00:00:00+00:00,0.0,0.0,0.0,0.0,0.0,0.0,0.0,0.0,-0.2368144154587947,-0.3117780824172594,-0.2793052412439976,-0.082385897706037,-0.2494937901255431,-0.321664557897566,True,-0.26932425449396796
2022-06-09 00:00:00+00:00,0.0,0.0,0.0,0.0,0.0,0.0,0.0,0.0,-0.2368144154587947,-0.3117780824172594,-0.2793052412439976,-0.082385897706037,-0.2494937901255431,-0.321664557897566,True,-0.26932425449396796
2022-06-10 00:00:00+00:00,0.0,0.0,0.0,0.0,0.0,0.0,0.0,0.0,-0.2368144154587947,-0.3117780824172594,-0.2793052412439976,-0.082385897706037,-0.2494937901255431,-0.321664557897566,True,-0.26932425449396796
2022-06-11 00:00:00+00:00,0.0,0.0,0.0,0.0,0.0,0.0,0.0,0.0,-0.2368144154587947,-0.3117780824172594,-0.2793052412439976,-0.082385897706037,-0.2494937901255431,-0.321664557897566,True,-0.26932425449396796
2022-06-12 00:00:00+00:00,0.0,0.0,0.0,0.0,0.0,0.0,0.0,0.0,-0.2368144154587947,-0.3117780824172594,-0.2793052412439976,-0.082385897706037,-0.2494937901255431,-0.321664557897566,True,-0.26932425449396796
2022-06-13 00:00:00+00:00,0.0,0.0,0.0,0.0,0.0,0.0,0.0,0.0,-0.2368144154587947,-0.3117780824172594,-0.2793052412439976,-0.082385897706037,-0.2494937901255431,-0.321664557897566,True,-0.26932425449396796
2022-06-14 00:00:00+00:00,0.0,0.0,0.0,0.0,0.0,0.0,0.0,0.0,-0.2368144154587947,-0.3117780824172594,-0.2793052412439976,-0.082385897706037,-0.2494937901255431,-0.321664557897566,True,-0.26932425449396796
2022-06-15 00:00:00+00:00,0.0,0.0,0.0,0.0,0.0,0.0,0.0,0.0,-0.2368144154587947,-0.3117780824172594,-0.2793052412439976,-0.082385897706037,-0.2494937901255431,-0.321664557897566,True,-0.26932425449396796
2022-06-16 00:00:00+00:00,0.0,0.0,0.0,0.0,0.0,0.0,0.0,0.0,-0.2368144154587947,-0.3117780824172594,-0.2793052412439976,-0.082385897706037,-0.2494937901255431,-0.321664557897566,True,-0.26932425449396796
2022-06-17 00:00:00+00:00,0.0,0.0,0.0,0.0,0.0,0.0,0.0,0.0,-0.2368144154587947,-0.3117780824172594,-0.2793052412439976,-0.082385897706037,-0.2494937901255431,-0.321664557897566,True,-0.26932425449396796
2022-06-18 00:00:00+00:00,0.0,0.0,0.0,0.0,0.0,0.0,0.0,0.0,-0.2368144154587947,-0.3117780824172594,-0.2793052412439976,-0.082385897706037,-0.2494937901255431,-0.321664557897566,True,-0.26932425449396796
2022-06-19 00:00:00+00:00,0.0,0.0,0.0,0.0,0.0,0.0,0.0,0.0,-0.2368144154587947,-0.3117780824172594,-0.2793052412439976,-0.082385897706037,-0.2494937901255431,-0.321664557897566,True,-0.26932425449396796
2022-06-20 00:00:00+00:00,0.0,0.0,0.0,0.0,0.0,0.0,0.0,0.0,-0.2368144154587947,-0.3117780824172594,-0.2793052412439976,-0.082385897706037,-0.2494937901255431,-0.321664557897566,True,-0.26932425449396796
2022-06-21 00:00:00+00:00,0.0,0.0,0.0,0.0,0.0,0.0,0.0,0.0,-0.2368144154587947,-0.3117780824172594,-0.2793052412439976,-0.082385897706037,-0.2494937901255431,-0.321664557897566,True,-0.26932425449396796
2022-06-22 00:00:00+00:00,0.0,0.0,0.0,0.0,0.0,0.0,0.0,0.0,-0.2368144154587947,-0.3117780824172594,-0.2793052412439976,-0.082385897706037,-0.2494937901255431,-0.321664557897566,True,-0.26932425449396796
2022-06-23 00:00:00+00:00,0.0,0.0,0.0,0.0,0.0,0.0,0.0,0.0,-0.2368144154587947,-0.3117780824172594,-0.2793052412439976,-0.082385897706037,-0.2494937901255431,-0.321664557897566,True,-0.26932425449396796
2022-06-24 00:00:00+00:00,7.0,2.0,2.0,5901.142857142857,0.0,0.0,0.0,1.0,3.0520766620747777,1.6193231681495543,2.966175495855677,9.940425926985114,-0.2494937901255431,3.848472299029357,True,2.217018390326197
2022-06-25 00:00:00+00:00,23.0,6.0,4.0,112.04347826086956,0.0,0.0,0.0,0.6666666666666666,10.569541982151517,5.481525669283182,6.211656232955352,0.1079146467780335,-0.2494937901255431,2.458426680053716,True,4.2594916240265634
2022-06-26 00:00:00+00:00,10.0,4.0,1.0,776.2,0.2,0.0,0.0,0.25,4.461601409589165,3.5504244187163683,1.3434351273058398,1.23595306250208,1.3373671427746827,0.7208696563341647,True,2.1732794028993374
2022-06-27 00:00:00+00:00,21.0,6.0,3.0,280.6666666666667,0.0476190476190476,0.0,0.0,0.5,9.629858817141924,5.481525669283182,4.588915864405514,0.3943131508618727,0.1283302415173676,1.7634038705658954,True,3.8405309764083957
2022-06-28 00:00:00+00:00,2.0,2.0,1.0,0.0,0.5,0.0,0.0,0.5,0.7028687495507973,1.6193231681495543,1.3434351273058398,-0.082385897706037,3.717658542125021,1.7634038705658954,True,2.0613103874139047
2022-06-29 00:00:00+00:00,5.0,2.0,1.0,31.4,0.0,0.0,0.0,0.5,2.1123934970651854,1.6193231681495543,1.3434351273058398,-0.0290544839588908,-0.2494937901255431,1.7634038705658954,True,1.2087678591685125
2022-06-30 00:00:00+00:00,9.0,4.0,2.0,61.77777777777778,0.1111111111111111,0.0,0.0,0.5,3.9917598270843695,3.5504244187163683,2.966175495855677,0.0225407337285464,0.632095617041249,1.7634038705658954,True,2.129086438230505
2022-07-01 00:00:00+00:00,8.0,4.0,0.0,416.25,0.0,0.0,0.0,0.0,3.5219182445795734,3.5504244187163683,-0.2793052412439976,0.6245950249770713,-0.2494937901255431,-0.321664557897566,True,0.9835866321854881
2022-07-02 00:00:00+00:00,5.0,3.0,2.0,47.4,0.2,0.0,0.0,0.6666666666666666,2.1123934970651854,2.584873793432961,2.966175495855677,-0.0018792412851857,1.3373671427746827,2.458426680053716,True,1.969395773297861
2022-07-03 00:00:00+00:00,6.0,5.0,5.0,17.333333333333332,0.5,0.0,0.0,1.0,2.5822350795699816,4.515975043999776,7.83439660150519,-0.0529460514761898,3.717658542125021,3.848472299029357,True,3.382788640241453
2022-07-04 00:00:00+00:00,29.0,8.0,3.0,216.42857142857144,0.1034482758620689,0.0344827586206896,0.0,0.375,13.388591477180292,7.412626919849996,4.588915864405514,0.2852077866748842,0.5712963475814696,1.24213676345003,True,5.06734152940393
2022-07-05 00:00:00+00:00,10.0,4.0,0.0,99.9,0.1,0.0,0.0,0.0,4.461601409589165,3.5504244187163683,-0.2793052412439976,0.087289523737909,0.5439366763245698,-0.321664557897566,True,1.5612911760053898
2022-07-06 00:00:00+00:00,12.0,4.0,0.0,796.75,0.0,0.0,0.0,0.0,5.401284574598757,3.5504244187163683,-0.2793052412439976,1.27085626481112,-0.2494937901255431,-0.321664557897566,True,1.6100420755252163
2022-07-07 00:00:00+00:00,30.0,8.0,2.0,561.1666666666666,0.1,0.0,0.0,0.25,13.858433059685089,7.412626919849996,2.966175495855677,0.8707291239852646,0.5439366763245698,0.7208696563341647,True,5.041079797447941
2022-07-08 00:00:00+00:00,0.0,0.0,0.0,0.0,0.0,0.0,0.0,0.0,-0.2368144154587947,-0.3117780824172594,-0.2793052412439976,-0.082385897706037,-0.2494937901255431,-0.321664557897566,True,-0.26932425449396796
2022-07-09 00:00:00+00:00,11.0,5.0,1.0,617.4545454545455,0.0909090909090909,0.0,0.0,0.2,4.931442992093961,4.515975043999776,1.3434351273058398,0.9663314218383086,0.471806633920014,0.5123628134878186,True,1.9718708131672649
2022-07-10 00:00:00+00:00,43.0,8.0,2.0,258.6046511627907,0.0465116279069767,0.0,0.0,0.25,19.96637363224744,7.412626919849996,2.966175495855677,0.3568418617875681,0.119543636130323,0.7208696563341647,True,6.935595641570643
2022-07-11 00:00:00+00:00,16.0,9.0,4.0,113.06666666666666,0.125,0.0625,0.0,0.4444444444444444,7.280650904617942,8.378177545133402,6.211656232955352,0.1096524838548121,0.742294292937098,1.531729600736622,True,3.184891599430554
2022-07-12 00:00:00+00:00,9.0,7.0,5.0,204.11111111111111,0.5555555555555556,0.0,0.0,0.7142857142857143,3.9917598270843695,6.447076294566589,7.83439660150519,0.2642871633467144,4.158453245708417,2.657004625621665,True,3.6024058994714836
2022-07-13 00:00:00+00:00,0.0,0.0,0.0,0.0,0.0,0.0,0.0,0.0,-0.2368144154587947,-0.3117780824172594,-0.2793052412439976,-0.082385897706037,-0.2494937901255431,-0.321664557897566,True,-0.26932425449396796
2022-07-14 00:00:00+00:00,2.0,2.0,1.0,9.0,0.0,0.0,0.0,0.5,0.7028687495507973,1.6193231681495543,1.3434351273058398,-0.0670998237020779,-0.2494937901255431,1.7634038705658954,True,0.7389262766637166
2022-07-15 00:00:00+00:00,3.0,3.0,1.0,21181.0,0.3333333333333333,0.0,0.0,0.3333333333333333,1.1727103320555934,2.584873793432961,1.3434351273058398,35.89254004427815,2.395274431374833,1.0683810610780748,True,1.545455274836167
2022-07-16 00:00:00+00:00,0.0,0.0,0.0,0.0,0.0,0.0,0.0,0.0,-0.2368144154587947,-0.3117780824172594,-0.2793052412439976,-0.082385897706037,-0.2494937901255431,-0.321664557897566,True,-0.26932425449396796
2022-07-17 00:00:00+00:00,4.0,4.0,3.0,6.5,0.5,0.0,0.0,0.75,1.6425519145603893,3.5504244187163683,4.588915864405514,-0.0713459553698443,3.717658542125021,2.805938084797626,True,2.722049513827679
2022-07-18 00:00:00+00:00,9.0,4.0,1.0,23.444444444444443,0.4444444444444444,0.0,0.0,0.25,3.9917598270843695,3.5504244187163683,1.3434351273058398,-0.0425666185105386,3.276863838541625,0.7208696563341647,True,2.6631644406533863
2022-07-19 00:00:00+00:00,9.0,7.0,5.0,1003.7777777777778,0.3333333333333333,0.0,0.0,0.7142857142857143,3.9917598270843695,6.447076294566589,7.83439660150519,1.6224831461429323,2.395274431374833,2.657004625621665,True,3.014679628026956
2022-07-20 00:00:00+00:00,12.0,5.0,3.0,641.8181818181819,0.3333333333333333,0.0833333333333333,0.0,0.6,5.401284574598757,4.515975043999776,4.588915864405514,1.0077119050005412,2.395274431374833,2.180417556258588,True,3.3256588540773926
2022-07-21 00:00:00+00:00,3.0,3.0,0.0,141.0,0.3333333333333333,0.0,0.0,0.0,1.1727103320555934,2.584873793432961,-0.2793052412439976,0.1570959283559889,2.395274431374833,-0.321664557897566,True,1.0821067351776201
2022-07-22 00:00:00+00:00,2.0,2.0,1.0,594.0,0.0,0.0,0.0,0.5,0.7028687495507973,1.6193231681495543,1.3434351273058398,0.9264949865552636,-0.2494937901255431,1.7634038705658954,True,0.7389262766637166
2022-07-23 00:00:00+00:00,2.0,2.0,1.0,90.0,0.0,0.0,0.0,0.5,0.7028687495507973,1.6193231681495543,1.3434351273058398,0.070474842333554,-0.2494937901255431,1.7634038705658954,True,0.7389262766637166
2022-07-24 00:00:00+00:00,0.0,0.0,0.0,0.0,0.0,0.0,0.0,0.0,-0.2368144154587947,-0.3117780824172594,-0.2793052412439976,-0.082385897706037,-0.2494937901255431,-0.321664557897566,True,-0.26932425449396796
2022-07-25 00:00:00+00:00,0.0,0.0,0.0,0.0,0.0,0.0,0.0,0.0,-0.2368144154587947,-0.3117780824172594,-0.2793052412439976,-0.082385897706037,-0.2494937901255431,-0.321664557897566,True,-0.26932425449396796
2022-07-26 00:00:00+00:00,2.0,2.0,0.0,3235.5,0.0,0.0,0.0,0.0,0.7028687495507973,1.6193231681495543,-0.2793052412439976,5.4129577067172585,-0.2494937901255431,-0.321664557897566,True,0.04390346717589607
2022-07-27 00:00:00+00:00,6.0,4.0,2.0,55.833333333333336,0.0,0.0,0.0,0.5,2.5822350795699816,3.5504244187163683,2.966175495855677,0.0124443762074129,-0.2494937901255431,1.7634038705658954,True,1.3653817200034446
2022-07-28 00:00:00+00:00,1.0,1.0,1.0,10.0,0.0,0.0,0.0,1.0,0.2330271670460012,0.6537725428661474,1.3434351273058398,-0.0654013710349713,-0.2494937901255431,3.848472299029357,True,1.277335225316605
2022-07-29 00:00:00+00:00,5.0,4.0,3.0,1879.0,0.2,0.0,0.0,0.75,2.1123934970651854,3.5504244187163683,4.588915864405514,3.1090066637872016,1.3373671427746827,2.805938084797626,True,2.085232908212498
2022-07-30 00:00:00+00:00,2.0,1.0,0.0,737.5,0.0,0.0,0.0,0.0,0.7028687495507973,0.6537725428661474,-0.2793052412439976,1.1702229442850558,-0.2494937901255431,-0.321664557897566,True,0.04390346717589607
2022-07-31 00:00:00+00:00,3.0,2.0,0.0,20.666666666666668,0.0,0.0,0.0,0.0,1.1727103320555934,1.6193231681495543,-0.2793052412439976,-0.0472845425858346,-0.2494937901255431,-0.321664557897566,True,0.2005173280108281
2022-08-01 00:00:00+00:00,0.0,0.0,0.0,0.0,0.0,0.0,0.0,0.0,-0.2368144154587947,-0.3117780824172594,-0.2793052412439976,-0.082385897706037,-0.2494937901255431,-0.321664557897566,True,-0.26932425449396796
2022-08-02 00:00:00+00:00,2.0,2.0,0.0,30.0,0.0,0.0,0.0,0.0,0.7028687495507973,1.6193231681495543,-0.2793052412439976,-0.03143231769284,-0.2494937901255431,-0.321664557897566,True,0.04390346717589607
2022-08-03 00:00:00+00:00,15.0,9.0,2.0,905.9333333333332,0.2,0.0,0.0,0.2222222222222222,6.810809322113146,8.378177545133402,2.966175495855677,1.4562989885147049,1.3373671427746827,0.6050325214195279,True,2.9177363287691187
2022-08-04 00:00:00+00:00,7.0,4.0,2.0,83.42857142857143,0.2857142857142857,0.0,0.0,0.5,3.0520766620747777,3.5504244187163683,2.966175495855677,0.0593135819497108,2.017450399731922,1.7634038705658954,True,2.2776436441241983
2022-08-05 00:00:00+00:00,3.0,2.0,0.0,79.0,0.6666666666666666,0.0,0.0,0.0,1.1727103320555934,1.6193231681495543,-0.2793052412439976,0.0517918629953817,5.04004265287521,-0.321664557897566,True,1.9636961423444124
2022-08-06 00:00:00+00:00,0.0,0.0,0.0,0.0,0.0,0.0,0.0,0.0,-0.2368144154587947,-0.3117780824172594,-0.2793052412439976,-0.082385897706037,-0.2494937901255431,-0.321664557897566,True,-0.26932425449396796
2022-08-07 00:00:00+00:00,0.0,0.0,0.0,0.0,0.0,0.0,0.0,0.0,-0.2368144154587947,-0.3117780824172594,-0.2793052412439976,-0.082385897706037,-0.2494937901255431,-0.321664557897566,True,-0.26932425449396796
2022-08-08 00:00:00+00:00,0.0,0.0,0.0,0.0,0.0,0.0,0.0,0.0,-0.2368144154587947,-0.3117780824172594,-0.2793052412439976,-0.082385897706037,-0.2494937901255431,-0.321664557897566,True,-0.26932425449396796
2022-08-09 00:00:00+00:00,0.0,0.0,0.0,0.0,0.0,0.0,0.0,0.0,-0.2368144154587947,-0.3117780824172594,-0.2793052412439976,-0.082385897706037,-0.2494937901255431,-0.321664557897566,True,-0.26932425449396796
2022-08-10 00:00:00+00:00,5.0,4.0,1.0,548.8,0.4,0.0,0.0,0.25,2.1123934970651854,3.5504244187163683,1.3434351273058398,0.8497249260020466,2.9242280756749084,0.7208696563341647,True,1.9191637430247528
2022-08-11 00:00:00+00:00,2.0,2.0,1.0,473.5,0.5,0.0,0.0,0.5,0.7028687495507973,1.6193231681495543,1.3434351273058398,0.7218314401689223,3.717658542125021,1.7634038705658954,True,2.0613103874139047
2022-08-12 00:00:00+00:00,19.0,7.0,2.0,75.83333333333333,0.0526315789473684,0.0526315789473684,0.0,0.2857142857142857,8.69017565213233,6.447076294566589,2.966175495855677,0.0464134295495442,0.1681011922166213,0.8698031155101261,True,3.2426933199530263
2022-08-13 00:00:00+00:00,0.0,0.0,0.0,0.0,0.0,0.0,0.0,0.0,-0.2368144154587947,-0.3117780824172594,-0.2793052412439976,-0.082385897706037,-0.2494937901255431,-0.321664557897566,True,-0.26932425449396796
2022-08-14 00:00:00+00:00,2.0,1.0,1.0,199.0,0.0,0.0,0.0,1.0,0.7028687495507973,0.6537725428661474,1.3434351273058398,0.2556061830481698,-0.2494937901255431,3.848472299029357,True,1.433949086151537
2022-08-15 00:00:00+00:00,0.0,0.0,0.0,0.0,0.0,0.0,0.0,0.0,-0.2368144154587947,-0.3117780824172594,-0.2793052412439976,-0.082385897706037,-0.2494937901255431,-0.321664557897566,True,-0.26932425449396796
2022-08-16 00:00:00+00:00,0.0,0.0,0.0,0.0,0.0,0.0,0.0,0.0,-0.2368144154587947,-0.3117780824172594,-0.2793052412439976,-0.082385897706037,-0.2494937901255431,-0.321664557897566,True,-0.26932425449396796
2022-08-17 00:00:00+00:00,0.0,0.0,0.0,0.0,0.0,0.0,0.0,0.0,-0.2368144154587947,-0.3117780824172594,-0.2793052412439976,-0.082385897706037,-0.2494937901255431,-0.321664557897566,True,-0.26932425449396796
2022-08-18 00:00:00+00:00,2.0,2.0,1.0,31.0,0.5,0.0,0.0,0.5,0.7028687495507973,1.6193231681495543,1.3434351273058398,-0.0297338650257334,3.717658542125021,1.7634038705658954,True,2.0613103874139047
2022-08-19 00:00:00+00:00,0.0,0.0,0.0,0.0,0.0,0.0,0.0,0.0,-0.2368144154587947,-0.3117780824172594,-0.2793052412439976,-0.082385897706037,-0.2494937901255431,-0.321664557897566,True,-0.26932425449396796
2022-08-20 00:00:00+00:00,0.0,0.0,0.0,0.0,0.0,0.0,0.0,0.0,-0.2368144154587947,-0.3117780824172594,-0.2793052412439976,-0.082385897706037,-0.2494937901255431,-0.321664557897566,True,-0.26932425449396796
2022-08-21 00:00:00+00:00,7.0,5.0,2.0,22.666666666666668,0.2857142857142857,0.1428571428571428,0.0,0.4,3.0520766620747777,4.515975043999776,2.966175495855677,-0.0438876372516214,2.017450399731922,1.3463901848732032,True,2.1386390822266343
2022-08-22 00:00:00+00:00,14.0,11.0,6.0,175.14285714285714,0.5714285714285714,0.0,0.0,0.5454545454545454,6.34096773960835,10.309278795700218,9.457136970055029,0.2150859551329131,4.284394589589387,1.9529555458807557,True,4.192772625026164
2022-08-23 00:00:00+00:00,4.0,2.0,1.0,42.25,0.0,0.0,0.0,0.5,1.6425519145603893,1.6193231681495543,1.3434351273058398,-0.0106262725207845,-0.2494937901255431,1.7634038705658954,True,1.0521539983335806
2022-08-24 00:00:00+00:00,0.0,0.0,0.0,0.0,0.0,0.0,0.0,0.0,-0.2368144154587947,-0.3117780824172594,-0.2793052412439976,-0.082385897706037,-0.2494937901255431,-0.321664557897566,True,-0.26932425449396796
2022-08-25 00:00:00+00:00,3.0,3.0,2.0,6.333333333333333,0.3333333333333333,0.0,0.0,0.6666666666666666,1.1727103320555934,2.584873793432961,2.966175495855677,-0.071629030814362,2.395274431374833,2.458426680053716,True,2.0088038144947142
2022-08-26 00:00:00+00:00,0.0,0.0,0.0,0.0,0.0,0.0,0.0,0.0,-0.2368144154587947,-0.3117780824172594,-0.2793052412439976,-0.082385897706037,-0.2494937901255431,-0.321664557897566,True,-0.26932425449396796
2022-08-27 00:00:00+00:00,0.0,0.0,0.0,0.0,0.0,0.0,0.0,0.0,-0.2368144154587947,-0.3117780824172594,-0.2793052412439976,-0.082385897706037,-0.2494937901255431,-0.321664557897566,True,-0.26932425449396796
2022-08-28 00:00:00+00:00,2.0,1.0,0.0,115.5,0.0,0.0,0.0,0.0,0.7028687495507973,0.6537725428661474,-0.2793052412439976,0.1137853853447714,-0.2494937901255431,-0.321664557897566,True,0.04390346717589607
2022-08-29 00:00:00+00:00,2.0,2.0,1.0,76.0,0.5,0.0,0.0,0.5,0.7028687495507973,1.6193231681495543,1.3434351273058398,0.046696504994062,3.717658542125021,1.7634038705658954,True,2.0613103874139047
2022-08-30 00:00:00+00:00,7.0,4.0,3.0,17.0,0.2857142857142857,0.0,0.0,0.75,3.0520766620747777,3.5504244187163683,4.588915864405514,-0.0535122023652253,2.017450399731922,2.805938084797626,True,2.6251550488681086
2022-08-31 00:00:00+00:00,0.0,0.0,0.0,0.0,0.0,0.0,0.0,0.0,-0.2368144154587947,-0.3117780824172594,-0.2793052412439976,-0.082385897706037,-0.2494937901255431,-0.321664557897566,True,-0.26932425449396796
2022-09-01 00:00:00+00:00,0.0,0.0,0.0,0.0,0.0,0.0,0.0,0.0,-0.2368144154587947,-0.3117780824172594,-0.2793052412439976,-0.082385897706037,-0.2494937901255431,-0.321664557897566,True,-0.26932425449396796
2022-09-02 00:00:00+00:00,0.0,0.0,0.0,0.0,0.0,0.0,0.0,0.0,-0.2368144154587947,-0.3117780824172594,-0.2793052412439976,-0.082385897706037,-0.2494937901255431,-0.321664557897566,True,-0.26932425449396796
2022-09-03 00:00:00+00:00,0.0,0.0,0.0,0.0,0.0,0.0,0.0,0.0,-0.2368144154587947,-0.3117780824172594,-0.2793052412439976,-0.082385897706037,-0.2494937901255431,-0.321664557897566,True,-0.26932425449396796
2022-09-04 00:00:00+00:00,0.0,0.0,0.0,0.0,0.0,0.0,0.0,0.0,-0.2368144154587947,-0.3117780824172594,-0.2793052412439976,-0.082385897706037,-0.2494937901255431,-0.321664557897566,True,-0.26932425449396796
2022-09-05 00:00:00+00:00,0.0,0.0,0.0,0.0,0.0,0.0,0.0,0.0,-0.2368144154587947,-0.3117780824172594,-0.2793052412439976,-0.082385897706037,-0.2494937901255431,-0.321664557897566,True,-0.26932425449396796
2022-09-06 00:00:00+00:00,0.0,0.0,0.0,0.0,0.0,0.0,0.0,0.0,-0.2368144154587947,-0.3117780824172594,-0.2793052412439976,-0.082385897706037,-0.2494937901255431,-0.321664557897566,True,-0.26932425449396796
2022-09-07 00:00:00+00:00,0.0,0.0,0.0,0.0,0.0,0.0,0.0,0.0,-0.2368144154587947,-0.3117780824172594,-0.2793052412439976,-0.082385897706037,-0.2494937901255431,-0.321664557897566,True,-0.26932425449396796
2022-09-08 00:00:00+00:00,0.0,0.0,0.0,0.0,0.0,0.0,0.0,0.0,-0.2368144154587947,-0.3117780824172594,-0.2793052412439976,-0.082385897706037,-0.2494937901255431,-0.321664557897566,True,-0.26932425449396796
2022-09-09 00:00:00+00:00,0.0,0.0,0.0,0.0,0.0,0.0,0.0,0.0,-0.2368144154587947,-0.3117780824172594,-0.2793052412439976,-0.082385897706037,-0.2494937901255431,-0.321664557897566,True,-0.26932425449396796
2022-09-10 00:00:00+00:00,1.0,1.0,1.0,32.0,0.0,0.0,0.0,1.0,0.2330271670460012,0.6537725428661474,1.3434351273058398,-0.0280354123586268,-0.2494937901255431,3.848472299029357,True,1.277335225316605
2022-09-11 00:00:00+00:00,1.0,1.0,1.0,0.0,0.0,1.0,0.0,1.0,0.2330271670460012,0.6537725428661474,1.3434351273058398,-0.082385897706037,-0.2494937901255431,3.848472299029357,True,1.277335225316605
2022-09-12 00:00:00+00:00,4.0,2.0,1.0,95.0,0.5,0.0,0.0,0.5,1.6425519145603893,1.6193231681495543,1.3434351273058398,0.0789671056690868,3.717658542125021,1.7634038705658954,True,2.3745381090837685
2022-09-13 00:00:00+00:00,0.0,0.0,0.0,0.0,0.0,0.0,0.0,0.0,-0.2368144154587947,-0.3117780824172594,-0.2793052412439976,-0.082385897706037,-0.2494937901255431,-0.321664557897566,True,-0.26932425449396796
2022-09-14 00:00:00+00:00,10.0,5.0,1.0,73.5,0.3,0.0,0.0,0.2,4.461601409589165,4.515975043999776,1.3434351273058398,0.0424503733262956,2.1307976092247958,0.5123628134878186,True,2.368253944100593
2022-09-15 00:00:00+00:00,0.0,0.0,0.0,0.0,0.0,0.0,0.0,0.0,-0.2368144154587947,-0.3117780824172594,-0.2793052412439976,-0.082385897706037,-0.2494937901255431,-0.321664557897566,True,-0.26932425449396796
2022-09-16 00:00:00+00:00,3.0,1.0,0.0,538.3333333333334,0.0,0.0,0.0,0.0,1.1727103320555934,0.6537725428661474,-0.2793052412439976,0.8319477880863314,-0.2494937901255431,-0.321664557897566,True,0.2005173280108281
2022-09-17 00:00:00+00:00,3.0,3.0,0.0,1049.0,0.6666666666666666,0.0,0.0,0.0,1.1727103320555934,2.584873793432961,-0.2793052412439976,1.6992909500887514,5.04004265287521,-0.321664557897566,True,1.9636961423444124
2022-09-18 00:00:00+00:00,0.0,0.0,0.0,0.0,0.0,0.0,0.0,0.0,-0.2368144154587947,-0.3117780824172594,-0.2793052412439976,-0.082385897706037,-0.2494937901255431,-0.321664557897566,True,-0.26932425449396796
2022-09-19 00:00:00+00:00,0.0,0.0,0.0,0.0,0.0,0.0,0.0,0.0,-0.2368144154587947,-0.3117780824172594,-0.2793052412439976,-0.082385897706037,-0.2494937901255431,-0.321664557897566,True,-0.26932425449396796
2022-09-20 00:00:00+00:00,0.0,0.0,0.0,0.0,0.0,0.0,0.0,0.0,-0.2368144154587947,-0.3117780824172594,-0.2793052412439976,-0.082385897706037,-0.2494937901255431,-0.321664557897566,True,-0.26932425449396796
2022-09-21 00:00:00+00:00,3.0,3.0,0.0,979.0,0.0,0.0,0.0,0.0,1.1727103320555934,2.584873793432961,-0.2793052412439976,1.5803992633912918,-0.2494937901255431,-0.321664557897566,True,0.2005173280108281
2022-09-22 00:00:00+00:00,0.0,0.0,0.0,0.0,0.0,0.0,0.0,0.0,-0.2368144154587947,-0.3117780824172594,-0.2793052412439976,-0.082385897706037,-0.2494937901255431,-0.321664557897566,True,-0.26932425449396796
2022-09-23 00:00:00+00:00,0.0,0.0,0.0,0.0,0.0,0.0,0.0,0.0,-0.2368144154587947,-0.3117780824172594,-0.2793052412439976,-0.082385897706037,-0.2494937901255431,-0.321664557897566,True,-0.26932425449396796
2022-09-24 00:00:00+00:00,0.0,0.0,0.0,0.0,0.0,0.0,0.0,0.0,-0.2368144154587947,-0.3117780824172594,-0.2793052412439976,-0.082385897706037,-0.2494937901255431,-0.321664557897566,True,-0.26932425449396796
2022-09-25 00:00:00+00:00,1.0,1.0,1.0,4.0,0.0,0.0,0.0,1.0,0.2330271670460012,0.6537725428661474,1.3434351273058398,-0.0755920870376107,-0.2494937901255431,3.848472299029357,True,1.277335225316605
2022-09-26 00:00:00+00:00,0.0,0.0,0.0,0.0,0.0,0.0,0.0,0.0,-0.2368144154587947,-0.3117780824172594,-0.2793052412439976,-0.082385897706037,-0.2494937901255431,-0.321664557897566,True,-0.26932425449396796
2022-09-27 00:00:00+00:00,0.0,0.0,0.0,0.0,0.0,0.0,0.0,0.0,-0.2368144154587947,-0.3117780824172594,-0.2793052412439976,-0.082385897706037,-0.2494937901255431,-0.321664557897566,True,-0.26932425449396796
2022-09-28 00:00:00+00:00,2.0,2.0,1.0,83.0,0.5,0.0,0.0,0.5,0.7028687495507973,1.6193231681495543,1.3434351273058398,0.058585673663808,3.717658542125021,1.7634038705658954,True,2.0613103874139047
2022-09-29 00:00:00+00:00,0.0,0.0,0.0,0.0,0.0,0.0,0.0,0.0,-0.2368144154587947,-0.3117780824172594,-0.2793052412439976,-0.082385897706037,-0.2494937901255431,-0.321664557897566,True,-0.26932425449396796
2022-09-30 00:00:00+00:00,0.0,0.0,0.0,0.0,0.0,0.0,0.0,0.0,-0.2368144154587947,-0.3117780824172594,-0.2793052412439976,-0.082385897706037,-0.2494937901255431,-0.321664557897566,True,-0.26932425449396796
2022-10-01 00:00:00+00:00,3.0,2.0,2.0,71.66666666666667,0.0,0.0,0.0,1.0,1.1727103320555934,1.6193231681495543,2.966175495855677,0.0393365434366002,-0.2494937901255431,3.848472299029357,True,1.590562946986469
2022-10-02 00:00:00+00:00,3.0,1.0,0.0,426.3333333333333,0.0,0.0,0.0,0.0,1.1727103320555934,0.6537725428661474,-0.2793052412439976,0.6417210893703958,-0.2494937901255431,-0.321664557897566,True,0.2005173280108281
2022-10-03 00:00:00+00:00,2.0,2.0,2.0,7.0,0.0,0.0,0.0,1.0,0.7028687495507973,1.6193231681495543,2.966175495855677,-0.070496729036291,-0.2494937901255431,3.848472299029357,True,1.433949086151537
2022-10-04 00:00:00+00:00,3.0,3.0,1.0,29.0,0.3333333333333333,0.0,0.0,0.3333333333333333,1.1727103320555934,2.584873793432961,1.3434351273058398,-0.0331307703599465,2.395274431374833,1.0683810610780748,True,1.545455274836167
2022-10-05 00:00:00+00:00,1.0,1.0,1.0,69.0,0.0,0.0,0.0,1.0,0.2330271670460012,0.6537725428661474,1.3434351273058398,0.034807336324316,-0.2494937901255431,3.848472299029357,True,1.277335225316605
2022-10-06 00:00:00+00:00,0.0,0.0,0.0,0.0,0.0,0.0,0.0,0.0,-0.2368144154587947,-0.3117780824172594,-0.2793052412439976,-0.082385897706037,-0.2494937901255431,-0.321664557897566,True,-0.26932425449396796
2022-10-07 00:00:00+00:00,0.0,0.0,0.0,0.0,0.0,0.0,0.0,0.0,-0.2368144154587947,-0.3117780824172594,-0.2793052412439976,-0.082385897706037,-0.2494937901255431,-0.321664557897566,True,-0.26932425449396796
2022-10-08 00:00:00+00:00,0.0,0.0,0.0,0.0,0.0,0.0,0.0,0.0,-0.2368144154587947,-0.3117780824172594,-0.2793052412439976,-0.082385897706037,-0.2494937901255431,-0.321664557897566,True,-0.26932425449396796
2022-10-09 00:00:00+00:00,0.0,0.0,0.0,0.0,0.0,0.0,0.0,0.0,-0.2368144154587947,-0.3117780824172594,-0.2793052412439976,-0.082385897706037,-0.2494937901255431,-0.321664557897566,True,-0.26932425449396796
2022-10-10 00:00:00+00:00,0.0,0.0,0.0,0.0,0.0,0.0,0.0,0.0,-0.2368144154587947,-0.3117780824172594,-0.2793052412439976,-0.082385897706037,-0.2494937901255431,-0.321664557897566,True,-0.26932425449396796
2022-10-11 00:00:00+00:00,0.0,0.0,0.0,0.0,0.0,0.0,0.0,0.0,-0.2368144154587947,-0.3117780824172594,-0.2793052412439976,-0.082385897706037,-0.2494937901255431,-0.321664557897566,True,-0.26932425449396796
2022-10-12 00:00:00+00:00,0.0,0.0,0.0,0.0,0.0,0.0,0.0,0.0,-0.2368144154587947,-0.3117780824172594,-0.2793052412439976,-0.082385897706037,-0.2494937901255431,-0.321664557897566,True,-0.26932425449396796
2022-10-13 00:00:00+00:00,0.0,0.0,0.0,0.0,0.0,0.0,0.0,0.0,-0.2368144154587947,-0.3117780824172594,-0.2793052412439976,-0.082385897706037,-0.2494937901255431,-0.321664557897566,True,-0.26932425449396796
2022-10-14 00:00:00+00:00,0.0,0.0,0.0,0.0,0.0,0.0,0.0,0.0,-0.2368144154587947,-0.3117780824172594,-0.2793052412439976,-0.082385897706037,-0.2494937901255431,-0.321664557897566,True,-0.26932425449396796
2022-10-15 00:00:00+00:00,0.0,0.0,0.0,0.0,0.0,0.0,0.0,0.0,-0.2368144154587947,-0.3117780824172594,-0.2793052412439976,-0.082385897706037,-0.2494937901255431,-0.321664557897566,True,-0.26932425449396796
2022-10-16 00:00:00+00:00,0.0,0.0,0.0,0.0,0.0,0.0,0.0,0.0,-0.2368144154587947,-0.3117780824172594,-0.2793052412439976,-0.082385897706037,-0.2494937901255431,-0.321664557897566,True,-0.26932425449396796
2022-10-17 00:00:00+00:00,0.0,0.0,0.0,0.0,0.0,0.0,0.0,0.0,-0.2368144154587947,-0.3117780824172594,-0.2793052412439976,-0.082385897706037,-0.2494937901255431,-0.321664557897566,True,-0.26932425449396796
2022-10-18 00:00:00+00:00,9.0,6.0,1.0,328.44444444444446,0.1111111111111111,0.0,0.0,0.1666666666666666,3.9917598270843695,5.481525669283182,1.3434351273058398,0.4754614449569642,0.632095617041249,0.3733582515902542,True,1.6657378985719575
2022-10-19 00:00:00+00:00,3.0,3.0,0.0,274.0,0.0,0.0,0.0,0.0,1.1727103320555934,2.584873793432961,-0.2793052412439976,0.3829901330811622,-0.2494937901255431,-0.321664557897566,True,0.2005173280108281
2022-10-20 00:00:00+00:00,0.0,0.0,0.0,0.0,0.0,0.0,0.0,0.0,-0.2368144154587947,-0.3117780824172594,-0.2793052412439976,-0.082385897706037,-0.2494937901255431,-0.321664557897566,True,-0.26932425449396796
2022-10-21 00:00:00+00:00,2.0,2.0,1.0,1119.5,0.0,0.0,0.0,0.5,0.7028687495507973,1.6193231681495543,1.3434351273058398,1.8190318631197644,-0.2494937901255431,1.7634038705658954,True,0.7389262766637166
2022-10-22 00:00:00+00:00,2.0,2.0,0.0,1486.5,0.5,0.0,0.0,0.0,0.7028687495507973,1.6193231681495543,-0.2793052412439976,2.4423639919478743,3.717658542125021,-0.321664557897566,True,1.3662875779260844
2022-10-23 00:00:00+00:00,1.0,1.0,1.0,0.0,0.0,1.0,0.0,1.0,0.2330271670460012,0.6537725428661474,1.3434351273058398,-0.082385897706037,-0.2494937901255431,3.848472299029357,True,1.277335225316605
2022-10-24 00:00:00+00:00,3.0,2.0,1.0,44.0,0.3333333333333333,0.0,0.0,0.5,1.1727103320555934,1.6193231681495543,1.3434351273058398,-0.007653980353348,2.395274431374833,1.7634038705658954,True,1.7771295446654405
2022-10-25 00:00:00+00:00,1.0,1.0,0.0,14.0,0.0,0.0,0.0,0.0,0.2330271670460012,0.6537725428661474,-0.2793052412439976,-0.058607560366545,-0.2494937901255431,-0.321664557897566,True,-0.11271039365903596
2022-10-26 00:00:00+00:00,3.0,2.0,1.0,18.33333333333333,0.3333333333333333,0.0,0.0,0.5,1.1727103320555934,1.6193231681495543,1.3434351273058398,-0.0512475988090832,2.395274431374833,1.7634038705658954,True,1.7771295446654405
2022-10-27 00:00:00+00:00,12.0,8.0,6.0,39.0,0.3333333333333333,0.0,0.0,0.75,5.401284574598757,7.412626919849996,9.457136970055029,-0.0161462436888809,2.395274431374833,2.805938084797626,True,3.5341656969237385
2022-10-28 00:00:00+00:00,0.0,0.0,0.0,0.0,0.0,0.0,0.0,0.0,-0.2368144154587947,-0.3117780824172594,-0.2793052412439976,-0.082385897706037,-0.2494937901255431,-0.321664557897566,True,-0.26932425449396796
2022-10-29 00:00:00+00:00,0.0,0.0,0.0,0.0,0.0,0.0,0.0,0.0,-0.2368144154587947,-0.3117780824172594,-0.2793052412439976,-0.082385897706037,-0.2494937901255431,-0.321664557897566,True,-0.26932425449396796
2022-10-30 00:00:00+00:00,1.0,1.0,0.0,118.0,0.0,0.0,0.0,0.0,0.2330271670460012,0.6537725428661474,-0.2793052412439976,0.1180315170125378,-0.2494937901255431,-0.321664557897566,True,-0.11271039365903596
2022-10-31 00:00:00+00:00,3.0,2.0,1.0,46.66666666666666,0.0,0.0,0.0,0.5,1.1727103320555934,1.6193231681495543,1.3434351273058398,-0.0031247732410639,-0.2494937901255431,1.7634038705658954,True,0.8955401374986486
2022-11-01 00:00:00+00:00,0.0,0.0,0.0,0.0,0.0,0.0,0.0,0.0,-0.2368144154587947,-0.3117780824172594,-0.2793052412439976,-0.082385897706037,-0.2494937901255431,-0.321664557897566,True,-0.26932425449396796
2022-11-02 00:00:00+00:00,1.0,1.0,0.0,0.0,0.0,1.0,0.0,0.0,0.2330271670460012,0.6537725428661474,-0.2793052412439976,-0.082385897706037,-0.2494937901255431,-0.321664557897566,True,-0.11271039365903596
2022-11-03 00:00:00+00:00,0.0,0.0,0.0,0.0,0.0,0.0,0.0,0.0,-0.2368144154587947,-0.3117780824172594,-0.2793052412439976,-0.082385897706037,-0.2494937901255431,-0.321664557897566,True,-0.26932425449396796
2022-11-04 00:00:00+00:00,0.0,0.0,0.0,0.0,0.0,0.0,0.0,0.0,-0.2368144154587947,-0.3117780824172594,-0.2793052412439976,-0.082385897706037,-0.2494937901255431,-0.321664557897566,True,-0.26932425449396796
2022-11-05 00:00:00+00:00,0.0,0.0,0.0,0.0,0.0,0.0,0.0,0.0,-0.2368144154587947,-0.3117780824172594,-0.2793052412439976,-0.082385897706037,-0.2494937901255431,-0.321664557897566,True,-0.26932425449396796
2022-11-06 00:00:00+00:00,0.0,0.0,0.0,0.0,0.0,0.0,0.0,0.0,-0.2368144154587947,-0.3117780824172594,-0.2793052412439976,-0.082385897706037,-0.2494937901255431,-0.321664557897566,True,-0.26932425449396796
2022-11-07 00:00:00+00:00,0.0,0.0,0.0,0.0,0.0,0.0,0.0,0.0,-0.2368144154587947,-0.3117780824172594,-0.2793052412439976,-0.082385897706037,-0.2494937901255431,-0.321664557897566,True,-0.26932425449396796
2022-11-08 00:00:00+00:00,0.0,0.0,0.0,0.0,0.0,0.0,0.0,0.0,-0.2368144154587947,-0.3117780824172594,-0.2793052412439976,-0.082385897706037,-0.2494937901255431,-0.321664557897566,True,-0.26932425449396796
2022-11-09 00:00:00+00:00,0.0,0.0,0.0,0.0,0.0,0.0,0.0,0.0,-0.2368144154587947,-0.3117780824172594,-0.2793052412439976,-0.082385897706037,-0.2494937901255431,-0.321664557897566,True,-0.26932425449396796
2022-11-10 00:00:00+00:00,0.0,0.0,0.0,0.0,0.0,0.0,0.0,0.0,-0.2368144154587947,-0.3117780824172594,-0.2793052412439976,-0.082385897706037,-0.2494937901255431,-0.321664557897566,True,-0.26932425449396796
2022-11-11 00:00:00+00:00,0.0,0.0,0.0,0.0,0.0,0.0,0.0,0.0,-0.2368144154587947,-0.3117780824172594,-0.2793052412439976,-0.082385897706037,-0.2494937901255431,-0.321664557897566,True,-0.26932425449396796
2022-11-12 00:00:00+00:00,0.0,0.0,0.0,0.0,0.0,0.0,0.0,0.0,-0.2368144154587947,-0.3117780824172594,-0.2793052412439976,-0.082385897706037,-0.2494937901255431,-0.321664557897566,True,-0.26932425449396796
2022-11-13 00:00:00+00:00,0.0,0.0,0.0,0.0,0.0,0.0,0.0,0.0,-0.2368144154587947,-0.3117780824172594,-0.2793052412439976,-0.082385897706037,-0.2494937901255431,-0.321664557897566,True,-0.26932425449396796
2022-11-14 00:00:00+00:00,0.0,0.0,0.0,0.0,0.0,0.0,0.0,0.0,-0.2368144154587947,-0.3117780824172594,-0.2793052412439976,-0.082385897706037,-0.2494937901255431,-0.321664557897566,True,-0.26932425449396796
2022-11-15 00:00:00+00:00,0.0,0.0,0.0,0.0,0.0,0.0,0.0,0.0,-0.2368144154587947,-0.3117780824172594,-0.2793052412439976,-0.082385897706037,-0.2494937901255431,-0.321664557897566,True,-0.26932425449396796
2022-11-16 00:00:00+00:00,0.0,0.0,0.0,0.0,0.0,0.0,0.0,0.0,-0.2368144154587947,-0.3117780824172594,-0.2793052412439976,-0.082385897706037,-0.2494937901255431,-0.321664557897566,True,-0.26932425449396796
2022-11-17 00:00:00+00:00,0.0,0.0,0.0,0.0,0.0,0.0,0.0,0.0,-0.2368144154587947,-0.3117780824172594,-0.2793052412439976,-0.082385897706037,-0.2494937901255431,-0.321664557897566,True,-0.26932425449396796
2022-11-18 00:00:00+00:00,0.0,0.0,0.0,0.0,0.0,0.0,0.0,0.0,-0.2368144154587947,-0.3117780824172594,-0.2793052412439976,-0.082385897706037,-0.2494937901255431,-0.321664557897566,True,-0.26932425449396796
2022-11-19 00:00:00+00:00,0.0,0.0,0.0,0.0,0.0,0.0,0.0,0.0,-0.2368144154587947,-0.3117780824172594,-0.2793052412439976,-0.082385897706037,-0.2494937901255431,-0.321664557897566,True,-0.26932425449396796
2022-11-20 00:00:00+00:00,0.0,0.0,0.0,0.0,0.0,0.0,0.0,0.0,-0.2368144154587947,-0.3117780824172594,-0.2793052412439976,-0.082385897706037,-0.2494937901255431,-0.321664557897566,True,-0.26932425449396796
2022-11-21 00:00:00+00:00,0.0,0.0,0.0,0.0,0.0,0.0,0.0,0.0,-0.2368144154587947,-0.3117780824172594,-0.2793052412439976,-0.082385897706037,-0.2494937901255431,-0.321664557897566,True,-0.26932425449396796
2022-11-22 00:00:00+00:00,0.0,0.0,0.0,0.0,0.0,0.0,0.0,0.0,-0.2368144154587947,-0.3117780824172594,-0.2793052412439976,-0.082385897706037,-0.2494937901255431,-0.321664557897566,True,-0.26932425449396796
2022-11-23 00:00:00+00:00,0.0,0.0,0.0,0.0,0.0,0.0,0.0,0.0,-0.2368144154587947,-0.3117780824172594,-0.2793052412439976,-0.082385897706037,-0.2494937901255431,-0.321664557897566,True,-0.26932425449396796
2022-11-24 00:00:00+00:00,0.0,0.0,0.0,0.0,0.0,0.0,0.0,0.0,-0.2368144154587947,-0.3117780824172594,-0.2793052412439976,-0.082385897706037,-0.2494937901255431,-0.321664557897566,True,-0.26932425449396796
2022-11-25 00:00:00+00:00,0.0,0.0,0.0,0.0,0.0,0.0,0.0,0.0,-0.2368144154587947,-0.3117780824172594,-0.2793052412439976,-0.082385897706037,-0.2494937901255431,-0.321664557897566,True,-0.26932425449396796
2022-11-26 00:00:00+00:00,0.0,0.0,0.0,0.0,0.0,0.0,0.0,0.0,-0.2368144154587947,-0.3117780824172594,-0.2793052412439976,-0.082385897706037,-0.2494937901255431,-0.321664557897566,True,-0.26932425449396796
2022-11-27 00:00:00+00:00,0.0,0.0,0.0,0.0,0.0,0.0,0.0,0.0,-0.2368144154587947,-0.3117780824172594,-0.2793052412439976,-0.082385897706037,-0.2494937901255431,-0.321664557897566,True,-0.26932425449396796
2022-11-28 00:00:00+00:00,0.0,0.0,0.0,0.0,0.0,0.0,0.0,0.0,-0.2368144154587947,-0.3117780824172594,-0.2793052412439976,-0.082385897706037,-0.2494937901255431,-0.321664557897566,True,-0.26932425449396796
2022-11-29 00:00:00+00:00,0.0,0.0,0.0,0.0,0.0,0.0,0.0,0.0,-0.2368144154587947,-0.3117780824172594,-0.2793052412439976,-0.082385897706037,-0.2494937901255431,-0.321664557897566,True,-0.26932425449396796
2022-11-30 00:00:00+00:00,13.0,5.0,2.0,310.6923076923077,0.0769230769230769,0.0,0.0,0.4,5.871126157103554,4.515975043999776,2.966175495855677,0.445310280943457,0.3608373379130051,1.3463901848732032,True,2.5261178932965875
2022-12-01 00:00:00+00:00,7.0,2.0,0.0,754.1428571428571,0.0,0.0,0.0,0.0,3.0520766620747777,1.6193231681495543,-0.2793052412439976,1.1984900493876152,-0.2494937901255431,-0.321664557897566,True,0.8269727713505562
2022-12-02 00:00:00+00:00,0.0,0.0,0.0,0.0,0.0,0.0,0.0,0.0,-0.2368144154587947,-0.3117780824172594,-0.2793052412439976,-0.082385897706037,-0.2494937901255431,-0.321664557897566,True,-0.26932425449396796
2022-12-03 00:00:00+00:00,0.0,0.0,0.0,0.0,0.0,0.0,0.0,0.0,-0.2368144154587947,-0.3117780824172594,-0.2793052412439976,-0.082385897706037,-0.2494937901255431,-0.321664557897566,True,-0.26932425449396796
2022-12-04 00:00:00+00:00,0.0,0.0,0.0,0.0,0.0,0.0,0.0,0.0,-0.2368144154587947,-0.3117780824172594,-0.2793052412439976,-0.082385897706037,-0.2494937901255431,-0.321664557897566,True,-0.26932425449396796
2022-12-05 00:00:00+00:00,0.0,0.0,0.0,0.0,0.0,0.0,0.0,0.0,-0.2368144154587947,-0.3117780824172594,-0.2793052412439976,-0.082385897706037,-0.2494937901255431,-0.321664557897566,True,-0.26932425449396796
2022-12-06 00:00:00+00:00,1.0,1.0,1.0,1.0,0.0,0.0,0.0,1.0,0.2330271670460012,0.6537725428661474,1.3434351273058398,-0.0806874450389304,-0.2494937901255431,3.848472299029357,True,1.277335225316605
2022-12-07 00:00:00+00:00,0.0,0.0,0.0,0.0,0.0,0.0,0.0,0.0,-0.2368144154587947,-0.3117780824172594,-0.2793052412439976,-0.082385897706037,-0.2494937901255431,-0.321664557897566,True,-0.26932425449396796
2022-12-08 00:00:00+00:00,0.0,0.0,0.0,0.0,0.0,0.0,0.0,0.0,-0.2368144154587947,-0.3117780824172594,-0.2793052412439976,-0.082385897706037,-0.2494937901255431,-0.321664557897566,True,-0.26932425449396796
2022-12-09 00:00:00+00:00,0.0,0.0,0.0,0.0,0.0,0.0,0.0,0.0,-0.2368144154587947,-0.3117780824172594,-0.2793052412439976,-0.082385897706037,-0.2494937901255431,-0.321664557897566,True,-0.26932425449396796
2022-12-10 00:00:00+00:00,0.0,0.0,0.0,0.0,0.0,0.0,0.0,0.0,-0.2368144154587947,-0.3117780824172594,-0.2793052412439976,-0.082385897706037,-0.2494937901255431,-0.321664557897566,True,-0.26932425449396796
2022-12-11 00:00:00+00:00,2.0,2.0,1.0,276.0,0.0,0.0,0.0,0.5,0.7028687495507973,1.6193231681495543,1.3434351273058398,0.3863870384153754,-0.2494937901255431,1.7634038705658954,True,0.7389262766637166
2022-12-12 00:00:00+00:00,0.0,0.0,0.0,0.0,0.0,0.0,0.0,0.0,-0.2368144154587947,-0.3117780824172594,-0.2793052412439976,-0.082385897706037,-0.2494937901255431,-0.321664557897566,True,-0.26932425449396796
2022-12-13 00:00:00+00:00,0.0,0.0,0.0,0.0,0.0,0.0,0.0,0.0,-0.2368144154587947,-0.3117780824172594,-0.2793052412439976,-0.082385897706037,-0.2494937901255431,-0.321664557897566,True,-0.26932425449396796
2022-12-14 00:00:00+00:00,0.0,0.0,0.0,0.0,0.0,0.0,0.0,0.0,-0.2368144154587947,-0.3117780824172594,-0.2793052412439976,-0.082385897706037,-0.2494937901255431,-0.321664557897566,True,-0.26932425449396796
2022-12-15 00:00:00+00:00,0.0,0.0,0.0,0.0,0.0,0.0,0.0,0.0,-0.2368144154587947,-0.3117780824172594,-0.2793052412439976,-0.082385897706037,-0.2494937901255431,-0.321664557897566,True,-0.26932425449396796
2022-12-16 00:00:00+00:00,0.0,0.0,0.0,0.0,0.0,0.0,0.0,0.0,-0.2368144154587947,-0.3117780824172594,-0.2793052412439976,-0.082385897706037,-0.2494937901255431,-0.321664557897566,True,-0.26932425449396796
2022-12-17 00:00:00+00:00,0.0,0.0,0.0,0.0,0.0,0.0,0.0,0.0,-0.2368144154587947,-0.3117780824172594,-0.2793052412439976,-0.082385897706037,-0.2494937901255431,-0.321664557897566,True,-0.26932425449396796
2022-12-18 00:00:00+00:00,0.0,0.0,0.0,0.0,0.0,0.0,0.0,0.0,-0.2368144154587947,-0.3117780824172594,-0.2793052412439976,-0.082385897706037,-0.2494937901255431,-0.321664557897566,True,-0.26932425449396796
2022-12-19 00:00:00+00:00,0.0,0.0,0.0,0.0,0.0,0.0,0.0,0.0,-0.2368144154587947,-0.3117780824172594,-0.2793052412439976,-0.082385897706037,-0.2494937901255431,-0.321664557897566,True,-0.26932425449396796
2022-12-20 00:00:00+00:00,1.0,1.0,0.0,0.0,0.0,1.0,0.0,0.0,0.2330271670460012,0.6537725428661474,-0.2793052412439976,-0.082385897706037,-0.2494937901255431,-0.321664557897566,True,-0.11271039365903596
2022-12-21 00:00:00+00:00,1.0,1.0,0.0,238.0,0.0,0.0,0.0,0.0,0.2330271670460012,0.6537725428661474,-0.2793052412439976,0.3218458370653259,-0.2494937901255431,-0.321664557897566,True,-0.11271039365903596
2022-12-22 00:00:00+00:00,0.0,0.0,0.0,0.0,0.0,0.0,0.0,0.0,-0.2368144154587947,-0.3117780824172594,-0.2793052412439976,-0.082385897706037,-0.2494937901255431,-0.321664557897566,True,-0.26932425449396796
2022-12-23 00:00:00+00:00,0.0,0.0,0.0,0.0,0.0,0.0,0.0,0.0,-0.2368144154587947,-0.3117780824172594,-0.2793052412439976,-0.082385897706037,-0.2494937901255431,-0.321664557897566,True,-0.26932425449396796
2022-12-24 00:00:00+00:00,0.0,0.0,0.0,0.0,0.0,0.0,0.0,0.0,-0.2368144154587947,-0.3117780824172594,-0.2793052412439976,-0.082385897706037,-0.2494937901255431,-0.321664557897566,True,-0.26932425449396796
2022-12-25 00:00:00+00:00,0.0,0.0,0.0,0.0,0.0,0.0,0.0,0.0,-0.2368144154587947,-0.3117780824172594,-0.2793052412439976,-0.082385897706037,-0.2494937901255431,-0.321664557897566,True,-0.26932425449396796
2022-12-26 00:00:00+00:00,0.0,0.0,0.0,0.0,0.0,0.0,0.0,0.0,-0.2368144154587947,-0.3117780824172594,-0.2793052412439976,-0.082385897706037,-0.2494937901255431,-0.321664557897566,True,-0.26932425449396796
2022-12-27 00:00:00+00:00,0.0,0.0,0.0,0.0,0.0,0.0,0.0,0.0,-0.2368144154587947,-0.3117780824172594,-0.2793052412439976,-0.082385897706037,-0.2494937901255431,-0.321664557897566,True,-0.26932425449396796
2022-12-28 00:00:00+00:00,0.0,0.0,0.0,0.0,0.0,0.0,0.0,0.0,-0.2368144154587947,-0.3117780824172594,-0.2793052412439976,-0.082385897706037,-0.2494937901255431,-0.321664557897566,True,-0.26932425449396796
2022-12-29 00:00:00+00:00,0.0,0.0,0.0,0.0,0.0,0.0,0.0,0.0,-0.2368144154587947,-0.3117780824172594,-0.2793052412439976,-0.082385897706037,-0.2494937901255431,-0.321664557897566,True,-0.26932425449396796
2022-12-30 00:00:00+00:00,0.0,0.0,0.0,0.0,0.0,0.0,0.0,0.0,-0.2368144154587947,-0.3117780824172594,-0.2793052412439976,-0.082385897706037,-0.2494937901255431,-0.321664557897566,True,-0.26932425449396796
2022-12-31 00:00:00+00:00,0.0,0.0,0.0,0.0,0.0,0.0,0.0,0.0,-0.2368144154587947,-0.3117780824172594,-0.2793052412439976,-0.082385897706037,-0.2494937901255431,-0.321664557897566,True,-0.26932425449396796
2023-01-01 00:00:00+00:00,0.0,0.0,0.0,0.0,0.0,0.0,0.0,0.0,-0.2368144154587947,-0.3117780824172594,-0.2793052412439976,-0.082385897706037,-0.2494937901255431,-0.321664557897566,True,-0.26932425449396796
2023-01-02 00:00:00+00:00,0.0,0.0,0.0,0.0,0.0,0.0,0.0,0.0,-0.2368144154587947,-0.3117780824172594,-0.2793052412439976,-0.082385897706037,-0.2494937901255431,-0.321664557897566,True,-0.26932425449396796
2023-01-03 00:00:00+00:00,0.0,0.0,0.0,0.0,0.0,0.0,0.0,0.0,-0.2368144154587947,-0.3117780824172594,-0.2793052412439976,-0.082385897706037,-0.2494937901255431,-0.321664557897566,True,-0.26932425449396796
2023-01-04 00:00:00+00:00,0.0,0.0,0.0,0.0,0.0,0.0,0.0,0.0,-0.2368144154587947,-0.3117780824172594,-0.2793052412439976,-0.082385897706037,-0.2494937901255431,-0.321664557897566,True,-0.26932425449396796
2023-01-05 00:00:00+00:00,7.0,2.0,1.0,12.285714285714286,0.1428571428571428,0.0,0.0,0.5,3.0520766620747777,1.6193231681495543,1.3434351273058398,-0.0615191935101563,0.8839783048031891,1.7634038705658954,True,1.8998196124812872
2023-01-06 00:00:00+00:00,0.0,0.0,0.0,0.0,0.0,0.0,0.0,0.0,-0.2368144154587947,-0.3117780824172594,-0.2793052412439976,-0.082385897706037,-0.2494937901255431,-0.321664557897566,True,-0.26932425449396796
2023-01-07 00:00:00+00:00,0.0,0.0,0.0,0.0,0.0,0.0,0.0,0.0,-0.2368144154587947,-0.3117780824172594,-0.2793052412439976,-0.082385897706037,-0.2494937901255431,-0.321664557897566,True,-0.26932425449396796
2023-01-08 00:00:00+00:00,0.0,0.0,0.0,0.0,0.0,0.0,0.0,0.0,-0.2368144154587947,-0.3117780824172594,-0.2793052412439976,-0.082385897706037,-0.2494937901255431,-0.321664557897566,True,-0.26932425449396796
2023-01-09 00:00:00+00:00,0.0,0.0,0.0,0.0,0.0,0.0,0.0,0.0,-0.2368144154587947,-0.3117780824172594,-0.2793052412439976,-0.082385897706037,-0.2494937901255431,-0.321664557897566,True,-0.26932425449396796
2023-01-10 00:00:00+00:00,0.0,0.0,0.0,0.0,0.0,0.0,0.0,0.0,-0.2368144154587947,-0.3117780824172594,-0.2793052412439976,-0.082385897706037,-0.2494937901255431,-0.321664557897566,True,-0.26932425449396796
2023-01-11 00:00:00+00:00,0.0,0.0,0.0,0.0,0.0,0.0,0.0,0.0,-0.2368144154587947,-0.3117780824172594,-0.2793052412439976,-0.082385897706037,-0.2494937901255431,-0.321664557897566,True,-0.26932425449396796
2023-01-12 00:00:00+00:00,0.0,0.0,0.0,0.0,0.0,0.0,0.0,0.0,-0.2368144154587947,-0.3117780824172594,-0.2793052412439976,-0.082385897706037,-0.2494937901255431,-0.321664557897566,True,-0.26932425449396796
2023-01-13 00:00:00+00:00,0.0,0.0,0.0,0.0,0.0,0.0,0.0,0.0,-0.2368144154587947,-0.3117780824172594,-0.2793052412439976,-0.082385897706037,-0.2494937901255431,-0.321664557897566,True,-0.26932425449396796
2023-01-14 00:00:00+00:00,0.0,0.0,0.0,0.0,0.0,0.0,0.0,0.0,-0.2368144154587947,-0.3117780824172594,-0.2793052412439976,-0.082385897706037,-0.2494937901255431,-0.321664557897566,True,-0.26932425449396796
2023-01-15 00:00:00+00:00,3.0,3.0,1.0,209.66666666666663,0.3333333333333333,0.0,0.0,0.3333333333333333,1.1727103320555934,2.584873793432961,1.3434351273058398,0.2737230114973064,2.395274431374833,1.0683810610780748,True,1.545455274836167
2023-01-16 00:00:00+00:00,0.0,0.0,0.0,0.0,0.0,0.0,0.0,0.0,-0.2368144154587947,-0.3117780824172594,-0.2793052412439976,-0.082385897706037,-0.2494937901255431,-0.321664557897566,True,-0.26932425449396796
2023-01-17 00:00:00+00:00,0.0,0.0,0.0,0.0,0.0,0.0,0.0,0.0,-0.2368144154587947,-0.3117780824172594,-0.2793052412439976,-0.082385897706037,-0.2494937901255431,-0.321664557897566,True,-0.26932425449396796
2023-01-18 00:00:00+00:00,0.0,0.0,0.0,0.0,0.0,0.0,0.0,0.0,-0.2368144154587947,-0.3117780824172594,-0.2793052412439976,-0.082385897706037,-0.2494937901255431,-0.321664557897566,True,-0.26932425449396796
2023-01-19 00:00:00+00:00,5.0,2.0,1.0,6.0,0.6,0.0,0.0,0.5,2.1123934970651854,1.6193231681495543,1.3434351273058398,-0.0721951817033976,4.511089008575135,1.7634038705658954,True,2.795628792068739
2023-01-20 00:00:00+00:00,0.0,0.0,0.0,0.0,0.0,0.0,0.0,0.0,-0.2368144154587947,-0.3117780824172594,-0.2793052412439976,-0.082385897706037,-0.2494937901255431,-0.321664557897566,True,-0.26932425449396796
2023-01-21 00:00:00+00:00,2.0,2.0,1.0,7.0,0.5,0.0,0.0,0.5,0.7028687495507973,1.6193231681495543,1.3434351273058398,-0.070496729036291,3.717658542125021,1.7634038705658954,True,2.0613103874139047
2023-01-22 00:00:00+00:00,0.0,0.0,0.0,0.0,0.0,0.0,0.0,0.0,-0.2368144154587947,-0.3117780824172594,-0.2793052412439976,-0.082385897706037,-0.2494937901255431,-0.321664557897566,True,-0.26932425449396796
2023-01-23 00:00:00+00:00,0.0,0.0,0.0,0.0,0.0,0.0,0.0,0.0,-0.2368144154587947,-0.3117780824172594,-0.2793052412439976,-0.082385897706037,-0.2494937901255431,-0.321664557897566,True,-0.26932425449396796
2023-01-24 00:00:00+00:00,0.0,0.0,0.0,0.0,0.0,0.0,0.0,0.0,-0.2368144154587947,-0.3117780824172594,-0.2793052412439976,-0.082385897706037,-0.2494937901255431,-0.321664557897566,True,-0.26932425449396796
2023-01-25 00:00:00+00:00,1.0,1.0,0.0,1.0,0.0,0.0,0.0,0.0,0.2330271670460012,0.6537725428661474,-0.2793052412439976,-0.0806874450389304,-0.2494937901255431,-0.321664557897566,True,-0.11271039365903596
2023-01-26 00:00:00+00:00,0.0,0.0,0.0,0.0,0.0,0.0,0.0,0.0,-0.2368144154587947,-0.3117780824172594,-0.2793052412439976,-0.082385897706037,-0.2494937901255431,-0.321664557897566,True,-0.26932425449396796
2023-01-27 00:00:00+00:00,0.0,0.0,0.0,0.0,0.0,0.0,0.0,0.0,-0.2368144154587947,-0.3117780824172594,-0.2793052412439976,-0.082385897706037,-0.2494937901255431,-0.321664557897566,True,-0.26932425449396796
2023-01-28 00:00:00+00:00,2.0,2.0,0.0,88.0,0.0,0.5,0.0,0.0,0.7028687495507973,1.6193231681495543,-0.2793052412439976,0.0670779369993408,-0.2494937901255431,-0.321664557897566,True,0.04390346717589607
2023-01-29 00:00:00+00:00,14.0,10.0,7.0,43.71428571428572,0.3571428571428571,0.0,0.0,0.7,6.34096773960835,9.34372817041681,11.079877338604865,-0.0081392525439499,2.5841864471962883,2.59743124195128,True,3.840861809585306
2023-01-30 00:00:00+00:00,0.0,0.0,0.0,0.0,0.0,0.0,0.0,0.0,-0.2368144154587947,-0.3117780824172594,-0.2793052412439976,-0.082385897706037,-0.2494937901255431,-0.321664557897566,True,-0.26932425449396796
2023-01-31 00:00:00+00:00,0.0,0.0,0.0,0.0,0.0,0.0,0.0,0.0,-0.2368144154587947,-0.3117780824172594,-0.2793052412439976,-0.082385897706037,-0.2494937901255431,-0.321664557897566,True,-0.26932425449396796
2023-02-01 00:00:00+00:00,3.0,3.0,2.0,544.0,0.3333333333333333,0.0,0.0,0.6666666666666666,1.1727103320555934,2.584873793432961,2.966175495855677,0.8415723531999353,2.395274431374833,2.458426680053716,True,2.0088038144947142
2023-02-02 00:00:00+00:00,11.0,11.0,7.0,56.09090909090909,0.3636363636363636,0.0,0.0,0.6363636363636364,4.931442992093961,10.309278795700218,11.079877338604865,0.0128818564398495,2.6357079060566853,2.332058896510476,True,3.2997365982203744
2023-02-03 00:00:00+00:00,2.0,2.0,1.0,17.0,0.5,0.0,0.0,0.5,0.7028687495507973,1.6193231681495543,1.3434351273058398,-0.0535122023652253,3.717658542125021,1.7634038705658954,True,2.0613103874139047
2023-02-04 00:00:00+00:00,3.0,3.0,2.0,2.6666666666666665,0.3333333333333333,0.0,0.0,0.6666666666666666,1.1727103320555934,2.584873793432961,2.966175495855677,-0.0778566905937528,2.395274431374833,2.458426680053716,True,2.0088038144947142
2023-02-05 00:00:00+00:00,0.0,0.0,0.0,0.0,0.0,0.0,0.0,0.0,-0.2368144154587947,-0.3117780824172594,-0.2793052412439976,-0.082385897706037,-0.2494937901255431,-0.321664557897566,True,-0.26932425449396796
2023-02-06 00:00:00+00:00,3.0,2.0,1.0,14.666666666666666,0.3333333333333333,0.0,0.0,0.5,1.1727103320555934,1.6193231681495543,1.3434351273058398,-0.057475258588474,2.395274431374833,1.7634038705658954,True,1.7771295446654405
2023-02-07 00:00:00+00:00,0.0,0.0,0.0,0.0,0.0,0.0,0.0,0.0,-0.2368144154587947,-0.3117780824172594,-0.2793052412439976,-0.082385897706037,-0.2494937901255431,-0.321664557897566,True,-0.26932425449396796
2023-02-08 00:00:00+00:00,7.0,6.0,3.0,423.7142857142857,0.4285714285714285,0.0,0.0,0.5,3.0520766620747777,5.481525669283182,4.588915864405514,0.6372727609565454,3.150922494660654,1.7634038705658954,True,2.655467675767109
2023-02-09 00:00:00+00:00,0.0,0.0,0.0,0.0,0.0,0.0,0.0,0.0,-0.2368144154587947,-0.3117780824172594,-0.2793052412439976,-0.082385897706037,-0.2494937901255431,-0.321664557897566,True,-0.26932425449396796
2023-02-10 00:00:00+00:00,0.0,0.0,0.0,0.0,0.0,0.0,0.0,0.0,-0.2368144154587947,-0.3117780824172594,-0.2793052412439976,-0.082385897706037,-0.2494937901255431,-0.321664557897566,True,-0.26932425449396796
2023-02-11 00:00:00+00:00,0.0,0.0,0.0,0.0,0.0,0.0,0.0,0.0,-0.2368144154587947,-0.3117780824172594,-0.2793052412439976,-0.082385897706037,-0.2494937901255431,-0.321664557897566,True,-0.26932425449396796
2023-02-12 00:00:00+00:00,2.0,2.0,1.0,46.0,0.5,0.0,0.0,0.5,0.7028687495507973,1.6193231681495543,1.3434351273058398,-0.0042570750191349,3.717658542125021,1.7634038705658954,True,2.0613103874139047
2023-02-13 00:00:00+00:00,6.0,5.0,3.0,3.6666666666666665,0.6666666666666666,0.0,0.0,0.6,2.5822350795699816,4.515975043999776,4.588915864405514,-0.0761582379266462,5.04004265287521,2.180417556258588,True,3.267565096234593
2023-02-14 00:00:00+00:00,1.0,1.0,0.0,0.0,0.0,0.0,0.0,0.0,0.2330271670460012,0.6537725428661474,-0.2793052412439976,-0.082385897706037,-0.2494937901255431,-0.321664557897566,True,-0.11271039365903596
2023-02-15 00:00:00+00:00,1.0,1.0,0.0,0.0,0.0,1.0,0.0,0.0,0.2330271670460012,0.6537725428661474,-0.2793052412439976,-0.082385897706037,-0.2494937901255431,-0.321664557897566,True,-0.11271039365903596
2023-02-16 00:00:00+00:00,0.0,0.0,0.0,0.0,0.0,0.0,0.0,0.0,-0.2368144154587947,-0.3117780824172594,-0.2793052412439976,-0.082385897706037,-0.2494937901255431,-0.321664557897566,True,-0.26932425449396796
2023-02-17 00:00:00+00:00,0.0,0.0,0.0,0.0,0.0,0.0,0.0,0.0,-0.2368144154587947,-0.3117780824172594,-0.2793052412439976,-0.082385897706037,-0.2494937901255431,-0.321664557897566,True,-0.26932425449396796
2023-02-18 00:00:00+00:00,0.0,0.0,0.0,0.0,0.0,0.0,0.0,0.0,-0.2368144154587947,-0.3117780824172594,-0.2793052412439976,-0.082385897706037,-0.2494937901255431,-0.321664557897566,True,-0.26932425449396796
2023-02-19 00:00:00+00:00,0.0,0.0,0.0,0.0,0.0,0.0,0.0,0.0,-0.2368144154587947,-0.3117780824172594,-0.2793052412439976,-0.082385897706037,-0.2494937901255431,-0.321664557897566,True,-0.26932425449396796
2023-02-20 00:00:00+00:00,0.0,0.0,0.0,0.0,0.0,0.0,0.0,0.0,-0.2368144154587947,-0.3117780824172594,-0.2793052412439976,-0.082385897706037,-0.2494937901255431,-0.321664557897566,True,-0.26932425449396796
2023-02-21 00:00:00+00:00,0.0,0.0,0.0,0.0,0.0,0.0,0.0,0.0,-0.2368144154587947,-0.3117780824172594,-0.2793052412439976,-0.082385897706037,-0.2494937901255431,-0.321664557897566,True,-0.26932425449396796
2023-02-22 00:00:00+00:00,0.0,0.0,0.0,0.0,0.0,0.0,0.0,0.0,-0.2368144154587947,-0.3117780824172594,-0.2793052412439976,-0.082385897706037,-0.2494937901255431,-0.321664557897566,True,-0.26932425449396796
2023-02-23 00:00:00+00:00,0.0,0.0,0.0,0.0,0.0,0.0,0.0,0.0,-0.2368144154587947,-0.3117780824172594,-0.2793052412439976,-0.082385897706037,-0.2494937901255431,-0.321664557897566,True,-0.26932425449396796
2023-02-24 00:00:00+00:00,1.0,1.0,1.0,10.0,0.0,0.0,0.0,1.0,0.2330271670460012,0.6537725428661474,1.3434351273058398,-0.0654013710349713,-0.2494937901255431,3.848472299029357,True,1.277335225316605
2023-02-25 00:00:00+00:00,0.0,0.0,0.0,0.0,0.0,0.0,0.0,0.0,-0.2368144154587947,-0.3117780824172594,-0.2793052412439976,-0.082385897706037,-0.2494937901255431,-0.321664557897566,True,-0.26932425449396796
2023-02-26 00:00:00+00:00,0.0,0.0,0.0,0.0,0.0,0.0,0.0,0.0,-0.2368144154587947,-0.3117780824172594,-0.2793052412439976,-0.082385897706037,-0.2494937901255431,-0.321664557897566,True,-0.26932425449396796
2023-02-27 00:00:00+00:00,2.0,2.0,1.0,53.0,0.5,0.0,0.0,0.5,0.7028687495507973,1.6193231681495543,1.3434351273058398,0.007632093650611,3.717658542125021,1.7634038705658954,True,2.0613103874139047
2023-02-28 00:00:00+00:00,0.0,0.0,0.0,0.0,0.0,0.0,0.0,0.0,-0.2368144154587947,-0.3117780824172594,-0.2793052412439976,-0.082385897706037,-0.2494937901255431,-0.321664557897566,True,-0.26932425449396796
2023-03-01 00:00:00+00:00,0.0,0.0,0.0,0.0,0.0,0.0,0.0,0.0,-0.2368144154587947,-0.3117780824172594,-0.2793052412439976,-0.082385897706037,-0.2494937901255431,-0.321664557897566,True,-0.26932425449396796
2023-03-02 00:00:00+00:00,2.0,2.0,1.0,16.0,0.5,0.0,0.0,0.5,0.7028687495507973,1.6193231681495543,1.3434351273058398,-0.0552106550323319,3.717658542125021,1.7634038705658954,True,2.0613103874139047
2023-03-03 00:00:00+00:00,0.0,0.0,0.0,0.0,0.0,0.0,0.0,0.0,-0.2368144154587947,-0.3117780824172594,-0.2793052412439976,-0.082385897706037,-0.2494937901255431,-0.321664557897566,True,-0.26932425449396796
2023-03-04 00:00:00+00:00,0.0,0.0,0.0,0.0,0.0,0.0,0.0,0.0,-0.2368144154587947,-0.3117780824172594,-0.2793052412439976,-0.082385897706037,-0.2494937901255431,-0.321664557897566,True,-0.26932425449396796
2023-03-05 00:00:00+00:00,1.0,1.0,0.0,0.0,0.0,1.0,0.0,0.0,0.2330271670460012,0.6537725428661474,-0.2793052412439976,-0.082385897706037,-0.2494937901255431,-0.321664557897566,True,-0.11271039365903596
2023-03-06 00:00:00+00:00,0.0,0.0,0.0,0.0,0.0,0.0,0.0,0.0,-0.2368144154587947,-0.3117780824172594,-0.2793052412439976,-0.082385897706037,-0.2494937901255431,-0.321664557897566,True,-0.26932425449396796
2023-03-07 00:00:00+00:00,0.0,0.0,0.0,0.0,0.0,0.0,0.0,0.0,-0.2368144154587947,-0.3117780824172594,-0.2793052412439976,-0.082385897706037,-0.2494937901255431,-0.321664557897566,True,-0.26932425449396796
2023-03-08 00:00:00+00:00,0.0,0.0,0.0,0.0,0.0,0.0,0.0,0.0,-0.2368144154587947,-0.3117780824172594,-0.2793052412439976,-0.082385897706037,-0.2494937901255431,-0.321664557897566,True,-0.26932425449396796
2023-03-09 00:00:00+00:00,0.0,0.0,0.0,0.0,0.0,0.0,0.0,0.0,-0.2368144154587947,-0.3117780824172594,-0.2793052412439976,-0.082385897706037,-0.2494937901255431,-0.321664557897566,True,-0.26932425449396796
2023-03-10 00:00:00+00:00,0.0,0.0,0.0,0.0,0.0,0.0,0.0,0.0,-0.2368144154587947,-0.3117780824172594,-0.2793052412439976,-0.082385897706037,-0.2494937901255431,-0.321664557897566,True,-0.26932425449396796
2023-03-11 00:00:00+00:00,0.0,0.0,0.0,0.0,0.0,0.0,0.0,0.0,-0.2368144154587947,-0.3117780824172594,-0.2793052412439976,-0.082385897706037,-0.2494937901255431,-0.321664557897566,True,-0.26932425449396796
2023-03-12 00:00:00+00:00,0.0,0.0,0.0,0.0,0.0,0.0,0.0,0.0,-0.2368144154587947,-0.3117780824172594,-0.2793052412439976,-0.082385897706037,-0.2494937901255431,-0.321664557897566,True,-0.26932425449396796
2023-03-13 00:00:00+00:00,0.0,0.0,0.0,0.0,0.0,0.0,0.0,0.0,-0.2368144154587947,-0.3117780824172594,-0.2793052412439976,-0.082385897706037,-0.2494937901255431,-0.321664557897566,True,-0.26932425449396796
2023-03-14 00:00:00+00:00,0.0,0.0,0.0,0.0,0.0,0.0,0.0,0.0,-0.2368144154587947,-0.3117780824172594,-0.2793052412439976,-0.082385897706037,-0.2494937901255431,-0.321664557897566,True,-0.26932425449396796
2023-03-15 00:00:00+00:00,0.0,0.0,0.0,0.0,0.0,0.0,0.0,0.0,-0.2368144154587947,-0.3117780824172594,-0.2793052412439976,-0.082385897706037,-0.2494937901255431,-0.321664557897566,True,-0.26932425449396796
2023-03-16 00:00:00+00:00,0.0,0.0,0.0,0.0,0.0,0.0,0.0,0.0,-0.2368144154587947,-0.3117780824172594,-0.2793052412439976,-0.082385897706037,-0.2494937901255431,-0.321664557897566,True,-0.26932425449396796
2023-03-17 00:00:00+00:00,1.0,1.0,1.0,35.0,0.0,0.0,0.0,1.0,0.2330271670460012,0.6537725428661474,1.3434351273058398,-0.0229400543573071,-0.2494937901255431,3.848472299029357,True,1.277335225316605
2023-03-18 00:00:00+00:00,0.0,0.0,0.0,0.0,0.0,0.0,0.0,0.0,-0.2368144154587947,-0.3117780824172594,-0.2793052412439976,-0.082385897706037,-0.2494937901255431,-0.321664557897566,True,-0.26932425449396796
2023-03-19 00:00:00+00:00,0.0,0.0,0.0,0.0,0.0,0.0,0.0,0.0,-0.2368144154587947,-0.3117780824172594,-0.2793052412439976,-0.082385897706037,-0.2494937901255431,-0.321664557897566,True,-0.26932425449396796
2023-03-20 00:00:00+00:00,0.0,0.0,0.0,0.0,0.0,0.0,0.0,0.0,-0.2368144154587947,-0.3117780824172594,-0.2793052412439976,-0.082385897706037,-0.2494937901255431,-0.321664557897566,True,-0.26932425449396796
2023-03-21 00:00:00+00:00,0.0,0.0,0.0,0.0,0.0,0.0,0.0,0.0,-0.2368144154587947,-0.3117780824172594,-0.2793052412439976,-0.082385897706037,-0.2494937901255431,-0.321664557897566,True,-0.26932425449396796
2023-03-22 00:00:00+00:00,0.0,0.0,0.0,0.0,0.0,0.0,0.0,0.0,-0.2368144154587947,-0.3117780824172594,-0.2793052412439976,-0.082385897706037,-0.2494937901255431,-0.321664557897566,True,-0.26932425449396796
2023-03-23 00:00:00+00:00,0.0,0.0,0.0,0.0,0.0,0.0,0.0,0.0,-0.2368144154587947,-0.3117780824172594,-0.2793052412439976,-0.082385897706037,-0.2494937901255431,-0.321664557897566,True,-0.26932425449396796
2023-03-24 00:00:00+00:00,0.0,0.0,0.0,0.0,0.0,0.0,0.0,0.0,-0.2368144154587947,-0.3117780824172594,-0.2793052412439976,-0.082385897706037,-0.2494937901255431,-0.321664557897566,True,-0.26932425449396796
2023-03-25 00:00:00+00:00,1.0,1.0,0.0,8.0,0.0,0.0,0.0,0.0,0.2330271670460012,0.6537725428661474,-0.2793052412439976,-0.0687982763691844,-0.2494937901255431,-0.321664557897566,True,-0.11271039365903596
2023-03-26 00:00:00+00:00,3.0,3.0,1.0,402.3333333333333,0.3333333333333333,0.0,0.0,0.3333333333333333,1.1727103320555934,2.584873793432961,1.3434351273058398,0.6009582253598382,2.395274431374833,1.0683810610780748,True,1.545455274836167
2023-03-27 00:00:00+00:00,1.0,1.0,1.0,2027.0,0.0,0.0,0.0,1.0,0.2330271670460012,0.6537725428661474,1.3434351273058398,3.3603776585189733,-0.2494937901255431,3.848472299029357,True,1.277335225316605
2023-03-28 00:00:00+00:00,0.0,0.0,0.0,0.0,0.0,0.0,0.0,0.0,-0.2368144154587947,-0.3117780824172594,-0.2793052412439976,-0.082385897706037,-0.2494937901255431,-0.321664557897566,True,-0.26932425449396796
2023-03-29 00:00:00+00:00,6.0,4.0,0.0,1934.4,0.3333333333333333,0.1666666666666666,0.0,0.0,2.5822350795699816,3.5504244187163683,-0.2793052412439976,3.2031009415449057,2.395274431374833,-0.321664557897566,True,1.5519483176824165
2023-03-30 00:00:00+00:00,0.0,0.0,0.0,0.0,0.0,0.0,0.0,0.0,-0.2368144154587947,-0.3117780824172594,-0.2793052412439976,-0.082385897706037,-0.2494937901255431,-0.321664557897566,True,-0.26932425449396796
2023-03-31 00:00:00+00:00,1.0,1.0,1.0,18.0,0.0,0.0,0.0,1.0,0.2330271670460012,0.6537725428661474,1.3434351273058398,-0.0518137496981188,-0.2494937901255431,3.848472299029357,True,1.277335225316605
2023-04-01 00:00:00+00:00,0.0,0.0,0.0,0.0,0.0,0.0,0.0,0.0,-0.2368144154587947,-0.3117780824172594,-0.2793052412439976,-0.082385897706037,-0.2494937901255431,-0.321664557897566,True,-0.26932425449396796
2023-04-02 00:00:00+00:00,0.0,0.0,0.0,0.0,0.0,0.0,0.0,0.0,-0.2368144154587947,-0.3117780824172594,-0.2793052412439976,-0.082385897706037,-0.2494937901255431,-0.321664557897566,True,-0.26932425449396796
2023-04-03 00:00:00+00:00,1.0,1.0,0.0,18.0,1.0,0.0,0.0,0.0,0.2330271670460012,0.6537725428661474,-0.2793052412439976,-0.0518137496981188,7.684810874375585,-0.321664557897566,True,2.53205782784134
2023-04-04 00:00:00+00:00,0.0,0.0,0.0,0.0,0.0,0.0,0.0,0.0,-0.2368144154587947,-0.3117780824172594,-0.2793052412439976,-0.082385897706037,-0.2494937901255431,-0.321664557897566,True,-0.26932425449396796
2023-04-05 00:00:00+00:00,0.0,0.0,0.0,0.0,0.0,0.0,0.0,0.0,-0.2368144154587947,-0.3117780824172594,-0.2793052412439976,-0.082385897706037,-0.2494937901255431,-0.321664557897566,True,-0.26932425449396796
2023-04-06 00:00:00+00:00,0.0,0.0,0.0,0.0,0.0,0.0,0.0,0.0,-0.2368144154587947,-0.3117780824172594,-0.2793052412439976,-0.082385897706037,-0.2494937901255431,-0.321664557897566,True,-0.26932425449396796
2023-04-07 00:00:00+00:00,0.0,0.0,0.0,0.0,0.0,0.0,0.0,0.0,-0.2368144154587947,-0.3117780824172594,-0.2793052412439976,-0.082385897706037,-0.2494937901255431,-0.321664557897566,True,-0.26932425449396796
2023-04-08 00:00:00+00:00,0.0,0.0,0.0,0.0,0.0,0.0,0.0,0.0,-0.2368144154587947,-0.3117780824172594,-0.2793052412439976,-0.082385897706037,-0.2494937901255431,-0.321664557897566,True,-0.26932425449396796
2023-04-09 00:00:00+00:00,0.0,0.0,0.0,0.0,0.0,0.0,0.0,0.0,-0.2368144154587947,-0.3117780824172594,-0.2793052412439976,-0.082385897706037,-0.2494937901255431,-0.321664557897566,True,-0.26932425449396796
2023-04-10 00:00:00+00:00,0.0,0.0,0.0,0.0,0.0,0.0,0.0,0.0,-0.2368144154587947,-0.3117780824172594,-0.2793052412439976,-0.082385897706037,-0.2494937901255431,-0.321664557897566,True,-0.26932425449396796
2023-04-11 00:00:00+00:00,0.0,0.0,0.0,0.0,0.0,0.0,0.0,0.0,-0.2368144154587947,-0.3117780824172594,-0.2793052412439976,-0.082385897706037,-0.2494937901255431,-0.321664557897566,True,-0.26932425449396796
2023-04-12 00:00:00+00:00,0.0,0.0,0.0,0.0,0.0,0.0,0.0,0.0,-0.2368144154587947,-0.3117780824172594,-0.2793052412439976,-0.082385897706037,-0.2494937901255431,-0.321664557897566,True,-0.26932425449396796
2023-04-13 00:00:00+00:00,0.0,0.0,0.0,0.0,0.0,0.0,0.0,0.0,-0.2368144154587947,-0.3117780824172594,-0.2793052412439976,-0.082385897706037,-0.2494937901255431,-0.321664557897566,True,-0.26932425449396796
2023-04-14 00:00:00+00:00,2.0,1.0,1.0,88.0,0.0,0.0,0.0,1.0,0.7028687495507973,0.6537725428661474,1.3434351273058398,0.0670779369993408,-0.2494937901255431,3.848472299029357,True,1.433949086151537
2023-04-15 00:00:00+00:00,0.0,0.0,0.0,0.0,0.0,0.0,0.0,0.0,-0.2368144154587947,-0.3117780824172594,-0.2793052412439976,-0.082385897706037,-0.2494937901255431,-0.321664557897566,True,-0.26932425449396796
2023-04-16 00:00:00+00:00,0.0,0.0,0.0,0.0,0.0,0.0,0.0,0.0,-0.2368144154587947,-0.3117780824172594,-0.2793052412439976,-0.082385897706037,-0.2494937901255431,-0.321664557897566,True,-0.26932425449396796
2023-04-17 00:00:00+00:00,0.0,0.0,0.0,0.0,0.0,0.0,0.0,0.0,-0.2368144154587947,-0.3117780824172594,-0.2793052412439976,-0.082385897706037,-0.2494937901255431,-0.321664557897566,True,-0.26932425449396796
2023-04-18 00:00:00+00:00,0.0,0.0,0.0,0.0,0.0,0.0,0.0,0.0,-0.2368144154587947,-0.3117780824172594,-0.2793052412439976,-0.082385897706037,-0.2494937901255431,-0.321664557897566,True,-0.26932425449396796
2023-04-19 00:00:00+00:00,0.0,0.0,0.0,0.0,0.0,0.0,0.0,0.0,-0.2368144154587947,-0.3117780824172594,-0.2793052412439976,-0.082385897706037,-0.2494937901255431,-0.321664557897566,True,-0.26932425449396796
2023-04-20 00:00:00+00:00,1.0,1.0,0.0,8.0,0.0,0.0,0.0,0.0,0.2330271670460012,0.6537725428661474,-0.2793052412439976,-0.0687982763691844,-0.2494937901255431,-0.321664557897566,True,-0.11271039365903596
2023-04-21 00:00:00+00:00,0.0,0.0,0.0,0.0,0.0,0.0,0.0,0.0,-0.2368144154587947,-0.3117780824172594,-0.2793052412439976,-0.082385897706037,-0.2494937901255431,-0.321664557897566,True,-0.26932425449396796
2023-04-22 00:00:00+00:00,0.0,0.0,0.0,0.0,0.0,0.0,0.0,0.0,-0.2368144154587947,-0.3117780824172594,-0.2793052412439976,-0.082385897706037,-0.2494937901255431,-0.321664557897566,True,-0.26932425449396796
2023-04-23 00:00:00+00:00,1.0,1.0,0.0,0.0,0.0,0.0,0.0,0.0,0.2330271670460012,0.6537725428661474,-0.2793052412439976,-0.082385897706037,-0.2494937901255431,-0.321664557897566,True,-0.11271039365903596
2023-04-24 00:00:00+00:00,0.0,0.0,0.0,0.0,0.0,0.0,0.0,0.0,-0.2368144154587947,-0.3117780824172594,-0.2793052412439976,-0.082385897706037,-0.2494937901255431,-0.321664557897566,True,-0.26932425449396796
2023-04-25 00:00:00+00:00,0.0,0.0,0.0,0.0,0.0,0.0,0.0,0.0,-0.2368144154587947,-0.3117780824172594,-0.2793052412439976,-0.082385897706037,-0.2494937901255431,-0.321664557897566,True,-0.26932425449396796
2023-04-26 00:00:00+00:00,0.0,0.0,0.0,0.0,0.0,0.0,0.0,0.0,-0.2368144154587947,-0.3117780824172594,-0.2793052412439976,-0.082385897706037,-0.2494937901255431,-0.321664557897566,True,-0.26932425449396796
2023-04-27 00:00:00+00:00,0.0,0.0,0.0,0.0,0.0,0.0,0.0,0.0,-0.2368144154587947,-0.3117780824172594,-0.2793052412439976,-0.082385897706037,-0.2494937901255431,-0.321664557897566,True,-0.26932425449396796
2023-04-28 00:00:00+00:00,0.0,0.0,0.0,0.0,0.0,0.0,0.0,0.0,-0.2368144154587947,-0.3117780824172594,-0.2793052412439976,-0.082385897706037,-0.2494937901255431,-0.321664557897566,True,-0.26932425449396796
2023-04-29 00:00:00+00:00,0.0,0.0,0.0,0.0,0.0,0.0,0.0,0.0,-0.2368144154587947,-0.3117780824172594,-0.2793052412439976,-0.082385897706037,-0.2494937901255431,-0.321664557897566,True,-0.26932425449396796
2023-04-30 00:00:00+00:00,0.0,0.0,0.0,0.0,0.0,0.0,0.0,0.0,-0.2368144154587947,-0.3117780824172594,-0.2793052412439976,-0.082385897706037,-0.2494937901255431,-0.321664557897566,True,-0.26932425449396796
2023-05-01 00:00:00+00:00,2.0,1.0,0.0,2.5,0.0,0.0,0.0,0.0,0.7028687495507973,0.6537725428661474,-0.2793052412439976,-0.0781397660382705,-0.2494937901255431,-0.321664557897566,True,0.04390346717589607
2023-05-02 00:00:00+00:00,0.0,0.0,0.0,0.0,0.0,0.0,0.0,0.0,-0.2368144154587947,-0.3117780824172594,-0.2793052412439976,-0.082385897706037,-0.2494937901255431,-0.321664557897566,True,-0.26932425449396796
2023-05-03 00:00:00+00:00,0.0,0.0,0.0,0.0,0.0,0.0,0.0,0.0,-0.2368144154587947,-0.3117780824172594,-0.2793052412439976,-0.082385897706037,-0.2494937901255431,-0.321664557897566,True,-0.26932425449396796
2023-05-04 00:00:00+00:00,0.0,0.0,0.0,0.0,0.0,0.0,0.0,0.0,-0.2368144154587947,-0.3117780824172594,-0.2793052412439976,-0.082385897706037,-0.2494937901255431,-0.321664557897566,True,-0.26932425449396796
2023-05-05 00:00:00+00:00,0.0,0.0,0.0,0.0,0.0,0.0,0.0,0.0,-0.2368144154587947,-0.3117780824172594,-0.2793052412439976,-0.082385897706037,-0.2494937901255431,-0.321664557897566,True,-0.26932425449396796
2023-05-06 00:00:00+00:00,0.0,0.0,0.0,0.0,0.0,0.0,0.0,0.0,-0.2368144154587947,-0.3117780824172594,-0.2793052412439976,-0.082385897706037,-0.2494937901255431,-0.321664557897566,True,-0.26932425449396796
2023-05-07 00:00:00+00:00,0.0,0.0,0.0,0.0,0.0,0.0,0.0,0.0,-0.2368144154587947,-0.3117780824172594,-0.2793052412439976,-0.082385897706037,-0.2494937901255431,-0.321664557897566,True,-0.26932425449396796
2023-05-08 00:00:00+00:00,0.0,0.0,0.0,0.0,0.0,0.0,0.0,0.0,-0.2368144154587947,-0.3117780824172594,-0.2793052412439976,-0.082385897706037,-0.2494937901255431,-0.321664557897566,True,-0.26932425449396796
2023-05-09 00:00:00+00:00,0.0,0.0,0.0,0.0,0.0,0.0,0.0,0.0,-0.2368144154587947,-0.3117780824172594,-0.2793052412439976,-0.082385897706037,-0.2494937901255431,-0.321664557897566,True,-0.26932425449396796
2023-05-10 00:00:00+00:00,0.0,0.0,0.0,0.0,0.0,0.0,0.0,0.0,-0.2368144154587947,-0.3117780824172594,-0.2793052412439976,-0.082385897706037,-0.2494937901255431,-0.321664557897566,True,-0.26932425449396796
2023-05-11 00:00:00+00:00,0.0,0.0,0.0,0.0,0.0,0.0,0.0,0.0,-0.2368144154587947,-0.3117780824172594,-0.2793052412439976,-0.082385897706037,-0.2494937901255431,-0.321664557897566,True,-0.26932425449396796
2023-05-12 00:00:00+00:00,0.0,0.0,0.0,0.0,0.0,0.0,0.0,0.0,-0.2368144154587947,-0.3117780824172594,-0.2793052412439976,-0.082385897706037,-0.2494937901255431,-0.321664557897566,True,-0.26932425449396796
2023-05-13 00:00:00+00:00,0.0,0.0,0.0,0.0,0.0,0.0,0.0,0.0,-0.2368144154587947,-0.3117780824172594,-0.2793052412439976,-0.082385897706037,-0.2494937901255431,-0.321664557897566,True,-0.26932425449396796
2023-05-14 00:00:00+00:00,0.0,0.0,0.0,0.0,0.0,0.0,0.0,0.0,-0.2368144154587947,-0.3117780824172594,-0.2793052412439976,-0.082385897706037,-0.2494937901255431,-0.321664557897566,True,-0.26932425449396796
2023-05-15 00:00:00+00:00,3.0,3.0,2.0,5.0,0.3333333333333333,0.3333333333333333,0.0,0.6666666666666666,1.1727103320555934,2.584873793432961,2.966175495855677,-0.0738936343705041,2.395274431374833,2.458426680053716,True,2.0088038144947142
2023-05-16 00:00:00+00:00,0.0,0.0,0.0,0.0,0.0,0.0,0.0,0.0,-0.2368144154587947,-0.3117780824172594,-0.2793052412439976,-0.082385897706037,-0.2494937901255431,-0.321664557897566,True,-0.26932425449396796
2023-05-17 00:00:00+00:00,4.0,2.0,2.0,415.0,0.5,0.0,0.0,1.0,1.6425519145603893,1.6193231681495543,2.966175495855677,0.6224719591431882,3.717658542125021,3.848472299029357,True,3.069560918571589
2023-05-18 00:00:00+00:00,0.0,0.0,0.0,0.0,0.0,0.0,0.0,0.0,-0.2368144154587947,-0.3117780824172594,-0.2793052412439976,-0.082385897706037,-0.2494937901255431,-0.321664557897566,True,-0.26932425449396796
2023-05-19 00:00:00+00:00,0.0,0.0,0.0,0.0,0.0,0.0,0.0,0.0,-0.2368144154587947,-0.3117780824172594,-0.2793052412439976,-0.082385897706037,-0.2494937901255431,-0.321664557897566,True,-0.26932425449396796
2023-05-20 00:00:00+00:00,0.0,0.0,0.0,0.0,0.0,0.0,0.0,0.0,-0.2368144154587947,-0.3117780824172594,-0.2793052412439976,-0.082385897706037,-0.2494937901255431,-0.321664557897566,True,-0.26932425449396796
2023-05-21 00:00:00+00:00,0.0,0.0,0.0,0.0,0.0,0.0,0.0,0.0,-0.2368144154587947,-0.3117780824172594,-0.2793052412439976,-0.082385897706037,-0.2494937901255431,-0.321664557897566,True,-0.26932425449396796
2023-05-22 00:00:00+00:00,2.0,2.0,1.0,7.0,0.5,0.0,0.0,0.5,0.7028687495507973,1.6193231681495543,1.3434351273058398,-0.070496729036291,3.717658542125021,1.7634038705658954,True,2.0613103874139047
2023-05-23 00:00:00+00:00,3.0,2.0,1.0,11.333333333333334,0.3333333333333333,0.0,0.0,0.5,1.1727103320555934,1.6193231681495543,1.3434351273058398,-0.0631367674788292,2.395274431374833,1.7634038705658954,True,1.7771295446654405
2023-05-24 00:00:00+00:00,0.0,0.0,0.0,0.0,0.0,0.0,0.0,0.0,-0.2368144154587947,-0.3117780824172594,-0.2793052412439976,-0.082385897706037,-0.2494937901255431,-0.321664557897566,True,-0.26932425449396796
2023-05-25 00:00:00+00:00,0.0,0.0,0.0,0.0,0.0,0.0,0.0,0.0,-0.2368144154587947,-0.3117780824172594,-0.2793052412439976,-0.082385897706037,-0.2494937901255431,-0.321664557897566,True,-0.26932425449396796
2023-05-26 00:00:00+00:00,0.0,0.0,0.0,0.0,0.0,0.0,0.0,0.0,-0.2368144154587947,-0.3117780824172594,-0.2793052412439976,-0.082385897706037,-0.2494937901255431,-0.321664557897566,True,-0.26932425449396796
2023-05-27 00:00:00+00:00,0.0,0.0,0.0,0.0,0.0,0.0,0.0,0.0,-0.2368144154587947,-0.3117780824172594,-0.2793052412439976,-0.082385897706037,-0.2494937901255431,-0.321664557897566,True,-0.26932425449396796
2023-05-28 00:00:00+00:00,0.0,0.0,0.0,0.0,0.0,0.0,0.0,0.0,-0.2368144154587947,-0.3117780824172594,-0.2793052412439976,-0.082385897706037,-0.2494937901255431,-0.321664557897566,True,-0.26932425449396796
2023-05-29 00:00:00+00:00,3.0,3.0,2.0,11.333333333333334,0.6666666666666666,0.0,0.0,0.6666666666666666,1.1727103320555934,2.584873793432961,2.966175495855677,-0.0631367674788292,5.04004265287521,2.458426680053716,True,2.890393221661506
2023-05-30 00:00:00+00:00,0.0,0.0,0.0,0.0,0.0,0.0,0.0,0.0,-0.2368144154587947,-0.3117780824172594,-0.2793052412439976,-0.082385897706037,-0.2494937901255431,-0.321664557897566,True,-0.26932425449396796
2023-05-31 00:00:00+00:00,0.0,0.0,0.0,0.0,0.0,0.0,0.0,0.0,-0.2368144154587947,-0.3117780824172594,-0.2793052412439976,-0.082385897706037,-0.2494937901255431,-0.321664557897566,True,-0.26932425449396796
2023-06-01 00:00:00+00:00,0.0,0.0,0.0,0.0,0.0,0.0,0.0,0.0,-0.2368144154587947,-0.3117780824172594,-0.2793052412439976,-0.082385897706037,-0.2494937901255431,-0.321664557897566,True,-0.26932425449396796
2023-06-02 00:00:00+00:00,0.0,0.0,0.0,0.0,0.0,0.0,0.0,0.0,-0.2368144154587947,-0.3117780824172594,-0.2793052412439976,-0.082385897706037,-0.2494937901255431,-0.321664557897566,True,-0.26932425449396796
2023-06-03 00:00:00+00:00,0.0,0.0,0.0,0.0,0.0,0.0,0.0,0.0,-0.2368144154587947,-0.3117780824172594,-0.2793052412439976,-0.082385897706037,-0.2494937901255431,-0.321664557897566,True,-0.26932425449396796
2023-06-04 00:00:00+00:00,0.0,0.0,0.0,0.0,0.0,0.0,0.0,0.0,-0.2368144154587947,-0.3117780824172594,-0.2793052412439976,-0.082385897706037,-0.2494937901255431,-0.321664557897566,True,-0.26932425449396796
2023-06-05 00:00:00+00:00,0.0,0.0,0.0,0.0,0.0,0.0,0.0,0.0,-0.2368144154587947,-0.3117780824172594,-0.2793052412439976,-0.082385897706037,-0.2494937901255431,-0.321664557897566,True,-0.26932425449396796
2023-06-06 00:00:00+00:00,0.0,0.0,0.0,0.0,0.0,0.0,0.0,0.0,-0.2368144154587947,-0.3117780824172594,-0.2793052412439976,-0.082385897706037,-0.2494937901255431,-0.321664557897566,True,-0.26932425449396796
2023-06-07 00:00:00+00:00,0.0,0.0,0.0,0.0,0.0,0.0,0.0,0.0,-0.2368144154587947,-0.3117780824172594,-0.2793052412439976,-0.082385897706037,-0.2494937901255431,-0.321664557897566,True,-0.26932425449396796
2023-06-08 00:00:00+00:00,0.0,0.0,0.0,0.0,0.0,0.0,0.0,0.0,-0.2368144154587947,-0.3117780824172594,-0.2793052412439976,-0.082385897706037,-0.2494937901255431,-0.321664557897566,True,-0.26932425449396796
2023-06-09 00:00:00+00:00,0.0,0.0,0.0,0.0,0.0,0.0,0.0,0.0,-0.2368144154587947,-0.3117780824172594,-0.2793052412439976,-0.082385897706037,-0.2494937901255431,-0.321664557897566,True,-0.26932425449396796
2023-06-10 00:00:00+00:00,0.0,0.0,0.0,0.0,0.0,0.0,0.0,0.0,-0.2368144154587947,-0.3117780824172594,-0.2793052412439976,-0.082385897706037,-0.2494937901255431,-0.321664557897566,True,-0.26932425449396796
2023-06-11 00:00:00+00:00,3.0,3.0,2.0,46.333333333333336,0.3333333333333333,0.0,0.0,0.6666666666666666,1.1727103320555934,2.584873793432961,2.966175495855677,-0.0036909241300994,2.395274431374833,2.458426680053716,True,2.0088038144947142
2023-06-12 00:00:00+00:00,2.0,2.0,2.0,48.0,0.5,0.0,0.0,1.0,0.7028687495507973,1.6193231681495543,2.966175495855677,-0.0008601696849218,3.717658542125021,3.848472299029357,True,2.756333196901725
2023-06-13 00:00:00+00:00,3.0,2.0,1.0,710.6666666666666,0.3333333333333333,0.0,0.0,0.5,1.1727103320555934,1.6193231681495543,1.3434351273058398,1.1246477977176963,2.395274431374833,1.7634038705658954,True,1.7771295446654405
2023-06-14 00:00:00+00:00,0.0,0.0,0.0,0.0,0.0,0.0,0.0,0.0,-0.2368144154587947,-0.3117780824172594,-0.2793052412439976,-0.082385897706037,-0.2494937901255431,-0.321664557897566,True,-0.26932425449396796
2023-06-15 00:00:00+00:00,0.0,0.0,0.0,0.0,0.0,0.0,0.0,0.0,-0.2368144154587947,-0.3117780824172594,-0.2793052412439976,-0.082385897706037,-0.2494937901255431,-0.321664557897566,True,-0.26932425449396796
2023-06-16 00:00:00+00:00,7.0,7.0,6.0,5.0,0.2857142857142857,0.1428571428571428,0.0,0.8571428571428571,3.0520766620747777,6.447076294566589,9.457136970055029,-0.0738936343705041,2.017450399731922,3.2527384623255107,True,2.77408850804407
2023-06-17 00:00:00+00:00,0.0,0.0,0.0,0.0,0.0,0.0,0.0,0.0,-0.2368144154587947,-0.3117780824172594,-0.2793052412439976,-0.082385897706037,-0.2494937901255431,-0.321664557897566,True,-0.26932425449396796
2023-06-18 00:00:00+00:00,1.0,1.0,1.0,12.0,0.0,0.0,0.0,1.0,0.2330271670460012,0.6537725428661474,1.3434351273058398,-0.0620044657007582,-0.2494937901255431,3.848472299029357,True,1.277335225316605
2023-06-19 00:00:00+00:00,0.0,0.0,0.0,0.0,0.0,0.0,0.0,0.0,-0.2368144154587947,-0.3117780824172594,-0.2793052412439976,-0.082385897706037,-0.2494937901255431,-0.321664557897566,True,-0.26932425449396796
2023-06-20 00:00:00+00:00,0.0,0.0,0.0,0.0,0.0,0.0,0.0,0.0,-0.2368144154587947,-0.3117780824172594,-0.2793052412439976,-0.082385897706037,-0.2494937901255431,-0.321664557897566,True,-0.26932425449396796
2023-06-21 00:00:00+00:00,0.0,0.0,0.0,0.0,0.0,0.0,0.0,0.0,-0.2368144154587947,-0.3117780824172594,-0.2793052412439976,-0.082385897706037,-0.2494937901255431,-0.321664557897566,True,-0.26932425449396796
2023-06-22 00:00:00+00:00,0.0,0.0,0.0,0.0,0.0,0.0,0.0,0.0,-0.2368144154587947,-0.3117780824172594,-0.2793052412439976,-0.082385897706037,-0.2494937901255431,-0.321664557897566,True,-0.26932425449396796
2023-06-23 00:00:00+00:00,0.0,0.0,0.0,0.0,0.0,0.0,0.0,0.0,-0.2368144154587947,-0.3117780824172594,-0.2793052412439976,-0.082385897706037,-0.2494937901255431,-0.321664557897566,True,-0.26932425449396796
2023-06-24 00:00:00+00:00,0.0,0.0,0.0,0.0,0.0,0.0,0.0,0.0,-0.2368144154587947,-0.3117780824172594,-0.2793052412439976,-0.082385897706037,-0.2494937901255431,-0.321664557897566,True,-0.26932425449396796
2023-06-25 00:00:00+00:00,0.0,0.0,0.0,0.0,0.0,0.0,0.0,0.0,-0.2368144154587947,-0.3117780824172594,-0.2793052412439976,-0.082385897706037,-0.2494937901255431,-0.321664557897566,True,-0.26932425449396796
2023-06-26 00:00:00+00:00,0.0,0.0,0.0,0.0,0.0,0.0,0.0,0.0,-0.2368144154587947,-0.3117780824172594,-0.2793052412439976,-0.082385897706037,-0.2494937901255431,-0.321664557897566,True,-0.26932425449396796
2023-06-27 00:00:00+00:00,0.0,0.0,0.0,0.0,0.0,0.0,0.0,0.0,-0.2368144154587947,-0.3117780824172594,-0.2793052412439976,-0.082385897706037,-0.2494937901255431,-0.321664557897566,True,-0.26932425449396796
2023-06-28 00:00:00+00:00,0.0,0.0,0.0,0.0,0.0,0.0,0.0,0.0,-0.2368144154587947,-0.3117780824172594,-0.2793052412439976,-0.082385897706037,-0.2494937901255431,-0.321664557897566,True,-0.26932425449396796
2023-06-29 00:00:00+00:00,0.0,0.0,0.0,0.0,0.0,0.0,0.0,0.0,-0.2368144154587947,-0.3117780824172594,-0.2793052412439976,-0.082385897706037,-0.2494937901255431,-0.321664557897566,True,-0.26932425449396796
2023-06-30 00:00:00+00:00,0.0,0.0,0.0,0.0,0.0,0.0,0.0,0.0,-0.2368144154587947,-0.3117780824172594,-0.2793052412439976,-0.082385897706037,-0.2494937901255431,-0.321664557897566,True,-0.26932425449396796
2023-07-01 00:00:00+00:00,0.0,0.0,0.0,0.0,0.0,0.0,0.0,0.0,-0.2368144154587947,-0.3117780824172594,-0.2793052412439976,-0.082385897706037,-0.2494937901255431,-0.321664557897566,True,-0.26932425449396796
2023-07-02 00:00:00+00:00,1.0,1.0,0.0,0.0,0.0,0.0,0.0,0.0,0.2330271670460012,0.6537725428661474,-0.2793052412439976,-0.082385897706037,-0.2494937901255431,-0.321664557897566,True,-0.11271039365903596
2023-07-03 00:00:00+00:00,0.0,0.0,0.0,0.0,0.0,0.0,0.0,0.0,-0.2368144154587947,-0.3117780824172594,-0.2793052412439976,-0.082385897706037,-0.2494937901255431,-0.321664557897566,True,-0.26932425449396796
2023-07-04 00:00:00+00:00,0.0,0.0,0.0,0.0,0.0,0.0,0.0,0.0,-0.2368144154587947,-0.3117780824172594,-0.2793052412439976,-0.082385897706037,-0.2494937901255431,-0.321664557897566,True,-0.26932425449396796
2023-07-05 00:00:00+00:00,0.0,0.0,0.0,0.0,0.0,0.0,0.0,0.0,-0.2368144154587947,-0.3117780824172594,-0.2793052412439976,-0.082385897706037,-0.2494937901255431,-0.321664557897566,True,-0.26932425449396796
2023-07-06 00:00:00+00:00,0.0,0.0,0.0,0.0,0.0,0.0,0.0,0.0,-0.2368144154587947,-0.3117780824172594,-0.2793052412439976,-0.082385897706037,-0.2494937901255431,-0.321664557897566,True,-0.26932425449396796
2023-07-07 00:00:00+00:00,3.0,1.0,1.0,232.0,0.0,0.0,0.0,1.0,1.1727103320555934,0.6537725428661474,1.3434351273058398,0.3116551210626864,-0.2494937901255431,3.848472299029357,True,1.590562946986469
2023-07-08 00:00:00+00:00,0.0,0.0,0.0,0.0,0.0,0.0,0.0,0.0,-0.2368144154587947,-0.3117780824172594,-0.2793052412439976,-0.082385897706037,-0.2494937901255431,-0.321664557897566,True,-0.26932425449396796
2023-07-09 00:00:00+00:00,0.0,0.0,0.0,0.0,0.0,0.0,0.0,0.0,-0.2368144154587947,-0.3117780824172594,-0.2793052412439976,-0.082385897706037,-0.2494937901255431,-0.321664557897566,True,-0.26932425449396796
2023-07-10 00:00:00+00:00,2.0,1.0,1.0,398.0,0.0,0.0,0.0,1.0,0.7028687495507973,0.6537725428661474,1.3434351273058398,0.5935982638023766,-0.2494937901255431,3.848472299029357,True,1.433949086151537
2023-07-11 00:00:00+00:00,1.0,1.0,1.0,796.0,1.0,0.0,0.0,1.0,0.2330271670460012,0.6537725428661474,1.3434351273058398,1.26958242531079,7.684810874375585,3.848472299029357,True,3.922103446816981
2023-07-12 00:00:00+00:00,0.0,0.0,0.0,0.0,0.0,0.0,0.0,0.0,-0.2368144154587947,-0.3117780824172594,-0.2793052412439976,-0.082385897706037,-0.2494937901255431,-0.321664557897566,True,-0.26932425449396796
2023-07-13 00:00:00+00:00,0.0,0.0,0.0,0.0,0.0,0.0,0.0,0.0,-0.2368144154587947,-0.3117780824172594,-0.2793052412439976,-0.082385897706037,-0.2494937901255431,-0.321664557897566,True,-0.26932425449396796
2023-07-14 00:00:00+00:00,0.0,0.0,0.0,0.0,0.0,0.0,0.0,0.0,-0.2368144154587947,-0.3117780824172594,-0.2793052412439976,-0.082385897706037,-0.2494937901255431,-0.321664557897566,True,-0.26932425449396796
2023-07-15 00:00:00+00:00,0.0,0.0,0.0,0.0,0.0,0.0,0.0,0.0,-0.2368144154587947,-0.3117780824172594,-0.2793052412439976,-0.082385897706037,-0.2494937901255431,-0.321664557897566,True,-0.26932425449396796
2023-07-16 00:00:00+00:00,0.0,0.0,0.0,0.0,0.0,0.0,0.0,0.0,-0.2368144154587947,-0.3117780824172594,-0.2793052412439976,-0.082385897706037,-0.2494937901255431,-0.321664557897566,True,-0.26932425449396796
2023-07-17 00:00:00+00:00,0.0,0.0,0.0,0.0,0.0,0.0,0.0,0.0,-0.2368144154587947,-0.3117780824172594,-0.2793052412439976,-0.082385897706037,-0.2494937901255431,-0.321664557897566,True,-0.26932425449396796
2023-07-18 00:00:00+00:00,0.0,0.0,0.0,0.0,0.0,0.0,0.0,0.0,-0.2368144154587947,-0.3117780824172594,-0.2793052412439976,-0.082385897706037,-0.2494937901255431,-0.321664557897566,True,-0.26932425449396796
2023-07-19 00:00:00+00:00,1.0,1.0,1.0,0.0,0.0,0.0,0.0,1.0,0.2330271670460012,0.6537725428661474,1.3434351273058398,-0.082385897706037,-0.2494937901255431,3.848472299029357,True,1.277335225316605
2023-07-20 00:00:00+00:00,0.0,0.0,0.0,0.0,0.0,0.0,0.0,0.0,-0.2368144154587947,-0.3117780824172594,-0.2793052412439976,-0.082385897706037,-0.2494937901255431,-0.321664557897566,True,-0.26932425449396796
2023-07-21 00:00:00+00:00,0.0,0.0,0.0,0.0,0.0,0.0,0.0,0.0,-0.2368144154587947,-0.3117780824172594,-0.2793052412439976,-0.082385897706037,-0.2494937901255431,-0.321664557897566,True,-0.26932425449396796
2023-07-22 00:00:00+00:00,0.0,0.0,0.0,0.0,0.0,0.0,0.0,0.0,-0.2368144154587947,-0.3117780824172594,-0.2793052412439976,-0.082385897706037,-0.2494937901255431,-0.321664557897566,True,-0.26932425449396796
2023-07-23 00:00:00+00:00,0.0,0.0,0.0,0.0,0.0,0.0,0.0,0.0,-0.2368144154587947,-0.3117780824172594,-0.2793052412439976,-0.082385897706037,-0.2494937901255431,-0.321664557897566,True,-0.26932425449396796
2023-07-24 00:00:00+00:00,0.0,0.0,0.0,0.0,0.0,0.0,0.0,0.0,-0.2368144154587947,-0.3117780824172594,-0.2793052412439976,-0.082385897706037,-0.2494937901255431,-0.321664557897566,True,-0.26932425449396796
2023-07-25 00:00:00+00:00,0.0,0.0,0.0,0.0,0.0,0.0,0.0,0.0,-0.2368144154587947,-0.3117780824172594,-0.2793052412439976,-0.082385897706037,-0.2494937901255431,-0.321664557897566,True,-0.26932425449396796
2023-07-26 00:00:00+00:00,0.0,0.0,0.0,0.0,0.0,0.0,0.0,0.0,-0.2368144154587947,-0.3117780824172594,-0.2793052412439976,-0.082385897706037,-0.2494937901255431,-0.321664557897566,True,-0.26932425449396796
2023-07-27 00:00:00+00:00,2.0,2.0,1.0,14.0,0.5,0.0,0.0,0.5,0.7028687495507973,1.6193231681495543,1.3434351273058398,-0.058607560366545,3.717658542125021,1.7634038705658954,True,2.0613103874139047
2023-07-28 00:00:00+00:00,1.0,1.0,0.0,19.0,0.0,0.0,0.0,0.0,0.2330271670460012,0.6537725428661474,-0.2793052412439976,-0.0501152970310122,-0.2494937901255431,-0.321664557897566,True,-0.11271039365903596
2023-07-29 00:00:00+00:00,0.0,0.0,0.0,0.0,0.0,0.0,0.0,0.0,-0.2368144154587947,-0.3117780824172594,-0.2793052412439976,-0.082385897706037,-0.2494937901255431,-0.321664557897566,True,-0.26932425449396796
2023-07-30 00:00:00+00:00,0.0,0.0,0.0,0.0,0.0,0.0,0.0,0.0,-0.2368144154587947,-0.3117780824172594,-0.2793052412439976,-0.082385897706037,-0.2494937901255431,-0.321664557897566,True,-0.26932425449396796
2023-07-31 00:00:00+00:00,0.0,0.0,0.0,0.0,0.0,0.0,0.0,0.0,-0.2368144154587947,-0.3117780824172594,-0.2793052412439976,-0.082385897706037,-0.2494937901255431,-0.321664557897566,True,-0.26932425449396796
2023-08-01 00:00:00+00:00,3.0,3.0,2.0,579.6666666666666,0.3333333333333333,0.0,0.0,0.6666666666666666,1.1727103320555934,2.584873793432961,2.966175495855677,0.902150498326736,2.395274431374833,2.458426680053716,True,2.0088038144947142
2023-08-02 00:00:00+00:00,0.0,0.0,0.0,0.0,0.0,0.0,0.0,0.0,-0.2368144154587947,-0.3117780824172594,-0.2793052412439976,-0.082385897706037,-0.2494937901255431,-0.321664557897566,True,-0.26932425449396796
2023-08-03 00:00:00+00:00,0.0,0.0,0.0,0.0,0.0,0.0,0.0,0.0,-0.2368144154587947,-0.3117780824172594,-0.2793052412439976,-0.082385897706037,-0.2494937901255431,-0.321664557897566,True,-0.26932425449396796
2023-08-04 00:00:00+00:00,0.0,0.0,0.0,0.0,0.0,0.0,0.0,0.0,-0.2368144154587947,-0.3117780824172594,-0.2793052412439976,-0.082385897706037,-0.2494937901255431,-0.321664557897566,True,-0.26932425449396796
2023-08-05 00:00:00+00:00,0.0,0.0,0.0,0.0,0.0,0.0,0.0,0.0,-0.2368144154587947,-0.3117780824172594,-0.2793052412439976,-0.082385897706037,-0.2494937901255431,-0.321664557897566,True,-0.26932425449396796
2023-08-06 00:00:00+00:00,0.0,0.0,0.0,0.0,0.0,0.0,0.0,0.0,-0.2368144154587947,-0.3117780824172594,-0.2793052412439976,-0.082385897706037,-0.2494937901255431,-0.321664557897566,True,-0.26932425449396796
2023-08-07 00:00:00+00:00,1.0,1.0,0.0,8.0,0.0,0.0,0.0,0.0,0.2330271670460012,0.6537725428661474,-0.2793052412439976,-0.0687982763691844,-0.2494937901255431,-0.321664557897566,True,-0.11271039365903596
2023-08-08 00:00:00+00:00,0.0,0.0,0.0,0.0,0.0,0.0,0.0,0.0,-0.2368144154587947,-0.3117780824172594,-0.2793052412439976,-0.082385897706037,-0.2494937901255431,-0.321664557897566,True,-0.26932425449396796
2023-08-09 00:00:00+00:00,5.0,3.0,1.0,12.0,0.4,0.0,0.0,0.3333333333333333,2.1123934970651854,2.584873793432961,1.3434351273058398,-0.0620044657007582,2.9242280756749084,1.0683810610780748,True,2.0350008779393893
2023-08-10 00:00:00+00:00,0.0,0.0,0.0,0.0,0.0,0.0,0.0,0.0,-0.2368144154587947,-0.3117780824172594,-0.2793052412439976,-0.082385897706037,-0.2494937901255431,-0.321664557897566,True,-0.26932425449396796
2023-08-11 00:00:00+00:00,0.0,0.0,0.0,0.0,0.0,0.0,0.0,0.0,-0.2368144154587947,-0.3117780824172594,-0.2793052412439976,-0.082385897706037,-0.2494937901255431,-0.321664557897566,True,-0.26932425449396796
2023-08-12 00:00:00+00:00,0.0,0.0,0.0,0.0,0.0,0.0,0.0,0.0,-0.2368144154587947,-0.3117780824172594,-0.2793052412439976,-0.082385897706037,-0.2494937901255431,-0.321664557897566,True,-0.26932425449396796
2023-08-13 00:00:00+00:00,0.0,0.0,0.0,0.0,0.0,0.0,0.0,0.0,-0.2368144154587947,-0.3117780824172594,-0.2793052412439976,-0.082385897706037,-0.2494937901255431,-0.321664557897566,True,-0.26932425449396796
2023-08-14 00:00:00+00:00,0.0,0.0,0.0,0.0,0.0,0.0,0.0,0.0,-0.2368144154587947,-0.3117780824172594,-0.2793052412439976,-0.082385897706037,-0.2494937901255431,-0.321664557897566,True,-0.26932425449396796
2023-08-15 00:00:00+00:00,0.0,0.0,0.0,0.0,0.0,0.0,0.0,0.0,-0.2368144154587947,-0.3117780824172594,-0.2793052412439976,-0.082385897706037,-0.2494937901255431,-0.321664557897566,True,-0.26932425449396796
2023-08-16 00:00:00+00:00,0.0,0.0,0.0,0.0,0.0,0.0,0.0,0.0,-0.2368144154587947,-0.3117780824172594,-0.2793052412439976,-0.082385897706037,-0.2494937901255431,-0.321664557897566,True,-0.26932425449396796
2023-08-17 00:00:00+00:00,0.0,0.0,0.0,0.0,0.0,0.0,0.0,0.0,-0.2368144154587947,-0.3117780824172594,-0.2793052412439976,-0.082385897706037,-0.2494937901255431,-0.321664557897566,True,-0.26932425449396796
2023-08-18 00:00:00+00:00,0.0,0.0,0.0,0.0,0.0,0.0,0.0,0.0,-0.2368144154587947,-0.3117780824172594,-0.2793052412439976,-0.082385897706037,-0.2494937901255431,-0.321664557897566,True,-0.26932425449396796
2023-08-19 00:00:00+00:00,2.0,2.0,1.0,834.0,0.0,0.5,0.0,0.5,0.7028687495507973,1.6193231681495543,1.3434351273058398,1.3341236266608396,-0.2494937901255431,1.7634038705658954,True,0.7389262766637166
2023-08-20 00:00:00+00:00,3.0,2.0,1.0,30.666666666666668,0.3333333333333333,0.0,0.0,0.5,1.1727103320555934,1.6193231681495543,1.3434351273058398,-0.0303000159147689,2.395274431374833,1.7634038705658954,True,1.7771295446654405
2023-08-21 00:00:00+00:00,0.0,0.0,0.0,0.0,0.0,0.0,0.0,0.0,-0.2368144154587947,-0.3117780824172594,-0.2793052412439976,-0.082385897706037,-0.2494937901255431,-0.321664557897566,True,-0.26932425449396796
2023-08-22 00:00:00+00:00,0.0,0.0,0.0,0.0,0.0,0.0,0.0,0.0,-0.2368144154587947,-0.3117780824172594,-0.2793052412439976,-0.082385897706037,-0.2494937901255431,-0.321664557897566,True,-0.26932425449396796
2023-08-23 00:00:00+00:00,3.0,3.0,2.0,5.333333333333333,0.3333333333333333,0.0,0.0,0.6666666666666666,1.1727103320555934,2.584873793432961,2.966175495855677,-0.0733274834814686,2.395274431374833,2.458426680053716,True,2.0088038144947142
2023-08-24 00:00:00+00:00,0.0,0.0,0.0,0.0,0.0,0.0,0.0,0.0,-0.2368144154587947,-0.3117780824172594,-0.2793052412439976,-0.082385897706037,-0.2494937901255431,-0.321664557897566,True,-0.26932425449396796
2023-08-25 00:00:00+00:00,0.0,0.0,0.0,0.0,0.0,0.0,0.0,0.0,-0.2368144154587947,-0.3117780824172594,-0.2793052412439976,-0.082385897706037,-0.2494937901255431,-0.321664557897566,True,-0.26932425449396796
2023-08-26 00:00:00+00:00,0.0,0.0,0.0,0.0,0.0,0.0,0.0,0.0,-0.2368144154587947,-0.3117780824172594,-0.2793052412439976,-0.082385897706037,-0.2494937901255431,-0.321664557897566,True,-0.26932425449396796
2023-08-27 00:00:00+00:00,0.0,0.0,0.0,0.0,0.0,0.0,0.0,0.0,-0.2368144154587947,-0.3117780824172594,-0.2793052412439976,-0.082385897706037,-0.2494937901255431,-0.321664557897566,True,-0.26932425449396796
2023-08-28 00:00:00+00:00,0.0,0.0,0.0,0.0,0.0,0.0,0.0,0.0,-0.2368144154587947,-0.3117780824172594,-0.2793052412439976,-0.082385897706037,-0.2494937901255431,-0.321664557897566,True,-0.26932425449396796
2023-08-29 00:00:00+00:00,0.0,0.0,0.0,0.0,0.0,0.0,0.0,0.0,-0.2368144154587947,-0.3117780824172594,-0.2793052412439976,-0.082385897706037,-0.2494937901255431,-0.321664557897566,True,-0.26932425449396796
2023-08-30 00:00:00+00:00,0.0,0.0,0.0,0.0,0.0,0.0,0.0,0.0,-0.2368144154587947,-0.3117780824172594,-0.2793052412439976,-0.082385897706037,-0.2494937901255431,-0.321664557897566,True,-0.26932425449396796
2023-08-31 00:00:00+00:00,1.0,1.0,1.0,12.0,0.0,0.0,0.0,1.0,0.2330271670460012,0.6537725428661474,1.3434351273058398,-0.0620044657007582,-0.2494937901255431,3.848472299029357,True,1.277335225316605
2023-09-01 00:00:00+00:00,0.0,0.0,0.0,0.0,0.0,0.0,0.0,0.0,-0.2368144154587947,-0.3117780824172594,-0.2793052412439976,-0.082385897706037,-0.2494937901255431,-0.321664557897566,True,-0.26932425449396796
2023-09-02 00:00:00+00:00,0.0,0.0,0.0,0.0,0.0,0.0,0.0,0.0,-0.2368144154587947,-0.3117780824172594,-0.2793052412439976,-0.082385897706037,-0.2494937901255431,-0.321664557897566,True,-0.26932425449396796
2023-09-03 00:00:00+00:00,0.0,0.0,0.0,0.0,0.0,0.0,0.0,0.0,-0.2368144154587947,-0.3117780824172594,-0.2793052412439976,-0.082385897706037,-0.2494937901255431,-0.321664557897566,True,-0.26932425449396796
2023-09-04 00:00:00+00:00,0.0,0.0,0.0,0.0,0.0,0.0,0.0,0.0,-0.2368144154587947,-0.3117780824172594,-0.2793052412439976,-0.082385897706037,-0.2494937901255431,-0.321664557897566,True,-0.26932425449396796
2023-09-05 00:00:00+00:00,0.0,0.0,0.0,0.0,0.0,0.0,0.0,0.0,-0.2368144154587947,-0.3117780824172594,-0.2793052412439976,-0.082385897706037,-0.2494937901255431,-0.321664557897566,True,-0.26932425449396796
2023-09-06 00:00:00+00:00,0.0,0.0,0.0,0.0,0.0,0.0,0.0,0.0,-0.2368144154587947,-0.3117780824172594,-0.2793052412439976,-0.082385897706037,-0.2494937901255431,-0.321664557897566,True,-0.26932425449396796
2023-09-07 00:00:00+00:00,0.0,0.0,0.0,0.0,0.0,0.0,0.0,0.0,-0.2368144154587947,-0.3117780824172594,-0.2793052412439976,-0.082385897706037,-0.2494937901255431,-0.321664557897566,True,-0.26932425449396796
2023-09-08 00:00:00+00:00,0.0,0.0,0.0,0.0,0.0,0.0,0.0,0.0,-0.2368144154587947,-0.3117780824172594,-0.2793052412439976,-0.082385897706037,-0.2494937901255431,-0.321664557897566,True,-0.26932425449396796
2023-09-09 00:00:00+00:00,0.0,0.0,0.0,0.0,0.0,0.0,0.0,0.0,-0.2368144154587947,-0.3117780824172594,-0.2793052412439976,-0.082385897706037,-0.2494937901255431,-0.321664557897566,True,-0.26932425449396796
2023-09-10 00:00:00+00:00,0.0,0.0,0.0,0.0,0.0,0.0,0.0,0.0,-0.2368144154587947,-0.3117780824172594,-0.2793052412439976,-0.082385897706037,-0.2494937901255431,-0.321664557897566,True,-0.26932425449396796
2023-09-11 00:00:00+00:00,0.0,0.0,0.0,0.0,0.0,0.0,0.0,0.0,-0.2368144154587947,-0.3117780824172594,-0.2793052412439976,-0.082385897706037,-0.2494937901255431,-0.321664557897566,True,-0.26932425449396796
2023-09-12 00:00:00+00:00,5.0,4.0,2.0,25.6,0.6,0.0,0.0,0.5,2.1123934970651854,3.5504244187163683,2.966175495855677,-0.0389055094281088,4.511089008575135,1.7634038705658954,True,2.795628792068739
2023-09-13 00:00:00+00:00,0.0,0.0,0.0,0.0,0.0,0.0,0.0,0.0,-0.2368144154587947,-0.3117780824172594,-0.2793052412439976,-0.082385897706037,-0.2494937901255431,-0.321664557897566,True,-0.26932425449396796
2023-09-14 00:00:00+00:00,0.0,0.0,0.0,0.0,0.0,0.0,0.0,0.0,-0.2368144154587947,-0.3117780824172594,-0.2793052412439976,-0.082385897706037,-0.2494937901255431,-0.321664557897566,True,-0.26932425449396796
2023-09-15 00:00:00+00:00,0.0,0.0,0.0,0.0,0.0,0.0,0.0,0.0,-0.2368144154587947,-0.3117780824172594,-0.2793052412439976,-0.082385897706037,-0.2494937901255431,-0.321664557897566,True,-0.26932425449396796
2023-09-16 00:00:00+00:00,0.0,0.0,0.0,0.0,0.0,0.0,0.0,0.0,-0.2368144154587947,-0.3117780824172594,-0.2793052412439976,-0.082385897706037,-0.2494937901255431,-0.321664557897566,True,-0.26932425449396796
2023-09-17 00:00:00+00:00,0.0,0.0,0.0,0.0,0.0,0.0,0.0,0.0,-0.2368144154587947,-0.3117780824172594,-0.2793052412439976,-0.082385897706037,-0.2494937901255431,-0.321664557897566,True,-0.26932425449396796
2023-09-18 00:00:00+00:00,1.0,1.0,1.0,99.0,0.0,0.0,0.0,1.0,0.2330271670460012,0.6537725428661474,1.3434351273058398,0.0857609163375131,-0.2494937901255431,3.848472299029357,True,1.277335225316605
2023-09-19 00:00:00+00:00,0.0,0.0,0.0,0.0,0.0,0.0,0.0,0.0,-0.2368144154587947,-0.3117780824172594,-0.2793052412439976,-0.082385897706037,-0.2494937901255431,-0.321664557897566,True,-0.26932425449396796
2023-09-20 00:00:00+00:00,0.0,0.0,0.0,0.0,0.0,0.0,0.0,0.0,-0.2368144154587947,-0.3117780824172594,-0.2793052412439976,-0.082385897706037,-0.2494937901255431,-0.321664557897566,True,-0.26932425449396796
2023-09-21 00:00:00+00:00,0.0,0.0,0.0,0.0,0.0,0.0,0.0,0.0,-0.2368144154587947,-0.3117780824172594,-0.2793052412439976,-0.082385897706037,-0.2494937901255431,-0.321664557897566,True,-0.26932425449396796
2023-09-22 00:00:00+00:00,0.0,0.0,0.0,0.0,0.0,0.0,0.0,0.0,-0.2368144154587947,-0.3117780824172594,-0.2793052412439976,-0.082385897706037,-0.2494937901255431,-0.321664557897566,True,-0.26932425449396796
2023-09-23 00:00:00+00:00,0.0,0.0,0.0,0.0,0.0,0.0,0.0,0.0,-0.2368144154587947,-0.3117780824172594,-0.2793052412439976,-0.082385897706037,-0.2494937901255431,-0.321664557897566,True,-0.26932425449396796
2023-09-24 00:00:00+00:00,0.0,0.0,0.0,0.0,0.0,0.0,0.0,0.0,-0.2368144154587947,-0.3117780824172594,-0.2793052412439976,-0.082385897706037,-0.2494937901255431,-0.321664557897566,True,-0.26932425449396796
2023-09-25 00:00:00+00:00,0.0,0.0,0.0,0.0,0.0,0.0,0.0,0.0,-0.2368144154587947,-0.3117780824172594,-0.2793052412439976,-0.082385897706037,-0.2494937901255431,-0.321664557897566,True,-0.26932425449396796
2023-09-26 00:00:00+00:00,0.0,0.0,0.0,0.0,0.0,0.0,0.0,0.0,-0.2368144154587947,-0.3117780824172594,-0.2793052412439976,-0.082385897706037,-0.2494937901255431,-0.321664557897566,True,-0.26932425449396796
2023-09-27 00:00:00+00:00,0.0,0.0,0.0,0.0,0.0,0.0,0.0,0.0,-0.2368144154587947,-0.3117780824172594,-0.2793052412439976,-0.082385897706037,-0.2494937901255431,-0.321664557897566,True,-0.26932425449396796
2023-09-28 00:00:00+00:00,0.0,0.0,0.0,0.0,0.0,0.0,0.0,0.0,-0.2368144154587947,-0.3117780824172594,-0.2793052412439976,-0.082385897706037,-0.2494937901255431,-0.321664557897566,True,-0.26932425449396796
2023-09-29 00:00:00+00:00,0.0,0.0,0.0,0.0,0.0,0.0,0.0,0.0,-0.2368144154587947,-0.3117780824172594,-0.2793052412439976,-0.082385897706037,-0.2494937901255431,-0.321664557897566,True,-0.26932425449396796
2023-09-30 00:00:00+00:00,0.0,0.0,0.0,0.0,0.0,0.0,0.0,0.0,-0.2368144154587947,-0.3117780824172594,-0.2793052412439976,-0.082385897706037,-0.2494937901255431,-0.321664557897566,True,-0.26932425449396796
2023-10-01 00:00:00+00:00,0.0,0.0,0.0,0.0,0.0,0.0,0.0,0.0,-0.2368144154587947,-0.3117780824172594,-0.2793052412439976,-0.082385897706037,-0.2494937901255431,-0.321664557897566,True,-0.26932425449396796
2023-10-02 00:00:00+00:00,0.0,0.0,0.0,0.0,0.0,0.0,0.0,0.0,-0.2368144154587947,-0.3117780824172594,-0.2793052412439976,-0.082385897706037,-0.2494937901255431,-0.321664557897566,True,-0.26932425449396796
2023-10-03 00:00:00+00:00,0.0,0.0,0.0,0.0,0.0,0.0,0.0,0.0,-0.2368144154587947,-0.3117780824172594,-0.2793052412439976,-0.082385897706037,-0.2494937901255431,-0.321664557897566,True,-0.26932425449396796
2023-10-04 00:00:00+00:00,0.0,0.0,0.0,0.0,0.0,0.0,0.0,0.0,-0.2368144154587947,-0.3117780824172594,-0.2793052412439976,-0.082385897706037,-0.2494937901255431,-0.321664557897566,True,-0.26932425449396796
2023-10-05 00:00:00+00:00,0.0,0.0,0.0,0.0,0.0,0.0,0.0,0.0,-0.2368144154587947,-0.3117780824172594,-0.2793052412439976,-0.082385897706037,-0.2494937901255431,-0.321664557897566,True,-0.26932425449396796
2023-10-06 00:00:00+00:00,0.0,0.0,0.0,0.0,0.0,0.0,0.0,0.0,-0.2368144154587947,-0.3117780824172594,-0.2793052412439976,-0.082385897706037,-0.2494937901255431,-0.321664557897566,True,-0.26932425449396796
2023-10-07 00:00:00+00:00,0.0,0.0,0.0,0.0,0.0,0.0,0.0,0.0,-0.2368144154587947,-0.3117780824172594,-0.2793052412439976,-0.082385897706037,-0.2494937901255431,-0.321664557897566,True,-0.26932425449396796
2023-10-08 00:00:00+00:00,0.0,0.0,0.0,0.0,0.0,0.0,0.0,0.0,-0.2368144154587947,-0.3117780824172594,-0.2793052412439976,-0.082385897706037,-0.2494937901255431,-0.321664557897566,True,-0.26932425449396796
2023-10-09 00:00:00+00:00,0.0,0.0,0.0,0.0,0.0,0.0,0.0,0.0,-0.2368144154587947,-0.3117780824172594,-0.2793052412439976,-0.082385897706037,-0.2494937901255431,-0.321664557897566,True,-0.26932425449396796
2023-10-10 00:00:00+00:00,0.0,0.0,0.0,0.0,0.0,0.0,0.0,0.0,-0.2368144154587947,-0.3117780824172594,-0.2793052412439976,-0.082385897706037,-0.2494937901255431,-0.321664557897566,True,-0.26932425449396796
2023-10-11 00:00:00+00:00,0.0,0.0,0.0,0.0,0.0,0.0,0.0,0.0,-0.2368144154587947,-0.3117780824172594,-0.2793052412439976,-0.082385897706037,-0.2494937901255431,-0.321664557897566,True,-0.26932425449396796
2023-10-12 00:00:00+00:00,0.0,0.0,0.0,0.0,0.0,0.0,0.0,0.0,-0.2368144154587947,-0.3117780824172594,-0.2793052412439976,-0.082385897706037,-0.2494937901255431,-0.321664557897566,True,-0.26932425449396796
2023-10-13 00:00:00+00:00,0.0,0.0,0.0,0.0,0.0,0.0,0.0,0.0,-0.2368144154587947,-0.3117780824172594,-0.2793052412439976,-0.082385897706037,-0.2494937901255431,-0.321664557897566,True,-0.26932425449396796
2023-10-14 00:00:00+00:00,0.0,0.0,0.0,0.0,0.0,0.0,0.0,0.0,-0.2368144154587947,-0.3117780824172594,-0.2793052412439976,-0.082385897706037,-0.2494937901255431,-0.321664557897566,True,-0.26932425449396796
2023-10-15 00:00:00+00:00,0.0,0.0,0.0,0.0,0.0,0.0,0.0,0.0,-0.2368144154587947,-0.3117780824172594,-0.2793052412439976,-0.082385897706037,-0.2494937901255431,-0.321664557897566,True,-0.26932425449396796
2023-10-16 00:00:00+00:00,0.0,0.0,0.0,0.0,0.0,0.0,0.0,0.0,-0.2368144154587947,-0.3117780824172594,-0.2793052412439976,-0.082385897706037,-0.2494937901255431,-0.321664557897566,True,-0.26932425449396796
2023-10-17 00:00:00+00:00,0.0,0.0,0.0,0.0,0.0,0.0,0.0,0.0,-0.2368144154587947,-0.3117780824172594,-0.2793052412439976,-0.082385897706037,-0.2494937901255431,-0.321664557897566,True,-0.26932425449396796
2023-10-18 00:00:00+00:00,0.0,0.0,0.0,0.0,0.0,0.0,0.0,0.0,-0.2368144154587947,-0.3117780824172594,-0.2793052412439976,-0.082385897706037,-0.2494937901255431,-0.321664557897566,True,-0.26932425449396796
2023-10-19 00:00:00+00:00,0.0,0.0,0.0,0.0,0.0,0.0,0.0,0.0,-0.2368144154587947,-0.3117780824172594,-0.2793052412439976,-0.082385897706037,-0.2494937901255431,-0.321664557897566,True,-0.26932425449396796
2023-10-20 00:00:00+00:00,0.0,0.0,0.0,0.0,0.0,0.0,0.0,0.0,-0.2368144154587947,-0.3117780824172594,-0.2793052412439976,-0.082385897706037,-0.2494937901255431,-0.321664557897566,True,-0.26932425449396796
2023-10-21 00:00:00+00:00,4.0,1.0,1.0,316.75,0.0,0.0,0.0,1.0,1.6425519145603893,0.6537725428661474,1.3434351273058398,0.455598984599968,-0.2494937901255431,3.848472299029357,True,1.7471768078214012
2023-10-22 00:00:00+00:00,0.0,0.0,0.0,0.0,0.0,0.0,0.0,0.0,-0.2368144154587947,-0.3117780824172594,-0.2793052412439976,-0.082385897706037,-0.2494937901255431,-0.321664557897566,True,-0.26932425449396796
2023-10-23 00:00:00+00:00,4.0,2.0,0.0,478.75,0.0,0.0,0.0,0.0,1.6425519145603893,1.6193231681495543,-0.2793052412439976,0.7307483166712317,-0.2494937901255431,-0.321664557897566,True,0.35713118884576006
2023-10-24 00:00:00+00:00,0.0,0.0,0.0,0.0,0.0,0.0,0.0,0.0,-0.2368144154587947,-0.3117780824172594,-0.2793052412439976,-0.082385897706037,-0.2494937901255431,-0.321664557897566,True,-0.26932425449396796
2023-10-25 00:00:00+00:00,0.0,0.0,0.0,0.0,0.0,0.0,0.0,0.0,-0.2368144154587947,-0.3117780824172594,-0.2793052412439976,-0.082385897706037,-0.2494937901255431,-0.321664557897566,True,-0.26932425449396796
2023-10-26 00:00:00+00:00,0.0,0.0,0.0,0.0,0.0,0.0,0.0,0.0,-0.2368144154587947,-0.3117780824172594,-0.2793052412439976,-0.082385897706037,-0.2494937901255431,-0.321664557897566,True,-0.26932425449396796
2023-10-27 00:00:00+00:00,0.0,0.0,0.0,0.0,0.0,0.0,0.0,0.0,-0.2368144154587947,-0.3117780824172594,-0.2793052412439976,-0.082385897706037,-0.2494937901255431,-0.321664557897566,True,-0.26932425449396796
2023-10-28 00:00:00+00:00,0.0,0.0,0.0,0.0,0.0,0.0,0.0,0.0,-0.2368144154587947,-0.3117780824172594,-0.2793052412439976,-0.082385897706037,-0.2494937901255431,-0.321664557897566,True,-0.26932425449396796
2023-10-29 00:00:00+00:00,0.0,0.0,0.0,0.0,0.0,0.0,0.0,0.0,-0.2368144154587947,-0.3117780824172594,-0.2793052412439976,-0.082385897706037,-0.2494937901255431,-0.321664557897566,True,-0.26932425449396796
2023-10-30 00:00:00+00:00,0.0,0.0,0.0,0.0,0.0,0.0,0.0,0.0,-0.2368144154587947,-0.3117780824172594,-0.2793052412439976,-0.082385897706037,-0.2494937901255431,-0.321664557897566,True,-0.26932425449396796
2023-10-31 00:00:00+00:00,0.0,0.0,0.0,0.0,0.0,0.0,0.0,0.0,-0.2368144154587947,-0.3117780824172594,-0.2793052412439976,-0.082385897706037,-0.2494937901255431,-0.321664557897566,True,-0.26932425449396796
2023-11-01 00:00:00+00:00,0.0,0.0,0.0,0.0,0.0,0.0,0.0,0.0,-0.2368144154587947,-0.3117780824172594,-0.2793052412439976,-0.082385897706037,-0.2494937901255431,-0.321664557897566,True,-0.26932425449396796
2023-11-02 00:00:00+00:00,0.0,0.0,0.0,0.0,0.0,0.0,0.0,0.0,-0.2368144154587947,-0.3117780824172594,-0.2793052412439976,-0.082385897706037,-0.2494937901255431,-0.321664557897566,True,-0.26932425449396796
2023-11-03 00:00:00+00:00,0.0,0.0,0.0,0.0,0.0,0.0,0.0,0.0,-0.2368144154587947,-0.3117780824172594,-0.2793052412439976,-0.082385897706037,-0.2494937901255431,-0.321664557897566,True,-0.26932425449396796
2023-11-04 00:00:00+00:00,0.0,0.0,0.0,0.0,0.0,0.0,0.0,0.0,-0.2368144154587947,-0.3117780824172594,-0.2793052412439976,-0.082385897706037,-0.2494937901255431,-0.321664557897566,True,-0.26932425449396796
2023-11-05 00:00:00+00:00,0.0,0.0,0.0,0.0,0.0,0.0,0.0,0.0,-0.2368144154587947,-0.3117780824172594,-0.2793052412439976,-0.082385897706037,-0.2494937901255431,-0.321664557897566,True,-0.26932425449396796
2023-11-06 00:00:00+00:00,0.0,0.0,0.0,0.0,0.0,0.0,0.0,0.0,-0.2368144154587947,-0.3117780824172594,-0.2793052412439976,-0.082385897706037,-0.2494937901255431,-0.321664557897566,True,-0.26932425449396796
2023-11-07 00:00:00+00:00,0.0,0.0,0.0,0.0,0.0,0.0,0.0,0.0,-0.2368144154587947,-0.3117780824172594,-0.2793052412439976,-0.082385897706037,-0.2494937901255431,-0.321664557897566,True,-0.26932425449396796
2023-11-08 00:00:00+00:00,0.0,0.0,0.0,0.0,0.0,0.0,0.0,0.0,-0.2368144154587947,-0.3117780824172594,-0.2793052412439976,-0.082385897706037,-0.2494937901255431,-0.321664557897566,True,-0.26932425449396796
2023-11-09 00:00:00+00:00,0.0,0.0,0.0,0.0,0.0,0.0,0.0,0.0,-0.2368144154587947,-0.3117780824172594,-0.2793052412439976,-0.082385897706037,-0.2494937901255431,-0.321664557897566,True,-0.26932425449396796
2023-11-10 00:00:00+00:00,0.0,0.0,0.0,0.0,0.0,0.0,0.0,0.0,-0.2368144154587947,-0.3117780824172594,-0.2793052412439976,-0.082385897706037,-0.2494937901255431,-0.321664557897566,True,-0.26932425449396796
2023-11-11 00:00:00+00:00,0.0,0.0,0.0,0.0,0.0,0.0,0.0,0.0,-0.2368144154587947,-0.3117780824172594,-0.2793052412439976,-0.082385897706037,-0.2494937901255431,-0.321664557897566,True,-0.26932425449396796
2023-11-12 00:00:00+00:00,0.0,0.0,0.0,0.0,0.0,0.0,0.0,0.0,-0.2368144154587947,-0.3117780824172594,-0.2793052412439976,-0.082385897706037,-0.2494937901255431,-0.321664557897566,True,-0.26932425449396796
2023-11-13 00:00:00+00:00,1.0,1.0,1.0,20.0,0.0,0.0,0.0,1.0,0.2330271670460012,0.6537725428661474,1.3434351273058398,-0.0484168443639056,-0.2494937901255431,3.848472299029357,True,1.277335225316605
2023-11-14 00:00:00+00:00,3.0,1.0,0.0,10.333333333333334,0.0,0.0,0.0,0.0,1.1727103320555934,0.6537725428661474,-0.2793052412439976,-0.0648352201459358,-0.2494937901255431,-0.321664557897566,True,0.2005173280108281
2023-11-15 00:00:00+00:00,0.0,0.0,0.0,0.0,0.0,0.0,0.0,0.0,-0.2368144154587947,-0.3117780824172594,-0.2793052412439976,-0.082385897706037,-0.2494937901255431,-0.321664557897566,True,-0.26932425449396796
2023-11-16 00:00:00+00:00,0.0,0.0,0.0,0.0,0.0,0.0,0.0,0.0,-0.2368144154587947,-0.3117780824172594,-0.2793052412439976,-0.082385897706037,-0.2494937901255431,-0.321664557897566,True,-0.26932425449396796
2023-11-17 00:00:00+00:00,0.0,0.0,0.0,0.0,0.0,0.0,0.0,0.0,-0.2368144154587947,-0.3117780824172594,-0.2793052412439976,-0.082385897706037,-0.2494937901255431,-0.321664557897566,True,-0.26932425449396796
2023-11-18 00:00:00+00:00,0.0,0.0,0.0,0.0,0.0,0.0,0.0,0.0,-0.2368144154587947,-0.3117780824172594,-0.2793052412439976,-0.082385897706037,-0.2494937901255431,-0.321664557897566,True,-0.26932425449396796
2023-11-19 00:00:00+00:00,0.0,0.0,0.0,0.0,0.0,0.0,0.0,0.0,-0.2368144154587947,-0.3117780824172594,-0.2793052412439976,-0.082385897706037,-0.2494937901255431,-0.321664557897566,True,-0.26932425449396796
2023-11-20 00:00:00+00:00,0.0,0.0,0.0,0.0,0.0,0.0,0.0,0.0,-0.2368144154587947,-0.3117780824172594,-0.2793052412439976,-0.082385897706037,-0.2494937901255431,-0.321664557897566,True,-0.26932425449396796
2023-11-21 00:00:00+00:00,0.0,0.0,0.0,0.0,0.0,0.0,0.0,0.0,-0.2368144154587947,-0.3117780824172594,-0.2793052412439976,-0.082385897706037,-0.2494937901255431,-0.321664557897566,True,-0.26932425449396796
2023-11-22 00:00:00+00:00,1.0,1.0,0.0,135.0,0.0,0.0,0.0,0.0,0.2330271670460012,0.6537725428661474,-0.2793052412439976,0.1469052123533495,-0.2494937901255431,-0.321664557897566,True,-0.11271039365903596
2023-11-23 00:00:00+00:00,0.0,0.0,0.0,0.0,0.0,0.0,0.0,0.0,-0.2368144154587947,-0.3117780824172594,-0.2793052412439976,-0.082385897706037,-0.2494937901255431,-0.321664557897566,True,-0.26932425449396796
2023-11-24 00:00:00+00:00,0.0,0.0,0.0,0.0,0.0,0.0,0.0,0.0,-0.2368144154587947,-0.3117780824172594,-0.2793052412439976,-0.082385897706037,-0.2494937901255431,-0.321664557897566,True,-0.26932425449396796
2023-11-25 00:00:00+00:00,0.0,0.0,0.0,0.0,0.0,0.0,0.0,0.0,-0.2368144154587947,-0.3117780824172594,-0.2793052412439976,-0.082385897706037,-0.2494937901255431,-0.321664557897566,True,-0.26932425449396796
2023-11-26 00:00:00+00:00,0.0,0.0,0.0,0.0,0.0,0.0,0.0,0.0,-0.2368144154587947,-0.3117780824172594,-0.2793052412439976,-0.082385897706037,-0.2494937901255431,-0.321664557897566,True,-0.26932425449396796
2023-11-27 00:00:00+00:00,0.0,0.0,0.0,0.0,0.0,0.0,0.0,0.0,-0.2368144154587947,-0.3117780824172594,-0.2793052412439976,-0.082385897706037,-0.2494937901255431,-0.321664557897566,True,-0.26932425449396796
2023-11-28 00:00:00+00:00,0.0,0.0,0.0,0.0,0.0,0.0,0.0,0.0,-0.2368144154587947,-0.3117780824172594,-0.2793052412439976,-0.082385897706037,-0.2494937901255431,-0.321664557897566,True,-0.26932425449396796
2023-11-29 00:00:00+00:00,0.0,0.0,0.0,0.0,0.0,0.0,0.0,0.0,-0.2368144154587947,-0.3117780824172594,-0.2793052412439976,-0.082385897706037,-0.2494937901255431,-0.321664557897566,True,-0.26932425449396796
2023-11-30 00:00:00+00:00,0.0,0.0,0.0,0.0,0.0,0.0,0.0,0.0,-0.2368144154587947,-0.3117780824172594,-0.2793052412439976,-0.082385897706037,-0.2494937901255431,-0.321664557897566,True,-0.26932425449396796
2023-12-01 00:00:00+00:00,2.0,2.0,1.0,900.0,0.5,0.0,0.0,0.5,0.7028687495507973,1.6193231681495543,1.3434351273058398,1.446221502689873,3.717658542125021,1.7634038705658954,True,2.0613103874139047
2023-12-02 00:00:00+00:00,0.0,0.0,0.0,0.0,0.0,0.0,0.0,0.0,-0.2368144154587947,-0.3117780824172594,-0.2793052412439976,-0.082385897706037,-0.2494937901255431,-0.321664557897566,True,-0.26932425449396796
2023-12-03 00:00:00+00:00,2.0,2.0,0.0,609.0,0.5,0.0,0.0,0.0,0.7028687495507973,1.6193231681495543,-0.2793052412439976,0.951971776561862,3.717658542125021,-0.321664557897566,True,1.3662875779260844
2023-12-04 00:00:00+00:00,0.0,0.0,0.0,0.0,0.0,0.0,0.0,0.0,-0.2368144154587947,-0.3117780824172594,-0.2793052412439976,-0.082385897706037,-0.2494937901255431,-0.321664557897566,True,-0.26932425449396796
2023-12-05 00:00:00+00:00,0.0,0.0,0.0,0.0,0.0,0.0,0.0,0.0,-0.2368144154587947,-0.3117780824172594,-0.2793052412439976,-0.082385897706037,-0.2494937901255431,-0.321664557897566,True,-0.26932425449396796
2023-12-06 00:00:00+00:00,0.0,0.0,0.0,0.0,0.0,0.0,0.0,0.0,-0.2368144154587947,-0.3117780824172594,-0.2793052412439976,-0.082385897706037,-0.2494937901255431,-0.321664557897566,True,-0.26932425449396796
2023-12-07 00:00:00+00:00,0.0,0.0,0.0,0.0,0.0,0.0,0.0,0.0,-0.2368144154587947,-0.3117780824172594,-0.2793052412439976,-0.082385897706037,-0.2494937901255431,-0.321664557897566,True,-0.26932425449396796
2023-12-08 00:00:00+00:00,0.0,0.0,0.0,0.0,0.0,0.0,0.0,0.0,-0.2368144154587947,-0.3117780824172594,-0.2793052412439976,-0.082385897706037,-0.2494937901255431,-0.321664557897566,True,-0.26932425449396796
2023-12-09 00:00:00+00:00,2.0,2.0,0.0,309.0,0.5,0.0,0.0,0.0,0.7028687495507973,1.6193231681495543,-0.2793052412439976,0.4424359764298921,3.717658542125021,-0.321664557897566,True,1.3662875779260844
2023-12-10 00:00:00+00:00,3.0,2.0,0.0,596.3333333333334,0.0,0.0,0.0,0.0,1.1727103320555934,1.6193231681495543,-0.2793052412439976,0.9304580427785124,-0.2494937901255431,-0.321664557897566,True,0.2005173280108281
2023-12-11 00:00:00+00:00,1.0,1.0,0.0,1.0,0.0,0.0,0.0,0.0,0.2330271670460012,0.6537725428661474,-0.2793052412439976,-0.0806874450389304,-0.2494937901255431,-0.321664557897566,True,-0.11271039365903596
2023-12-12 00:00:00+00:00,0.0,0.0,0.0,0.0,0.0,0.0,0.0,0.0,-0.2368144154587947,-0.3117780824172594,-0.2793052412439976,-0.082385897706037,-0.2494937901255431,-0.321664557897566,True,-0.26932425449396796
2023-12-13 00:00:00+00:00,0.0,0.0,0.0,0.0,0.0,0.0,0.0,0.0,-0.2368144154587947,-0.3117780824172594,-0.2793052412439976,-0.082385897706037,-0.2494937901255431,-0.321664557897566,True,-0.26932425449396796
2023-12-14 00:00:00+00:00,0.0,0.0,0.0,0.0,0.0,0.0,0.0,0.0,-0.2368144154587947,-0.3117780824172594,-0.2793052412439976,-0.082385897706037,-0.2494937901255431,-0.321664557897566,True,-0.26932425449396796
2023-12-15 00:00:00+00:00,0.0,0.0,0.0,0.0,0.0,0.0,0.0,0.0,-0.2368144154587947,-0.3117780824172594,-0.2793052412439976,-0.082385897706037,-0.2494937901255431,-0.321664557897566,True,-0.26932425449396796
2023-12-16 00:00:00+00:00,0.0,0.0,0.0,0.0,0.0,0.0,0.0,0.0,-0.2368144154587947,-0.3117780824172594,-0.2793052412439976,-0.082385897706037,-0.2494937901255431,-0.321664557897566,True,-0.26932425449396796
2023-12-17 00:00:00+00:00,0.0,0.0,0.0,0.0,0.0,0.0,0.0,0.0,-0.2368144154587947,-0.3117780824172594,-0.2793052412439976,-0.082385897706037,-0.2494937901255431,-0.321664557897566,True,-0.26932425449396796
2023-12-18 00:00:00+00:00,0.0,0.0,0.0,0.0,0.0,0.0,0.0,0.0,-0.2368144154587947,-0.3117780824172594,-0.2793052412439976,-0.082385897706037,-0.2494937901255431,-0.321664557897566,True,-0.26932425449396796
2023-12-19 00:00:00+00:00,0.0,0.0,0.0,0.0,0.0,0.0,0.0,0.0,-0.2368144154587947,-0.3117780824172594,-0.2793052412439976,-0.082385897706037,-0.2494937901255431,-0.321664557897566,True,-0.26932425449396796
2023-12-20 00:00:00+00:00,0.0,0.0,0.0,0.0,0.0,0.0,0.0,0.0,-0.2368144154587947,-0.3117780824172594,-0.2793052412439976,-0.082385897706037,-0.2494937901255431,-0.321664557897566,True,-0.26932425449396796
2023-12-21 00:00:00+00:00,0.0,0.0,0.0,0.0,0.0,0.0,0.0,0.0,-0.2368144154587947,-0.3117780824172594,-0.2793052412439976,-0.082385897706037,-0.2494937901255431,-0.321664557897566,True,-0.26932425449396796
2023-12-22 00:00:00+00:00,0.0,0.0,0.0,0.0,0.0,0.0,0.0,0.0,-0.2368144154587947,-0.3117780824172594,-0.2793052412439976,-0.082385897706037,-0.2494937901255431,-0.321664557897566,True,-0.26932425449396796
2023-12-23 00:00:00+00:00,0.0,0.0,0.0,0.0,0.0,0.0,0.0,0.0,-0.2368144154587947,-0.3117780824172594,-0.2793052412439976,-0.082385897706037,-0.2494937901255431,-0.321664557897566,True,-0.26932425449396796
2023-12-24 00:00:00+00:00,0.0,0.0,0.0,0.0,0.0,0.0,0.0,0.0,-0.2368144154587947,-0.3117780824172594,-0.2793052412439976,-0.082385897706037,-0.2494937901255431,-0.321664557897566,True,-0.26932425449396796
2023-12-25 00:00:00+00:00,0.0,0.0,0.0,0.0,0.0,0.0,0.0,0.0,-0.2368144154587947,-0.3117780824172594,-0.2793052412439976,-0.082385897706037,-0.2494937901255431,-0.321664557897566,True,-0.26932425449396796
2023-12-26 00:00:00+00:00,0.0,0.0,0.0,0.0,0.0,0.0,0.0,0.0,-0.2368144154587947,-0.3117780824172594,-0.2793052412439976,-0.082385897706037,-0.2494937901255431,-0.321664557897566,True,-0.26932425449396796
2023-12-27 00:00:00+00:00,0.0,0.0,0.0,0.0,0.0,0.0,0.0,0.0,-0.2368144154587947,-0.3117780824172594,-0.2793052412439976,-0.082385897706037,-0.2494937901255431,-0.321664557897566,True,-0.26932425449396796
2023-12-28 00:00:00+00:00,0.0,0.0,0.0,0.0,0.0,0.0,0.0,0.0,-0.2368144154587947,-0.3117780824172594,-0.2793052412439976,-0.082385897706037,-0.2494937901255431,-0.321664557897566,True,-0.26932425449396796
2023-12-29 00:00:00+00:00,0.0,0.0,0.0,0.0,0.0,0.0,0.0,0.0,-0.2368144154587947,-0.3117780824172594,-0.2793052412439976,-0.082385897706037,-0.2494937901255431,-0.321664557897566,True,-0.26932425449396796
2023-12-30 00:00:00+00:00,0.0,0.0,0.0,0.0,0.0,0.0,0.0,0.0,-0.2368144154587947,-0.3117780824172594,-0.2793052412439976,-0.082385897706037,-0.2494937901255431,-0.321664557897566,True,-0.26932425449396796
2023-12-31 00:00:00+00:00,0.0,0.0,0.0,0.0,0.0,0.0,0.0,0.0,-0.2368144154587947,-0.3117780824172594,-0.2793052412439976,-0.082385897706037,-0.2494937901255431,-0.321664557897566,True,-0.26932425449396796
2024-01-01 00:00:00+00:00,0.0,0.0,0.0,0.0,0.0,0.0,0.0,0.0,-0.2368144154587947,-0.3117780824172594,-0.2793052412439976,-0.082385897706037,-0.2494937901255431,-0.321664557897566,True,-0.26932425449396796
2024-01-02 00:00:00+00:00,0.0,0.0,0.0,0.0,0.0,0.0,0.0,0.0,-0.2368144154587947,-0.3117780824172594,-0.2793052412439976,-0.082385897706037,-0.2494937901255431,-0.321664557897566,True,-0.26932425449396796
2024-01-03 00:00:00+00:00,0.0,0.0,0.0,0.0,0.0,0.0,0.0,0.0,-0.2368144154587947,-0.3117780824172594,-0.2793052412439976,-0.082385897706037,-0.2494937901255431,-0.321664557897566,True,-0.26932425449396796
2024-01-04 00:00:00+00:00,0.0,0.0,0.0,0.0,0.0,0.0,0.0,0.0,-0.2368144154587947,-0.3117780824172594,-0.2793052412439976,-0.082385897706037,-0.2494937901255431,-0.321664557897566,True,-0.26932425449396796
2024-01-05 00:00:00+00:00,0.0,0.0,0.0,0.0,0.0,0.0,0.0,0.0,-0.2368144154587947,-0.3117780824172594,-0.2793052412439976,-0.082385897706037,-0.2494937901255431,-0.321664557897566,True,-0.26932425449396796
2024-01-06 00:00:00+00:00,0.0,0.0,0.0,0.0,0.0,0.0,0.0,0.0,-0.2368144154587947,-0.3117780824172594,-0.2793052412439976,-0.082385897706037,-0.2494937901255431,-0.321664557897566,True,-0.26932425449396796
2024-01-07 00:00:00+00:00,0.0,0.0,0.0,0.0,0.0,0.0,0.0,0.0,-0.2368144154587947,-0.3117780824172594,-0.2793052412439976,-0.082385897706037,-0.2494937901255431,-0.321664557897566,True,-0.26932425449396796
2024-01-08 00:00:00+00:00,0.0,0.0,0.0,0.0,0.0,0.0,0.0,0.0,-0.2368144154587947,-0.3117780824172594,-0.2793052412439976,-0.082385897706037,-0.2494937901255431,-0.321664557897566,True,-0.26932425449396796
2024-01-09 00:00:00+00:00,0.0,0.0,0.0,0.0,0.0,0.0,0.0,0.0,-0.2368144154587947,-0.3117780824172594,-0.2793052412439976,-0.082385897706037,-0.2494937901255431,-0.321664557897566,True,-0.26932425449396796
2024-01-10 00:00:00+00:00,0.0,0.0,0.0,0.0,0.0,0.0,0.0,0.0,-0.2368144154587947,-0.3117780824172594,-0.2793052412439976,-0.082385897706037,-0.2494937901255431,-0.321664557897566,True,-0.26932425449396796
2024-01-11 00:00:00+00:00,0.0,0.0,0.0,0.0,0.0,0.0,0.0,0.0,-0.2368144154587947,-0.3117780824172594,-0.2793052412439976,-0.082385897706037,-0.2494937901255431,-0.321664557897566,True,-0.26932425449396796
2024-01-12 00:00:00+00:00,0.0,0.0,0.0,0.0,0.0,0.0,0.0,0.0,-0.2368144154587947,-0.3117780824172594,-0.2793052412439976,-0.082385897706037,-0.2494937901255431,-0.321664557897566,True,-0.26932425449396796
2024-01-13 00:00:00+00:00,1.0,1.0,1.0,1.0,0.0,0.0,0.0,1.0,0.2330271670460012,0.6537725428661474,1.3434351273058398,-0.0806874450389304,-0.2494937901255431,3.848472299029357,True,1.277335225316605
2024-01-14 00:00:00+00:00,0.0,0.0,0.0,0.0,0.0,0.0,0.0,0.0,-0.2368144154587947,-0.3117780824172594,-0.2793052412439976,-0.082385897706037,-0.2494937901255431,-0.321664557897566,True,-0.26932425449396796
2024-01-15 00:00:00+00:00,0.0,0.0,0.0,0.0,0.0,0.0,0.0,0.0,-0.2368144154587947,-0.3117780824172594,-0.2793052412439976,-0.082385897706037,-0.2494937901255431,-0.321664557897566,True,-0.26932425449396796
2024-01-16 00:00:00+00:00,0.0,0.0,0.0,0.0,0.0,0.0,0.0,0.0,-0.2368144154587947,-0.3117780824172594,-0.2793052412439976,-0.082385897706037,-0.2494937901255431,-0.321664557897566,True,-0.26932425449396796
2024-01-17 00:00:00+00:00,0.0,0.0,0.0,0.0,0.0,0.0,0.0,0.0,-0.2368144154587947,-0.3117780824172594,-0.2793052412439976,-0.082385897706037,-0.2494937901255431,-0.321664557897566,True,-0.26932425449396796
2024-01-18 00:00:00+00:00,1.0,1.0,1.0,1.0,0.0,0.0,0.0,1.0,0.2330271670460012,0.6537725428661474,1.3434351273058398,-0.0806874450389304,-0.2494937901255431,3.848472299029357,True,1.277335225316605
2024-01-19 00:00:00+00:00,0.0,0.0,0.0,0.0,0.0,0.0,0.0,0.0,-0.2368144154587947,-0.3117780824172594,-0.2793052412439976,-0.082385897706037,-0.2494937901255431,-0.321664557897566,True,-0.26932425449396796
2024-01-20 00:00:00+00:00,1.0,1.0,1.0,0.0,0.0,0.0,0.0,1.0,0.2330271670460012,0.6537725428661474,1.3434351273058398,-0.082385897706037,-0.2494937901255431,3.848472299029357,True,1.277335225316605
2024-01-21 00:00:00+00:00,0.0,0.0,0.0,0.0,0.0,0.0,0.0,0.0,-0.2368144154587947,-0.3117780824172594,-0.2793052412439976,-0.082385897706037,-0.2494937901255431,-0.321664557897566,True,-0.26932425449396796
2024-01-22 00:00:00+00:00,0.0,0.0,0.0,0.0,0.0,0.0,0.0,0.0,-0.2368144154587947,-0.3117780824172594,-0.2793052412439976,-0.082385897706037,-0.2494937901255431,-0.321664557897566,True,-0.26932425449396796
2024-01-23 00:00:00+00:00,0.0,0.0,0.0,0.0,0.0,0.0,0.0,0.0,-0.2368144154587947,-0.3117780824172594,-0.2793052412439976,-0.082385897706037,-0.2494937901255431,-0.321664557897566,True,-0.26932425449396796
2024-01-24 00:00:00+00:00,0.0,0.0,0.0,0.0,0.0,0.0,0.0,0.0,-0.2368144154587947,-0.3117780824172594,-0.2793052412439976,-0.082385897706037,-0.2494937901255431,-0.321664557897566,True,-0.26932425449396796
2024-01-25 00:00:00+00:00,0.0,0.0,0.0,0.0,0.0,0.0,0.0,0.0,-0.2368144154587947,-0.3117780824172594,-0.2793052412439976,-0.082385897706037,-0.2494937901255431,-0.321664557897566,True,-0.26932425449396796
2024-01-26 00:00:00+00:00,0.0,0.0,0.0,0.0,0.0,0.0,0.0,0.0,-0.2368144154587947,-0.3117780824172594,-0.2793052412439976,-0.082385897706037,-0.2494937901255431,-0.321664557897566,True,-0.26932425449396796
2024-01-27 00:00:00+00:00,0.0,0.0,0.0,0.0,0.0,0.0,0.0,0.0,-0.2368144154587947,-0.3117780824172594,-0.2793052412439976,-0.082385897706037,-0.2494937901255431,-0.321664557897566,True,-0.26932425449396796
2024-01-28 00:00:00+00:00,0.0,0.0,0.0,0.0,0.0,0.0,0.0,0.0,-0.2368144154587947,-0.3117780824172594,-0.2793052412439976,-0.082385897706037,-0.2494937901255431,-0.321664557897566,True,-0.26932425449396796
2024-01-29 00:00:00+00:00,0.0,0.0,0.0,0.0,0.0,0.0,0.0,0.0,-0.2368144154587947,-0.3117780824172594,-0.2793052412439976,-0.082385897706037,-0.2494937901255431,-0.321664557897566,True,-0.26932425449396796
2024-01-30 00:00:00+00:00,0.0,0.0,0.0,0.0,0.0,0.0,0.0,0.0,-0.2368144154587947,-0.3117780824172594,-0.2793052412439976,-0.082385897706037,-0.2494937901255431,-0.321664557897566,True,-0.26932425449396796
2024-01-31 00:00:00+00:00,0.0,0.0,0.0,0.0,0.0,0.0,0.0,0.0,-0.2368144154587947,-0.3117780824172594,-0.2793052412439976,-0.082385897706037,-0.2494937901255431,-0.321664557897566,True,-0.26932425449396796
2024-02-01 00:00:00+00:00,0.0,0.0,0.0,0.0,0.0,0.0,0.0,0.0,-0.2368144154587947,-0.3117780824172594,-0.2793052412439976,-0.082385897706037,-0.2494937901255431,-0.321664557897566,True,-0.26932425449396796
2024-02-02 00:00:00+00:00,0.0,0.0,0.0,0.0,0.0,0.0,0.0,0.0,-0.2368144154587947,-0.3117780824172594,-0.2793052412439976,-0.082385897706037,-0.2494937901255431,-0.321664557897566,True,-0.26932425449396796
2024-02-03 00:00:00+00:00,0.0,0.0,0.0,0.0,0.0,0.0,0.0,0.0,-0.2368144154587947,-0.3117780824172594,-0.2793052412439976,-0.082385897706037,-0.2494937901255431,-0.321664557897566,True,-0.26932425449396796
2024-02-04 00:00:00+00:00,0.0,0.0,0.0,0.0,0.0,0.0,0.0,0.0,-0.2368144154587947,-0.3117780824172594,-0.2793052412439976,-0.082385897706037,-0.2494937901255431,-0.321664557897566,True,-0.26932425449396796
2024-02-05 00:00:00+00:00,0.0,0.0,0.0,0.0,0.0,0.0,0.0,0.0,-0.2368144154587947,-0.3117780824172594,-0.2793052412439976,-0.082385897706037,-0.2494937901255431,-0.321664557897566,True,-0.26932425449396796
2024-02-06 00:00:00+00:00,0.0,0.0,0.0,0.0,0.0,0.0,0.0,0.0,-0.2368144154587947,-0.3117780824172594,-0.2793052412439976,-0.082385897706037,-0.2494937901255431,-0.321664557897566,True,-0.26932425449396796
2024-02-07 00:00:00+00:00,0.0,0.0,0.0,0.0,0.0,0.0,0.0,0.0,-0.2368144154587947,-0.3117780824172594,-0.2793052412439976,-0.082385897706037,-0.2494937901255431,-0.321664557897566,True,-0.26932425449396796
2024-02-08 00:00:00+00:00,0.0,0.0,0.0,0.0,0.0,0.0,0.0,0.0,-0.2368144154587947,-0.3117780824172594,-0.2793052412439976,-0.082385897706037,-0.2494937901255431,-0.321664557897566,True,-0.26932425449396796
2024-02-09 00:00:00+00:00,1.0,1.0,0.0,21.0,0.0,0.0,0.0,0.0,0.2330271670460012,0.6537725428661474,-0.2793052412439976,-0.0467183916967991,-0.2494937901255431,-0.321664557897566,True,-0.11271039365903596
2024-02-10 00:00:00+00:00,0.0,0.0,0.0,0.0,0.0,0.0,0.0,0.0,-0.2368144154587947,-0.3117780824172594,-0.2793052412439976,-0.082385897706037,-0.2494937901255431,-0.321664557897566,True,-0.26932425449396796
2024-02-11 00:00:00+00:00,0.0,0.0,0.0,0.0,0.0,0.0,0.0,0.0,-0.2368144154587947,-0.3117780824172594,-0.2793052412439976,-0.082385897706037,-0.2494937901255431,-0.321664557897566,True,-0.26932425449396796
2024-02-12 00:00:00+00:00,0.0,0.0,0.0,0.0,0.0,0.0,0.0,0.0,-0.2368144154587947,-0.3117780824172594,-0.2793052412439976,-0.082385897706037,-0.2494937901255431,-0.321664557897566,True,-0.26932425449396796
2024-02-13 00:00:00+00:00,0.0,0.0,0.0,0.0,0.0,0.0,0.0,0.0,-0.2368144154587947,-0.3117780824172594,-0.2793052412439976,-0.082385897706037,-0.2494937901255431,-0.321664557897566,True,-0.26932425449396796
2024-02-14 00:00:00+00:00,0.0,0.0,0.0,0.0,0.0,0.0,0.0,0.0,-0.2368144154587947,-0.3117780824172594,-0.2793052412439976,-0.082385897706037,-0.2494937901255431,-0.321664557897566,True,-0.26932425449396796
2024-02-15 00:00:00+00:00,0.0,0.0,0.0,0.0,0.0,0.0,0.0,0.0,-0.2368144154587947,-0.3117780824172594,-0.2793052412439976,-0.082385897706037,-0.2494937901255431,-0.321664557897566,True,-0.26932425449396796
2024-02-16 00:00:00+00:00,0.0,0.0,0.0,0.0,0.0,0.0,0.0,0.0,-0.2368144154587947,-0.3117780824172594,-0.2793052412439976,-0.082385897706037,-0.2494937901255431,-0.321664557897566,True,-0.26932425449396796
2024-02-17 00:00:00+00:00,0.0,0.0,0.0,0.0,0.0,0.0,0.0,0.0,-0.2368144154587947,-0.3117780824172594,-0.2793052412439976,-0.082385897706037,-0.2494937901255431,-0.321664557897566,True,-0.26932425449396796
2024-02-18 00:00:00+00:00,0.0,0.0,0.0,0.0,0.0,0.0,0.0,0.0,-0.2368144154587947,-0.3117780824172594,-0.2793052412439976,-0.082385897706037,-0.2494937901255431,-0.321664557897566,True,-0.26932425449396796
2024-02-19 00:00:00+00:00,0.0,0.0,0.0,0.0,0.0,0.0,0.0,0.0,-0.2368144154587947,-0.3117780824172594,-0.2793052412439976,-0.082385897706037,-0.2494937901255431,-0.321664557897566,True,-0.26932425449396796
2024-02-20 00:00:00+00:00,0.0,0.0,0.0,0.0,0.0,0.0,0.0,0.0,-0.2368144154587947,-0.3117780824172594,-0.2793052412439976,-0.082385897706037,-0.2494937901255431,-0.321664557897566,True,-0.26932425449396796
2024-02-21 00:00:00+00:00,0.0,0.0,0.0,0.0,0.0,0.0,0.0,0.0,-0.2368144154587947,-0.3117780824172594,-0.2793052412439976,-0.082385897706037,-0.2494937901255431,-0.321664557897566,True,-0.26932425449396796
2024-02-22 00:00:00+00:00,0.0,0.0,0.0,0.0,0.0,0.0,0.0,0.0,-0.2368144154587947,-0.3117780824172594,-0.2793052412439976,-0.082385897706037,-0.2494937901255431,-0.321664557897566,True,-0.26932425449396796
2024-02-23 00:00:00+00:00,0.0,0.0,0.0,0.0,0.0,0.0,0.0,0.0,-0.2368144154587947,-0.3117780824172594,-0.2793052412439976,-0.082385897706037,-0.2494937901255431,-0.321664557897566,True,-0.26932425449396796
2024-02-24 00:00:00+00:00,0.0,0.0,0.0,0.0,0.0,0.0,0.0,0.0,-0.2368144154587947,-0.3117780824172594,-0.2793052412439976,-0.082385897706037,-0.2494937901255431,-0.321664557897566,True,-0.26932425449396796
2024-02-25 00:00:00+00:00,0.0,0.0,0.0,0.0,0.0,0.0,0.0,0.0,-0.2368144154587947,-0.3117780824172594,-0.2793052412439976,-0.082385897706037,-0.2494937901255431,-0.321664557897566,True,-0.26932425449396796
2024-02-26 00:00:00+00:00,0.0,0.0,0.0,0.0,0.0,0.0,0.0,0.0,-0.2368144154587947,-0.3117780824172594,-0.2793052412439976,-0.082385897706037,-0.2494937901255431,-0.321664557897566,True,-0.26932425449396796
2024-02-27 00:00:00+00:00,0.0,0.0,0.0,0.0,0.0,0.0,0.0,0.0,-0.2368144154587947,-0.3117780824172594,-0.2793052412439976,-0.082385897706037,-0.2494937901255431,-0.321664557897566,True,-0.26932425449396796
2024-02-28 00:00:00+00:00,0.0,0.0,0.0,0.0,0.0,0.0,0.0,0.0,-0.2368144154587947,-0.3117780824172594,-0.2793052412439976,-0.082385897706037,-0.2494937901255431,-0.321664557897566,True,-0.26932425449396796
2024-02-29 00:00:00+00:00,0.0,0.0,0.0,0.0,0.0,0.0,0.0,0.0,-0.2368144154587947,-0.3117780824172594,-0.2793052412439976,-0.082385897706037,-0.2494937901255431,-0.321664557897566,True,-0.26932425449396796
2024-03-01 00:00:00+00:00,0.0,0.0,0.0,0.0,0.0,0.0,0.0,0.0,-0.2368144154587947,-0.3117780824172594,-0.2793052412439976,-0.082385897706037,-0.2494937901255431,-0.321664557897566,True,-0.26932425449396796
2024-03-02 00:00:00+00:00,0.0,0.0,0.0,0.0,0.0,0.0,0.0,0.0,-0.2368144154587947,-0.3117780824172594,-0.2793052412439976,-0.082385897706037,-0.2494937901255431,-0.321664557897566,True,-0.26932425449396796
2024-03-03 00:00:00+00:00,0.0,0.0,0.0,0.0,0.0,0.0,0.0,0.0,-0.2368144154587947,-0.3117780824172594,-0.2793052412439976,-0.082385897706037,-0.2494937901255431,-0.321664557897566,True,-0.26932425449396796
2024-03-04 00:00:00+00:00,0.0,0.0,0.0,0.0,0.0,0.0,0.0,0.0,-0.2368144154587947,-0.3117780824172594,-0.2793052412439976,-0.082385897706037,-0.2494937901255431,-0.321664557897566,True,-0.26932425449396796
2024-03-05 00:00:00+00:00,0.0,0.0,0.0,0.0,0.0,0.0,0.0,0.0,-0.2368144154587947,-0.3117780824172594,-0.2793052412439976,-0.082385897706037,-0.2494937901255431,-0.321664557897566,True,-0.26932425449396796
2024-03-06 00:00:00+00:00,0.0,0.0,0.0,0.0,0.0,0.0,0.0,0.0,-0.2368144154587947,-0.3117780824172594,-0.2793052412439976,-0.082385897706037,-0.2494937901255431,-0.321664557897566,True,-0.26932425449396796
2024-03-07 00:00:00+00:00,0.0,0.0,0.0,0.0,0.0,0.0,0.0,0.0,-0.2368144154587947,-0.3117780824172594,-0.2793052412439976,-0.082385897706037,-0.2494937901255431,-0.321664557897566,True,-0.26932425449396796
2024-03-08 00:00:00+00:00,0.0,0.0,0.0,0.0,0.0,0.0,0.0,0.0,-0.2368144154587947,-0.3117780824172594,-0.2793052412439976,-0.082385897706037,-0.2494937901255431,-0.321664557897566,True,-0.26932425449396796
2024-03-09 00:00:00+00:00,0.0,0.0,0.0,0.0,0.0,0.0,0.0,0.0,-0.2368144154587947,-0.3117780824172594,-0.2793052412439976,-0.082385897706037,-0.2494937901255431,-0.321664557897566,True,-0.26932425449396796
2024-03-10 00:00:00+00:00,0.0,0.0,0.0,0.0,0.0,0.0,0.0,0.0,-0.2368144154587947,-0.3117780824172594,-0.2793052412439976,-0.082385897706037,-0.2494937901255431,-0.321664557897566,True,-0.26932425449396796
2024-03-11 00:00:00+00:00,0.0,0.0,0.0,0.0,0.0,0.0,0.0,0.0,-0.2368144154587947,-0.3117780824172594,-0.2793052412439976,-0.082385897706037,-0.2494937901255431,-0.321664557897566,True,-0.26932425449396796
2024-03-12 00:00:00+00:00,0.0,0.0,0.0,0.0,0.0,0.0,0.0,0.0,-0.2368144154587947,-0.3117780824172594,-0.2793052412439976,-0.082385897706037,-0.2494937901255431,-0.321664557897566,True,-0.26932425449396796
2024-03-13 00:00:00+00:00,0.0,0.0,0.0,0.0,0.0,0.0,0.0,0.0,-0.2368144154587947,-0.3117780824172594,-0.2793052412439976,-0.082385897706037,-0.2494937901255431,-0.321664557897566,True,-0.26932425449396796
2024-03-14 00:00:00+00:00,0.0,0.0,0.0,0.0,0.0,0.0,0.0,0.0,-0.2368144154587947,-0.3117780824172594,-0.2793052412439976,-0.082385897706037,-0.2494937901255431,-0.321664557897566,True,-0.26932425449396796
2024-03-15 00:00:00+00:00,0.0,0.0,0.0,0.0,0.0,0.0,0.0,0.0,-0.2368144154587947,-0.3117780824172594,-0.2793052412439976,-0.082385897706037,-0.2494937901255431,-0.321664557897566,True,-0.26932425449396796
2024-03-16 00:00:00+00:00,0.0,0.0,0.0,0.0,0.0,0.0,0.0,0.0,-0.2368144154587947,-0.3117780824172594,-0.2793052412439976,-0.082385897706037,-0.2494937901255431,-0.321664557897566,True,-0.26932425449396796
2024-03-17 00:00:00+00:00,0.0,0.0,0.0,0.0,0.0,0.0,0.0,0.0,-0.2368144154587947,-0.3117780824172594,-0.2793052412439976,-0.082385897706037,-0.2494937901255431,-0.321664557897566,True,-0.26932425449396796
2024-03-18 00:00:00+00:00,0.0,0.0,0.0,0.0,0.0,0.0,0.0,0.0,-0.2368144154587947,-0.3117780824172594,-0.2793052412439976,-0.082385897706037,-0.2494937901255431,-0.321664557897566,True,-0.26932425449396796
2024-03-19 00:00:00+00:00,0.0,0.0,0.0,0.0,0.0,0.0,0.0,0.0,-0.2368144154587947,-0.3117780824172594,-0.2793052412439976,-0.082385897706037,-0.2494937901255431,-0.321664557897566,True,-0.26932425449396796
2024-03-20 00:00:00+00:00,0.0,0.0,0.0,0.0,0.0,0.0,0.0,0.0,-0.2368144154587947,-0.3117780824172594,-0.2793052412439976,-0.082385897706037,-0.2494937901255431,-0.321664557897566,True,-0.26932425449396796
2024-03-21 00:00:00+00:00,3.0,3.0,3.0,86.33333333333333,0.0,0.0,0.0,1.0,1.1727103320555934,2.584873793432961,4.588915864405514,0.0642471825541632,-0.2494937901255431,3.848472299029357,True,1.590562946986469
2024-03-22 00:00:00+00:00,0.0,0.0,0.0,0.0,0.0,0.0,0.0,0.0,-0.2368144154587947,-0.3117780824172594,-0.2793052412439976,-0.082385897706037,-0.2494937901255431,-0.321664557897566,True,-0.26932425449396796
2024-03-23 00:00:00+00:00,0.0,0.0,0.0,0.0,0.0,0.0,0.0,0.0,-0.2368144154587947,-0.3117780824172594,-0.2793052412439976,-0.082385897706037,-0.2494937901255431,-0.321664557897566,True,-0.26932425449396796
2024-03-24 00:00:00+00:00,0.0,0.0,0.0,0.0,0.0,0.0,0.0,0.0,-0.2368144154587947,-0.3117780824172594,-0.2793052412439976,-0.082385897706037,-0.2494937901255431,-0.321664557897566,True,-0.26932425449396796
2024-03-25 00:00:00+00:00,0.0,0.0,0.0,0.0,0.0,0.0,0.0,0.0,-0.2368144154587947,-0.3117780824172594,-0.2793052412439976,-0.082385897706037,-0.2494937901255431,-0.321664557897566,True,-0.26932425449396796
2024-03-26 00:00:00+00:00,0.0,0.0,0.0,0.0,0.0,0.0,0.0,0.0,-0.2368144154587947,-0.3117780824172594,-0.2793052412439976,-0.082385897706037,-0.2494937901255431,-0.321664557897566,True,-0.26932425449396796
2024-03-27 00:00:00+00:00,0.0,0.0,0.0,0.0,0.0,0.0,0.0,0.0,-0.2368144154587947,-0.3117780824172594,-0.2793052412439976,-0.082385897706037,-0.2494937901255431,-0.321664557897566,True,-0.26932425449396796
2024-03-28 00:00:00+00:00,0.0,0.0,0.0,0.0,0.0,0.0,0.0,0.0,-0.2368144154587947,-0.3117780824172594,-0.2793052412439976,-0.082385897706037,-0.2494937901255431,-0.321664557897566,True,-0.26932425449396796
2024-03-29 00:00:00+00:00,0.0,0.0,0.0,0.0,0.0,0.0,0.0,0.0,-0.2368144154587947,-0.3117780824172594,-0.2793052412439976,-0.082385897706037,-0.2494937901255431,-0.321664557897566,True,-0.26932425449396796
2024-03-30 00:00:00+00:00,1.0,1.0,1.0,109.0,0.0,0.0,0.0,1.0,0.2330271670460012,0.6537725428661474,1.3434351273058398,0.1027454430085787,-0.2494937901255431,3.848472299029357,True,1.277335225316605
2024-03-31 00:00:00+00:00,0.0,0.0,0.0,0.0,0.0,0.0,0.0,0.0,-0.2368144154587947,-0.3117780824172594,-0.2793052412439976,-0.082385897706037,-0.2494937901255431,-0.321664557897566,True,-0.26932425449396796
2024-04-01 00:00:00+00:00,0.0,0.0,0.0,0.0,0.0,0.0,0.0,0.0,-0.2368144154587947,-0.3117780824172594,-0.2793052412439976,-0.082385897706037,-0.2494937901255431,-0.321664557897566,True,-0.26932425449396796
2024-04-02 00:00:00+00:00,0.0,0.0,0.0,0.0,0.0,0.0,0.0,0.0,-0.2368144154587947,-0.3117780824172594,-0.2793052412439976,-0.082385897706037,-0.2494937901255431,-0.321664557897566,True,-0.26932425449396796
2024-04-03 00:00:00+00:00,0.0,0.0,0.0,0.0,0.0,0.0,0.0,0.0,-0.2368144154587947,-0.3117780824172594,-0.2793052412439976,-0.082385897706037,-0.2494937901255431,-0.321664557897566,True,-0.26932425449396796
2024-04-04 00:00:00+00:00,0.0,0.0,0.0,0.0,0.0,0.0,0.0,0.0,-0.2368144154587947,-0.3117780824172594,-0.2793052412439976,-0.082385897706037,-0.2494937901255431,-0.321664557897566,True,-0.26932425449396796
2024-04-05 00:00:00+00:00,9.0,5.0,3.0,145.88888888888889,0.1111111111111111,0.0,0.0,0.6,3.9917598270843695,4.515975043999776,4.588915864405514,0.1653994747285098,0.632095617041249,2.180417556258588,True,2.2680910001280687
2024-04-06 00:00:00+00:00,1.0,1.0,0.0,1.0,0.0,0.0,0.0,0.0,0.2330271670460012,0.6537725428661474,-0.2793052412439976,-0.0806874450389304,-0.2494937901255431,-0.321664557897566,True,-0.11271039365903596
2024-04-07 00:00:00+00:00,0.0,0.0,0.0,0.0,0.0,0.0,0.0,0.0,-0.2368144154587947,-0.3117780824172594,-0.2793052412439976,-0.082385897706037,-0.2494937901255431,-0.321664557897566,True,-0.26932425449396796
2024-04-08 00:00:00+00:00,0.0,0.0,0.0,0.0,0.0,0.0,0.0,0.0,-0.2368144154587947,-0.3117780824172594,-0.2793052412439976,-0.082385897706037,-0.2494937901255431,-0.321664557897566,True,-0.26932425449396796
2024-04-09 00:00:00+00:00,1.0,1.0,1.0,9.0,0.0,0.0,0.0,1.0,0.2330271670460012,0.6537725428661474,1.3434351273058398,-0.0670998237020779,-0.2494937901255431,3.848472299029357,True,1.277335225316605
2024-04-10 00:00:00+00:00,3.0,2.0,1.0,362.0,0.3333333333333333,0.0,0.0,0.5,1.1727103320555934,1.6193231681495543,1.3434351273058398,0.5324539677865401,2.395274431374833,1.7634038705658954,True,1.7771295446654405
2024-04-11 00:00:00+00:00,0.0,0.0,0.0,0.0,0.0,0.0,0.0,0.0,-0.2368144154587947,-0.3117780824172594,-0.2793052412439976,-0.082385897706037,-0.2494937901255431,-0.321664557897566,True,-0.26932425449396796
2024-04-12 00:00:00+00:00,0.0,0.0,0.0,0.0,0.0,0.0,0.0,0.0,-0.2368144154587947,-0.3117780824172594,-0.2793052412439976,-0.082385897706037,-0.2494937901255431,-0.321664557897566,True,-0.26932425449396796
2024-04-13 00:00:00+00:00,0.0,0.0,0.0,0.0,0.0,0.0,0.0,0.0,-0.2368144154587947,-0.3117780824172594,-0.2793052412439976,-0.082385897706037,-0.2494937901255431,-0.321664557897566,True,-0.26932425449396796
2024-04-14 00:00:00+00:00,0.0,0.0,0.0,0.0,0.0,0.0,0.0,0.0,-0.2368144154587947,-0.3117780824172594,-0.2793052412439976,-0.082385897706037,-0.2494937901255431,-0.321664557897566,True,-0.26932425449396796
2024-04-15 00:00:00+00:00,0.0,0.0,0.0,0.0,0.0,0.0,0.0,0.0,-0.2368144154587947,-0.3117780824172594,-0.2793052412439976,-0.082385897706037,-0.2494937901255431,-0.321664557897566,True,-0.26932425449396796
2024-04-16 00:00:00+00:00,0.0,0.0,0.0,0.0,0.0,0.0,0.0,0.0,-0.2368144154587947,-0.3117780824172594,-0.2793052412439976,-0.082385897706037,-0.2494937901255431,-0.321664557897566,True,-0.26932425449396796
2024-04-17 00:00:00+00:00,0.0,0.0,0.0,0.0,0.0,0.0,0.0,0.0,-0.2368144154587947,-0.3117780824172594,-0.2793052412439976,-0.082385897706037,-0.2494937901255431,-0.321664557897566,True,-0.26932425449396796
2024-04-18 00:00:00+00:00,0.0,0.0,0.0,0.0,0.0,0.0,0.0,0.0,-0.2368144154587947,-0.3117780824172594,-0.2793052412439976,-0.082385897706037,-0.2494937901255431,-0.321664557897566,True,-0.26932425449396796
2024-04-19 00:00:00+00:00,0.0,0.0,0.0,0.0,0.0,0.0,0.0,0.0,-0.2368144154587947,-0.3117780824172594,-0.2793052412439976,-0.082385897706037,-0.2494937901255431,-0.321664557897566,True,-0.26932425449396796
2024-04-20 00:00:00+00:00,1.0,1.0,1.0,26.0,0.0,0.0,0.0,1.0,0.2330271670460012,0.6537725428661474,1.3434351273058398,-0.0382261283612662,-0.2494937901255431,3.848472299029357,True,1.277335225316605
2024-04-21 00:00:00+00:00,2.0,2.0,2.0,16.0,0.0,0.0,0.0,1.0,0.7028687495507973,1.6193231681495543,2.966175495855677,-0.0552106550323319,-0.2494937901255431,3.848472299029357,True,1.433949086151537
2024-04-22 00:00:00+00:00,0.0,0.0,0.0,0.0,0.0,0.0,0.0,0.0,-0.2368144154587947,-0.3117780824172594,-0.2793052412439976,-0.082385897706037,-0.2494937901255431,-0.321664557897566,True,-0.26932425449396796
2024-04-23 00:00:00+00:00,0.0,0.0,0.0,0.0,0.0,0.0,0.0,0.0,-0.2368144154587947,-0.3117780824172594,-0.2793052412439976,-0.082385897706037,-0.2494937901255431,-0.321664557897566,True,-0.26932425449396796
2024-04-24 00:00:00+00:00,0.0,0.0,0.0,0.0,0.0,0.0,0.0,0.0,-0.2368144154587947,-0.3117780824172594,-0.2793052412439976,-0.082385897706037,-0.2494937901255431,-0.321664557897566,True,-0.26932425449396796
2024-04-25 00:00:00+00:00,0.0,0.0,0.0,0.0,0.0,0.0,0.0,0.0,-0.2368144154587947,-0.3117780824172594,-0.2793052412439976,-0.082385897706037,-0.2494937901255431,-0.321664557897566,True,-0.26932425449396796
2024-04-26 00:00:00+00:00,0.0,0.0,0.0,0.0,0.0,0.0,0.0,0.0,-0.2368144154587947,-0.3117780824172594,-0.2793052412439976,-0.082385897706037,-0.2494937901255431,-0.321664557897566,True,-0.26932425449396796
2024-04-27 00:00:00+00:00,0.0,0.0,0.0,0.0,0.0,0.0,0.0,0.0,-0.2368144154587947,-0.3117780824172594,-0.2793052412439976,-0.082385897706037,-0.2494937901255431,-0.321664557897566,True,-0.26932425449396796
2024-04-28 00:00:00+00:00,0.0,0.0,0.0,0.0,0.0,0.0,0.0,0.0,-0.2368144154587947,-0.3117780824172594,-0.2793052412439976,-0.082385897706037,-0.2494937901255431,-0.321664557897566,True,-0.26932425449396796
2024-04-29 00:00:00+00:00,0.0,0.0,0.0,0.0,0.0,0.0,0.0,0.0,-0.2368144154587947,-0.3117780824172594,-0.2793052412439976,-0.082385897706037,-0.2494937901255431,-0.321664557897566,True,-0.26932425449396796
2024-04-30 00:00:00+00:00,0.0,0.0,0.0,0.0,0.0,0.0,0.0,0.0,-0.2368144154587947,-0.3117780824172594,-0.2793052412439976,-0.082385897706037,-0.2494937901255431,-0.321664557897566,True,-0.26932425449396796
2024-05-01 00:00:00+00:00,0.0,0.0,0.0,0.0,0.0,0.0,0.0,0.0,-0.2368144154587947,-0.3117780824172594,-0.2793052412439976,-0.082385897706037,-0.2494937901255431,-0.321664557897566,True,-0.26932425449396796
2024-05-02 00:00:00+00:00,0.0,0.0,0.0,0.0,0.0,0.0,0.0,0.0,-0.2368144154587947,-0.3117780824172594,-0.2793052412439976,-0.082385897706037,-0.2494937901255431,-0.321664557897566,True,-0.26932425449396796
2024-05-03 00:00:00+00:00,0.0,0.0,0.0,0.0,0.0,0.0,0.0,0.0,-0.2368144154587947,-0.3117780824172594,-0.2793052412439976,-0.082385897706037,-0.2494937901255431,-0.321664557897566,True,-0.26932425449396796
2024-05-04 00:00:00+00:00,1.0,1.0,1.0,1.0,0.0,0.0,0.0,1.0,0.2330271670460012,0.6537725428661474,1.3434351273058398,-0.0806874450389304,-0.2494937901255431,3.848472299029357,True,1.277335225316605
2024-05-05 00:00:00+00:00,0.0,0.0,0.0,0.0,0.0,0.0,0.0,0.0,-0.2368144154587947,-0.3117780824172594,-0.2793052412439976,-0.082385897706037,-0.2494937901255431,-0.321664557897566,True,-0.26932425449396796
2024-05-06 00:00:00+00:00,0.0,0.0,0.0,0.0,0.0,0.0,0.0,0.0,-0.2368144154587947,-0.3117780824172594,-0.2793052412439976,-0.082385897706037,-0.2494937901255431,-0.321664557897566,True,-0.26932425449396796
2024-05-07 00:00:00+00:00,0.0,0.0,0.0,0.0,0.0,0.0,0.0,0.0,-0.2368144154587947,-0.3117780824172594,-0.2793052412439976,-0.082385897706037,-0.2494937901255431,-0.321664557897566,True,-0.26932425449396796
2024-05-08 00:00:00+00:00,0.0,0.0,0.0,0.0,0.0,0.0,0.0,0.0,-0.2368144154587947,-0.3117780824172594,-0.2793052412439976,-0.082385897706037,-0.2494937901255431,-0.321664557897566,True,-0.26932425449396796
2024-05-09 00:00:00+00:00,0.0,0.0,0.0,0.0,0.0,0.0,0.0,0.0,-0.2368144154587947,-0.3117780824172594,-0.2793052412439976,-0.082385897706037,-0.2494937901255431,-0.321664557897566,True,-0.26932425449396796
2024-05-10 00:00:00+00:00,0.0,0.0,0.0,0.0,0.0,0.0,0.0,0.0,-0.2368144154587947,-0.3117780824172594,-0.2793052412439976,-0.082385897706037,-0.2494937901255431,-0.321664557897566,True,-0.26932425449396796
2024-05-11 00:00:00+00:00,0.0,0.0,0.0,0.0,0.0,0.0,0.0,0.0,-0.2368144154587947,-0.3117780824172594,-0.2793052412439976,-0.082385897706037,-0.2494937901255431,-0.321664557897566,True,-0.26932425449396796
2024-05-12 00:00:00+00:00,0.0,0.0,0.0,0.0,0.0,0.0,0.0,0.0,-0.2368144154587947,-0.3117780824172594,-0.2793052412439976,-0.082385897706037,-0.2494937901255431,-0.321664557897566,True,-0.26932425449396796
2024-05-13 00:00:00+00:00,0.0,0.0,0.0,0.0,0.0,0.0,0.0,0.0,-0.2368144154587947,-0.3117780824172594,-0.2793052412439976,-0.082385897706037,-0.2494937901255431,-0.321664557897566,True,-0.26932425449396796
2024-05-14 00:00:00+00:00,0.0,0.0,0.0,0.0,0.0,0.0,0.0,0.0,-0.2368144154587947,-0.3117780824172594,-0.2793052412439976,-0.082385897706037,-0.2494937901255431,-0.321664557897566,True,-0.26932425449396796
2024-05-15 00:00:00+00:00,0.0,0.0,0.0,0.0,0.0,0.0,0.0,0.0,-0.2368144154587947,-0.3117780824172594,-0.2793052412439976,-0.082385897706037,-0.2494937901255431,-0.321664557897566,True,-0.26932425449396796
2024-05-16 00:00:00+00:00,0.0,0.0,0.0,0.0,0.0,0.0,0.0,0.0,-0.2368144154587947,-0.3117780824172594,-0.2793052412439976,-0.082385897706037,-0.2494937901255431,-0.321664557897566,True,-0.26932425449396796
2024-05-17 00:00:00+00:00,0.0,0.0,0.0,0.0,0.0,0.0,0.0,0.0,-0.2368144154587947,-0.3117780824172594,-0.2793052412439976,-0.082385897706037,-0.2494937901255431,-0.321664557897566,True,-0.26932425449396796
2024-05-18 00:00:00+00:00,0.0,0.0,0.0,0.0,0.0,0.0,0.0,0.0,-0.2368144154587947,-0.3117780824172594,-0.2793052412439976,-0.082385897706037,-0.2494937901255431,-0.321664557897566,True,-0.26932425449396796
2024-05-19 00:00:00+00:00,0.0,0.0,0.0,0.0,0.0,0.0,0.0,0.0,-0.2368144154587947,-0.3117780824172594,-0.2793052412439976,-0.082385897706037,-0.2494937901255431,-0.321664557897566,True,-0.26932425449396796
2024-05-20 00:00:00+00:00,0.0,0.0,0.0,0.0,0.0,0.0,0.0,0.0,-0.2368144154587947,-0.3117780824172594,-0.2793052412439976,-0.082385897706037,-0.2494937901255431,-0.321664557897566,True,-0.26932425449396796
2024-05-21 00:00:00+00:00,0.0,0.0,0.0,0.0,0.0,0.0,0.0,0.0,-0.2368144154587947,-0.3117780824172594,-0.2793052412439976,-0.082385897706037,-0.2494937901255431,-0.321664557897566,True,-0.26932425449396796
2024-05-22 00:00:00+00:00,0.0,0.0,0.0,0.0,0.0,0.0,0.0,0.0,-0.2368144154587947,-0.3117780824172594,-0.2793052412439976,-0.082385897706037,-0.2494937901255431,-0.321664557897566,True,-0.26932425449396796
2024-05-23 00:00:00+00:00,0.0,0.0,0.0,0.0,0.0,0.0,0.0,0.0,-0.2368144154587947,-0.3117780824172594,-0.2793052412439976,-0.082385897706037,-0.2494937901255431,-0.321664557897566,True,-0.26932425449396796
2024-05-24 00:00:00+00:00,0.0,0.0,0.0,0.0,0.0,0.0,0.0,0.0,-0.2368144154587947,-0.3117780824172594,-0.2793052412439976,-0.082385897706037,-0.2494937901255431,-0.321664557897566,True,-0.26932425449396796
2024-05-25 00:00:00+00:00,0.0,0.0,0.0,0.0,0.0,0.0,0.0,0.0,-0.2368144154587947,-0.3117780824172594,-0.2793052412439976,-0.082385897706037,-0.2494937901255431,-0.321664557897566,True,-0.26932425449396796
2024-05-26 00:00:00+00:00,0.0,0.0,0.0,0.0,0.0,0.0,0.0,0.0,-0.2368144154587947,-0.3117780824172594,-0.2793052412439976,-0.082385897706037,-0.2494937901255431,-0.321664557897566,True,-0.26932425449396796
2024-05-27 00:00:00+00:00,0.0,0.0,0.0,0.0,0.0,0.0,0.0,0.0,-0.2368144154587947,-0.3117780824172594,-0.2793052412439976,-0.082385897706037,-0.2494937901255431,-0.321664557897566,True,-0.26932425449396796
2024-05-28 00:00:00+00:00,0.0,0.0,0.0,0.0,0.0,0.0,0.0,0.0,-0.2368144154587947,-0.3117780824172594,-0.2793052412439976,-0.082385897706037,-0.2494937901255431,-0.321664557897566,True,-0.26932425449396796
2024-05-29 00:00:00+00:00,0.0,0.0,0.0,0.0,0.0,0.0,0.0,0.0,-0.2368144154587947,-0.3117780824172594,-0.2793052412439976,-0.082385897706037,-0.2494937901255431,-0.321664557897566,True,-0.26932425449396796
2024-05-30 00:00:00+00:00,0.0,0.0,0.0,0.0,0.0,0.0,0.0,0.0,-0.2368144154587947,-0.3117780824172594,-0.2793052412439976,-0.082385897706037,-0.2494937901255431,-0.321664557897566,True,-0.26932425449396796
2024-05-31 00:00:00+00:00,0.0,0.0,0.0,0.0,0.0,0.0,0.0,0.0,-0.2368144154587947,-0.3117780824172594,-0.2793052412439976,-0.082385897706037,-0.2494937901255431,-0.321664557897566,True,-0.26932425449396796
2024-06-01 00:00:00+00:00,0.0,0.0,0.0,0.0,0.0,0.0,0.0,0.0,-0.2368144154587947,-0.3117780824172594,-0.2793052412439976,-0.082385897706037,-0.2494937901255431,-0.321664557897566,True,-0.26932425449396796
2024-06-02 00:00:00+00:00,0.0,0.0,0.0,0.0,0.0,0.0,0.0,0.0,-0.2368144154587947,-0.3117780824172594,-0.2793052412439976,-0.082385897706037,-0.2494937901255431,-0.321664557897566,True,-0.26932425449396796
2024-06-03 00:00:00+00:00,0.0,0.0,0.0,0.0,0.0,0.0,0.0,0.0,-0.2368144154587947,-0.3117780824172594,-0.2793052412439976,-0.082385897706037,-0.2494937901255431,-0.321664557897566,True,-0.26932425449396796
2024-06-04 00:00:00+00:00,0.0,0.0,0.0,0.0,0.0,0.0,0.0,0.0,-0.2368144154587947,-0.3117780824172594,-0.2793052412439976,-0.082385897706037,-0.2494937901255431,-0.321664557897566,True,-0.26932425449396796
2024-06-05 00:00:00+00:00,0.0,0.0,0.0,0.0,0.0,0.0,0.0,0.0,-0.2368144154587947,-0.3117780824172594,-0.2793052412439976,-0.082385897706037,-0.2494937901255431,-0.321664557897566,True,-0.26932425449396796
2024-06-06 00:00:00+00:00,0.0,0.0,0.0,0.0,0.0,0.0,0.0,0.0,-0.2368144154587947,-0.3117780824172594,-0.2793052412439976,-0.082385897706037,-0.2494937901255431,-0.321664557897566,True,-0.26932425449396796
2024-06-07 00:00:00+00:00,0.0,0.0,0.0,0.0,0.0,0.0,0.0,0.0,-0.2368144154587947,-0.3117780824172594,-0.2793052412439976,-0.082385897706037,-0.2494937901255431,-0.321664557897566,True,-0.26932425449396796
2024-06-08 00:00:00+00:00,0.0,0.0,0.0,0.0,0.0,0.0,0.0,0.0,-0.2368144154587947,-0.3117780824172594,-0.2793052412439976,-0.082385897706037,-0.2494937901255431,-0.321664557897566,True,-0.26932425449396796
2024-06-09 00:00:00+00:00,0.0,0.0,0.0,0.0,0.0,0.0,0.0,0.0,-0.2368144154587947,-0.3117780824172594,-0.2793052412439976,-0.082385897706037,-0.2494937901255431,-0.321664557897566,True,-0.26932425449396796
2024-06-10 00:00:00+00:00,0.0,0.0,0.0,0.0,0.0,0.0,0.0,0.0,-0.2368144154587947,-0.3117780824172594,-0.2793052412439976,-0.082385897706037,-0.2494937901255431,-0.321664557897566,True,-0.26932425449396796
2024-06-11 00:00:00+00:00,3.0,2.0,1.0,7.333333333333333,0.3333333333333333,0.0,0.0,0.5,1.1727103320555934,1.6193231681495543,1.3434351273058398,-0.0699305781472555,2.395274431374833,1.7634038705658954,True,1.7771295446654405
2024-06-12 00:00:00+00:00,0.0,0.0,0.0,0.0,0.0,0.0,0.0,0.0,-0.2368144154587947,-0.3117780824172594,-0.2793052412439976,-0.082385897706037,-0.2494937901255431,-0.321664557897566,True,-0.26932425449396796
2024-06-13 00:00:00+00:00,4.0,2.0,1.0,23.0,0.25,0.0,0.0,0.5,1.6425519145603893,1.6193231681495543,1.3434351273058398,-0.0433214863625859,1.734082375999739,1.7634038705658954,True,1.7133460537086744
2024-06-14 00:00:00+00:00,2.0,2.0,2.0,348.0,0.0,0.0,0.0,1.0,0.7028687495507973,1.6193231681495543,2.966175495855677,0.5086756304470482,-0.2494937901255431,3.848472299029357,True,1.433949086151537
2024-06-15 00:00:00+00:00,3.0,2.0,0.0,39.0,0.0,0.0,0.0,0.0,1.1727103320555934,1.6193231681495543,-0.2793052412439976,-0.0161462436888809,-0.2494937901255431,-0.321664557897566,True,0.2005173280108281
2024-06-16 00:00:00+00:00,0.0,0.0,0.0,0.0,0.0,0.0,0.0,0.0,-0.2368144154587947,-0.3117780824172594,-0.2793052412439976,-0.082385897706037,-0.2494937901255431,-0.321664557897566,True,-0.26932425449396796
2024-06-17 00:00:00+00:00,0.0,0.0,0.0,0.0,0.0,0.0,0.0,0.0,-0.2368144154587947,-0.3117780824172594,-0.2793052412439976,-0.082385897706037,-0.2494937901255431,-0.321664557897566,True,-0.26932425449396796
2024-06-18 00:00:00+00:00,5.0,2.0,0.0,153.4,0.0,0.0,0.0,0.0,2.1123934970651854,1.6193231681495543,-0.2793052412439976,0.1781567414281103,-0.2494937901255431,-0.321664557897566,True,0.5137450496806921
2024-06-19 00:00:00+00:00,1.0,1.0,0.0,758.0,0.0,0.0,0.0,0.0,0.2330271670460012,0.6537725428661474,-0.2793052412439976,1.2050412239607404,-0.2494937901255431,-0.321664557897566,True,-0.11271039365903596
2024-06-20 00:00:00+00:00,0.0,0.0,0.0,0.0,0.0,0.0,0.0,0.0,-0.2368144154587947,-0.3117780824172594,-0.2793052412439976,-0.082385897706037,-0.2494937901255431,-0.321664557897566,True,-0.26932425449396796
2024-06-21 00:00:00+00:00,0.0,0.0,0.0,0.0,0.0,0.0,0.0,0.0,-0.2368144154587947,-0.3117780824172594,-0.2793052412439976,-0.082385897706037,-0.2494937901255431,-0.321664557897566,True,-0.26932425449396796
2024-06-22 00:00:00+00:00,2.0,2.0,1.0,789.0,0.5,0.0,0.0,0.5,0.7028687495507973,1.6193231681495543,1.3434351273058398,1.257693256641044,3.717658542125021,1.7634038705658954,True,2.0613103874139047
2024-06-23 00:00:00+00:00,0.0,0.0,0.0,0.0,0.0,0.0,0.0,0.0,-0.2368144154587947,-0.3117780824172594,-0.2793052412439976,-0.082385897706037,-0.2494937901255431,-0.321664557897566,True,-0.26932425449396796
2024-06-24 00:00:00+00:00,3.0,2.0,1.0,278.0,0.3333333333333333,0.0,0.0,0.5,1.1727103320555934,1.6193231681495543,1.3434351273058398,0.3897839437495885,2.395274431374833,1.7634038705658954,True,1.7771295446654405
2024-06-25 00:00:00+00:00,5.0,2.0,0.0,186.8,0.0,0.0,0.0,0.0,2.1123934970651854,1.6193231681495543,-0.2793052412439976,0.2348850605094696,-0.2494937901255431,-0.321664557897566,True,0.5137450496806921
2024-06-26 00:00:00+00:00,0.0,0.0,0.0,0.0,0.0,0.0,0.0,0.0,-0.2368144154587947,-0.3117780824172594,-0.2793052412439976,-0.082385897706037,-0.2494937901255431,-0.321664557897566,True,-0.26932425449396796
2024-06-27 00:00:00+00:00,0.0,0.0,0.0,0.0,0.0,0.0,0.0,0.0,-0.2368144154587947,-0.3117780824172594,-0.2793052412439976,-0.082385897706037,-0.2494937901255431,-0.321664557897566,True,-0.26932425449396796
2024-06-28 00:00:00+00:00,0.0,0.0,0.0,0.0,0.0,0.0,0.0,0.0,-0.2368144154587947,-0.3117780824172594,-0.2793052412439976,-0.082385897706037,-0.2494937901255431,-0.321664557897566,True,-0.26932425449396796
2024-06-29 00:00:00+00:00,0.0,0.0,0.0,0.0,0.0,0.0,0.0,0.0,-0.2368144154587947,-0.3117780824172594,-0.2793052412439976,-0.082385897706037,-0.2494937901255431,-0.321664557897566,True,-0.26932425449396796
2024-06-30 00:00:00+00:00,0.0,0.0,0.0,0.0,0.0,0.0,0.0,0.0,-0.2368144154587947,-0.3117780824172594,-0.2793052412439976,-0.082385897706037,-0.2494937901255431,-0.321664557897566,True,-0.26932425449396796
2024-07-01 00:00:00+00:00,0.0,0.0,0.0,0.0,0.0,0.0,0.0,0.0,-0.2368144154587947,-0.3117780824172594,-0.2793052412439976,-0.082385897706037,-0.2494937901255431,-0.321664557897566,True,-0.26932425449396796
2024-07-02 00:00:00+00:00,0.0,0.0,0.0,0.0,0.0,0.0,0.0,0.0,-0.2368144154587947,-0.3117780824172594,-0.2793052412439976,-0.082385897706037,-0.2494937901255431,-0.321664557897566,True,-0.26932425449396796
2024-07-03 00:00:00+00:00,0.0,0.0,0.0,0.0,0.0,0.0,0.0,0.0,-0.2368144154587947,-0.3117780824172594,-0.2793052412439976,-0.082385897706037,-0.2494937901255431,-0.321664557897566,True,-0.26932425449396796
2024-07-04 00:00:00+00:00,0.0,0.0,0.0,0.0,0.0,0.0,0.0,0.0,-0.2368144154587947,-0.3117780824172594,-0.2793052412439976,-0.082385897706037,-0.2494937901255431,-0.321664557897566,True,-0.26932425449396796
2024-07-05 00:00:00+00:00,0.0,0.0,0.0,0.0,0.0,0.0,0.0,0.0,-0.2368144154587947,-0.3117780824172594,-0.2793052412439976,-0.082385897706037,-0.2494937901255431,-0.321664557897566,True,-0.26932425449396796
2024-07-06 00:00:00+00:00,0.0,0.0,0.0,0.0,0.0,0.0,0.0,0.0,-0.2368144154587947,-0.3117780824172594,-0.2793052412439976,-0.082385897706037,-0.2494937901255431,-0.321664557897566,True,-0.26932425449396796
2024-07-07 00:00:00+00:00,0.0,0.0,0.0,0.0,0.0,0.0,0.0,0.0,-0.2368144154587947,-0.3117780824172594,-0.2793052412439976,-0.082385897706037,-0.2494937901255431,-0.321664557897566,True,-0.26932425449396796
2024-07-08 00:00:00+00:00,0.0,0.0,0.0,0.0,0.0,0.0,0.0,0.0,-0.2368144154587947,-0.3117780824172594,-0.2793052412439976,-0.082385897706037,-0.2494937901255431,-0.321664557897566,True,-0.26932425449396796
2024-07-09 00:00:00+00:00,0.0,0.0,0.0,0.0,0.0,0.0,0.0,0.0,-0.2368144154587947,-0.3117780824172594,-0.2793052412439976,-0.082385897706037,-0.2494937901255431,-0.321664557897566,True,-0.26932425449396796
2024-07-10 00:00:00+00:00,0.0,0.0,0.0,0.0,0.0,0.0,0.0,0.0,-0.2368144154587947,-0.3117780824172594,-0.2793052412439976,-0.082385897706037,-0.2494937901255431,-0.321664557897566,True,-0.26932425449396796
2024-07-11 00:00:00+00:00,0.0,0.0,0.0,0.0,0.0,0.0,0.0,0.0,-0.2368144154587947,-0.3117780824172594,-0.2793052412439976,-0.082385897706037,-0.2494937901255431,-0.321664557897566,True,-0.26932425449396796
2024-07-12 00:00:00+00:00,0.0,0.0,0.0,0.0,0.0,0.0,0.0,0.0,-0.2368144154587947,-0.3117780824172594,-0.2793052412439976,-0.082385897706037,-0.2494937901255431,-0.321664557897566,True,-0.26932425449396796
2024-07-13 00:00:00+00:00,0.0,0.0,0.0,0.0,0.0,0.0,0.0,0.0,-0.2368144154587947,-0.3117780824172594,-0.2793052412439976,-0.082385897706037,-0.2494937901255431,-0.321664557897566,True,-0.26932425449396796
2024-07-14 00:00:00+00:00,0.0,0.0,0.0,0.0,0.0,0.0,0.0,0.0,-0.2368144154587947,-0.3117780824172594,-0.2793052412439976,-0.082385897706037,-0.2494937901255431,-0.321664557897566,True,-0.26932425449396796
2024-07-15 00:00:00+00:00,0.0,0.0,0.0,0.0,0.0,0.0,0.0,0.0,-0.2368144154587947,-0.3117780824172594,-0.2793052412439976,-0.082385897706037,-0.2494937901255431,-0.321664557897566,True,-0.26932425449396796
2024-07-16 00:00:00+00:00,0.0,0.0,0.0,0.0,0.0,0.0,0.0,0.0,-0.2368144154587947,-0.3117780824172594,-0.2793052412439976,-0.082385897706037,-0.2494937901255431,-0.321664557897566,True,-0.26932425449396796
2024-07-17 00:00:00+00:00,2.0,2.0,1.0,19.0,0.0,0.0,0.0,0.5,0.7028687495507973,1.6193231681495543,1.3434351273058398,-0.0501152970310122,-0.2494937901255431,1.7634038705658954,True,0.7389262766637166
2024-07-18 00:00:00+00:00,0.0,0.0,0.0,0.0,0.0,0.0,0.0,0.0,-0.2368144154587947,-0.3117780824172594,-0.2793052412439976,-0.082385897706037,-0.2494937901255431,-0.321664557897566,True,-0.26932425449396796
2024-07-19 00:00:00+00:00,0.0,0.0,0.0,0.0,0.0,0.0,0.0,0.0,-0.2368144154587947,-0.3117780824172594,-0.2793052412439976,-0.082385897706037,-0.2494937901255431,-0.321664557897566,True,-0.26932425449396796
2024-07-20 00:00:00+00:00,0.0,0.0,0.0,0.0,0.0,0.0,0.0,0.0,-0.2368144154587947,-0.3117780824172594,-0.2793052412439976,-0.082385897706037,-0.2494937901255431,-0.321664557897566,True,-0.26932425449396796
2024-07-21 00:00:00+00:00,0.0,0.0,0.0,0.0,0.0,0.0,0.0,0.0,-0.2368144154587947,-0.3117780824172594,-0.2793052412439976,-0.082385897706037,-0.2494937901255431,-0.321664557897566,True,-0.26932425449396796
2024-07-22 00:00:00+00:00,2.0,2.0,1.0,14.0,0.0,0.0,0.0,0.5,0.7028687495507973,1.6193231681495543,1.3434351273058398,-0.058607560366545,-0.2494937901255431,1.7634038705658954,True,0.7389262766637166
2024-07-23 00:00:00+00:00,0.0,0.0,0.0,0.0,0.0,0.0,0.0,0.0,-0.2368144154587947,-0.3117780824172594,-0.2793052412439976,-0.082385897706037,-0.2494937901255431,-0.321664557897566,True,-0.26932425449396796
2024-07-24 00:00:00+00:00,0.0,0.0,0.0,0.0,0.0,0.0,0.0,0.0,-0.2368144154587947,-0.3117780824172594,-0.2793052412439976,-0.082385897706037,-0.2494937901255431,-0.321664557897566,True,-0.26932425449396796
2024-07-25 00:00:00+00:00,0.0,0.0,0.0,0.0,0.0,0.0,0.0,0.0,-0.2368144154587947,-0.3117780824172594,-0.2793052412439976,-0.082385897706037,-0.2494937901255431,-0.321664557897566,True,-0.26932425449396796
2024-07-26 00:00:00+00:00,0.0,0.0,0.0,0.0,0.0,0.0,0.0,0.0,-0.2368144154587947,-0.3117780824172594,-0.2793052412439976,-0.082385897706037,-0.2494937901255431,-0.321664557897566,True,-0.26932425449396796
2024-07-27 00:00:00+00:00,0.0,0.0,0.0,0.0,0.0,0.0,0.0,0.0,-0.2368144154587947,-0.3117780824172594,-0.2793052412439976,-0.082385897706037,-0.2494937901255431,-0.321664557897566,True,-0.26932425449396796
2024-07-28 00:00:00+00:00,0.0,0.0,0.0,0.0,0.0,0.0,0.0,0.0,-0.2368144154587947,-0.3117780824172594,-0.2793052412439976,-0.082385897706037,-0.2494937901255431,-0.321664557897566,True,-0.26932425449396796
2024-07-29 00:00:00+00:00,0.0,0.0,0.0,0.0,0.0,0.0,0.0,0.0,-0.2368144154587947,-0.3117780824172594,-0.2793052412439976,-0.082385897706037,-0.2494937901255431,-0.321664557897566,True,-0.26932425449396796
2024-07-30 00:00:00+00:00,0.0,0.0,0.0,0.0,0.0,0.0,0.0,0.0,-0.2368144154587947,-0.3117780824172594,-0.2793052412439976,-0.082385897706037,-0.2494937901255431,-0.321664557897566,True,-0.26932425449396796
2024-07-31 00:00:00+00:00,0.0,0.0,0.0,0.0,0.0,0.0,0.0,0.0,-0.2368144154587947,-0.3117780824172594,-0.2793052412439976,-0.082385897706037,-0.2494937901255431,-0.321664557897566,True,-0.26932425449396796
2024-08-01 00:00:00+00:00,0.0,0.0,0.0,0.0,0.0,0.0,0.0,0.0,-0.2368144154587947,-0.3117780824172594,-0.2793052412439976,-0.082385897706037,-0.2494937901255431,-0.321664557897566,True,-0.26932425449396796
2024-08-02 00:00:00+00:00,6.0,2.0,0.0,746.5,0.0,0.0,0.0,0.0,2.5822350795699816,1.6193231681495543,-0.2793052412439976,1.185509018289015,-0.2494937901255431,-0.321664557897566,True,0.6703589105156241
2024-08-03 00:00:00+00:00,10.0,3.0,1.0,212.9,0.4,0.0,0.0,0.3333333333333333,4.461601409589165,2.584873793432961,1.3434351273058398,0.279214675120951,2.9242280756749084,1.0683810610780748,True,2.8180701821140492
2024-08-04 00:00:00+00:00,1.0,1.0,0.0,1837.0,1.0,0.0,0.0,0.0,0.2330271670460012,0.6537725428661474,-0.2793052412439976,3.0376716517687257,7.684810874375585,-0.321664557897566,True,2.53205782784134
2024-08-05 00:00:00+00:00,2.0,1.0,1.0,2.5,0.0,0.0,0.0,1.0,0.7028687495507973,0.6537725428661474,1.3434351273058398,-0.0781397660382705,-0.2494937901255431,3.848472299029357,True,1.433949086151537
2024-08-06 00:00:00+00:00,0.0,0.0,0.0,0.0,0.0,0.0,0.0,0.0,-0.2368144154587947,-0.3117780824172594,-0.2793052412439976,-0.082385897706037,-0.2494937901255431,-0.321664557897566,True,-0.26932425449396796
2024-08-07 00:00:00+00:00,0.0,0.0,0.0,0.0,0.0,0.0,0.0,0.0,-0.2368144154587947,-0.3117780824172594,-0.2793052412439976,-0.082385897706037,-0.2494937901255431,-0.321664557897566,True,-0.26932425449396796
2024-08-08 00:00:00+00:00,0.0,0.0,0.0,0.0,0.0,0.0,0.0,0.0,-0.2368144154587947,-0.3117780824172594,-0.2793052412439976,-0.082385897706037,-0.2494937901255431,-0.321664557897566,True,-0.26932425449396796
2024-08-09 00:00:00+00:00,0.0,0.0,0.0,0.0,0.0,0.0,0.0,0.0,-0.2368144154587947,-0.3117780824172594,-0.2793052412439976,-0.082385897706037,-0.2494937901255431,-0.321664557897566,True,-0.26932425449396796
2024-08-10 00:00:00+00:00,0.0,0.0,0.0,0.0,0.0,0.0,0.0,0.0,-0.2368144154587947,-0.3117780824172594,-0.2793052412439976,-0.082385897706037,-0.2494937901255431,-0.321664557897566,True,-0.26932425449396796
2024-08-11 00:00:00+00:00,0.0,0.0,0.0,0.0,0.0,0.0,0.0,0.0,-0.2368144154587947,-0.3117780824172594,-0.2793052412439976,-0.082385897706037,-0.2494937901255431,-0.321664557897566,True,-0.26932425449396796
2024-08-12 00:00:00+00:00,0.0,0.0,0.0,0.0,0.0,0.0,0.0,0.0,-0.2368144154587947,-0.3117780824172594,-0.2793052412439976,-0.082385897706037,-0.2494937901255431,-0.321664557897566,True,-0.26932425449396796
2024-08-13 00:00:00+00:00,0.0,0.0,0.0,0.0,0.0,0.0,0.0,0.0,-0.2368144154587947,-0.3117780824172594,-0.2793052412439976,-0.082385897706037,-0.2494937901255431,-0.321664557897566,True,-0.26932425449396796
2024-08-14 00:00:00+00:00,0.0,0.0,0.0,0.0,0.0,0.0,0.0,0.0,-0.2368144154587947,-0.3117780824172594,-0.2793052412439976,-0.082385897706037,-0.2494937901255431,-0.321664557897566,True,-0.26932425449396796
2024-08-15 00:00:00+00:00,0.0,0.0,0.0,0.0,0.0,0.0,0.0,0.0,-0.2368144154587947,-0.3117780824172594,-0.2793052412439976,-0.082385897706037,-0.2494937901255431,-0.321664557897566,True,-0.26932425449396796
2024-08-16 00:00:00+00:00,0.0,0.0,0.0,0.0,0.0,0.0,0.0,0.0,-0.2368144154587947,-0.3117780824172594,-0.2793052412439976,-0.082385897706037,-0.2494937901255431,-0.321664557897566,True,-0.26932425449396796
2024-08-17 00:00:00+00:00,0.0,0.0,0.0,0.0,0.0,0.0,0.0,0.0,-0.2368144154587947,-0.3117780824172594,-0.2793052412439976,-0.082385897706037,-0.2494937901255431,-0.321664557897566,True,-0.26932425449396796
2024-08-18 00:00:00+00:00,0.0,0.0,0.0,0.0,0.0,0.0,0.0,0.0,-0.2368144154587947,-0.3117780824172594,-0.2793052412439976,-0.082385897706037,-0.2494937901255431,-0.321664557897566,True,-0.26932425449396796
2024-08-19 00:00:00+00:00,0.0,0.0,0.0,0.0,0.0,0.0,0.0,0.0,-0.2368144154587947,-0.3117780824172594,-0.2793052412439976,-0.082385897706037,-0.2494937901255431,-0.321664557897566,True,-0.26932425449396796
2024-08-20 00:00:00+00:00,0.0,0.0,0.0,0.0,0.0,0.0,0.0,0.0,-0.2368144154587947,-0.3117780824172594,-0.2793052412439976,-0.082385897706037,-0.2494937901255431,-0.321664557897566,True,-0.26932425449396796
2024-08-21 00:00:00+00:00,0.0,0.0,0.0,0.0,0.0,0.0,0.0,0.0,-0.2368144154587947,-0.3117780824172594,-0.2793052412439976,-0.082385897706037,-0.2494937901255431,-0.321664557897566,True,-0.26932425449396796
2024-08-22 00:00:00+00:00,0.0,0.0,0.0,0.0,0.0,0.0,0.0,0.0,-0.2368144154587947,-0.3117780824172594,-0.2793052412439976,-0.082385897706037,-0.2494937901255431,-0.321664557897566,True,-0.26932425449396796
2024-08-23 00:00:00+00:00,0.0,0.0,0.0,0.0,0.0,0.0,0.0,0.0,-0.2368144154587947,-0.3117780824172594,-0.2793052412439976,-0.082385897706037,-0.2494937901255431,-0.321664557897566,True,-0.26932425449396796
2024-08-24 00:00:00+00:00,0.0,0.0,0.0,0.0,0.0,0.0,0.0,0.0,-0.2368144154587947,-0.3117780824172594,-0.2793052412439976,-0.082385897706037,-0.2494937901255431,-0.321664557897566,True,-0.26932425449396796
2024-08-25 00:00:00+00:00,0.0,0.0,0.0,0.0,0.0,0.0,0.0,0.0,-0.2368144154587947,-0.3117780824172594,-0.2793052412439976,-0.082385897706037,-0.2494937901255431,-0.321664557897566,True,-0.26932425449396796
2024-08-26 00:00:00+00:00,0.0,0.0,0.0,0.0,0.0,0.0,0.0,0.0,-0.2368144154587947,-0.3117780824172594,-0.2793052412439976,-0.082385897706037,-0.2494937901255431,-0.321664557897566,True,-0.26932425449396796
2024-08-27 00:00:00+00:00,0.0,0.0,0.0,0.0,0.0,0.0,0.0,0.0,-0.2368144154587947,-0.3117780824172594,-0.2793052412439976,-0.082385897706037,-0.2494937901255431,-0.321664557897566,True,-0.26932425449396796
2024-08-28 00:00:00+00:00,0.0,0.0,0.0,0.0,0.0,0.0,0.0,0.0,-0.2368144154587947,-0.3117780824172594,-0.2793052412439976,-0.082385897706037,-0.2494937901255431,-0.321664557897566,True,-0.26932425449396796
2024-08-29 00:00:00+00:00,0.0,0.0,0.0,0.0,0.0,0.0,0.0,0.0,-0.2368144154587947,-0.3117780824172594,-0.2793052412439976,-0.082385897706037,-0.2494937901255431,-0.321664557897566,True,-0.26932425449396796
2024-08-30 00:00:00+00:00,0.0,0.0,0.0,0.0,0.0,0.0,0.0,0.0,-0.2368144154587947,-0.3117780824172594,-0.2793052412439976,-0.082385897706037,-0.2494937901255431,-0.321664557897566,True,-0.26932425449396796
2024-08-31 00:00:00+00:00,0.0,0.0,0.0,0.0,0.0,0.0,0.0,0.0,-0.2368144154587947,-0.3117780824172594,-0.2793052412439976,-0.082385897706037,-0.2494937901255431,-0.321664557897566,True,-0.26932425449396796
2024-09-01 00:00:00+00:00,1.0,1.0,1.0,29.0,0.0,0.0,0.0,1.0,0.2330271670460012,0.6537725428661474,1.3434351273058398,-0.0331307703599465,-0.2494937901255431,3.848472299029357,True,1.277335225316605
2024-09-02 00:00:00+00:00,0.0,0.0,0.0,0.0,0.0,0.0,0.0,0.0,-0.2368144154587947,-0.3117780824172594,-0.2793052412439976,-0.082385897706037,-0.2494937901255431,-0.321664557897566,True,-0.26932425449396796
2024-09-03 00:00:00+00:00,0.0,0.0,0.0,0.0,0.0,0.0,0.0,0.0,-0.2368144154587947,-0.3117780824172594,-0.2793052412439976,-0.082385897706037,-0.2494937901255431,-0.321664557897566,True,-0.26932425449396796
2024-09-04 00:00:00+00:00,0.0,0.0,0.0,0.0,0.0,0.0,0.0,0.0,-0.2368144154587947,-0.3117780824172594,-0.2793052412439976,-0.082385897706037,-0.2494937901255431,-0.321664557897566,True,-0.26932425449396796
2024-09-05 00:00:00+00:00,0.0,0.0,0.0,0.0,0.0,0.0,0.0,0.0,-0.2368144154587947,-0.3117780824172594,-0.2793052412439976,-0.082385897706037,-0.2494937901255431,-0.321664557897566,True,-0.26932425449396796
2024-09-06 00:00:00+00:00,0.0,0.0,0.0,0.0,0.0,0.0,0.0,0.0,-0.2368144154587947,-0.3117780824172594,-0.2793052412439976,-0.082385897706037,-0.2494937901255431,-0.321664557897566,True,-0.26932425449396796
2024-09-07 00:00:00+00:00,0.0,0.0,0.0,0.0,0.0,0.0,0.0,0.0,-0.2368144154587947,-0.3117780824172594,-0.2793052412439976,-0.082385897706037,-0.2494937901255431,-0.321664557897566,True,-0.26932425449396796
2024-09-08 00:00:00+00:00,0.0,0.0,0.0,0.0,0.0,0.0,0.0,0.0,-0.2368144154587947,-0.3117780824172594,-0.2793052412439976,-0.082385897706037,-0.2494937901255431,-0.321664557897566,True,-0.26932425449396796
2024-09-09 00:00:00+00:00,0.0,0.0,0.0,0.0,0.0,0.0,0.0,0.0,-0.2368144154587947,-0.3117780824172594,-0.2793052412439976,-0.082385897706037,-0.2494937901255431,-0.321664557897566,True,-0.26932425449396796
2024-09-10 00:00:00+00:00,0.0,0.0,0.0,0.0,0.0,0.0,0.0,0.0,-0.2368144154587947,-0.3117780824172594,-0.2793052412439976,-0.082385897706037,-0.2494937901255431,-0.321664557897566,True,-0.26932425449396796
2024-09-11 00:00:00+00:00,0.0,0.0,0.0,0.0,0.0,0.0,0.0,0.0,-0.2368144154587947,-0.3117780824172594,-0.2793052412439976,-0.082385897706037,-0.2494937901255431,-0.321664557897566,True,-0.26932425449396796
2024-09-12 00:00:00+00:00,0.0,0.0,0.0,0.0,0.0,0.0,0.0,0.0,-0.2368144154587947,-0.3117780824172594,-0.2793052412439976,-0.082385897706037,-0.2494937901255431,-0.321664557897566,True,-0.26932425449396796
2024-09-13 00:00:00+00:00,0.0,0.0,0.0,0.0,0.0,0.0,0.0,0.0,-0.2368144154587947,-0.3117780824172594,-0.2793052412439976,-0.082385897706037,-0.2494937901255431,-0.321664557897566,True,-0.26932425449396796
2024-09-14 00:00:00+00:00,0.0,0.0,0.0,0.0,0.0,0.0,0.0,0.0,-0.2368144154587947,-0.3117780824172594,-0.2793052412439976,-0.082385897706037,-0.2494937901255431,-0.321664557897566,True,-0.26932425449396796
2024-09-15 00:00:00+00:00,0.0,0.0,0.0,0.0,0.0,0.0,0.0,0.0,-0.2368144154587947,-0.3117780824172594,-0.2793052412439976,-0.082385897706037,-0.2494937901255431,-0.321664557897566,True,-0.26932425449396796
2024-09-16 00:00:00+00:00,0.0,0.0,0.0,0.0,0.0,0.0,0.0,0.0,-0.2368144154587947,-0.3117780824172594,-0.2793052412439976,-0.082385897706037,-0.2494937901255431,-0.321664557897566,True,-0.26932425449396796
2024-09-17 00:00:00+00:00,0.0,0.0,0.0,0.0,0.0,0.0,0.0,0.0,-0.2368144154587947,-0.3117780824172594,-0.2793052412439976,-0.082385897706037,-0.2494937901255431,-0.321664557897566,True,-0.26932425449396796
2024-09-18 00:00:00+00:00,0.0,0.0,0.0,0.0,0.0,0.0,0.0,0.0,-0.2368144154587947,-0.3117780824172594,-0.2793052412439976,-0.082385897706037,-0.2494937901255431,-0.321664557897566,True,-0.26932425449396796
2024-09-19 00:00:00+00:00,0.0,0.0,0.0,0.0,0.0,0.0,0.0,0.0,-0.2368144154587947,-0.3117780824172594,-0.2793052412439976,-0.082385897706037,-0.2494937901255431,-0.321664557897566,True,-0.26932425449396796
2024-09-20 00:00:00+00:00,0.0,0.0,0.0,0.0,0.0,0.0,0.0,0.0,-0.2368144154587947,-0.3117780824172594,-0.2793052412439976,-0.082385897706037,-0.2494937901255431,-0.321664557897566,True,-0.26932425449396796
2024-09-21 00:00:00+00:00,0.0,0.0,0.0,0.0,0.0,0.0,0.0,0.0,-0.2368144154587947,-0.3117780824172594,-0.2793052412439976,-0.082385897706037,-0.2494937901255431,-0.321664557897566,True,-0.26932425449396796
2024-09-22 00:00:00+00:00,0.0,0.0,0.0,0.0,0.0,0.0,0.0,0.0,-0.2368144154587947,-0.3117780824172594,-0.2793052412439976,-0.082385897706037,-0.2494937901255431,-0.321664557897566,True,-0.26932425449396796
2024-09-23 00:00:00+00:00,0.0,0.0,0.0,0.0,0.0,0.0,0.0,0.0,-0.2368144154587947,-0.3117780824172594,-0.2793052412439976,-0.082385897706037,-0.2494937901255431,-0.321664557897566,True,-0.26932425449396796
2024-09-24 00:00:00+00:00,0.0,0.0,0.0,0.0,0.0,0.0,0.0,0.0,-0.2368144154587947,-0.3117780824172594,-0.2793052412439976,-0.082385897706037,-0.2494937901255431,-0.321664557897566,True,-0.26932425449396796
2024-09-25 00:00:00+00:00,1.0,1.0,1.0,9.0,0.0,0.0,0.0,1.0,0.2330271670460012,0.6537725428661474,1.3434351273058398,-0.0670998237020779,-0.2494937901255431,3.848472299029357,True,1.277335225316605
2024-09-26 00:00:00+00:00,0.0,0.0,0.0,0.0,0.0,0.0,0.0,0.0,-0.2368144154587947,-0.3117780824172594,-0.2793052412439976,-0.082385897706037,-0.2494937901255431,-0.321664557897566,True,-0.26932425449396796
2024-09-27 00:00:00+00:00,0.0,0.0,0.0,0.0,0.0,0.0,0.0,0.0,-0.2368144154587947,-0.3117780824172594,-0.2793052412439976,-0.082385897706037,-0.2494937901255431,-0.321664557897566,True,-0.26932425449396796
2024-09-28 00:00:00+00:00,0.0,0.0,0.0,0.0,0.0,0.0,0.0,0.0,-0.2368144154587947,-0.3117780824172594,-0.2793052412439976,-0.082385897706037,-0.2494937901255431,-0.321664557897566,True,-0.26932425449396796
2024-09-29 00:00:00+00:00,0.0,0.0,0.0,0.0,0.0,0.0,0.0,0.0,-0.2368144154587947,-0.3117780824172594,-0.2793052412439976,-0.082385897706037,-0.2494937901255431,-0.321664557897566,True,-0.26932425449396796
2024-09-30 00:00:00+00:00,0.0,0.0,0.0,0.0,0.0,0.0,0.0,0.0,-0.2368144154587947,-0.3117780824172594,-0.2793052412439976,-0.082385897706037,-0.2494937901255431,-0.321664557897566,True,-0.26932425449396796
2024-10-01 00:00:00+00:00,0.0,0.0,0.0,0.0,0.0,0.0,0.0,0.0,-0.2368144154587947,-0.3117780824172594,-0.2793052412439976,-0.082385897706037,-0.2494937901255431,-0.321664557897566,True,-0.26932425449396796
2024-10-02 00:00:00+00:00,0.0,0.0,0.0,0.0,0.0,0.0,0.0,0.0,-0.2368144154587947,-0.3117780824172594,-0.2793052412439976,-0.082385897706037,-0.2494937901255431,-0.321664557897566,True,-0.26932425449396796
2024-10-03 00:00:00+00:00,0.0,0.0,0.0,0.0,0.0,0.0,0.0,0.0,-0.2368144154587947,-0.3117780824172594,-0.2793052412439976,-0.082385897706037,-0.2494937901255431,-0.321664557897566,True,-0.26932425449396796
2024-10-04 00:00:00+00:00,2.0,1.0,0.0,561.5,0.0,0.0,0.0,0.0,0.7028687495507973,0.6537725428661474,-0.2793052412439976,0.8712952748743001,-0.2494937901255431,-0.321664557897566,True,0.04390346717589607
2024-10-05 00:00:00+00:00,8.0,3.0,2.0,323.75,0.0,0.0,0.0,0.6666666666666666,3.5219182445795734,2.584873793432961,2.966175495855677,0.4674881532697139,-0.2494937901255431,2.458426680053716,True,1.9102837115025821
2024-10-06 00:00:00+00:00,0.0,0.0,0.0,0.0,0.0,0.0,0.0,0.0,-0.2368144154587947,-0.3117780824172594,-0.2793052412439976,-0.082385897706037,-0.2494937901255431,-0.321664557897566,True,-0.26932425449396796
2024-10-07 00:00:00+00:00,2.0,2.0,1.0,26.0,0.5,0.0,0.0,0.5,0.7028687495507973,1.6193231681495543,1.3434351273058398,-0.0382261283612662,3.717658542125021,1.7634038705658954,True,2.0613103874139047
2024-10-08 00:00:00+00:00,0.0,0.0,0.0,0.0,0.0,0.0,0.0,0.0,-0.2368144154587947,-0.3117780824172594,-0.2793052412439976,-0.082385897706037,-0.2494937901255431,-0.321664557897566,True,-0.26932425449396796
2024-10-09 00:00:00+00:00,0.0,0.0,0.0,0.0,0.0,0.0,0.0,0.0,-0.2368144154587947,-0.3117780824172594,-0.2793052412439976,-0.082385897706037,-0.2494937901255431,-0.321664557897566,True,-0.26932425449396796
2024-10-10 00:00:00+00:00,0.0,0.0,0.0,0.0,0.0,0.0,0.0,0.0,-0.2368144154587947,-0.3117780824172594,-0.2793052412439976,-0.082385897706037,-0.2494937901255431,-0.321664557897566,True,-0.26932425449396796
2024-10-11 00:00:00+00:00,0.0,0.0,0.0,0.0,0.0,0.0,0.0,0.0,-0.2368144154587947,-0.3117780824172594,-0.2793052412439976,-0.082385897706037,-0.2494937901255431,-0.321664557897566,True,-0.26932425449396796
2024-10-12 00:00:00+00:00,0.0,0.0,0.0,0.0,0.0,0.0,0.0,0.0,-0.2368144154587947,-0.3117780824172594,-0.2793052412439976,-0.082385897706037,-0.2494937901255431,-0.321664557897566,True,-0.26932425449396796
2024-10-13 00:00:00+00:00,0.0,0.0,0.0,0.0,0.0,0.0,0.0,0.0,-0.2368144154587947,-0.3117780824172594,-0.2793052412439976,-0.082385897706037,-0.2494937901255431,-0.321664557897566,True,-0.26932425449396796
2024-10-14 00:00:00+00:00,0.0,0.0,0.0,0.0,0.0,0.0,0.0,0.0,-0.2368144154587947,-0.3117780824172594,-0.2793052412439976,-0.082385897706037,-0.2494937901255431,-0.321664557897566,True,-0.26932425449396796
2024-10-15 00:00:00+00:00,0.0,0.0,0.0,0.0,0.0,0.0,0.0,0.0,-0.2368144154587947,-0.3117780824172594,-0.2793052412439976,-0.082385897706037,-0.2494937901255431,-0.321664557897566,True,-0.26932425449396796
2024-10-16 00:00:00+00:00,2.0,1.0,1.0,44.0,0.0,0.0,0.0,1.0,0.7028687495507973,0.6537725428661474,1.3434351273058398,-0.007653980353348,-0.2494937901255431,3.848472299029357,True,1.433949086151537
2024-10-17 00:00:00+00:00,0.0,0.0,0.0,0.0,0.0,0.0,0.0,0.0,-0.2368144154587947,-0.3117780824172594,-0.2793052412439976,-0.082385897706037,-0.2494937901255431,-0.321664557897566,True,-0.26932425449396796
2024-10-18 00:00:00+00:00,0.0,0.0,0.0,0.0,0.0,0.0,0.0,0.0,-0.2368144154587947,-0.3117780824172594,-0.2793052412439976,-0.082385897706037,-0.2494937901255431,-0.321664557897566,True,-0.26932425449396796
2024-10-19 00:00:00+00:00,0.0,0.0,0.0,0.0,0.0,0.0,0.0,0.0,-0.2368144154587947,-0.3117780824172594,-0.2793052412439976,-0.082385897706037,-0.2494937901255431,-0.321664557897566,True,-0.26932425449396796
2024-10-20 00:00:00+00:00,0.0,0.0,0.0,0.0,0.0,0.0,0.0,0.0,-0.2368144154587947,-0.3117780824172594,-0.2793052412439976,-0.082385897706037,-0.2494937901255431,-0.321664557897566,True,-0.26932425449396796
2024-10-21 00:00:00+00:00,0.0,0.0,0.0,0.0,0.0,0.0,0.0,0.0,-0.2368144154587947,-0.3117780824172594,-0.2793052412439976,-0.082385897706037,-0.2494937901255431,-0.321664557897566,True,-0.26932425449396796
2024-10-22 00:00:00+00:00,0.0,0.0,0.0,0.0,0.0,0.0,0.0,0.0,-0.2368144154587947,-0.3117780824172594,-0.2793052412439976,-0.082385897706037,-0.2494937901255431,-0.321664557897566,True,-0.26932425449396796
2024-10-23 00:00:00+00:00,0.0,0.0,0.0,0.0,0.0,0.0,0.0,0.0,-0.2368144154587947,-0.3117780824172594,-0.2793052412439976,-0.082385897706037,-0.2494937901255431,-0.321664557897566,True,-0.26932425449396796
2024-10-24 00:00:00+00:00,0.0,0.0,0.0,0.0,0.0,0.0,0.0,0.0,-0.2368144154587947,-0.3117780824172594,-0.2793052412439976,-0.082385897706037,-0.2494937901255431,-0.321664557897566,True,-0.26932425449396796
2024-10-25 00:00:00+00:00,0.0,0.0,0.0,0.0,0.0,0.0,0.0,0.0,-0.2368144154587947,-0.3117780824172594,-0.2793052412439976,-0.082385897706037,-0.2494937901255431,-0.321664557897566,True,-0.26932425449396796
2024-10-26 00:00:00+00:00,0.0,0.0,0.0,0.0,0.0,0.0,0.0,0.0,-0.2368144154587947,-0.3117780824172594,-0.2793052412439976,-0.082385897706037,-0.2494937901255431,-0.321664557897566,True,-0.26932425449396796
2024-10-27 00:00:00+00:00,0.0,0.0,0.0,0.0,0.0,0.0,0.0,0.0,-0.2368144154587947,-0.3117780824172594,-0.2793052412439976,-0.082385897706037,-0.2494937901255431,-0.321664557897566,True,-0.26932425449396796
2024-10-28 00:00:00+00:00,0.0,0.0,0.0,0.0,0.0,0.0,0.0,0.0,-0.2368144154587947,-0.3117780824172594,-0.2793052412439976,-0.082385897706037,-0.2494937901255431,-0.321664557897566,True,-0.26932425449396796
2024-10-29 00:00:00+00:00,0.0,0.0,0.0,0.0,0.0,0.0,0.0,0.0,-0.2368144154587947,-0.3117780824172594,-0.2793052412439976,-0.082385897706037,-0.2494937901255431,-0.321664557897566,True,-0.26932425449396796
2024-10-30 00:00:00+00:00,1.0,1.0,1.0,13.0,0.0,0.0,0.0,1.0,0.2330271670460012,0.6537725428661474,1.3434351273058398,-0.0603060130336516,-0.2494937901255431,3.848472299029357,True,1.277335225316605
2024-10-31 00:00:00+00:00,0.0,0.0,0.0,0.0,0.0,0.0,0.0,0.0,-0.2368144154587947,-0.3117780824172594,-0.2793052412439976,-0.082385897706037,-0.2494937901255431,-0.321664557897566,True,-0.26932425449396796
2024-11-01 00:00:00+00:00,0.0,0.0,0.0,0.0,0.0,0.0,0.0,0.0,-0.2368144154587947,-0.3117780824172594,-0.2793052412439976,-0.082385897706037,-0.2494937901255431,-0.321664557897566,True,-0.26932425449396796
2024-11-02 00:00:00+00:00,0.0,0.0,0.0,0.0,0.0,0.0,0.0,0.0,-0.2368144154587947,-0.3117780824172594,-0.2793052412439976,-0.082385897706037,-0.2494937901255431,-0.321664557897566,True,-0.26932425449396796
2024-11-03 00:00:00+00:00,0.0,0.0,0.0,0.0,0.0,0.0,0.0,0.0,-0.2368144154587947,-0.3117780824172594,-0.2793052412439976,-0.082385897706037,-0.2494937901255431,-0.321664557897566,True,-0.26932425449396796
2024-11-04 00:00:00+00:00,0.0,0.0,0.0,0.0,0.0,0.0,0.0,0.0,-0.2368144154587947,-0.3117780824172594,-0.2793052412439976,-0.082385897706037,-0.2494937901255431,-0.321664557897566,True,-0.26932425449396796
2024-11-05 00:00:00+00:00,0.0,0.0,0.0,0.0,0.0,0.0,0.0,0.0,-0.2368144154587947,-0.3117780824172594,-0.2793052412439976,-0.082385897706037,-0.2494937901255431,-0.321664557897566,True,-0.26932425449396796
2024-11-06 00:00:00+00:00,0.0,0.0,0.0,0.0,0.0,0.0,0.0,0.0,-0.2368144154587947,-0.3117780824172594,-0.2793052412439976,-0.082385897706037,-0.2494937901255431,-0.321664557897566,True,-0.26932425449396796
2024-11-07 00:00:00+00:00,0.0,0.0,0.0,0.0,0.0,0.0,0.0,0.0,-0.2368144154587947,-0.3117780824172594,-0.2793052412439976,-0.082385897706037,-0.2494937901255431,-0.321664557897566,True,-0.26932425449396796
2024-11-08 00:00:00+00:00,0.0,0.0,0.0,0.0,0.0,0.0,0.0,0.0,-0.2368144154587947,-0.3117780824172594,-0.2793052412439976,-0.082385897706037,-0.2494937901255431,-0.321664557897566,True,-0.26932425449396796
2024-11-09 00:00:00+00:00,0.0,0.0,0.0,0.0,0.0,0.0,0.0,0.0,-0.2368144154587947,-0.3117780824172594,-0.2793052412439976,-0.082385897706037,-0.2494937901255431,-0.321664557897566,True,-0.26932425449396796
2024-11-10 00:00:00+00:00,0.0,0.0,0.0,0.0,0.0,0.0,0.0,0.0,-0.2368144154587947,-0.3117780824172594,-0.2793052412439976,-0.082385897706037,-0.2494937901255431,-0.321664557897566,True,-0.26932425449396796
2024-11-11 00:00:00+00:00,0.0,0.0,0.0,0.0,0.0,0.0,0.0,0.0,-0.2368144154587947,-0.3117780824172594,-0.2793052412439976,-0.082385897706037,-0.2494937901255431,-0.321664557897566,True,-0.26932425449396796
2024-11-12 00:00:00+00:00,0.0,0.0,0.0,0.0,0.0,0.0,0.0,0.0,-0.2368144154587947,-0.3117780824172594,-0.2793052412439976,-0.082385897706037,-0.2494937901255431,-0.321664557897566,True,-0.26932425449396796
2024-11-13 00:00:00+00:00,0.0,0.0,0.0,0.0,0.0,0.0,0.0,0.0,-0.2368144154587947,-0.3117780824172594,-0.2793052412439976,-0.082385897706037,-0.2494937901255431,-0.321664557897566,True,-0.26932425449396796
2024-11-14 00:00:00+00:00,0.0,0.0,0.0,0.0,0.0,0.0,0.0,0.0,-0.2368144154587947,-0.3117780824172594,-0.2793052412439976,-0.082385897706037,-0.2494937901255431,-0.321664557897566,True,-0.26932425449396796
2024-11-15 00:00:00+00:00,0.0,0.0,0.0,0.0,0.0,0.0,0.0,0.0,-0.2368144154587947,-0.3117780824172594,-0.2793052412439976,-0.082385897706037,-0.2494937901255431,-0.321664557897566,True,-0.26932425449396796
2024-11-16 00:00:00+00:00,0.0,0.0,0.0,0.0,0.0,0.0,0.0,0.0,-0.2368144154587947,-0.3117780824172594,-0.2793052412439976,-0.082385897706037,-0.2494937901255431,-0.321664557897566,True,-0.26932425449396796
2024-11-17 00:00:00+00:00,0.0,0.0,0.0,0.0,0.0,0.0,0.0,0.0,-0.2368144154587947,-0.3117780824172594,-0.2793052412439976,-0.082385897706037,-0.2494937901255431,-0.321664557897566,True,-0.26932425449396796
2024-11-18 00:00:00+00:00,1.0,1.0,0.0,1.0,0.0,0.0,0.0,0.0,0.2330271670460012,0.6537725428661474,-0.2793052412439976,-0.0806874450389304,-0.2494937901255431,-0.321664557897566,True,-0.11271039365903596
2024-11-19 00:00:00+00:00,0.0,0.0,0.0,0.0,0.0,0.0,0.0,0.0,-0.2368144154587947,-0.3117780824172594,-0.2793052412439976,-0.082385897706037,-0.2494937901255431,-0.321664557897566,True,-0.26932425449396796
2024-11-20 00:00:00+00:00,0.0,0.0,0.0,0.0,0.0,0.0,0.0,0.0,-0.2368144154587947,-0.3117780824172594,-0.2793052412439976,-0.082385897706037,-0.2494937901255431,-0.321664557897566,True,-0.26932425449396796
2024-11-21 00:00:00+00:00,0.0,0.0,0.0,0.0,0.0,0.0,0.0,0.0,-0.2368144154587947,-0.3117780824172594,-0.2793052412439976,-0.082385897706037,-0.2494937901255431,-0.321664557897566,True,-0.26932425449396796
2024-11-22 00:00:00+00:00,0.0,0.0,0.0,0.0,0.0,0.0,0.0,0.0,-0.2368144154587947,-0.3117780824172594,-0.2793052412439976,-0.082385897706037,-0.2494937901255431,-0.321664557897566,True,-0.26932425449396796
2024-11-23 00:00:00+00:00,0.0,0.0,0.0,0.0,0.0,0.0,0.0,0.0,-0.2368144154587947,-0.3117780824172594,-0.2793052412439976,-0.082385897706037,-0.2494937901255431,-0.321664557897566,True,-0.26932425449396796
2024-11-24 00:00:00+00:00,0.0,0.0,0.0,0.0,0.0,0.0,0.0,0.0,-0.2368144154587947,-0.3117780824172594,-0.2793052412439976,-0.082385897706037,-0.2494937901255431,-0.321664557897566,True,-0.26932425449396796
2024-11-25 00:00:00+00:00,0.0,0.0,0.0,0.0,0.0,0.0,0.0,0.0,-0.2368144154587947,-0.3117780824172594,-0.2793052412439976,-0.082385897706037,-0.2494937901255431,-0.321664557897566,True,-0.26932425449396796
2024-11-26 00:00:00+00:00,0.0,0.0,0.0,0.0,0.0,0.0,0.0,0.0,-0.2368144154587947,-0.3117780824172594,-0.2793052412439976,-0.082385897706037,-0.2494937901255431,-0.321664557897566,True,-0.26932425449396796
2024-11-27 00:00:00+00:00,0.0,0.0,0.0,0.0,0.0,0.0,0.0,0.0,-0.2368144154587947,-0.3117780824172594,-0.2793052412439976,-0.082385897706037,-0.2494937901255431,-0.321664557897566,True,-0.26932425449396796
2024-11-28 00:00:00+00:00,0.0,0.0,0.0,0.0,0.0,0.0,0.0,0.0,-0.2368144154587947,-0.3117780824172594,-0.2793052412439976,-0.082385897706037,-0.2494937901255431,-0.321664557897566,True,-0.26932425449396796
2024-11-29 00:00:00+00:00,0.0,0.0,0.0,0.0,0.0,0.0,0.0,0.0,-0.2368144154587947,-0.3117780824172594,-0.2793052412439976,-0.082385897706037,-0.2494937901255431,-0.321664557897566,True,-0.26932425449396796
2024-11-30 00:00:00+00:00,0.0,0.0,0.0,0.0,0.0,0.0,0.0,0.0,-0.2368144154587947,-0.3117780824172594,-0.2793052412439976,-0.082385897706037,-0.2494937901255431,-0.321664557897566,True,-0.26932425449396796
2024-12-01 00:00:00+00:00,0.0,0.0,0.0,0.0,0.0,0.0,0.0,0.0,-0.2368144154587947,-0.3117780824172594,-0.2793052412439976,-0.082385897706037,-0.2494937901255431,-0.321664557897566,True,-0.26932425449396796
2024-12-02 00:00:00+00:00,0.0,0.0,0.0,0.0,0.0,0.0,0.0,0.0,-0.2368144154587947,-0.3117780824172594,-0.2793052412439976,-0.082385897706037,-0.2494937901255431,-0.321664557897566,True,-0.26932425449396796
2024-12-03 00:00:00+00:00,0.0,0.0,0.0,0.0,0.0,0.0,0.0,0.0,-0.2368144154587947,-0.3117780824172594,-0.2793052412439976,-0.082385897706037,-0.2494937901255431,-0.321664557897566,True,-0.26932425449396796
2024-12-04 00:00:00+00:00,0.0,0.0,0.0,0.0,0.0,0.0,0.0,0.0,-0.2368144154587947,-0.3117780824172594,-0.2793052412439976,-0.082385897706037,-0.2494937901255431,-0.321664557897566,True,-0.26932425449396796
2024-12-05 00:00:00+00:00,0.0,0.0,0.0,0.0,0.0,0.0,0.0,0.0,-0.2368144154587947,-0.3117780824172594,-0.2793052412439976,-0.082385897706037,-0.2494937901255431,-0.321664557897566,True,-0.26932425449396796
2024-12-06 00:00:00+00:00,0.0,0.0,0.0,0.0,0.0,0.0,0.0,0.0,-0.2368144154587947,-0.3117780824172594,-0.2793052412439976,-0.082385897706037,-0.2494937901255431,-0.321664557897566,True,-0.26932425449396796
2024-12-07 00:00:00+00:00,5.0,3.0,2.0,63.0,0.2,0.0,0.0,0.6666666666666666,2.1123934970651854,2.584873793432961,2.966175495855677,0.0246166203216766,1.3373671427746827,2.458426680053716,True,1.969395773297861
2024-12-08 00:00:00+00:00,0.0,0.0,0.0,0.0,0.0,0.0,0.0,0.0,-0.2368144154587947,-0.3117780824172594,-0.2793052412439976,-0.082385897706037,-0.2494937901255431,-0.321664557897566,True,-0.26932425449396796
2024-12-09 00:00:00+00:00,0.0,0.0,0.0,0.0,0.0,0.0,0.0,0.0,-0.2368144154587947,-0.3117780824172594,-0.2793052412439976,-0.082385897706037,-0.2494937901255431,-0.321664557897566,True,-0.26932425449396796
2024-12-10 00:00:00+00:00,0.0,0.0,0.0,0.0,0.0,0.0,0.0,0.0,-0.2368144154587947,-0.3117780824172594,-0.2793052412439976,-0.082385897706037,-0.2494937901255431,-0.321664557897566,True,-0.26932425449396796
2024-12-11 00:00:00+00:00,0.0,0.0,0.0,0.0,0.0,0.0,0.0,0.0,-0.2368144154587947,-0.3117780824172594,-0.2793052412439976,-0.082385897706037,-0.2494937901255431,-0.321664557897566,True,-0.26932425449396796
2024-12-12 00:00:00+00:00,0.0,0.0,0.0,0.0,0.0,0.0,0.0,0.0,-0.2368144154587947,-0.3117780824172594,-0.2793052412439976,-0.082385897706037,-0.2494937901255431,-0.321664557897566,True,-0.26932425449396796
2024-12-13 00:00:00+00:00,0.0,0.0,0.0,0.0,0.0,0.0,0.0,0.0,-0.2368144154587947,-0.3117780824172594,-0.2793052412439976,-0.082385897706037,-0.2494937901255431,-0.321664557897566,True,-0.26932425449396796
2024-12-14 00:00:00+00:00,0.0,0.0,0.0,0.0,0.0,0.0,0.0,0.0,-0.2368144154587947,-0.3117780824172594,-0.2793052412439976,-0.082385897706037,-0.2494937901255431,-0.321664557897566,True,-0.26932425449396796
2024-12-15 00:00:00+00:00,0.0,0.0,0.0,0.0,0.0,0.0,0.0,0.0,-0.2368144154587947,-0.3117780824172594,-0.2793052412439976,-0.082385897706037,-0.2494937901255431,-0.321664557897566,True,-0.26932425449396796
2024-12-16 00:00:00+00:00,0.0,0.0,0.0,0.0,0.0,0.0,0.0,0.0,-0.2368144154587947,-0.3117780824172594,-0.2793052412439976,-0.082385897706037,-0.2494937901255431,-0.321664557897566,True,-0.26932425449396796
2024-12-17 00:00:00+00:00,0.0,0.0,0.0,0.0,0.0,0.0,0.0,0.0,-0.2368144154587947,-0.3117780824172594,-0.2793052412439976,-0.082385897706037,-0.2494937901255431,-0.321664557897566,True,-0.26932425449396796
2024-12-18 00:00:00+00:00,0.0,0.0,0.0,0.0,0.0,0.0,0.0,0.0,-0.2368144154587947,-0.3117780824172594,-0.2793052412439976,-0.082385897706037,-0.2494937901255431,-0.321664557897566,True,-0.26932425449396796
2024-12-19 00:00:00+00:00,0.0,0.0,0.0,0.0,0.0,0.0,0.0,0.0,-0.2368144154587947,-0.3117780824172594,-0.2793052412439976,-0.082385897706037,-0.2494937901255431,-0.321664557897566,True,-0.26932425449396796
2024-12-20 00:00:00+00:00,0.0,0.0,0.0,0.0,0.0,0.0,0.0,0.0,-0.2368144154587947,-0.3117780824172594,-0.2793052412439976,-0.082385897706037,-0.2494937901255431,-0.321664557897566,True,-0.26932425449396796
2024-12-21 00:00:00+00:00,0.0,0.0,0.0,0.0,0.0,0.0,0.0,0.0,-0.2368144154587947,-0.3117780824172594,-0.2793052412439976,-0.082385897706037,-0.2494937901255431,-0.321664557897566,True,-0.26932425449396796
2024-12-22 00:00:00+00:00,0.0,0.0,0.0,0.0,0.0,0.0,0.0,0.0,-0.2368144154587947,-0.3117780824172594,-0.2793052412439976,-0.082385897706037,-0.2494937901255431,-0.321664557897566,True,-0.26932425449396796
2024-12-23 00:00:00+00:00,0.0,0.0,0.0,0.0,0.0,0.0,0.0,0.0,-0.2368144154587947,-0.3117780824172594,-0.2793052412439976,-0.082385897706037,-0.2494937901255431,-0.321664557897566,True,-0.26932425449396796
2024-12-24 00:00:00+00:00,0.0,0.0,0.0,0.0,0.0,0.0,0.0,0.0,-0.2368144154587947,-0.3117780824172594,-0.2793052412439976,-0.082385897706037,-0.2494937901255431,-0.321664557897566,True,-0.26932425449396796
2024-12-25 00:00:00+00:00,0.0,0.0,0.0,0.0,0.0,0.0,0.0,0.0,-0.2368144154587947,-0.3117780824172594,-0.2793052412439976,-0.082385897706037,-0.2494937901255431,-0.321664557897566,True,-0.26932425449396796
2024-12-26 00:00:00+00:00,2.0,2.0,1.0,34.0,0.5,0.0,0.0,0.5,0.7028687495507973,1.6193231681495543,1.3434351273058398,-0.0246385070244137,3.717658542125021,1.7634038705658954,True,2.0613103874139047
2024-12-27 00:00:00+00:00,0.0,0.0,0.0,0.0,0.0,0.0,0.0,0.0,-0.2368144154587947,-0.3117780824172594,-0.2793052412439976,-0.082385897706037,-0.2494937901255431,-0.321664557897566,True,-0.26932425449396796
2024-12-28 00:00:00+00:00,0.0,0.0,0.0,0.0,0.0,0.0,0.0,0.0,-0.2368144154587947,-0.3117780824172594,-0.2793052412439976,-0.082385897706037,-0.2494937901255431,-0.321664557897566,True,-0.26932425449396796
2024-12-29 00:00:00+00:00,0.0,0.0,0.0,0.0,0.0,0.0,0.0,0.0,-0.2368144154587947,-0.3117780824172594,-0.2793052412439976,-0.082385897706037,-0.2494937901255431,-0.321664557897566,True,-0.26932425449396796
2024-12-30 00:00:00+00:00,0.0,0.0,0.0,0.0,0.0,0.0,0.0,0.0,-0.2368144154587947,-0.3117780824172594,-0.2793052412439976,-0.082385897706037,-0.2494937901255431,-0.321664557897566,True,-0.26932425449396796
2024-12-31 00:00:00+00:00,0.0,0.0,0.0,0.0,0.0,0.0,0.0,0.0,-0.2368144154587947,-0.3117780824172594,-0.2793052412439976,-0.082385897706037,-0.2494937901255431,-0.321664557897566,True,-0.26932425449396796
2025-01-01 00:00:00+00:00,0.0,0.0,0.0,0.0,0.0,0.0,0.0,0.0,-0.2368144154587947,-0.3117780824172594,-0.2793052412439976,-0.082385897706037,-0.2494937901255431,-0.321664557897566,True,-0.26932425449396796
2025-01-02 00:00:00+00:00,0.0,0.0,0.0,0.0,0.0,0.0,0.0,0.0,-0.2368144154587947,-0.3117780824172594,-0.2793052412439976,-0.082385897706037,-0.2494937901255431,-0.321664557897566,True,-0.26932425449396796
2025-01-03 00:00:00+00:00,0.0,0.0,0.0,0.0,0.0,0.0,0.0,0.0,-0.2368144154587947,-0.3117780824172594,-0.2793052412439976,-0.082385897706037,-0.2494937901255431,-0.321664557897566,True,-0.26932425449396796
2025-01-04 00:00:00+00:00,0.0,0.0,0.0,0.0,0.0,0.0,0.0,0.0,-0.2368144154587947,-0.3117780824172594,-0.2793052412439976,-0.082385897706037,-0.2494937901255431,-0.321664557897566,True,-0.26932425449396796
2025-01-05 00:00:00+00:00,0.0,0.0,0.0,0.0,0.0,0.0,0.0,0.0,-0.2368144154587947,-0.3117780824172594,-0.2793052412439976,-0.082385897706037,-0.2494937901255431,-0.321664557897566,True,-0.26932425449396796
2025-01-06 00:00:00+00:00,0.0,0.0,0.0,0.0,0.0,0.0,0.0,0.0,-0.2368144154587947,-0.3117780824172594,-0.2793052412439976,-0.082385897706037,-0.2494937901255431,-0.321664557897566,True,-0.26932425449396796
2025-01-07 00:00:00+00:00,0.0,0.0,0.0,0.0,0.0,0.0,0.0,0.0,-0.2368144154587947,-0.3117780824172594,-0.2793052412439976,-0.082385897706037,-0.2494937901255431,-0.321664557897566,True,-0.26932425449396796
2025-01-08 00:00:00+00:00,0.0,0.0,0.0,0.0,0.0,0.0,0.0,0.0,-0.2368144154587947,-0.3117780824172594,-0.2793052412439976,-0.082385897706037,-0.2494937901255431,-0.321664557897566,True,-0.26932425449396796
2025-01-09 00:00:00+00:00,0.0,0.0,0.0,0.0,0.0,0.0,0.0,0.0,-0.2368144154587947,-0.3117780824172594,-0.2793052412439976,-0.082385897706037,-0.2494937901255431,-0.321664557897566,True,-0.26932425449396796
2025-01-10 00:00:00+00:00,0.0,0.0,0.0,0.0,0.0,0.0,0.0,0.0,-0.2368144154587947,-0.3117780824172594,-0.2793052412439976,-0.082385897706037,-0.2494937901255431,-0.321664557897566,True,-0.26932425449396796
2025-01-11 00:00:00+00:00,0.0,0.0,0.0,0.0,0.0,0.0,0.0,0.0,-0.2368144154587947,-0.3117780824172594,-0.2793052412439976,-0.082385897706037,-0.2494937901255431,-0.321664557897566,True,-0.26932425449396796
2025-01-12 00:00:00+00:00,0.0,0.0,0.0,0.0,0.0,0.0,0.0,0.0,-0.2368144154587947,-0.3117780824172594,-0.2793052412439976,-0.082385897706037,-0.2494937901255431,-0.321664557897566,True,-0.26932425449396796
2025-01-13 00:00:00+00:00,0.0,0.0,0.0,0.0,0.0,0.0,0.0,0.0,-0.2368144154587947,-0.3117780824172594,-0.2793052412439976,-0.082385897706037,-0.2494937901255431,-0.321664557897566,True,-0.26932425449396796
2025-01-14 00:00:00+00:00,0.0,0.0,0.0,0.0,0.0,0.0,0.0,0.0,-0.2368144154587947,-0.3117780824172594,-0.2793052412439976,-0.082385897706037,-0.2494937901255431,-0.321664557897566,True,-0.26932425449396796
2025-01-15 00:00:00+00:00,0.0,0.0,0.0,0.0,0.0,0.0,0.0,0.0,-0.2368144154587947,-0.3117780824172594,-0.2793052412439976,-0.082385897706037,-0.2494937901255431,-0.321664557897566,True,-0.26932425449396796
2025-01-16 00:00:00+00:00,0.0,0.0,0.0,0.0,0.0,0.0,0.0,0.0,-0.2368144154587947,-0.3117780824172594,-0.2793052412439976,-0.082385897706037,-0.2494937901255431,-0.321664557897566,True,-0.26932425449396796
2025-01-17 00:00:00+00:00,0.0,0.0,0.0,0.0,0.0,0.0,0.0,0.0,-0.2368144154587947,-0.3117780824172594,-0.2793052412439976,-0.082385897706037,-0.2494937901255431,-0.321664557897566,True,-0.26932425449396796
2025-01-18 00:00:00+00:00,0.0,0.0,0.0,0.0,0.0,0.0,0.0,0.0,-0.2368144154587947,-0.3117780824172594,-0.2793052412439976,-0.082385897706037,-0.2494937901255431,-0.321664557897566,True,-0.26932425449396796
2025-01-19 00:00:00+00:00,0.0,0.0,0.0,0.0,0.0,0.0,0.0,0.0,-0.2368144154587947,-0.3117780824172594,-0.2793052412439976,-0.082385897706037,-0.2494937901255431,-0.321664557897566,True,-0.26932425449396796
2025-01-20 00:00:00+00:00,0.0,0.0,0.0,0.0,0.0,0.0,0.0,0.0,-0.2368144154587947,-0.3117780824172594,-0.2793052412439976,-0.082385897706037,-0.2494937901255431,-0.321664557897566,True,-0.26932425449396796
2025-01-21 00:00:00+00:00,0.0,0.0,0.0,0.0,0.0,0.0,0.0,0.0,-0.2368144154587947,-0.3117780824172594,-0.2793052412439976,-0.082385897706037,-0.2494937901255431,-0.321664557897566,True,-0.26932425449396796
2025-01-22 00:00:00+00:00,0.0,0.0,0.0,0.0,0.0,0.0,0.0,0.0,-0.2368144154587947,-0.3117780824172594,-0.2793052412439976,-0.082385897706037,-0.2494937901255431,-0.321664557897566,True,-0.26932425449396796
2025-01-23 00:00:00+00:00,0.0,0.0,0.0,0.0,0.0,0.0,0.0,0.0,-0.2368144154587947,-0.3117780824172594,-0.2793052412439976,-0.082385897706037,-0.2494937901255431,-0.321664557897566,True,-0.26932425449396796
2025-01-24 00:00:00+00:00,0.0,0.0,0.0,0.0,0.0,0.0,0.0,0.0,-0.2368144154587947,-0.3117780824172594,-0.2793052412439976,-0.082385897706037,-0.2494937901255431,-0.321664557897566,True,-0.26932425449396796
2025-01-25 00:00:00+00:00,0.0,0.0,0.0,0.0,0.0,0.0,0.0,0.0,-0.2368144154587947,-0.3117780824172594,-0.2793052412439976,-0.082385897706037,-0.2494937901255431,-0.321664557897566,True,-0.26932425449396796
2025-01-26 00:00:00+00:00,0.0,0.0,0.0,0.0,0.0,0.0,0.0,0.0,-0.2368144154587947,-0.3117780824172594,-0.2793052412439976,-0.082385897706037,-0.2494937901255431,-0.321664557897566,True,-0.26932425449396796
2025-01-27 00:00:00+00:00,1.0,1.0,1.0,12.0,0.0,0.0,0.0,1.0,0.2330271670460012,0.6537725428661474,1.3434351273058398,-0.0620044657007582,-0.2494937901255431,3.848472299029357,True,1.277335225316605
2025-01-28 00:00:00+00:00,0.0,0.0,0.0,0.0,0.0,0.0,0.0,0.0,-0.2368144154587947,-0.3117780824172594,-0.2793052412439976,-0.082385897706037,-0.2494937901255431,-0.321664557897566,True,-0.26932425449396796
2025-01-29 00:00:00+00:00,1.0,1.0,0.0,375.0,0.0,0.0,0.0,0.0,0.2330271670460012,0.6537725428661474,-0.2793052412439976,0.5545338524589255,-0.2494937901255431,-0.321664557897566,True,-0.11271039365903596
2025-01-30 00:00:00+00:00,1.0,1.0,0.0,1.0,0.0,0.0,0.0,0.0,0.2330271670460012,0.6537725428661474,-0.2793052412439976,-0.0806874450389304,-0.2494937901255431,-0.321664557897566,True,-0.11271039365903596
2025-01-31 00:00:00+00:00,0.0,0.0,0.0,0.0,0.0,0.0,0.0,0.0,-0.2368144154587947,-0.3117780824172594,-0.2793052412439976,-0.082385897706037,-0.2494937901255431,-0.321664557897566,True,-0.26932425449396796
2025-02-01 00:00:00+00:00,0.0,0.0,0.0,0.0,0.0,0.0,0.0,0.0,-0.2368144154587947,-0.3117780824172594,-0.2793052412439976,-0.082385897706037,-0.2494937901255431,-0.321664557897566,True,-0.26932425449396796
2025-02-02 00:00:00+00:00,0.0,0.0,0.0,0.0,0.0,0.0,0.0,0.0,-0.2368144154587947,-0.3117780824172594,-0.2793052412439976,-0.082385897706037,-0.2494937901255431,-0.321664557897566,True,-0.26932425449396796
2025-02-03 00:00:00+00:00,0.0,0.0,0.0,0.0,0.0,0.0,0.0,0.0,-0.2368144154587947,-0.3117780824172594,-0.2793052412439976,-0.082385897706037,-0.2494937901255431,-0.321664557897566,True,-0.26932425449396796
2025-02-04 00:00:00+00:00,0.0,0.0,0.0,0.0,0.0,0.0,0.0,0.0,-0.2368144154587947,-0.3117780824172594,-0.2793052412439976,-0.082385897706037,-0.2494937901255431,-0.321664557897566,True,-0.26932425449396796
2025-02-05 00:00:00+00:00,2.0,2.0,0.0,307.0,0.0,0.0,0.0,0.0,0.7028687495507973,1.6193231681495543,-0.2793052412439976,0.4390390710956789,-0.2494937901255431,-0.321664557897566,True,0.04390346717589607
2025-02-06 00:00:00+00:00,0.0,0.0,0.0,0.0,0.0,0.0,0.0,0.0,-0.2368144154587947,-0.3117780824172594,-0.2793052412439976,-0.082385897706037,-0.2494937901255431,-0.321664557897566,True,-0.26932425449396796
2025-02-07 00:00:00+00:00,0.0,0.0,0.0,0.0,0.0,0.0,0.0,0.0,-0.2368144154587947,-0.3117780824172594,-0.2793052412439976,-0.082385897706037,-0.2494937901255431,-0.321664557897566,True,-0.26932425449396796
2025-02-08 00:00:00+00:00,0.0,0.0,0.0,0.0,0.0,0.0,0.0,0.0,-0.2368144154587947,-0.3117780824172594,-0.2793052412439976,-0.082385897706037,-0.2494937901255431,-0.321664557897566,True,-0.26932425449396796
2025-02-09 00:00:00+00:00,0.0,0.0,0.0,0.0,0.0,0.0,0.0,0.0,-0.2368144154587947,-0.3117780824172594,-0.2793052412439976,-0.082385897706037,-0.2494937901255431,-0.321664557897566,True,-0.26932425449396796
2025-02-10 00:00:00+00:00,0.0,0.0,0.0,0.0,0.0,0.0,0.0,0.0,-0.2368144154587947,-0.3117780824172594,-0.2793052412439976,-0.082385897706037,-0.2494937901255431,-0.321664557897566,True,-0.26932425449396796
2025-02-11 00:00:00+00:00,0.0,0.0,0.0,0.0,0.0,0.0,0.0,0.0,-0.2368144154587947,-0.3117780824172594,-0.2793052412439976,-0.082385897706037,-0.2494937901255431,-0.321664557897566,True,-0.26932425449396796
2025-02-12 00:00:00+00:00,0.0,0.0,0.0,0.0,0.0,0.0,0.0,0.0,-0.2368144154587947,-0.3117780824172594,-0.2793052412439976,-0.082385897706037,-0.2494937901255431,-0.321664557897566,True,-0.26932425449396796
2025-02-13 00:00:00+00:00,0.0,0.0,0.0,0.0,0.0,0.0,0.0,0.0,-0.2368144154587947,-0.3117780824172594,-0.2793052412439976,-0.082385897706037,-0.2494937901255431,-0.321664557897566,True,-0.26932425449396796
2025-02-14 00:00:00+00:00,0.0,0.0,0.0,0.0,0.0,0.0,0.0,0.0,-0.2368144154587947,-0.3117780824172594,-0.2793052412439976,-0.082385897706037,-0.2494937901255431,-0.321664557897566,True,-0.26932425449396796
2025-02-15 00:00:00+00:00,0.0,0.0,0.0,0.0,0.0,0.0,0.0,0.0,-0.2368144154587947,-0.3117780824172594,-0.2793052412439976,-0.082385897706037,-0.2494937901255431,-0.321664557897566,True,-0.26932425449396796
2025-02-16 00:00:00+00:00,0.0,0.0,0.0,0.0,0.0,0.0,0.0,0.0,-0.2368144154587947,-0.3117780824172594,-0.2793052412439976,-0.082385897706037,-0.2494937901255431,-0.321664557897566,True,-0.26932425449396796
2025-02-17 00:00:00+00:00,0.0,0.0,0.0,0.0,0.0,0.0,0.0,0.0,-0.2368144154587947,-0.3117780824172594,-0.2793052412439976,-0.082385897706037,-0.2494937901255431,-0.321664557897566,True,-0.26932425449396796
2025-02-18 00:00:00+00:00,0.0,0.0,0.0,0.0,0.0,0.0,0.0,0.0,-0.2368144154587947,-0.3117780824172594,-0.2793052412439976,-0.082385897706037,-0.2494937901255431,-0.321664557897566,True,-0.26932425449396796
2025-02-19 00:00:00+00:00,0.0,0.0,0.0,0.0,0.0,0.0,0.0,0.0,-0.2368144154587947,-0.3117780824172594,-0.2793052412439976,-0.082385897706037,-0.2494937901255431,-0.321664557897566,True,-0.26932425449396796
2025-02-20 00:00:00+00:00,2.0,1.0,0.0,25.0,0.0,0.0,0.0,0.0,0.7028687495507973,0.6537725428661474,-0.2793052412439976,-0.0399245810283728,-0.2494937901255431,-0.321664557897566,True,0.04390346717589607
2025-02-21 00:00:00+00:00,2.0,1.0,0.0,2.5,0.0,0.0,0.0,0.0,0.7028687495507973,0.6537725428661474,-0.2793052412439976,-0.0781397660382705,-0.2494937901255431,-0.321664557897566,True,0.04390346717589607
2025-02-22 00:00:00+00:00,0.0,0.0,0.0,0.0,0.0,0.0,0.0,0.0,-0.2368144154587947,-0.3117780824172594,-0.2793052412439976,-0.082385897706037,-0.2494937901255431,-0.321664557897566,True,-0.26932425449396796
2025-02-23 00:00:00+00:00,0.0,0.0,0.0,0.0,0.0,0.0,0.0,0.0,-0.2368144154587947,-0.3117780824172594,-0.2793052412439976,-0.082385897706037,-0.2494937901255431,-0.321664557897566,True,-0.26932425449396796
2025-02-24 00:00:00+00:00,2.0,2.0,1.0,589.0,0.5,0.0,0.0,0.5,0.7028687495507973,1.6193231681495543,1.3434351273058398,0.9180027232197308,3.717658542125021,1.7634038705658954,True,2.0613103874139047
2025-02-25 00:00:00+00:00,0.0,0.0,0.0,0.0,0.0,0.0,0.0,0.0,-0.2368144154587947,-0.3117780824172594,-0.2793052412439976,-0.082385897706037,-0.2494937901255431,-0.321664557897566,True,-0.26932425449396796
2025-02-26 00:00:00+00:00,3.0,2.0,1.0,834.0,0.3333333333333333,0.0,0.0,0.5,1.1727103320555934,1.6193231681495543,1.3434351273058398,1.3341236266608396,2.395274431374833,1.7634038705658954,True,1.7771295446654405
2025-02-27 00:00:00+00:00,6.0,3.0,0.0,418.6666666666667,0.0,0.0,0.0,0.0,2.5822350795699816,2.584873793432961,-0.2793052412439976,0.628699618922579,-0.2494937901255431,-0.321664557897566,True,0.6703589105156241
2025-02-28 00:00:00+00:00,0.0,0.0,0.0,0.0,0.0,0.0,0.0,0.0,-0.2368144154587947,-0.3117780824172594,-0.2793052412439976,-0.082385897706037,-0.2494937901255431,-0.321664557897566,True,-0.26932425449396796
2025-03-01 00:00:00+00:00,0.0,0.0,0.0,0.0,0.0,0.0,0.0,0.0,-0.2368144154587947,-0.3117780824172594,-0.2793052412439976,-0.082385897706037,-0.2494937901255431,-0.321664557897566,True,-0.26932425449396796
2025-03-02 00:00:00+00:00,0.0,0.0,0.0,0.0,0.0,0.0,0.0,0.0,-0.2368144154587947,-0.3117780824172594,-0.2793052412439976,-0.082385897706037,-0.2494937901255431,-0.321664557897566,True,-0.26932425449396796
2025-03-03 00:00:00+00:00,0.0,0.0,0.0,0.0,0.0,0.0,0.0,0.0,-0.2368144154587947,-0.3117780824172594,-0.2793052412439976,-0.082385897706037,-0.2494937901255431,-0.321664557897566,True,-0.26932425449396796
2025-03-04 00:00:00+00:00,1.0,1.0,1.0,43.0,0.0,0.0,0.0,1.0,0.2330271670460012,0.6537725428661474,1.3434351273058398,-0.0093524330204546,-0.2494937901255431,3.848472299029357,True,1.277335225316605
2025-03-05 00:00:00+00:00,0.0,0.0,0.0,0.0,0.0,0.0,0.0,0.0,-0.2368144154587947,-0.3117780824172594,-0.2793052412439976,-0.082385897706037,-0.2494937901255431,-0.321664557897566,True,-0.26932425449396796
2025-03-06 00:00:00+00:00,0.0,0.0,0.0,0.0,0.0,0.0,0.0,0.0,-0.2368144154587947,-0.3117780824172594,-0.2793052412439976,-0.082385897706037,-0.2494937901255431,-0.321664557897566,True,-0.26932425449396796
2025-03-07 00:00:00+00:00,0.0,0.0,0.0,0.0,0.0,0.0,0.0,0.0,-0.2368144154587947,-0.3117780824172594,-0.2793052412439976,-0.082385897706037,-0.2494937901255431,-0.321664557897566,True,-0.26932425449396796
2025-03-08 00:00:00+00:00,0.0,0.0,0.0,0.0,0.0,0.0,0.0,0.0,-0.2368144154587947,-0.3117780824172594,-0.2793052412439976,-0.082385897706037,-0.2494937901255431,-0.321664557897566,True,-0.26932425449396796
2025-03-09 00:00:00+00:00,0.0,0.0,0.0,0.0,0.0,0.0,0.0,0.0,-0.2368144154587947,-0.3117780824172594,-0.2793052412439976,-0.082385897706037,-0.2494937901255431,-0.321664557897566,True,-0.26932425449396796
2025-03-10 00:00:00+00:00,0.0,0.0,0.0,0.0,0.0,0.0,0.0,0.0,-0.2368144154587947,-0.3117780824172594,-0.2793052412439976,-0.082385897706037,-0.2494937901255431,-0.321664557897566,True,-0.26932425449396796
2025-03-11 00:00:00+00:00,0.0,0.0,0.0,0.0,0.0,0.0,0.0,0.0,-0.2368144154587947,-0.3117780824172594,-0.2793052412439976,-0.082385897706037,-0.2494937901255431,-0.321664557897566,True,-0.26932425449396796
2025-03-12 00:00:00+00:00,0.0,0.0,0.0,0.0,0.0,0.0,0.0,0.0,-0.2368144154587947,-0.3117780824172594,-0.2793052412439976,-0.082385897706037,-0.2494937901255431,-0.321664557897566,True,-0.26932425449396796
2025-03-13 00:00:00+00:00,0.0,0.0,0.0,0.0,0.0,0.0,0.0,0.0,-0.2368144154587947,-0.3117780824172594,-0.2793052412439976,-0.082385897706037,-0.2494937901255431,-0.321664557897566,True,-0.26932425449396796
2025-03-14 00:00:00+00:00,0.0,0.0,0.0,0.0,0.0,0.0,0.0,0.0,-0.2368144154587947,-0.3117780824172594,-0.2793052412439976,-0.082385897706037,-0.2494937901255431,-0.321664557897566,True,-0.26932425449396796
2025-03-15 00:00:00+00:00,0.0,0.0,0.0,0.0,0.0,0.0,0.0,0.0,-0.2368144154587947,-0.3117780824172594,-0.2793052412439976,-0.082385897706037,-0.2494937901255431,-0.321664557897566,True,-0.26932425449396796
2025-03-16 00:00:00+00:00,0.0,0.0,0.0,0.0,0.0,0.0,0.0,0.0,-0.2368144154587947,-0.3117780824172594,-0.2793052412439976,-0.082385897706037,-0.2494937901255431,-0.321664557897566,True,-0.26932425449396796
2025-03-17 00:00:00+00:00,0.0,0.0,0.0,0.0,0.0,0.0,0.0,0.0,-0.2368144154587947,-0.3117780824172594,-0.2793052412439976,-0.082385897706037,-0.2494937901255431,-0.321664557897566,True,-0.26932425449396796
2025-03-18 00:00:00+00:00,0.0,0.0,0.0,0.0,0.0,0.0,0.0,0.0,-0.2368144154587947,-0.3117780824172594,-0.2793052412439976,-0.082385897706037,-0.2494937901255431,-0.321664557897566,True,-0.26932425449396796
2025-03-19 00:00:00+00:00,0.0,0.0,0.0,0.0,0.0,0.0,0.0,0.0,-0.2368144154587947,-0.3117780824172594,-0.2793052412439976,-0.082385897706037,-0.2494937901255431,-0.321664557897566,True,-0.26932425449396796
2025-03-20 00:00:00+00:00,0.0,0.0,0.0,0.0,0.0,0.0,0.0,0.0,-0.2368144154587947,-0.3117780824172594,-0.2793052412439976,-0.082385897706037,-0.2494937901255431,-0.321664557897566,True,-0.26932425449396796
2025-03-21 00:00:00+00:00,0.0,0.0,0.0,0.0,0.0,0.0,0.0,0.0,-0.2368144154587947,-0.3117780824172594,-0.2793052412439976,-0.082385897706037,-0.2494937901255431,-0.321664557897566,True,-0.26932425449396796
2025-03-22 00:00:00+00:00,0.0,0.0,0.0,0.0,0.0,0.0,0.0,0.0,-0.2368144154587947,-0.3117780824172594,-0.2793052412439976,-0.082385897706037,-0.2494937901255431,-0.321664557897566,True,-0.26932425449396796
2025-03-23 00:00:00+00:00,0.0,0.0,0.0,0.0,0.0,0.0,0.0,0.0,-0.2368144154587947,-0.3117780824172594,-0.2793052412439976,-0.082385897706037,-0.2494937901255431,-0.321664557897566,True,-0.26932425449396796
2025-03-24 00:00:00+00:00,0.0,0.0,0.0,0.0,0.0,0.0,0.0,0.0,-0.2368144154587947,-0.3117780824172594,-0.2793052412439976,-0.082385897706037,-0.2494937901255431,-0.321664557897566,True,-0.26932425449396796
2025-03-25 00:00:00+00:00,0.0,0.0,0.0,0.0,0.0,0.0,0.0,0.0,-0.2368144154587947,-0.3117780824172594,-0.2793052412439976,-0.082385897706037,-0.2494937901255431,-0.321664557897566,True,-0.26932425449396796
2025-03-26 00:00:00+00:00,0.0,0.0,0.0,0.0,0.0,0.0,0.0,0.0,-0.2368144154587947,-0.3117780824172594,-0.2793052412439976,-0.082385897706037,-0.2494937901255431,-0.321664557897566,True,-0.26932425449396796
2025-03-27 00:00:00+00:00,0.0,0.0,0.0,0.0,0.0,0.0,0.0,0.0,-0.2368144154587947,-0.3117780824172594,-0.2793052412439976,-0.082385897706037,-0.2494937901255431,-0.321664557897566,True,-0.26932425449396796
2025-03-28 00:00:00+00:00,0.0,0.0,0.0,0.0,0.0,0.0,0.0,0.0,-0.2368144154587947,-0.3117780824172594,-0.2793052412439976,-0.082385897706037,-0.2494937901255431,-0.321664557897566,True,-0.26932425449396796
2025-03-29 00:00:00+00:00,0.0,0.0,0.0,0.0,0.0,0.0,0.0,0.0,-0.2368144154587947,-0.3117780824172594,-0.2793052412439976,-0.082385897706037,-0.2494937901255431,-0.321664557897566,True,-0.26932425449396796
2025-03-30 00:00:00+00:00,0.0,0.0,0.0,0.0,0.0,0.0,0.0,0.0,-0.2368144154587947,-0.3117780824172594,-0.2793052412439976,-0.082385897706037,-0.2494937901255431,-0.321664557897566,True,-0.26932425449396796
2025-03-31 00:00:00+00:00,0.0,0.0,0.0,0.0,0.0,0.0,0.0,0.0,-0.2368144154587947,-0.3117780824172594,-0.2793052412439976,-0.082385897706037,-0.2494937901255431,-0.321664557897566,True,-0.26932425449396796
2025-04-01 00:00:00+00:00,0.0,0.0,0.0,0.0,0.0,0.0,0.0,0.0,-0.2368144154587947,-0.3117780824172594,-0.2793052412439976,-0.082385897706037,-0.2494937901255431,-0.321664557897566,True,-0.26932425449396796
2025-04-02 00:00:00+00:00,0.0,0.0,0.0,0.0,0.0,0.0,0.0,0.0,-0.2368144154587947,-0.3117780824172594,-0.2793052412439976,-0.082385897706037,-0.2494937901255431,-0.321664557897566,True,-0.26932425449396796
2025-04-03 00:00:00+00:00,0.0,0.0,0.0,0.0,0.0,0.0,0.0,0.0,-0.2368144154587947,-0.3117780824172594,-0.2793052412439976,-0.082385897706037,-0.2494937901255431,-0.321664557897566,True,-0.26932425449396796
2025-04-04 00:00:00+00:00,1.0,1.0,0.0,3.0,0.0,0.0,0.0,0.0,0.2330271670460012,0.6537725428661474,-0.2793052412439976,-0.0772905397047173,-0.2494937901255431,-0.321664557897566,True,-0.11271039365903596
2025-04-05 00:00:00+00:00,0.0,0.0,0.0,0.0,0.0,0.0,0.0,0.0,-0.2368144154587947,-0.3117780824172594,-0.2793052412439976,-0.082385897706037,-0.2494937901255431,-0.321664557897566,True,-0.26932425449396796
2025-04-06 00:00:00+00:00,0.0,0.0,0.0,0.0,0.0,0.0,0.0,0.0,-0.2368144154587947,-0.3117780824172594,-0.2793052412439976,-0.082385897706037,-0.2494937901255431,-0.321664557897566,True,-0.26932425449396796
2025-04-07 00:00:00+00:00,0.0,0.0,0.0,0.0,0.0,0.0,0.0,0.0,-0.2368144154587947,-0.3117780824172594,-0.2793052412439976,-0.082385897706037,-0.2494937901255431,-0.321664557897566,True,-0.26932425449396796
2025-04-08 00:00:00+00:00,0.0,0.0,0.0,0.0,0.0,0.0,0.0,0.0,-0.2368144154587947,-0.3117780824172594,-0.2793052412439976,-0.082385897706037,-0.2494937901255431,-0.321664557897566,True,-0.26932425449396796
2025-04-09 00:00:00+00:00,0.0,0.0,0.0,0.0,0.0,0.0,0.0,0.0,-0.2368144154587947,-0.3117780824172594,-0.2793052412439976,-0.082385897706037,-0.2494937901255431,-0.321664557897566,True,-0.26932425449396796
2025-04-10 00:00:00+00:00,0.0,0.0,0.0,0.0,0.0,0.0,0.0,0.0,-0.2368144154587947,-0.3117780824172594,-0.2793052412439976,-0.082385897706037,-0.2494937901255431,-0.321664557897566,True,-0.26932425449396796
2025-04-11 00:00:00+00:00,0.0,0.0,0.0,0.0,0.0,0.0,0.0,0.0,-0.2368144154587947,-0.3117780824172594,-0.2793052412439976,-0.082385897706037,-0.2494937901255431,-0.321664557897566,True,-0.26932425449396796
2025-04-12 00:00:00+00:00,0.0,0.0,0.0,0.0,0.0,0.0,0.0,0.0,-0.2368144154587947,-0.3117780824172594,-0.2793052412439976,-0.082385897706037,-0.2494937901255431,-0.321664557897566,True,-0.26932425449396796
2025-04-13 00:00:00+00:00,0.0,0.0,0.0,0.0,0.0,0.0,0.0,0.0,-0.2368144154587947,-0.3117780824172594,-0.2793052412439976,-0.082385897706037,-0.2494937901255431,-0.321664557897566,True,-0.26932425449396796
2025-04-14 00:00:00+00:00,0.0,0.0,0.0,0.0,0.0,0.0,0.0,0.0,-0.2368144154587947,-0.3117780824172594,-0.2793052412439976,-0.082385897706037,-0.2494937901255431,-0.321664557897566,True,-0.26932425449396796
2025-04-15 00:00:00+00:00,0.0,0.0,0.0,0.0,0.0,0.0,0.0,0.0,-0.2368144154587947,-0.3117780824172594,-0.2793052412439976,-0.082385897706037,-0.2494937901255431,-0.321664557897566,True,-0.26932425449396796
2025-04-16 00:00:00+00:00,1.0,1.0,1.0,7.0,0.0,0.0,0.0,1.0,0.2330271670460012,0.6537725428661474,1.3434351273058398,-0.070496729036291,-0.2494937901255431,3.848472299029357,True,1.277335225316605
2025-04-17 00:00:00+00:00,0.0,0.0,0.0,0.0,0.0,0.0,0.0,0.0,-0.2368144154587947,-0.3117780824172594,-0.2793052412439976,-0.082385897706037,-0.2494937901255431,-0.321664557897566,True,-0.26932425449396796
2025-04-18 00:00:00+00:00,0.0,0.0,0.0,0.0,0.0,0.0,0.0,0.0,-0.2368144154587947,-0.3117780824172594,-0.2793052412439976,-0.082385897706037,-0.2494937901255431,-0.321664557897566,True,-0.26932425449396796
2025-04-19 00:00:00+00:00,0.0,0.0,0.0,0.0,0.0,0.0,0.0,0.0,-0.2368144154587947,-0.3117780824172594,-0.2793052412439976,-0.082385897706037,-0.2494937901255431,-0.321664557897566,True,-0.26932425449396796
2025-04-20 00:00:00+00:00,0.0,0.0,0.0,0.0,0.0,0.0,0.0,0.0,-0.2368144154587947,-0.3117780824172594,-0.2793052412439976,-0.082385897706037,-0.2494937901255431,-0.321664557897566,True,-0.26932425449396796
2025-04-21 00:00:00+00:00,0.0,0.0,0.0,0.0,0.0,0.0,0.0,0.0,-0.2368144154587947,-0.3117780824172594,-0.2793052412439976,-0.082385897706037,-0.2494937901255431,-0.321664557897566,True,-0.26932425449396796
2025-04-22 00:00:00+00:00,0.0,0.0,0.0,0.0,0.0,0.0,0.0,0.0,-0.2368144154587947,-0.3117780824172594,-0.2793052412439976,-0.082385897706037,-0.2494937901255431,-0.321664557897566,True,-0.26932425449396796
2025-04-23 00:00:00+00:00,0.0,0.0,0.0,0.0,0.0,0.0,0.0,0.0,-0.2368144154587947,-0.3117780824172594,-0.2793052412439976,-0.082385897706037,-0.2494937901255431,-0.321664557897566,True,-0.26932425449396796
2025-04-24 00:00:00+00:00,0.0,0.0,0.0,0.0,0.0,0.0,0.0,0.0,-0.2368144154587947,-0.3117780824172594,-0.2793052412439976,-0.082385897706037,-0.2494937901255431,-0.321664557897566,True,-0.26932425449396796
2025-04-25 00:00:00+00:00,0.0,0.0,0.0,0.0,0.0,0.0,0.0,0.0,-0.2368144154587947,-0.3117780824172594,-0.2793052412439976,-0.082385897706037,-0.2494937901255431,-0.321664557897566,True,-0.26932425449396796
2025-04-26 00:00:00+00:00,0.0,0.0,0.0,0.0,0.0,0.0,0.0,0.0,-0.2368144154587947,-0.3117780824172594,-0.2793052412439976,-0.082385897706037,-0.2494937901255431,-0.321664557897566,True,-0.26932425449396796
2025-04-27 00:00:00+00:00,0.0,0.0,0.0,0.0,0.0,0.0,0.0,0.0,-0.2368144154587947,-0.3117780824172594,-0.2793052412439976,-0.082385897706037,-0.2494937901255431,-0.321664557897566,True,-0.26932425449396796
2025-04-28 00:00:00+00:00,0.0,0.0,0.0,0.0,0.0,0.0,0.0,0.0,-0.2368144154587947,-0.3117780824172594,-0.2793052412439976,-0.082385897706037,-0.2494937901255431,-0.321664557897566,True,-0.26932425449396796
2025-04-29 00:00:00+00:00,0.0,0.0,0.0,0.0,0.0,0.0,0.0,0.0,-0.2368144154587947,-0.3117780824172594,-0.2793052412439976,-0.082385897706037,-0.2494937901255431,-0.321664557897566,True,-0.26932425449396796
2025-04-30 00:00:00+00:00,1.0,1.0,1.0,1.0,0.0,0.0,0.0,1.0,0.2330271670460012,0.6537725428661474,1.3434351273058398,-0.0806874450389304,-0.2494937901255431,3.848472299029357,True,1.277335225316605
2025-05-01 00:00:00+00:00,2.0,2.0,0.0,21.0,0.5,0.0,0.0,0.0,0.7028687495507973,1.6193231681495543,-0.2793052412439976,-0.0467183916967991,3.717658542125021,-0.321664557897566,True,1.3662875779260844
2025-05-02 00:00:00+00:00,0.0,0.0,0.0,0.0,0.0,0.0,0.0,0.0,-0.2368144154587947,-0.3117780824172594,-0.2793052412439976,-0.082385897706037,-0.2494937901255431,-0.321664557897566,True,-0.26932425449396796
2025-05-03 00:00:00+00:00,1.0,1.0,1.0,0.0,0.0,0.0,0.0,1.0,0.2330271670460012,0.6537725428661474,1.3434351273058398,-0.082385897706037,-0.2494937901255431,3.848472299029357,True,1.277335225316605
2025-05-04 00:00:00+00:00,1.0,1.0,0.0,379.0,0.0,0.0,0.0,0.0,0.2330271670460012,0.6537725428661474,-0.2793052412439976,0.5613276631273517,-0.2494937901255431,-0.321664557897566,True,-0.11271039365903596
2025-05-05 00:00:00+00:00,0.0,0.0,0.0,0.0,0.0,0.0,0.0,0.0,-0.2368144154587947,-0.3117780824172594,-0.2793052412439976,-0.082385897706037,-0.2494937901255431,-0.321664557897566,True,-0.26932425449396796
2025-05-06 00:00:00+00:00,0.0,0.0,0.0,0.0,0.0,0.0,0.0,0.0,-0.2368144154587947,-0.3117780824172594,-0.2793052412439976,-0.082385897706037,-0.2494937901255431,-0.321664557897566,True,-0.26932425449396796
2025-05-07 00:00:00+00:00,0.0,0.0,0.0,0.0,0.0,0.0,0.0,0.0,-0.2368144154587947,-0.3117780824172594,-0.2793052412439976,-0.082385897706037,-0.2494937901255431,-0.321664557897566,True,-0.26932425449396796
2025-05-08 00:00:00+00:00,0.0,0.0,0.0,0.0,0.0,0.0,0.0,0.0,-0.2368144154587947,-0.3117780824172594,-0.2793052412439976,-0.082385897706037,-0.2494937901255431,-0.321664557897566,True,-0.26932425449396796
2025-05-09 00:00:00+00:00,0.0,0.0,0.0,0.0,0.0,0.0,0.0,0.0,-0.2368144154587947,-0.3117780824172594,-0.2793052412439976,-0.082385897706037,-0.2494937901255431,-0.321664557897566,True,-0.26932425449396796
2025-05-10 00:00:00+00:00,0.0,0.0,0.0,0.0,0.0,0.0,0.0,0.0,-0.2368144154587947,-0.3117780824172594,-0.2793052412439976,-0.082385897706037,-0.2494937901255431,-0.321664557897566,True,-0.26932425449396796
2025-05-11 00:00:00+00:00,0.0,0.0,0.0,0.0,0.0,0.0,0.0,0.0,-0.2368144154587947,-0.3117780824172594,-0.2793052412439976,-0.082385897706037,-0.2494937901255431,-0.321664557897566,True,-0.26932425449396796
2025-05-12 00:00:00+00:00,0.0,0.0,0.0,0.0,0.0,0.0,0.0,0.0,-0.2368144154587947,-0.3117780824172594,-0.2793052412439976,-0.082385897706037,-0.2494937901255431,-0.321664557897566,True,-0.26932425449396796
2025-05-13 00:00:00+00:00,0.0,0.0,0.0,0.0,0.0,0.0,0.0,0.0,-0.2368144154587947,-0.3117780824172594,-0.2793052412439976,-0.082385897706037,-0.2494937901255431,-0.321664557897566,True,-0.26932425449396796
2025-05-14 00:00:00+00:00,0.0,0.0,0.0,0.0,0.0,0.0,0.0,0.0,-0.2368144154587947,-0.3117780824172594,-0.2793052412439976,-0.082385897706037,-0.2494937901255431,-0.321664557897566,True,-0.26932425449396796
2025-05-15 00:00:00+00:00,0.0,0.0,0.0,0.0,0.0,0.0,0.0,0.0,-0.2368144154587947,-0.3117780824172594,-0.2793052412439976,-0.082385897706037,-0.2494937901255431,-0.321664557897566,True,-0.26932425449396796
2025-05-16 00:00:00+00:00,0.0,0.0,0.0,0.0,0.0,0.0,0.0,0.0,-0.2368144154587947,-0.3117780824172594,-0.2793052412439976,-0.082385897706037,-0.2494937901255431,-0.321664557897566,True,-0.26932425449396796
2025-05-17 00:00:00+00:00,0.0,0.0,0.0,0.0,0.0,0.0,0.0,0.0,-0.2368144154587947,-0.3117780824172594,-0.2793052412439976,-0.082385897706037,-0.2494937901255431,-0.321664557897566,True,-0.26932425449396796
2025-05-18 00:00:00+00:00,0.0,0.0,0.0,0.0,0.0,0.0,0.0,0.0,-0.2368144154587947,-0.3117780824172594,-0.2793052412439976,-0.082385897706037,-0.2494937901255431,-0.321664557897566,True,-0.26932425449396796
2025-05-19 00:00:00+00:00,0.0,0.0,0.0,0.0,0.0,0.0,0.0,0.0,-0.2368144154587947,-0.3117780824172594,-0.2793052412439976,-0.082385897706037,-0.2494937901255431,-0.321664557897566,True,-0.26932425449396796
2025-05-20 00:00:00+00:00,0.0,0.0,0.0,0.0,0.0,0.0,0.0,0.0,-0.2368144154587947,-0.3117780824172594,-0.2793052412439976,-0.082385897706037,-0.2494937901255431,-0.321664557897566,True,-0.26932425449396796
2025-05-21 00:00:00+00:00,0.0,0.0,0.0,0.0,0.0,0.0,0.0,0.0,-0.2368144154587947,-0.3117780824172594,-0.2793052412439976,-0.082385897706037,-0.2494937901255431,-0.321664557897566,True,-0.26932425449396796
2025-05-22 00:00:00+00:00,0.0,0.0,0.0,0.0,0.0,0.0,0.0,0.0,-0.2368144154587947,-0.3117780824172594,-0.2793052412439976,-0.082385897706037,-0.2494937901255431,-0.321664557897566,True,-0.26932425449396796
2025-05-23 00:00:00+00:00,0.0,0.0,0.0,0.0,0.0,0.0,0.0,0.0,-0.2368144154587947,-0.3117780824172594,-0.2793052412439976,-0.082385897706037,-0.2494937901255431,-0.321664557897566,True,-0.26932425449396796
2025-05-24 00:00:00+00:00,0.0,0.0,0.0,0.0,0.0,0.0,0.0,0.0,-0.2368144154587947,-0.3117780824172594,-0.2793052412439976,-0.082385897706037,-0.2494937901255431,-0.321664557897566,True,-0.26932425449396796
2025-05-25 00:00:00+00:00,5.0,1.0,1.0,241.6,0.0,0.0,0.0,1.0,2.1123934970651854,0.6537725428661474,1.3434351273058398,0.3279602666669095,-0.2494937901255431,3.848472299029357,True,1.903790668656333
2025-05-26 00:00:00+00:00,0.0,0.0,0.0,0.0,0.0,0.0,0.0,0.0,-0.2368144154587947,-0.3117780824172594,-0.2793052412439976,-0.082385897706037,-0.2494937901255431,-0.321664557897566,True,-0.26932425449396796
2025-05-27 00:00:00+00:00,0.0,0.0,0.0,0.0,0.0,0.0,0.0,0.0,-0.2368144154587947,-0.3117780824172594,-0.2793052412439976,-0.082385897706037,-0.2494937901255431,-0.321664557897566,True,-0.26932425449396796
2025-05-28 00:00:00+00:00,0.0,0.0,0.0,0.0,0.0,0.0,0.0,0.0,-0.2368144154587947,-0.3117780824172594,-0.2793052412439976,-0.082385897706037,-0.2494937901255431,-0.321664557897566,True,-0.26932425449396796
2025-05-29 00:00:00+00:00,0.0,0.0,0.0,0.0,0.0,0.0,0.0,0.0,-0.2368144154587947,-0.3117780824172594,-0.2793052412439976,-0.082385897706037,-0.2494937901255431,-0.321664557897566,True,-0.26932425449396796
2025-05-30 00:00:00+00:00,0.0,0.0,0.0,0.0,0.0,0.0,0.0,0.0,-0.2368144154587947,-0.3117780824172594,-0.2793052412439976,-0.082385897706037,-0.2494937901255431,-0.321664557897566,True,-0.26932425449396796
2025-05-31 00:00:00+00:00,0.0,0.0,0.0,0.0,0.0,0.0,0.0,0.0,-0.2368144154587947,-0.3117780824172594,-0.2793052412439976,-0.082385897706037,-0.2494937901255431,-0.321664557897566,True,-0.26932425449396796
2025-06-01 00:00:00+00:00,2.0,1.0,1.0,79.5,0.0,0.0,0.0,1.0,0.7028687495507973,0.6537725428661474,1.3434351273058398,0.052641089328935,-0.2494937901255431,3.848472299029357,True,1.433949086151537
2025-06-02 00:00:00+00:00,1.0,1.0,0.0,4.0,0.0,0.0,0.0,0.0,0.2330271670460012,0.6537725428661474,-0.2793052412439976,-0.0755920870376107,-0.2494937901255431,-0.321664557897566,True,-0.11271039365903596
2025-06-03 00:00:00+00:00,0.0,0.0,0.0,0.0,0.0,0.0,0.0,0.0,-0.2368144154587947,-0.3117780824172594,-0.2793052412439976,-0.082385897706037,-0.2494937901255431,-0.321664557897566,True,-0.26932425449396796
2025-06-04 00:00:00+00:00,0.0,0.0,0.0,0.0,0.0,0.0,0.0,0.0,-0.2368144154587947,-0.3117780824172594,-0.2793052412439976,-0.082385897706037,-0.2494937901255431,-0.321664557897566,True,-0.26932425449396796
2025-06-05 00:00:00+00:00,0.0,0.0,0.0,0.0,0.0,0.0,0.0,0.0,-0.2368144154587947,-0.3117780824172594,-0.2793052412439976,-0.082385897706037,-0.2494937901255431,-0.321664557897566,True,-0.26932425449396796
2025-06-06 00:00:00+00:00,0.0,0.0,0.0,0.0,0.0,0.0,0.0,0.0,-0.2368144154587947,-0.3117780824172594,-0.2793052412439976,-0.082385897706037,-0.2494937901255431,-0.321664557897566,True,-0.26932425449396796
2025-06-07 00:00:00+00:00,0.0,0.0,0.0,0.0,0.0,0.0,0.0,0.0,-0.2368144154587947,-0.3117780824172594,-0.2793052412439976,-0.082385897706037,-0.2494937901255431,-0.321664557897566,True,-0.26932425449396796
2025-06-08 00:00:00+00:00,0.0,0.0,0.0,0.0,0.0,0.0,0.0,0.0,-0.2368144154587947,-0.3117780824172594,-0.2793052412439976,-0.082385897706037,-0.2494937901255431,-0.321664557897566,True,-0.26932425449396796
2025-06-09 00:00:00+00:00,0.0,0.0,0.0,0.0,0.0,0.0,0.0,0.0,-0.2368144154587947,-0.3117780824172594,-0.2793052412439976,-0.082385897706037,-0.2494937901255431,-0.321664557897566,True,-0.26932425449396796
2025-06-10 00:00:00+00:00,0.0,0.0,0.0,0.0,0.0,0.0,0.0,0.0,-0.2368144154587947,-0.3117780824172594,-0.2793052412439976,-0.082385897706037,-0.2494937901255431,-0.321664557897566,True,-0.26932425449396796
2025-06-11 00:00:00+00:00,2.0,2.0,2.0,9.0,0.5,0.0,0.0,1.0,0.7028687495507973,1.6193231681495543,2.966175495855677,-0.0670998237020779,3.717658542125021,3.848472299029357,True,2.756333196901725
2025-06-12 00:00:00+00:00,0.0,0.0,0.0,0.0,0.0,0.0,0.0,0.0,-0.2368144154587947,-0.3117780824172594,-0.2793052412439976,-0.082385897706037,-0.2494937901255431,-0.321664557897566,True,-0.26932425449396796
2025-06-13 00:00:00+00:00,0.0,0.0,0.0,0.0,0.0,0.0,0.0,0.0,-0.2368144154587947,-0.3117780824172594,-0.2793052412439976,-0.082385897706037,-0.2494937901255431,-0.321664557897566,True,-0.26932425449396796
2025-06-14 00:00:00+00:00,0.0,0.0,0.0,0.0,0.0,0.0,0.0,0.0,-0.2368144154587947,-0.3117780824172594,-0.2793052412439976,-0.082385897706037,-0.2494937901255431,-0.321664557897566,True,-0.26932425449396796
2025-06-15 00:00:00+00:00,0.0,0.0,0.0,0.0,0.0,0.0,0.0,0.0,-0.2368144154587947,-0.3117780824172594,-0.2793052412439976,-0.082385897706037,-0.2494937901255431,-0.321664557897566,True,-0.26932425449396796
2025-06-16 00:00:00+00:00,2.0,2.0,1.0,2.0,0.0,0.5,0.0,0.5,0.7028687495507973,1.6193231681495543,1.3434351273058398,-0.0789889923718238,-0.2494937901255431,1.7634038705658954,True,0.7389262766637166
2025-06-17 00:00:00+00:00,0.0,0.0,0.0,0.0,0.0,0.0,0.0,0.0,-0.2368144154587947,-0.3117780824172594,-0.2793052412439976,-0.082385897706037,-0.2494937901255431,-0.321664557897566,True,-0.26932425449396796
2025-06-18 00:00:00+00:00,0.0,0.0,0.0,0.0,0.0,0.0,0.0,0.0,-0.2368144154587947,-0.3117780824172594,-0.2793052412439976,-0.082385897706037,-0.2494937901255431,-0.321664557897566,True,-0.26932425449396796
2025-06-19 00:00:00+00:00,4.0,4.0,3.0,72.0,0.75,0.0,0.0,0.75,1.6425519145603893,3.5504244187163683,4.588915864405514,0.0399026943256357,5.701234708250303,2.805938084797626,True,3.3832415692027724
2025-06-20 00:00:00+00:00,0.0,0.0,0.0,0.0,0.0,0.0,0.0,0.0,-0.2368144154587947,-0.3117780824172594,-0.2793052412439976,-0.082385897706037,-0.2494937901255431,-0.321664557897566,True,-0.26932425449396796
2025-06-21 00:00:00+00:00,0.0,0.0,0.0,0.0,0.0,0.0,0.0,0.0,-0.2368144154587947,-0.3117780824172594,-0.2793052412439976,-0.082385897706037,-0.2494937901255431,-0.321664557897566,True,-0.26932425449396796
2025-06-22 00:00:00+00:00,0.0,0.0,0.0,0.0,0.0,0.0,0.0,0.0,-0.2368144154587947,-0.3117780824172594,-0.2793052412439976,-0.082385897706037,-0.2494937901255431,-0.321664557897566,True,-0.26932425449396796
2025-06-23 00:00:00+00:00,0.0,0.0,0.0,0.0,0.0,0.0,0.0,0.0,-0.2368144154587947,-0.3117780824172594,-0.2793052412439976,-0.082385897706037,-0.2494937901255431,-0.321664557897566,True,-0.26932425449396796
2025-06-24 00:00:00+00:00,2.0,2.0,2.0,3.0,0.0,0.0,0.0,1.0,0.7028687495507973,1.6193231681495543,2.966175495855677,-0.0772905397047173,-0.2494937901255431,3.848472299029357,True,1.433949086151537
2025-06-25 00:00:00+00:00,2.0,2.0,2.0,9.0,0.5,0.0,0.0,1.0,0.7028687495507973,1.6193231681495543,2.966175495855677,-0.0670998237020779,3.717658542125021,3.848472299029357,True,2.756333196901725
2025-06-26 00:00:00+00:00,5.0,4.0,3.0,12.8,0.4,0.0,0.0,0.75,2.1123934970651854,3.5504244187163683,4.588915864405514,-0.0606457035670729,2.9242280756749084,2.805938084797626,True,2.614186552512573
2025-06-27 00:00:00+00:00,2.0,2.0,2.0,15.0,0.5,0.0,0.0,1.0,0.7028687495507973,1.6193231681495543,2.966175495855677,-0.0569091076994385,3.717658542125021,3.848472299029357,True,2.756333196901725
2025-06-28 00:00:00+00:00,0.0,0.0,0.0,0.0,0.0,0.0,0.0,0.0,-0.2368144154587947,-0.3117780824172594,-0.2793052412439976,-0.082385897706037,-0.2494937901255431,-0.321664557897566,True,-0.26932425449396796
2025-06-29 00:00:00+00:00,2.0,2.0,2.0,2.0,0.5,0.0,0.0,1.0,0.7028687495507973,1.6193231681495543,2.966175495855677,-0.0789889923718238,3.717658542125021,3.848472299029357,True,2.756333196901725
2025-06-30 00:00:00+00:00,0.0,0.0,0.0,0.0,0.0,0.0,0.0,0.0,-0.2368144154587947,-0.3117780824172594,-0.2793052412439976,-0.082385897706037,-0.2494937901255431,-0.321664557897566,True,-0.26932425449396796
2025-07-01 00:00:00+00:00,0.0,0.0,0.0,0.0,0.0,0.0,0.0,0.0,-0.2368144154587947,-0.3117780824172594,-0.2793052412439976,-0.082385897706037,-0.2494937901255431,-0.321664557897566,True,-0.26932425449396796
2025-07-02 00:00:00+00:00,0.0,0.0,0.0,0.0,0.0,0.0,0.0,0.0,-0.2368144154587947,-0.3117780824172594,-0.2793052412439976,-0.082385897706037,-0.2494937901255431,-0.321664557897566,True,-0.26932425449396796
2025-07-03 00:00:00+00:00,0.0,0.0,0.0,0.0,0.0,0.0,0.0,0.0,-0.2368144154587947,-0.3117780824172594,-0.2793052412439976,-0.082385897706037,-0.2494937901255431,-0.321664557897566,True,-0.26932425449396796
2025-07-04 00:00:00+00:00,0.0,0.0,0.0,0.0,0.0,0.0,0.0,0.0,-0.2368144154587947,-0.3117780824172594,-0.2793052412439976,-0.082385897706037,-0.2494937901255431,-0.321664557897566,True,-0.26932425449396796
2025-07-05 00:00:00+00:00,0.0,0.0,0.0,0.0,0.0,0.0,0.0,0.0,-0.2368144154587947,-0.3117780824172594,-0.2793052412439976,-0.082385897706037,-0.2494937901255431,-0.321664557897566,True,-0.26932425449396796
2025-07-06 00:00:00+00:00,0.0,0.0,0.0,0.0,0.0,0.0,0.0,0.0,-0.2368144154587947,-0.3117780824172594,-0.2793052412439976,-0.082385897706037,-0.2494937901255431,-0.321664557897566,True,-0.26932425449396796
2025-07-07 00:00:00+00:00,0.0,0.0,0.0,0.0,0.0,0.0,0.0,0.0,-0.2368144154587947,-0.3117780824172594,-0.2793052412439976,-0.082385897706037,-0.2494937901255431,-0.321664557897566,True,-0.26932425449396796
2025-07-08 00:00:00+00:00,0.0,0.0,0.0,0.0,0.0,0.0,0.0,0.0,-0.2368144154587947,-0.3117780824172594,-0.2793052412439976,-0.082385897706037,-0.2494937901255431,-0.321664557897566,True,-0.26932425449396796
2025-07-09 00:00:00+00:00,1.0,1.0,1.0,8.0,0.0,0.0,0.0,1.0,0.2330271670460012,0.6537725428661474,1.3434351273058398,-0.0687982763691844,-0.2494937901255431,3.848472299029357,True,1.277335225316605
2025-07-10 00:00:00+00:00,2.0,2.0,1.0,604.0,0.0,0.0,0.0,0.5,0.7028687495507973,1.6193231681495543,1.3434351273058398,0.9434795132263292,-0.2494937901255431,1.7634038705658954,True,0.7389262766637166
2025-07-11 00:00:00+00:00,4.0,3.0,3.0,24.5,0.5,0.0,0.0,1.0,1.6425519145603893,2.584873793432961,4.588915864405514,-0.0407738073619261,3.717658542125021,3.848472299029357,True,3.069560918571589
2025-07-12 00:00:00+00:00,0.0,0.0,0.0,0.0,0.0,0.0,0.0,0.0,-0.2368144154587947,-0.3117780824172594,-0.2793052412439976,-0.082385897706037,-0.2494937901255431,-0.321664557897566,True,-0.26932425449396796
2025-07-13 00:00:00+00:00,0.0,0.0,0.0,0.0,0.0,0.0,0.0,0.0,-0.2368144154587947,-0.3117780824172594,-0.2793052412439976,-0.082385897706037,-0.2494937901255431,-0.321664557897566,True,-0.26932425449396796
2025-07-14 00:00:00+00:00,0.0,0.0,0.0,0.0,0.0,0.0,0.0,0.0,-0.2368144154587947,-0.3117780824172594,-0.2793052412439976,-0.082385897706037,-0.2494937901255431,-0.321664557897566,True,-0.26932425449396796
2025-07-15 00:00:00+00:00,0.0,0.0,0.0,0.0,0.0,0.0,0.0,0.0,-0.2368144154587947,-0.3117780824172594,-0.2793052412439976,-0.082385897706037,-0.2494937901255431,-0.321664557897566,True,-0.26932425449396796
2025-07-16 00:00:00+00:00,0.0,0.0,0.0,0.0,0.0,0.0,0.0,0.0,-0.2368144154587947,-0.3117780824172594,-0.2793052412439976,-0.082385897706037,-0.2494937901255431,-0.321664557897566,True,-0.26932425449396796
2025-07-17 00:00:00+00:00,0.0,0.0,0.0,0.0,0.0,0.0,0.0,0.0,-0.2368144154587947,-0.3117780824172594,-0.2793052412439976,-0.082385897706037,-0.2494937901255431,-0.321664557897566,True,-0.26932425449396796
2025-07-18 00:00:00+00:00,0.0,0.0,0.0,0.0,0.0,0.0,0.0,0.0,-0.2368144154587947,-0.3117780824172594,-0.2793052412439976,-0.082385897706037,-0.2494937901255431,-0.321664557897566,True,-0.26932425449396796
2025-07-19 00:00:00+00:00,0.0,0.0,0.0,0.0,0.0,0.0,0.0,0.0,-0.2368144154587947,-0.3117780824172594,-0.2793052412439976,-0.082385897706037,-0.2494937901255431,-0.321664557897566,True,-0.26932425449396796
2025-07-20 00:00:00+00:00,0.0,0.0,0.0,0.0,0.0,0.0,0.0,0.0,-0.2368144154587947,-0.3117780824172594,-0.2793052412439976,-0.082385897706037,-0.2494937901255431,-0.321664557897566,True,-0.26932425449396796
2025-07-21 00:00:00+00:00,0.0,0.0,0.0,0.0,0.0,0.0,0.0,0.0,-0.2368144154587947,-0.3117780824172594,-0.2793052412439976,-0.082385897706037,-0.2494937901255431,-0.321664557897566,True,-0.26932425449396796
2025-07-22 00:00:00+00:00,0.0,0.0,0.0,0.0,0.0,0.0,0.0,0.0,-0.2368144154587947,-0.3117780824172594,-0.2793052412439976,-0.082385897706037,-0.2494937901255431,-0.321664557897566,True,-0.26932425449396796
2025-07-23 00:00:00+00:00,0.0,0.0,0.0,0.0,0.0,0.0,0.0,0.0,-0.2368144154587947,-0.3117780824172594,-0.2793052412439976,-0.082385897706037,-0.2494937901255431,-0.321664557897566,True,-0.26932425449396796
2025-07-24 00:00:00+00:00,2.0,2.0,2.0,16.0,0.5,0.0,0.0,1.0,0.7028687495507973,1.6193231681495543,2.966175495855677,-0.0552106550323319,3.717658542125021,3.848472299029357,True,2.756333196901725
2025-07-25 00:00:00+00:00,0.0,0.0,0.0,0.0,0.0,0.0,0.0,0.0,-0.2368144154587947,-0.3117780824172594,-0.2793052412439976,-0.082385897706037,-0.2494937901255431,-0.321664557897566,True,-0.26932425449396796
2025-07-26 00:00:00+00:00,0.0,0.0,0.0,0.0,0.0,0.0,0.0,0.0,-0.2368144154587947,-0.3117780824172594,-0.2793052412439976,-0.082385897706037,-0.2494937901255431,-0.321664557897566,True,-0.26932425449396796
2025-07-27 00:00:00+00:00,0.0,0.0,0.0,0.0,0.0,0.0,0.0,0.0,-0.2368144154587947,-0.3117780824172594,-0.2793052412439976,-0.082385897706037,-0.2494937901255431,-0.321664557897566,True,-0.26932425449396796
2025-07-28 00:00:00+00:00,0.0,0.0,0.0,0.0,0.0,0.0,0.0,0.0,-0.2368144154587947,-0.3117780824172594,-0.2793052412439976,-0.082385897706037,-0.2494937901255431,-0.321664557897566,True,-0.26932425449396796
2025-07-29 00:00:00+00:00,0.0,0.0,0.0,0.0,0.0,0.0,0.0,0.0,-0.2368144154587947,-0.3117780824172594,-0.2793052412439976,-0.082385897706037,-0.2494937901255431,-0.321664557897566,True,-0.26932425449396796
2025-07-30 00:00:00+00:00,0.0,0.0,0.0,0.0,0.0,0.0,0.0,0.0,-0.2368144154587947,-0.3117780824172594,-0.2793052412439976,-0.082385897706037,-0.2494937901255431,-0.321664557897566,True,-0.26932425449396796
2025-07-31 00:00:00+00:00,0.0,0.0,0.0,0.0,0.0,0.0,0.0,0.0,-0.2368144154587947,-0.3117780824172594,-0.2793052412439976,-0.082385897706037,-0.2494937901255431,-0.321664557897566,True,-0.26932425449396796
2025-08-01 00:00:00+00:00,0.0,0.0,0.0,0.0,0.0,0.0,0.0,0.0,-0.2368144154587947,-0.3117780824172594,-0.2793052412439976,-0.082385897706037,-0.2494937901255431,-0.321664557897566,True,-0.26932425449396796
2025-08-02 00:00:00+00:00,0.0,0.0,0.0,0.0,0.0,0.0,0.0,0.0,-0.2368144154587947,-0.3117780824172594,-0.2793052412439976,-0.082385897706037,-0.2494937901255431,-0.321664557897566,True,-0.26932425449396796
2025-08-03 00:00:00+00:00,12.0,5.0,4.0,71.9090909090909,0.4166666666666667,0.0833333333333333,0.0,0.8,5.401284574598757,4.515975043999776,6.211656232955352,0.039748289537717,3.0564664867499274,3.0144449276439724,True,3.8240653296642186
2025-08-04 00:00:00+00:00,0.0,0.0,0.0,0.0,0.0,0.0,0.0,0.0,-0.2368144154587947,-0.3117780824172594,-0.2793052412439976,-0.082385897706037,-0.2494937901255431,-0.321664557897566,True,-0.26932425449396796
2025-08-05 00:00:00+00:00,1.0,1.0,1.0,0.0,0.0,0.0,0.0,1.0,0.2330271670460012,0.6537725428661474,1.3434351273058398,-0.082385897706037,-0.2494937901255431,3.848472299029357,True,1.277335225316605
2025-08-06 00:00:00+00:00,0.0,0.0,0.0,0.0,0.0,0.0,0.0,0.0,-0.2368144154587947,-0.3117780824172594,-0.2793052412439976,-0.082385897706037,-0.2494937901255431,-0.321664557897566,True,-0.26932425449396796
2025-08-07 00:00:00+00:00,0.0,0.0,0.0,0.0,0.0,0.0,0.0,0.0,-0.2368144154587947,-0.3117780824172594,-0.2793052412439976,-0.082385897706037,-0.2494937901255431,-0.321664557897566,True,-0.26932425449396796
2025-08-08 00:00:00+00:00,0.0,0.0,0.0,0.0,0.0,0.0,0.0,0.0,-0.2368144154587947,-0.3117780824172594,-0.2793052412439976,-0.082385897706037,-0.2494937901255431,-0.321664557897566,True,-0.26932425449396796
2025-08-09 00:00:00+00:00,0.0,0.0,0.0,0.0,0.0,0.0,0.0,0.0,-0.2368144154587947,-0.3117780824172594,-0.2793052412439976,-0.082385897706037,-0.2494937901255431,-0.321664557897566,True,-0.26932425449396796
2025-08-10 00:00:00+00:00,0.0,0.0,0.0,0.0,0.0,0.0,0.0,0.0,-0.2368144154587947,-0.3117780824172594,-0.2793052412439976,-0.082385897706037,-0.2494937901255431,-0.321664557897566,True,-0.26932425449396796
2025-08-11 00:00:00+00:00,0.0,0.0,0.0,0.0,0.0,0.0,0.0,0.0,-0.2368144154587947,-0.3117780824172594,-0.2793052412439976,-0.082385897706037,-0.2494937901255431,-0.321664557897566,True,-0.26932425449396796
2025-08-12 00:00:00+00:00,0.0,0.0,0.0,0.0,0.0,0.0,0.0,0.0,-0.2368144154587947,-0.3117780824172594,-0.2793052412439976,-0.082385897706037,-0.2494937901255431,-0.321664557897566,True,-0.26932425449396796
2025-08-13 00:00:00+00:00,2.0,2.0,1.0,13.0,0.5,0.5,0.0,0.5,0.7028687495507973,1.6193231681495543,1.3434351273058398,-0.0603060130336516,3.717658542125021,1.7634038705658954,True,2.0613103874139047
2025-08-14 00:00:00+00:00,0.0,0.0,0.0,0.0,0.0,0.0,0.0,0.0,-0.2368144154587947,-0.3117780824172594,-0.2793052412439976,-0.082385897706037,-0.2494937901255431,-0.321664557897566,True,-0.26932425449396796
2025-08-15 00:00:00+00:00,0.0,0.0,0.0,0.0,0.0,0.0,0.0,0.0,-0.2368144154587947,-0.3117780824172594,-0.2793052412439976,-0.082385897706037,-0.2494937901255431,-0.321664557897566,True,-0.26932425449396796
2025-08-16 00:00:00+00:00,0.0,0.0,0.0,0.0,0.0,0.0,0.0,0.0,-0.2368144154587947,-0.3117780824172594,-0.2793052412439976,-0.082385897706037,-0.2494937901255431,-0.321664557897566,True,-0.26932425449396796
2025-08-17 00:00:00+00:00,0.0,0.0,0.0,0.0,0.0,0.0,0.0,0.0,-0.2368144154587947,-0.3117780824172594,-0.2793052412439976,-0.082385897706037,-0.2494937901255431,-0.321664557897566,True,-0.26932425449396796
2025-08-18 00:00:00+00:00,0.0,0.0,0.0,0.0,0.0,0.0,0.0,0.0,-0.2368144154587947,-0.3117780824172594,-0.2793052412439976,-0.082385897706037,-0.2494937901255431,-0.321664557897566,True,-0.26932425449396796
2025-08-19 00:00:00+00:00,0.0,0.0,0.0,0.0,0.0,0.0,0.0,0.0,-0.2368144154587947,-0.3117780824172594,-0.2793052412439976,-0.082385897706037,-0.2494937901255431,-0.321664557897566,True,-0.26932425449396796
2025-08-20 00:00:00+00:00,0.0,0.0,0.0,0.0,0.0,0.0,0.0,0.0,-0.2368144154587947,-0.3117780824172594,-0.2793052412439976,-0.082385897706037,-0.2494937901255431,-0.321664557897566,True,-0.26932425449396796
2025-08-21 00:00:00+00:00,0.0,0.0,0.0,0.0,0.0,0.0,0.0,0.0,-0.2368144154587947,-0.3117780824172594,-0.2793052412439976,-0.082385897706037,-0.2494937901255431,-0.321664557897566,True,-0.26932425449396796
2025-08-22 00:00:00+00:00,0.0,0.0,0.0,0.0,0.0,0.0,0.0,0.0,-0.2368144154587947,-0.3117780824172594,-0.2793052412439976,-0.082385897706037,-0.2494937901255431,-0.321664557897566,True,-0.26932425449396796
2025-08-23 00:00:00+00:00,0.0,0.0,0.0,0.0,0.0,0.0,0.0,0.0,-0.2368144154587947,-0.3117780824172594,-0.2793052412439976,-0.082385897706037,-0.2494937901255431,-0.321664557897566,True,-0.26932425449396796
2025-08-24 00:00:00+00:00,0.0,0.0,0.0,0.0,0.0,0.0,0.0,0.0,-0.2368144154587947,-0.3117780824172594,-0.2793052412439976,-0.082385897706037,-0.2494937901255431,-0.321664557897566,True,-0.26932425449396796
2025-08-25 00:00:00+00:00,2.0,2.0,2.0,2.0,0.5,0.0,0.0,1.0,0.7028687495507973,1.6193231681495543,2.966175495855677,-0.0789889923718238,3.717658542125021,3.848472299029357,True,2.756333196901725
2025-08-26 00:00:00+00:00,2.0,2.0,2.0,50.0,0.5,0.0,0.0,1.0,0.7028687495507973,1.6193231681495543,2.966175495855677,0.0025367356492913,3.717658542125021,3.848472299029357,True,2.756333196901725
2025-08-27 00:00:00+00:00,2.0,2.0,1.0,16.0,0.5,0.0,0.0,0.5,0.7028687495507973,1.6193231681495543,1.3434351273058398,-0.0552106550323319,3.717658542125021,1.7634038705658954,True,2.0613103874139047
2025-08-28 00:00:00+00:00,2.0,2.0,1.0,16.0,1.0,0.0,0.0,0.5,0.7028687495507973,1.6193231681495543,1.3434351273058398,-0.0552106550323319,7.684810874375585,1.7634038705658954,True,3.383694498164093
2025-08-29 00:00:00+00:00,0.0,0.0,0.0,0.0,0.0,0.0,0.0,0.0,-0.2368144154587947,-0.3117780824172594,-0.2793052412439976,-0.082385897706037,-0.2494937901255431,-0.321664557897566,True,-0.26932425449396796
2025-08-30 00:00:00+00:00,0.0,0.0,0.0,0.0,0.0,0.0,0.0,0.0,-0.2368144154587947,-0.3117780824172594,-0.2793052412439976,-0.082385897706037,-0.2494937901255431,-0.321664557897566,True,-0.26932425449396796
2025-08-31 00:00:00+00:00,0.0,0.0,0.0,0.0,0.0,0.0,0.0,0.0,-0.2368144154587947,-0.3117780824172594,-0.2793052412439976,-0.082385897706037,-0.2494937901255431,-0.321664557897566,True,-0.26932425449396796
2025-09-01 00:00:00+00:00,0.0,0.0,0.0,0.0,0.0,0.0,0.0,0.0,-0.2368144154587947,-0.3117780824172594,-0.2793052412439976,-0.082385897706037,-0.2494937901255431,-0.321664557897566,True,-0.26932425449396796
2025-09-02 00:00:00+00:00,0.0,0.0,0.0,0.0,0.0,0.0,0.0,0.0,-0.2368144154587947,-0.3117780824172594,-0.2793052412439976,-0.082385897706037,-0.2494937901255431,-0.321664557897566,True,-0.26932425449396796
2025-09-03 00:00:00+00:00,2.0,2.0,2.0,59.0,0.5,0.0,0.0,1.0,0.7028687495507973,1.6193231681495543,2.966175495855677,0.0178228096532504,3.717658542125021,3.848472299029357,True,2.756333196901725
2025-09-04 00:00:00+00:00,0.0,0.0,0.0,0.0,0.0,0.0,0.0,0.0,-0.2368144154587947,-0.3117780824172594,-0.2793052412439976,-0.082385897706037,-0.2494937901255431,-0.321664557897566,True,-0.26932425449396796
2025-09-05 00:00:00+00:00,0.0,0.0,0.0,0.0,0.0,0.0,0.0,0.0,-0.2368144154587947,-0.3117780824172594,-0.2793052412439976,-0.082385897706037,-0.2494937901255431,-0.321664557897566,True,-0.26932425449396796
2025-09-06 00:00:00+00:00,1.0,1.0,1.0,4.0,0.0,0.0,0.0,1.0,0.2330271670460012,0.6537725428661474,1.3434351273058398,-0.0755920870376107,-0.2494937901255431,3.848472299029357,True,1.277335225316605
2025-09-07 00:00:00+00:00,0.0,0.0,0.0,0.0,0.0,0.0,0.0,0.0,-0.2368144154587947,-0.3117780824172594,-0.2793052412439976,-0.082385897706037,-0.2494937901255431,-0.321664557897566,True,-0.26932425449396796
2025-09-08 00:00:00+00:00,2.0,2.0,1.0,17.0,0.5,0.0,0.0,0.5,0.7028687495507973,1.6193231681495543,1.3434351273058398,-0.0535122023652253,3.717658542125021,1.7634038705658954,True,2.0613103874139047
2025-09-09 00:00:00+00:00,0.0,0.0,0.0,0.0,0.0,0.0,0.0,0.0,-0.2368144154587947,-0.3117780824172594,-0.2793052412439976,-0.082385897706037,-0.2494937901255431,-0.321664557897566,True,-0.26932425449396796
2025-09-10 00:00:00+00:00,0.0,0.0,0.0,0.0,0.0,0.0,0.0,0.0,-0.2368144154587947,-0.3117780824172594,-0.2793052412439976,-0.082385897706037,-0.2494937901255431,-0.321664557897566,True,-0.26932425449396796
2025-09-11 00:00:00+00:00,2.0,2.0,2.0,0.0,0.5,0.0,0.0,1.0,0.7028687495507973,1.6193231681495543,2.966175495855677,-0.082385897706037,3.717658542125021,3.848472299029357,True,2.756333196901725
2025-09-12 00:00:00+00:00,0.0,0.0,0.0,0.0,0.0,0.0,0.0,0.0,-0.2368144154587947,-0.3117780824172594,-0.2793052412439976,-0.082385897706037,-0.2494937901255431,-0.321664557897566,True,-0.26932425449396796
2025-09-13 00:00:00+00:00,1.0,1.0,0.0,52.0,0.0,0.0,0.0,0.0,0.2330271670460012,0.6537725428661474,-0.2793052412439976,0.0059336409835044,-0.2494937901255431,-0.321664557897566,True,-0.11271039365903596
2025-09-14 00:00:00+00:00,1.0,1.0,1.0,4.0,0.0,0.0,0.0,1.0,0.2330271670460012,0.6537725428661474,1.3434351273058398,-0.0755920870376107,-0.2494937901255431,3.848472299029357,True,1.277335225316605
2025-09-15 00:00:00+00:00,0.0,0.0,0.0,0.0,0.0,0.0,0.0,0.0,-0.2368144154587947,-0.3117780824172594,-0.2793052412439976,-0.082385897706037,-0.2494937901255431,-0.321664557897566,True,-0.26932425449396796
2025-09-16 00:00:00+00:00,4.0,3.0,1.0,332.6666666666667,0.5,0.25,0.0,0.3333333333333333,1.6425519145603893,2.584873793432961,1.3434351273058398,0.4826326895514142,3.717658542125021,1.0683810610780748,True,2.142863839254495
2025-09-17 00:00:00+00:00,2.0,2.0,0.0,16.0,1.0,0.0,0.0,0.0,0.7028687495507973,1.6193231681495543,-0.2793052412439976,-0.0552106550323319,7.684810874375585,-0.321664557897566,True,2.6886716886762723
2025-09-18 00:00:00+00:00,2.0,2.0,2.0,13.0,0.5,0.0,0.0,1.0,0.7028687495507973,1.6193231681495543,2.966175495855677,-0.0603060130336516,3.717658542125021,3.848472299029357,True,2.756333196901725
2025-09-19 00:00:00+00:00,0.0,0.0,0.0,0.0,0.0,0.0,0.0,0.0,-0.2368144154587947,-0.3117780824172594,-0.2793052412439976,-0.082385897706037,-0.2494937901255431,-0.321664557897566,True,-0.26932425449396796
2025-09-20 00:00:00+00:00,0.0,0.0,0.0,0.0,0.0,0.0,0.0,0.0,-0.2368144154587947,-0.3117780824172594,-0.2793052412439976,-0.082385897706037,-0.2494937901255431,-0.321664557897566,True,-0.26932425449396796
2025-09-21 00:00:00+00:00,0.0,0.0,0.0,0.0,0.0,0.0,0.0,0.0,-0.2368144154587947,-0.3117780824172594,-0.2793052412439976,-0.082385897706037,-0.2494937901255431,-0.321664557897566,True,-0.26932425449396796
2025-09-22 00:00:00+00:00,0.0,0.0,0.0,0.0,0.0,0.0,0.0,0.0,-0.2368144154587947,-0.3117780824172594,-0.2793052412439976,-0.082385897706037,-0.2494937901255431,-0.321664557897566,True,-0.26932425449396796
2025-09-23 00:00:00+00:00,0.0,0.0,0.0,0.0,0.0,0.0,0.0,0.0,-0.2368144154587947,-0.3117780824172594,-0.2793052412439976,-0.082385897706037,-0.2494937901255431,-0.321664557897566,True,-0.26932425449396796
2025-09-24 00:00:00+00:00,0.0,0.0,0.0,0.0,0.0,0.0,0.0,0.0,-0.2368144154587947,-0.3117780824172594,-0.2793052412439976,-0.082385897706037,-0.2494937901255431,-0.321664557897566,True,-0.26932425449396796
2025-09-25 00:00:00+00:00,0.0,0.0,0.0,0.0,0.0,0.0,0.0,0.0,-0.2368144154587947,-0.3117780824172594,-0.2793052412439976,-0.082385897706037,-0.2494937901255431,-0.321664557897566,True,-0.26932425449396796
2025-09-26 00:00:00+00:00,0.0,0.0,0.0,0.0,0.0,0.0,0.0,0.0,-0.2368144154587947,-0.3117780824172594,-0.2793052412439976,-0.082385897706037,-0.2494937901255431,-0.321664557897566,True,-0.26932425449396796
2025-09-27 00:00:00+00:00,0.0,0.0,0.0,0.0,0.0,0.0,0.0,0.0,-0.2368144154587947,-0.3117780824172594,-0.2793052412439976,-0.082385897706037,-0.2494937901255431,-0.321664557897566,True,-0.26932425449396796
2025-09-28 00:00:00+00:00,0.0,0.0,0.0,0.0,0.0,0.0,0.0,0.0,-0.2368144154587947,-0.3117780824172594,-0.2793052412439976,-0.082385897706037,-0.2494937901255431,-0.321664557897566,True,-0.26932425449396796
2025-09-29 00:00:00+00:00,0.0,0.0,0.0,0.0,0.0,0.0,0.0,0.0,-0.2368144154587947,-0.3117780824172594,-0.2793052412439976,-0.082385897706037,-0.2494937901255431,-0.321664557897566,True,-0.26932425449396796
2025-09-30 00:00:00+00:00,2.0,2.0,2.0,1.0,0.5,0.0,0.0,1.0,0.7028687495507973,1.6193231681495543,2.966175495855677,-0.0806874450389304,3.717658542125021,3.848472299029357,True,2.756333196901725
2025-10-01 00:00:00+00:00,2.0,2.0,2.0,6.5,0.0,0.0,0.0,1.0,0.7028687495507973,1.6193231681495543,2.966175495855677,-0.0713459553698443,-0.2494937901255431,3.848472299029357,True,1.433949086151537
2025-10-02 00:00:00+00:00,0.0,0.0,0.0,0.0,0.0,0.0,0.0,0.0,-0.2368144154587947,-0.3117780824172594,-0.2793052412439976,-0.082385897706037,-0.2494937901255431,-0.321664557897566,True,-0.26932425449396796
2025-10-03 00:00:00+00:00,0.0,0.0,0.0,0.0,0.0,0.0,0.0,0.0,-0.2368144154587947,-0.3117780824172594,-0.2793052412439976,-0.082385897706037,-0.2494937901255431,-0.321664557897566,True,-0.26932425449396796
2025-10-04 00:00:00+00:00,0.0,0.0,0.0,0.0,0.0,0.0,0.0,0.0,-0.2368144154587947,-0.3117780824172594,-0.2793052412439976,-0.082385897706037,-0.2494937901255431,-0.321664557897566,True,-0.26932425449396796
2025-10-05 00:00:00+00:00,0.0,0.0,0.0,0.0,0.0,0.0,0.0,0.0,-0.2368144154587947,-0.3117780824172594,-0.2793052412439976,-0.082385897706037,-0.2494937901255431,-0.321664557897566,True,-0.26932425449396796
2025-10-06 00:00:00+00:00,0.0,0.0,0.0,0.0,0.0,0.0,0.0,0.0,-0.2368144154587947,-0.3117780824172594,-0.2793052412439976,-0.082385897706037,-0.2494937901255431,-0.321664557897566,True,-0.26932425449396796
2025-10-07 00:00:00+00:00,0.0,0.0,0.0,0.0,0.0,0.0,0.0,0.0,-0.2368144154587947,-0.3117780824172594,-0.2793052412439976,-0.082385897706037,-0.2494937901255431,-0.321664557897566,True,-0.26932425449396796
2025-10-08 00:00:00+00:00,0.0,0.0,0.0,0.0,0.0,0.0,0.0,0.0,-0.2368144154587947,-0.3117780824172594,-0.2793052412439976,-0.082385897706037,-0.2494937901255431,-0.321664557897566,True,-0.26932425449396796
2025-10-09 00:00:00+00:00,0.0,0.0,0.0,0.0,0.0,0.0,0.0,0.0,-0.2368144154587947,-0.3117780824172594,-0.2793052412439976,-0.082385897706037,-0.2494937901255431,-0.321664557897566,True,-0.26932425449396796
2025-10-10 00:00:00+00:00,0.0,0.0,0.0,0.0,0.0,0.0,0.0,0.0,-0.2368144154587947,-0.3117780824172594,-0.2793052412439976,-0.082385897706037,-0.2494937901255431,-0.321664557897566,True,-0.26932425449396796
2025-10-11 00:00:00+00:00,0.0,0.0,0.0,0.0,0.0,0.0,0.0,0.0,-0.2368144154587947,-0.3117780824172594,-0.2793052412439976,-0.082385897706037,-0.2494937901255431,-0.321664557897566,True,-0.26932425449396796
2025-10-12 00:00:00+00:00,2.0,2.0,2.0,4.0,0.5,0.0,0.0,1.0,0.7028687495507973,1.6193231681495543,2.966175495855677,-0.0755920870376107,3.717658542125021,3.848472299029357,True,2.756333196901725
2025-10-13 00:00:00+00:00,0.0,0.0,0.0,0.0,0.0,0.0,0.0,0.0,-0.2368144154587947,-0.3117780824172594,-0.2793052412439976,-0.082385897706037,-0.2494937901255431,-0.321664557897566,True,-0.26932425449396796
2025-10-14 00:00:00+00:00,0.0,0.0,0.0,0.0,0.0,0.0,0.0,0.0,-0.2368144154587947,-0.3117780824172594,-0.2793052412439976,-0.082385897706037,-0.2494937901255431,-0.321664557897566,True,-0.26932425449396796
2025-10-15 00:00:00+00:00,0.0,0.0,0.0,0.0,0.0,0.0,0.0,0.0,-0.2368144154587947,-0.3117780824172594,-0.2793052412439976,-0.082385897706037,-0.2494937901255431,-0.321664557897566,True,-0.26932425449396796
2025-10-16 00:00:00+00:00,0.0,0.0,0.0,0.0,0.0,0.0,0.0,0.0,-0.2368144154587947,-0.3117780824172594,-0.2793052412439976,-0.082385897706037,-0.2494937901255431,-0.321664557897566,True,-0.26932425449396796
2025-10-17 00:00:00+00:00,0.0,0.0,0.0,0.0,0.0,0.0,0.0,0.0,-0.2368144154587947,-0.3117780824172594,-0.2793052412439976,-0.082385897706037,-0.2494937901255431,-0.321664557897566,True,-0.26932425449396796
2025-10-18 00:00:00+00:00,0.0,0.0,0.0,0.0,0.0,0.0,0.0,0.0,-0.2368144154587947,-0.3117780824172594,-0.2793052412439976,-0.082385897706037,-0.2494937901255431,-0.321664557897566,True,-0.26932425449396796
2025-10-19 00:00:00+00:00,0.0,0.0,0.0,0.0,0.0,0.0,0.0,0.0,-0.2368144154587947,-0.3117780824172594,-0.2793052412439976,-0.082385897706037,-0.2494937901255431,-0.321664557897566,True,-0.26932425449396796
2025-10-20 00:00:00+00:00,0.0,0.0,0.0,0.0,0.0,0.0,0.0,0.0,-0.2368144154587947,-0.3117780824172594,-0.2793052412439976,-0.082385897706037,-0.2494937901255431,-0.321664557897566,True,-0.26932425449396796
2025-10-21 00:00:00+00:00,0.0,0.0,0.0,0.0,0.0,0.0,0.0,0.0,-0.2368144154587947,-0.3117780824172594,-0.2793052412439976,-0.082385897706037,-0.2494937901255431,-0.321664557897566,True,-0.26932425449396796
2025-10-22 00:00:00+00:00,0.0,0.0,0.0,0.0,0.0,0.0,0.0,0.0,-0.2368144154587947,-0.3117780824172594,-0.2793052412439976,-0.082385897706037,-0.2494937901255431,-0.321664557897566,True,-0.26932425449396796
2025-10-23 00:00:00+00:00,0.0,0.0,0.0,0.0,0.0,0.0,0.0,0.0,-0.2368144154587947,-0.3117780824172594,-0.2793052412439976,-0.082385897706037,-0.2494937901255431,-0.321664557897566,True,-0.26932425449396796
2025-10-24 00:00:00+00:00,0.0,0.0,0.0,0.0,0.0,0.0,0.0,0.0,-0.2368144154587947,-0.3117780824172594,-0.2793052412439976,-0.082385897706037,-0.2494937901255431,-0.321664557897566,True,-0.26932425449396796
2025-10-25 00:00:00+00:00,2.0,2.0,2.0,68.0,0.5,0.0,0.0,1.0,0.7028687495507973,1.6193231681495543,2.966175495855677,0.0331088836572095,3.717658542125021,3.848472299029357,True,2.756333196901725
2025-10-26 00:00:00+00:00,0.0,0.0,0.0,0.0,0.0,0.0,0.0,0.0,-0.2368144154587947,-0.3117780824172594,-0.2793052412439976,-0.082385897706037,-0.2494937901255431,-0.321664557897566,True,-0.26932425449396796
2025-10-27 00:00:00+00:00,0.0,0.0,0.0,0.0,0.0,0.0,0.0,0.0,-0.2368144154587947,-0.3117780824172594,-0.2793052412439976,-0.082385897706037,-0.2494937901255431,-0.321664557897566,True,-0.26932425449396796
2025-10-28 00:00:00+00:00,0.0,0.0,0.0,0.0,0.0,0.0,0.0,0.0,-0.2368144154587947,-0.3117780824172594,-0.2793052412439976,-0.082385897706037,-0.2494937901255431,-0.321664557897566,True,-0.26932425449396796
2025-10-29 00:00:00+00:00,2.0,2.0,2.0,37.0,0.5,0.0,0.0,1.0,0.7028687495507973,1.6193231681495543,2.966175495855677,-0.019543149023094,3.717658542125021,3.848472299029357,True,2.756333196901725
2025-10-30 00:00:00+00:00,0.0,0.0,0.0,0.0,0.0,0.0,0.0,0.0,-0.2368144154587947,-0.3117780824172594,-0.2793052412439976,-0.082385897706037,-0.2494937901255431,-0.321664557897566,True,-0.26932425449396796
2025-10-31 00:00:00+00:00,0.0,0.0,0.0,0.0,0.0,0.0,0.0,0.0,-0.2368144154587947,-0.3117780824172594,-0.2793052412439976,-0.082385897706037,-0.2494937901255431,-0.321664557897566,True,-0.26932425449396796
2025-11-01 00:00:00+00:00,3.0,2.0,1.0,20.0,0.3333333333333333,0.0,0.0,0.5,1.1727103320555934,1.6193231681495543,1.3434351273058398,-0.0484168443639056,2.395274431374833,1.7634038705658954,True,1.7771295446654405
2025-11-02 00:00:00+00:00,0.0,0.0,0.0,0.0,0.0,0.0,0.0,0.0,-0.2368144154587947,-0.3117780824172594,-0.2793052412439976,-0.082385897706037,-0.2494937901255431,-0.321664557897566,True,-0.26932425449396796
2025-11-03 00:00:00+00:00,0.0,0.0,0.0,0.0,0.0,0.0,0.0,0.0,-0.2368144154587947,-0.3117780824172594,-0.2793052412439976,-0.082385897706037,-0.2494937901255431,-0.321664557897566,True,-0.26932425449396796
2025-11-04 00:00:00+00:00,0.0,0.0,0.0,0.0,0.0,0.0,0.0,0.0,-0.2368144154587947,-0.3117780824172594,-0.2793052412439976,-0.082385897706037,-0.2494937901255431,-0.321664557897566,True,-0.26932425449396796
2025-11-05 00:00:00+00:00,0.0,0.0,0.0,0.0,0.0,0.0,0.0,0.0,-0.2368144154587947,-0.3117780824172594,-0.2793052412439976,-0.082385897706037,-0.2494937901255431,-0.321664557897566,True,-0.26932425449396796
2025-11-06 00:00:00+00:00,0.0,0.0,0.0,0.0,0.0,0.0,0.0,0.0,-0.2368144154587947,-0.3117780824172594,-0.2793052412439976,-0.082385897706037,-0.2494937901255431,-0.321664557897566,True,-0.26932425449396796
2025-11-07 00:00:00+00:00,0.0,0.0,0.0,0.0,0.0,0.0,0.0,0.0,-0.2368144154587947,-0.3117780824172594,-0.2793052412439976,-0.082385897706037,-0.2494937901255431,-0.321664557897566,True,-0.26932425449396796
2025-11-08 00:00:00+00:00,0.0,0.0,0.0,0.0,0.0,0.0,0.0,0.0,-0.2368144154587947,-0.3117780824172594,-0.2793052412439976,-0.082385897706037,-0.2494937901255431,-0.321664557897566,True,-0.26932425449396796
2025-11-09 00:00:00+00:00,0.0,0.0,0.0,0.0,0.0,0.0,0.0,0.0,-0.2368144154587947,-0.3117780824172594,-0.2793052412439976,-0.082385897706037,-0.2494937901255431,-0.321664557897566,True,-0.26932425449396796
2025-11-10 00:00:00+00:00,2.0,2.0,1.0,1.0,0.5,0.0,0.0,0.5,0.7028687495507973,1.6193231681495543,1.3434351273058398,-0.0806874450389304,3.717658542125021,1.7634038705658954,True,2.0613103874139047
2025-11-11 00:00:00+00:00,0.0,0.0,0.0,0.0,0.0,0.0,0.0,0.0,-0.2368144154587947,-0.3117780824172594,-0.2793052412439976,-0.082385897706037,-0.2494937901255431,-0.321664557897566,True,-0.26932425449396796
2025-11-12 00:00:00+00:00,0.0,0.0,0.0,0.0,0.0,0.0,0.0,0.0,-0.2368144154587947,-0.3117780824172594,-0.2793052412439976,-0.082385897706037,-0.2494937901255431,-0.321664557897566,True,-0.26932425449396796
2025-11-13 00:00:00+00:00,0.0,0.0,0.0,0.0,0.0,0.0,0.0,0.0,-0.2368144154587947,-0.3117780824172594,-0.2793052412439976,-0.082385897706037,-0.2494937901255431,-0.321664557897566,True,-0.26932425449396796
2025-11-14 00:00:00+00:00,2.0,2.0,1.0,3.0,0.5,0.0,0.0,0.5,0.7028687495507973,1.6193231681495543,1.3434351273058398,-0.0772905397047173,3.717658542125021,1.7634038705658954,True,2.0613103874139047
2025-11-15 00:00:00+00:00,0.0,0.0,0.0,0.0,0.0,0.0,0.0,0.0,-0.2368144154587947,-0.3117780824172594,-0.2793052412439976,-0.082385897706037,-0.2494937901255431,-0.321664557897566,True,-0.26932425449396796
2025-11-16 00:00:00+00:00,0.0,0.0,0.0,0.0,0.0,0.0,0.0,0.0,-0.2368144154587947,-0.3117780824172594,-0.2793052412439976,-0.082385897706037,-0.2494937901255431,-0.321664557897566,True,-0.26932425449396796
2025-11-17 00:00:00+00:00,0.0,0.0,0.0,0.0,0.0,0.0,0.0,0.0,-0.2368144154587947,-0.3117780824172594,-0.2793052412439976,-0.082385897706037,-0.2494937901255431,-0.321664557897566,True,-0.26932425449396796
2025-11-18 00:00:00+00:00,0.0,0.0,0.0,0.0,0.0,0.0,0.0,0.0,-0.2368144154587947,-0.3117780824172594,-0.2793052412439976,-0.082385897706037,-0.2494937901255431,-0.321664557897566,True,-0.26932425449396796
2025-11-19 00:00:00+00:00,0.0,0.0,0.0,0.0,0.0,0.0,0.0,0.0,-0.2368144154587947,-0.3117780824172594,-0.2793052412439976,-0.082385897706037,-0.2494937901255431,-0.321664557897566,True,-0.26932425449396796
2025-11-20 00:00:00+00:00,0.0,0.0,0.0,0.0,0.0,0.0,0.0,0.0,-0.2368144154587947,-0.3117780824172594,-0.2793052412439976,-0.082385897706037,-0.2494937901255431,-0.321664557897566,True,-0.26932425449396796
2025-11-21 00:00:00+00:00,0.0,0.0,0.0,0.0,0.0,0.0,0.0,0.0,-0.2368144154587947,-0.3117780824172594,-0.2793052412439976,-0.082385897706037,-0.2494937901255431,-0.321664557897566,True,-0.26932425449396796
2025-11-22 00:00:00+00:00,0.0,0.0,0.0,0.0,0.0,0.0,0.0,0.0,-0.2368144154587947,-0.3117780824172594,-0.2793052412439976,-0.082385897706037,-0.2494937901255431,-0.321664557897566,True,-0.26932425449396796
2025-11-23 00:00:00+00:00,2.0,2.0,1.0,5.0,0.5,0.0,0.0,0.5,0.7028687495507973,1.6193231681495543,1.3434351273058398,-0.0738936343705041,3.717658542125021,1.7634038705658954,True,2.0613103874139047
2025-11-24 00:00:00+00:00,0.0,0.0,0.0,0.0,0.0,0.0,0.0,0.0,-0.2368144154587947,-0.3117780824172594,-0.2793052412439976,-0.082385897706037,-0.2494937901255431,-0.321664557897566,True,-0.26932425449396796
2025-11-25 00:00:00+00:00,0.0,0.0,0.0,0.0,0.0,0.0,0.0,0.0,-0.2368144154587947,-0.3117780824172594,-0.2793052412439976,-0.082385897706037,-0.2494937901255431,-0.321664557897566,True,-0.26932425449396796
2025-11-26 00:00:00+00:00,0.0,0.0,0.0,0.0,0.0,0.0,0.0,0.0,-0.2368144154587947,-0.3117780824172594,-0.2793052412439976,-0.082385897706037,-0.2494937901255431,-0.321664557897566,True,-0.26932425449396796
2025-11-27 00:00:00+00:00,0.0,0.0,0.0,0.0,0.0,0.0,0.0,0.0,-0.2368144154587947,-0.3117780824172594,-0.2793052412439976,-0.082385897706037,-0.2494937901255431,-0.321664557897566,True,-0.26932425449396796
2025-11-28 00:00:00+00:00,0.0,0.0,0.0,0.0,0.0,0.0,0.0,0.0,-0.2368144154587947,-0.3117780824172594,-0.2793052412439976,-0.082385897706037,-0.2494937901255431,-0.321664557897566,True,-0.26932425449396796
2025-11-29 00:00:00+00:00,0.0,0.0,0.0,0.0,0.0,0.0,0.0,0.0,-0.2368144154587947,-0.3117780824172594,-0.2793052412439976,-0.082385897706037,-0.2494937901255431,-0.321664557897566,True,-0.26932425449396796
2025-11-30 00:00:00+00:00,0.0,0.0,0.0,0.0,0.0,0.0,0.0,0.0,-0.2368144154587947,-0.3117780824172594,-0.2793052412439976,-0.082385897706037,-0.2494937901255431,-0.321664557897566,True,-0.26932425449396796
2025-12-01 00:00:00+00:00,0.0,0.0,0.0,0.0,0.0,0.0,0.0,0.0,-0.2368144154587947,-0.3117780824172594,-0.2793052412439976,-0.082385897706037,-0.2494937901255431,-0.321664557897566,True,-0.26932425449396796
2025-12-02 00:00:00+00:00,0.0,0.0,0.0,0.0,0.0,0.0,0.0,0.0,-0.2368144154587947,-0.3117780824172594,-0.2793052412439976,-0.082385897706037,-0.2494937901255431,-0.321664557897566,True,-0.26932425449396796
2025-12-03 00:00:00+00:00,0.0,0.0,0.0,0.0,0.0,0.0,0.0,0.0,-0.2368144154587947,-0.3117780824172594,-0.2793052412439976,-0.082385897706037,-0.2494937901255431,-0.321664557897566,True,-0.26932425449396796
2025-12-04 00:00:00+00:00,1.0,1.0,1.0,0.0,0.0,0.0,0.0,1.0,0.2330271670460012,0.6537725428661474,1.3434351273058398,-0.082385897706037,-0.2494937901255431,3.848472299029357,True,1.277335225316605
2025-12-05 00:00:00+00:00,0.0,0.0,0.0,0.0,0.0,0.0,0.0,0.0,-0.2368144154587947,-0.3117780824172594,-0.2793052412439976,-0.082385897706037,-0.2494937901255431,-0.321664557897566,True,-0.26932425449396796
2025-12-06 00:00:00+00:00,0.0,0.0,0.0,0.0,0.0,0.0,0.0,0.0,-0.2368144154587947,-0.3117780824172594,-0.2793052412439976,-0.082385897706037,-0.2494937901255431,-0.321664557897566,True,-0.26932425449396796
2025-12-07 00:00:00+00:00,0.0,0.0,0.0,0.0,0.0,0.0,0.0,0.0,-0.2368144154587947,-0.3117780824172594,-0.2793052412439976,-0.082385897706037,-0.2494937901255431,-0.321664557897566,True,-0.26932425449396796
2025-12-08 00:00:00+00:00,0.0,0.0,0.0,0.0,0.0,0.0,0.0,0.0,-0.2368144154587947,-0.3117780824172594,-0.2793052412439976,-0.082385897706037,-0.2494937901255431,-0.321664557897566,True,-0.26932425449396796
2025-12-09 00:00:00+00:00,1.0,1.0,1.0,5.0,0.0,0.0,0.0,1.0,0.2330271670460012,0.6537725428661474,1.3434351273058398,-0.0738936343705041,-0.2494937901255431,3.848472299029357,True,1.277335225316605
2025-12-10 00:00:00+00:00,10.0,5.0,4.0,5.6,0.7,0.0,0.0,0.8,4.461601409589165,4.515975043999776,6.211656232955352,-0.0728745627702402,5.304519475025246,3.0144449276439724,True,4.260188604086128
2025-12-11 00:00:00+00:00,8.0,4.0,3.0,176.25,0.125,0.0,0.0,0.75,3.5219182445795734,3.5504244187163683,4.588915864405514,0.2169663848714953,0.742294292937098,2.805938084797626,True,2.356716874104766
2025-12-12 00:00:00+00:00,2.0,2.0,2.0,5.0,0.5,0.0,0.0,1.0,0.7028687495507973,1.6193231681495543,2.966175495855677,-0.0738936343705041,3.717658542125021,3.848472299029357,True,2.756333196901725
2025-12-13 00:00:00+00:00,4.0,4.0,2.0,27.0,0.5,0.0,0.0,0.5,1.6425519145603893,3.5504244187163683,2.966175495855677,-0.0365276756941597,3.717658542125021,1.7634038705658954,True,2.3745381090837685
2025-12-14 00:00:00+00:00,0.0,0.0,0.0,0.0,0.0,0.0,0.0,0.0,-0.2368144154587947,-0.3117780824172594,-0.2793052412439976,-0.082385897706037,-0.2494937901255431,-0.321664557897566,True,-0.26932425449396796
2025-12-15 00:00:00+00:00,3.0,2.0,1.0,14.666666666666666,0.3333333333333333,0.0,0.0,0.5,1.1727103320555934,1.6193231681495543,1.3434351273058398,-0.057475258588474,2.395274431374833,1.7634038705658954,True,1.7771295446654405
2025-12-16 00:00:00+00:00,2.0,2.0,1.0,326.0,0.5,0.0,0.0,0.5,0.7028687495507973,1.6193231681495543,1.3434351273058398,0.4713096717707037,3.717658542125021,1.7634038705658954,True,2.0613103874139047
2025-12-17 00:00:00+00:00,2.0,1.0,0.0,202.0,0.0,0.0,0.0,0.0,0.7028687495507973,0.6537725428661474,-0.2793052412439976,0.2607015410494894,-0.2494937901255431,-0.321664557897566,True,0.04390346717589607
2025-12-18 00:00:00+00:00,1.0,1.0,1.0,18.0,0.0,0.0,0.0,1.0,0.2330271670460012,0.6537725428661474,1.3434351273058398,-0.0518137496981188,-0.2494937901255431,3.848472299029357,True,1.277335225316605
2025-12-19 00:00:00+00:00,1.0,1.0,0.0,18.0,1.0,0.0,0.0,0.0,0.2330271670460012,0.6537725428661474,-0.2793052412439976,-0.0518137496981188,7.684810874375585,-0.321664557897566,True,2.53205782784134
2025-12-20 00:00:00+00:00,0.0,0.0,0.0,0.0,0.0,0.0,0.0,0.0,-0.2368144154587947,-0.3117780824172594,-0.2793052412439976,-0.082385897706037,-0.2494937901255431,-0.321664557897566,True,-0.26932425449396796
2025-12-21 00:00:00+00:00,2.0,2.0,1.0,0.0,0.5,0.0,0.0,0.5,0.7028687495507973,1.6193231681495543,1.3434351273058398,-0.082385897706037,3.717658542125021,1.7634038705658954,True,2.0613103874139047
2025-12-22 00:00:00+00:00,3.0,3.0,2.0,22.5,0.3333333333333333,0.3333333333333333,0.0,0.6666666666666666,1.1727103320555934,2.584873793432961,2.966175495855677,-0.0441707126961392,2.395274431374833,2.458426680053716,True,2.0088038144947142
2025-12-23 00:00:00+00:00,0.0,0.0,0.0,0.0,0.0,0.0,0.0,0.0,-0.2368144154587947,-0.3117780824172594,-0.2793052412439976,-0.082385897706037,-0.2494937901255431,-0.321664557897566,True,-0.26932425449396796
2025-12-24 00:00:00+00:00,0.0,0.0,0.0,0.0,0.0,0.0,0.0,0.0,-0.2368144154587947,-0.3117780824172594,-0.2793052412439976,-0.082385897706037,-0.2494937901255431,-0.321664557897566,True,-0.26932425449396796
2025-12-25 00:00:00+00:00,0.0,0.0,0.0,0.0,0.0,0.0,0.0,0.0,-0.2368144154587947,-0.3117780824172594,-0.2793052412439976,-0.082385897706037,-0.2494937901255431,-0.321664557897566,True,-0.26932425449396796
2025-12-26 00:00:00+00:00,0.0,0.0,0.0,0.0,0.0,0.0,0.0,0.0,-0.2368144154587947,-0.3117780824172594,-0.2793052412439976,-0.082385897706037,-0.2494937901255431,-0.321664557897566,True,-0.26932425449396796
2025-12-27 00:00:00+00:00,0.0,0.0,0.0,0.0,0.0,0.0,0.0,0.0,-0.2368144154587947,-0.3117780824172594,-0.2793052412439976,-0.082385897706037,-0.2494937901255431,-0.321664557897566,True,-0.26932425449396796
2025-12-28 00:00:00+00:00,3.0,3.0,2.0,26.666666666666668,0.3333333333333333,0.0,0.0,0.6666666666666666,1.1727103320555934,2.584873793432961,2.966175495855677,-0.0370938265831952,2.395274431374833,2.458426680053716,True,2.0088038144947142
2025-12-29 00:00:00+00:00,0.0,0.0,0.0,0.0,0.0,0.0,0.0,0.0,-0.2368144154587947,-0.3117780824172594,-0.2793052412439976,-0.082385897706037,-0.2494937901255431,-0.321664557897566,True,-0.26932425449396796
2025-12-30 00:00:00+00:00,2.0,2.0,1.0,217.0,0.5,0.0,0.0,0.5,0.7028687495507973,1.6193231681495543,1.3434351273058398,0.286178331056088,3.717658542125021,1.7634038705658954,True,2.0613103874139047
2025-12-31 00:00:00+00:00,0.0,0.0,0.0,0.0,0.0,0.0,0.0,0.0,-0.2368144154587947,-0.3117780824172594,-0.2793052412439976,-0.082385897706037,-0.2494937901255431,-0.321664557897566,True,-0.26932425449396796
2026-01-01 00:00:00+00:00,0.0,0.0,0.0,0.0,0.0,0.0,0.0,0.0,-0.2368144154587947,-0.3117780824172594,-0.2793052412439976,-0.082385897706037,-0.2494937901255431,-0.321664557897566,True,-0.26932425449396796
2026-01-02 00:00:00+00:00,0.0,0.0,0.0,0.0,0.0,0.0,0.0,0.0,-0.2368144154587947,-0.3117780824172594,-0.2793052412439976,-0.082385897706037,-0.2494937901255431,-0.321664557897566,True,-0.26932425449396796
2026-01-03 00:00:00+00:00,0.0,0.0,0.0,0.0,0.0,0.0,0.0,0.0,-0.2368144154587947,-0.3117780824172594,-0.2793052412439976,-0.082385897706037,-0.2494937901255431,-0.321664557897566,True,-0.26932425449396796
2026-01-04 00:00:00+00:00,1.0,1.0,1.0,6.0,0.0,0.0,0.0,1.0,0.2330271670460012,0.6537725428661474,1.3434351273058398,-0.0721951817033976,-0.2494937901255431,3.848472299029357,True,1.277335225316605
2026-01-05 00:00:00+00:00,0.0,0.0,0.0,0.0,0.0,0.0,0.0,0.0,-0.2368144154587947,-0.3117780824172594,-0.2793052412439976,-0.082385897706037,-0.2494937901255431,-0.321664557897566,True,-0.26932425449396796
2026-01-06 00:00:00+00:00,2.0,2.0,1.0,16.0,0.5,0.0,0.0,0.5,0.7028687495507973,1.6193231681495543,1.3434351273058398,-0.0552106550323319,3.717658542125021,1.7634038705658954,True,2.0613103874139047
2026-01-07 00:00:00+00:00,0.0,0.0,0.0,0.0,0.0,0.0,0.0,0.0,-0.2368144154587947,-0.3117780824172594,-0.2793052412439976,-0.082385897706037,-0.2494937901255431,-0.321664557897566,True,-0.26932425449396796
2026-01-08 00:00:00+00:00,0.0,0.0,0.0,0.0,0.0,0.0,0.0,0.0,-0.2368144154587947,-0.3117780824172594,-0.2793052412439976,-0.082385897706037,-0.2494937901255431,-0.321664557897566,True,-0.26932425449396796
2026-01-09 00:00:00+00:00,0.0,0.0,0.0,0.0,0.0,0.0,0.0,0.0,-0.2368144154587947,-0.3117780824172594,-0.2793052412439976,-0.082385897706037,-0.2494937901255431,-0.321664557897566,True,-0.26932425449396796
2026-01-10 00:00:00+00:00,2.0,2.0,2.0,16.0,0.5,0.0,0.0,1.0,0.7028687495507973,1.6193231681495543,2.966175495855677,-0.0552106550323319,3.717658542125021,3.848472299029357,True,2.756333196901725
2026-01-11 00:00:00+00:00,0.0,0.0,0.0,0.0,0.0,0.0,0.0,0.0,-0.2368144154587947,-0.3117780824172594,-0.2793052412439976,-0.082385897706037,-0.2494937901255431,-0.321664557897566,True,-0.26932425449396796
2026-01-12 00:00:00+00:00,0.0,0.0,0.0,0.0,0.0,0.0,0.0,0.0,-0.2368144154587947,-0.3117780824172594,-0.2793052412439976,-0.082385897706037,-0.2494937901255431,-0.321664557897566,True,-0.26932425449396796
2026-01-13 00:00:00+00:00,2.0,1.0,1.0,10.5,0.0,0.0,0.0,1.0,0.7028687495507973,0.6537725428661474,1.3434351273058398,-0.064552144701418,-0.2494937901255431,3.848472299029357,True,1.433949086151537
2026-01-14 00:00:00+00:00,0.0,0.0,0.0,0.0,0.0,0.0,0.0,0.0,-0.2368144154587947,-0.3117780824172594,-0.2793052412439976,-0.082385897706037,-0.2494937901255431,-0.321664557897566,True,-0.26932425449396796
2026-01-15 00:00:00+00:00,0.0,0.0,0.0,0.0,0.0,0.0,0.0,0.0,-0.2368144154587947,-0.3117780824172594,-0.2793052412439976,-0.082385897706037,-0.2494937901255431,-0.321664557897566,True,-0.26932425449396796
2026-01-16 00:00:00+00:00,0.0,0.0,0.0,0.0,0.0,0.0,0.0,0.0,-0.2368144154587947,-0.3117780824172594,-0.2793052412439976,-0.082385897706037,-0.2494937901255431,-0.321664557897566,True,-0.26932425449396796
2026-01-17 00:00:00+00:00,0.0,0.0,0.0,0.0,0.0,0.0,0.0,0.0,-0.2368144154587947,-0.3117780824172594,-0.2793052412439976,-0.082385897706037,-0.2494937901255431,-0.321664557897566,True,-0.26932425449396796
2026-01-18 00:00:00+00:00,0.0,0.0,0.0,0.0,0.0,0.0,0.0,0.0,-0.2368144154587947,-0.3117780824172594,-0.2793052412439976,-0.082385897706037,-0.2494937901255431,-0.321664557897566,True,-0.26932425449396796
2026-01-19 00:00:00+00:00,0.0,0.0,0.0,0.0,0.0,0.0,0.0,0.0,-0.2368144154587947,-0.3117780824172594,-0.2793052412439976,-0.082385897706037,-0.2494937901255431,-0.321664557897566,True,-0.26932425449396796
2026-01-20 00:00:00+00:00,0.0,0.0,0.0,0.0,0.0,0.0,0.0,0.0,-0.2368144154587947,-0.3117780824172594,-0.2793052412439976,-0.082385897706037,-0.2494937901255431,-0.321664557897566,True,-0.26932425449396796
2026-01-21 00:00:00+00:00,1.0,1.0,1.0,1.0,0.0,0.0,0.0,1.0,0.2330271670460012,0.6537725428661474,1.3434351273058398,-0.0806874450389304,-0.2494937901255431,3.848472299029357,True,1.277335225316605
2026-01-22 00:00:00+00:00,0.0,0.0,0.0,0.0,0.0,0.0,0.0,0.0,-0.2368144154587947,-0.3117780824172594,-0.2793052412439976,-0.082385897706037,-0.2494937901255431,-0.321664557897566,True,-0.26932425449396796
2026-01-23 00:00:00+00:00,0.0,0.0,0.0,0.0,0.0,0.0,0.0,0.0,-0.2368144154587947,-0.3117780824172594,-0.2793052412439976,-0.082385897706037,-0.2494937901255431,-0.321664557897566,True,-0.26932425449396796
2026-01-24 00:00:00+00:00,0.0,0.0,0.0,0.0,0.0,0.0,0.0,0.0,-0.2368144154587947,-0.3117780824172594,-0.2793052412439976,-0.082385897706037,-0.2494937901255431,-0.321664557897566,True,-0.26932425449396796
2026-01-25 00:00:00+00:00,4.0,4.0,3.0,723.5,0.25,0.0,0.0,0.75,1.6425519145603893,3.5504244187163683,4.588915864405514,1.146444606945564,1.734082375999739,2.805938084797626,True,2.0608574584525847
2026-01-26 00:00:00+00:00,0.0,0.0,0.0,0.0,0.0,0.0,0.0,0.0,-0.2368144154587947,-0.3117780824172594,-0.2793052412439976,-0.082385897706037,-0.2494937901255431,-0.321664557897566,True,-0.26932425449396796
2026-01-27 00:00:00+00:00,0.0,0.0,0.0,0.0,0.0,0.0,0.0,0.0,-0.2368144154587947,-0.3117780824172594,-0.2793052412439976,-0.082385897706037,-0.2494937901255431,-0.321664557897566,True,-0.26932425449396796
2026-01-28 00:00:00+00:00,0.0,0.0,0.0,0.0,0.0,0.0,0.0,0.0,-0.2368144154587947,-0.3117780824172594,-0.2793052412439976,-0.082385897706037,-0.2494937901255431,-0.321664557897566,True,-0.26932425449396796
2026-01-29 00:00:00+00:00,0.0,0.0,0.0,0.0,0.0,0.0,0.0,0.0,-0.2368144154587947,-0.3117780824172594,-0.2793052412439976,-0.082385897706037,-0.2494937901255431,-0.321664557897566,True,-0.26932425449396796
2026-01-30 00:00:00+00:00,2.0,1.0,0.0,542.0,0.0,0.0,0.0,0.0,0.7028687495507973,0.6537725428661474,-0.2793052412439976,0.8381754478657221,-0.2494937901255431,-0.321664557897566,True,0.04390346717589607
2026-01-31 00:00:00+00:00,0.0,0.0,0.0,0.0,0.0,0.0,0.0,0.0,-0.2368144154587947,-0.3117780824172594,-0.2793052412439976,-0.082385897706037,-0.2494937901255431,-0.321664557897566,True,-0.26932425449396796
2026-02-01 00:00:00+00:00,0.0,0.0,0.0,0.0,0.0,0.0,0.0,0.0,-0.2368144154587947,-0.3117780824172594,-0.2793052412439976,-0.082385897706037,-0.2494937901255431,-0.321664557897566,True,-0.26932425449396796
2026-02-02 00:00:00+00:00,0.0,0.0,0.0,0.0,0.0,0.0,0.0,0.0,-0.2368144154587947,-0.3117780824172594,-0.2793052412439976,-0.082385897706037,-0.2494937901255431,-0.321664557897566,True,-0.26932425449396796
2026-02-03 00:00:00+00:00,0.0,0.0,0.0,0.0,0.0,0.0,0.0,0.0,-0.2368144154587947,-0.3117780824172594,-0.2793052412439976,-0.082385897706037,-0.2494937901255431,-0.321664557897566,True,-0.26932425449396796
2026-02-04 00:00:00+00:00,0.0,0.0,0.0,0.0,0.0,0.0,0.0,0.0,-0.2368144154587947,-0.3117780824172594,-0.2793052412439976,-0.082385897706037,-0.2494937901255431,-0.321664557897566,True,-0.26932425449396796
2026-02-05 00:00:00+00:00,0.0,0.0,0.0,0.0,0.0,0.0,0.0,0.0,-0.2368144154587947,-0.3117780824172594,-0.2793052412439976,-0.082385897706037,-0.2494937901255431,-0.321664557897566,True,-0.26932425449396796
2026-02-06 00:00:00+00:00,0.0,0.0,0.0,0.0,0.0,0.0,0.0,0.0,-0.2368144154587947,-0.3117780824172594,-0.2793052412439976,-0.082385897706037,-0.2494937901255431,-0.321664557897566,True,-0.26932425449396796
2026-02-07 00:00:00+00:00,0.0,0.0,0.0,0.0,0.0,0.0,0.0,0.0,-0.2368144154587947,-0.3117780824172594,-0.2793052412439976,-0.082385897706037,-0.2494937901255431,-0.321664557897566,True,-0.26932425449396796
2026-02-08 00:00:00+00:00,0.0,0.0,0.0,0.0,0.0,0.0,0.0,0.0,-0.2368144154587947,-0.3117780824172594,-0.2793052412439976,-0.082385897706037,-0.2494937901255431,-0.321664557897566,True,-0.26932425449396796
2026-02-09 00:00:00+00:00,0.0,0.0,0.0,0.0,0.0,0.0,0.0,0.0,-0.2368144154587947,-0.3117780824172594,-0.2793052412439976,-0.082385897706037,-0.2494937901255431,-0.321664557897566,True,-0.26932425449396796
2026-02-10 00:00:00+00:00,0.0,0.0,0.0,0.0,0.0,0.0,0.0,0.0,-0.2368144154587947,-0.3117780824172594,-0.2793052412439976,-0.082385897706037,-0.2494937901255431,-0.321664557897566,True,-0.26932425449396796
2026-02-11 00:00:00+00:00,0.0,0.0,0.0,0.0,0.0,0.0,0.0,0.0,-0.2368144154587947,-0.3117780824172594,-0.2793052412439976,-0.082385897706037,-0.2494937901255431,-0.321664557897566,True,-0.26932425449396796
2026-02-12 00:00:00+00:00,0.0,0.0,0.0,0.0,0.0,0.0,0.0,0.0,-0.2368144154587947,-0.3117780824172594,-0.2793052412439976,-0.082385897706037,-0.2494937901255431,-0.321664557897566,True,-0.26932425449396796
2026-02-13 00:00:00+00:00,0.0,0.0,0.0,0.0,0.0,0.0,0.0,0.0,-0.2368144154587947,-0.3117780824172594,-0.2793052412439976,-0.082385897706037,-0.2494937901255431,-0.321664557897566,True,-0.26932425449396796
2026-02-14 00:00:00+00:00,0.0,0.0,0.0,0.0,0.0,0.0,0.0,0.0,-0.2368144154587947,-0.3117780824172594,-0.2793052412439976,-0.082385897706037,-0.2494937901255431,-0.321664557897566,True,-0.26932425449396796
2026-02-15 00:00:00+00:00,0.0,0.0,0.0,0.0,0.0,0.0,0.0,0.0,-0.2368144154587947,-0.3117780824172594,-0.2793052412439976,-0.082385897706037,-0.2494937901255431,-0.321664557897566,True,-0.26932425449396796
2026-02-16 00:00:00+00:00,0.0,0.0,0.0,0.0,0.0,0.0,0.0,0.0,-0.2368144154587947,-0.3117780824172594,-0.2793052412439976,-0.082385897706037,-0.2494937901255431,-0.321664557897566,True,-0.26932425449396796
2026-02-17 00:00:00+00:00,0.0,0.0,0.0,0.0,0.0,0.0,0.0,0.0,-0.2368144154587947,-0.3117780824172594,-0.2793052412439976,-0.082385897706037,-0.2494937901255431,-0.321664557897566,True,-0.26932425449396796
2026-02-18 00:00:00+00:00,0.0,0.0,0.0,0.0,0.0,0.0,0.0,0.0,-0.2368144154587947,-0.3117780824172594,-0.2793052412439976,-0.082385897706037,-0.2494937901255431,-0.321664557897566,True,-0.26932425449396796
2026-02-19 00:00:00+00:00,0.0,0.0,0.0,0.0,0.0,0.0,0.0,0.0,-0.2368144154587947,-0.3117780824172594,-0.2793052412439976,-0.082385897706037,-0.2494937901255431,-0.321664557897566,True,-0.26932425449396796
2026-02-20 00:00:00+00:00,0.0,0.0,0.0,0.0,0.0,0.0,0.0,0.0,-0.2368144154587947,-0.3117780824172594,-0.2793052412439976,-0.082385897706037,-0.2494937901255431,-0.321664557897566,True,-0.26932425449396796
2026-02-21 00:00:00+00:00,0.0,0.0,0.0,0.0,0.0,0.0,0.0,0.0,-0.2368144154587947,-0.3117780824172594,-0.2793052412439976,-0.082385897706037,-0.2494937901255431,-0.321664557897566,True,-0.26932425449396796
2026-02-22 00:00:00+00:00,0.0,0.0,0.0,0.0,0.0,0.0,0.0,0.0,-0.2368144154587947,-0.3117780824172594,-0.2793052412439976,-0.082385897706037,-0.2494937901255431,-0.321664557897566,True,-0.26932425449396796
2026-02-23 00:00:00+00:00,0.0,0.0,0.0,0.0,0.0,0.0,0.0,0.0,-0.2368144154587947,-0.3117780824172594,-0.2793052412439976,-0.082385897706037,-0.2494937901255431,-0.321664557897566,True,-0.26932425449396796
2026-02-24 00:00:00+00:00,0.0,0.0,0.0,0.0,0.0,0.0,0.0,0.0,-0.2368144154587947,-0.3117780824172594,-0.2793052412439976,-0.082385897706037,-0.2494937901255431,-0.321664557897566,True,-0.26932425449396796
2026-02-25 00:00:00+00:00,0.0,0.0,0.0,0.0,0.0,0.0,0.0,0.0,-0.2368144154587947,-0.3117780824172594,-0.2793052412439976,-0.082385897706037,-0.2494937901255431,-0.321664557897566,True,-0.26932425449396796
2026-02-26 00:00:00+00:00,0.0,0.0,0.0,0.0,0.0,0.0,0.0,0.0,-0.2368144154587947,-0.3117780824172594,-0.2793052412439976,-0.082385897706037,-0.2494937901255431,-0.321664557897566,True,-0.26932425449396796
2026-02-27 00:00:00+00:00,0.0,0.0,0.0,0.0,0.0,0.0,0.0,0.0,-0.2368144154587947,-0.3117780824172594,-0.2793052412439976,-0.082385897706037,-0.2494937901255431,-0.321664557897566,True,-0.26932425449396796
2026-02-28 00:00:00+00:00,0.0,0.0,0.0,0.0,0.0,0.0,0.0,0.0,-0.2368144154587947,-0.3117780824172594,-0.2793052412439976,-0.082385897706037,-0.2494937901255431,-0.321664557897566,True,-0.26932425449396796
2026-03-01 00:00:00+00:00,0.0,0.0,0.0,0.0,0.0,0.0,0.0,0.0,-0.2368144154587947,-0.3117780824172594,-0.2793052412439976,-0.082385897706037,-0.2494937901255431,-0.321664557897566,True,-0.26932425449396796
2026-03-02 00:00:00+00:00,2.0,2.0,1.0,14.0,0.5,0.0,0.0,0.5,0.7028687495507973,1.6193231681495543,1.3434351273058398,-0.058607560366545,3.717658542125021,1.7634038705658954,True,2.0613103874139047
2026-03-03 00:00:00+00:00,0.0,0.0,0.0,0.0,0.0,0.0,0.0,0.0,-0.2368144154587947,-0.3117780824172594,-0.2793052412439976,-0.082385897706037,-0.2494937901255431,-0.321664557897566,True,-0.26932425449396796
2026-03-04 00:00:00+00:00,0.0,0.0,0.0,0.0,0.0,0.0,0.0,0.0,-0.2368144154587947,-0.3117780824172594,-0.2793052412439976,-0.082385897706037,-0.2494937901255431,-0.321664557897566,True,-0.26932425449396796
2026-03-05 00:00:00+00:00,7.0,2.0,2.0,437.7142857142857,0.1428571428571428,0.0,0.0,1.0,3.0520766620747777,1.6193231681495543,2.966175495855677,0.6610510982960374,0.8839783048031891,3.848472299029357,True,2.594842421969108
2026-03-06 00:00:00+00:00,0.0,0.0,0.0,0.0,0.0,0.0,0.0,0.0,-0.2368144154587947,-0.3117780824172594,-0.2793052412439976,-0.082385897706037,-0.2494937901255431,-0.321664557897566,True,-0.26932425449396796
2026-03-07 00:00:00+00:00,0.0,0.0,0.0,0.0,0.0,0.0,0.0,0.0,-0.2368144154587947,-0.3117780824172594,-0.2793052412439976,-0.082385897706037,-0.2494937901255431,-0.321664557897566,True,-0.26932425449396796
2026-03-08 00:00:00+00:00,0.0,0.0,0.0,0.0,0.0,0.0,0.0,0.0,-0.2368144154587947,-0.3117780824172594,-0.2793052412439976,-0.082385897706037,-0.2494937901255431,-0.321664557897566,True,-0.26932425449396796
2026-03-09 00:00:00+00:00,0.0,0.0,0.0,0.0,0.0,0.0,0.0,0.0,-0.2368144154587947,-0.3117780824172594,-0.2793052412439976,-0.082385897706037,-0.2494937901255431,-0.321664557897566,True,-0.26932425449396796
2026-03-10 00:00:00+00:00,0.0,0.0,0.0,0.0,0.0,0.0,0.0,0.0,-0.2368144154587947,-0.3117780824172594,-0.2793052412439976,-0.082385897706037,-0.2494937901255431,-0.321664557897566,True,-0.26932425449396796
2026-03-11 00:00:00+00:00,0.0,0.0,0.0,0.0,0.0,0.0,0.0,0.0,-0.2368144154587947,-0.3117780824172594,-0.2793052412439976,-0.082385897706037,-0.2494937901255431,-0.321664557897566,True,-0.26932425449396796
2026-03-12 00:00:00+00:00,0.0,0.0,0.0,0.0,0.0,0.0,0.0,0.0,-0.2368144154587947,-0.3117780824172594,-0.2793052412439976,-0.082385897706037,-0.2494937901255431,-0.321664557897566,True,-0.26932425449396796
2026-03-13 00:00:00+00:00,0.0,0.0,0.0,0.0,0.0,0.0,0.0,0.0,-0.2368144154587947,-0.3117780824172594,-0.2793052412439976,-0.082385897706037,-0.2494937901255431,-0.321664557897566,True,-0.26932425449396796
2026-03-14 00:00:00+00:00,0.0,0.0,0.0,0.0,0.0,0.0,0.0,0.0,-0.2368144154587947,-0.3117780824172594,-0.2793052412439976,-0.082385897706037,-0.2494937901255431,-0.321664557897566,True,-0.26932425449396796
2026-03-15 00:00:00+00:00,0.0,0.0,0.0,0.0,0.0,0.0,0.0,0.0,-0.2368144154587947,-0.3117780824172594,-0.2793052412439976,-0.082385897706037,-0.2494937901255431,-0.321664557897566,True,-0.26932425449396796
2026-03-16 00:00:00+00:00,0.0,0.0,0.0,0.0,0.0,0.0,0.0,0.0,-0.2368144154587947,-0.3117780824172594,-0.2793052412439976,-0.082385897706037,-0.2494937901255431,-0.321664557897566,True,-0.26932425449396796
2026-03-17 00:00:00+00:00,2.0,1.0,1.0,126.5,0.0,0.0,0.0,1.0,0.7028687495507973,0.6537725428661474,1.3434351273058398,0.1324683646829436,-0.2494937901255431,3.848472299029357,True,1.433949086151537
2026-03-18 00:00:00+00:00,0.0,0.0,0.0,0.0,0.0,0.0,0.0,0.0,-0.2368144154587947,-0.3117780824172594,-0.2793052412439976,-0.082385897706037,-0.2494937901255431,-0.321664557897566,True,-0.26932425449396796
2026-03-19 00:00:00+00:00,0.0,0.0,0.0,0.0,0.0,0.0,0.0,0.0,-0.2368144154587947,-0.3117780824172594,-0.2793052412439976,-0.082385897706037,-0.2494937901255431,-0.321664557897566,True,-0.26932425449396796
2026-03-20 00:00:00+00:00,0.0,0.0,0.0,0.0,0.0,0.0,0.0,0.0,-0.2368144154587947,-0.3117780824172594,-0.2793052412439976,-0.082385897706037,-0.2494937901255431,-0.321664557897566,True,-0.26932425449396796
2026-03-21 00:00:00+00:00,0.0,0.0,0.0,0.0,0.0,0.0,0.0,0.0,-0.2368144154587947,-0.3117780824172594,-0.2793052412439976,-0.082385897706037,-0.2494937901255431,-0.321664557897566,True,-0.26932425449396796
2026-03-22 00:00:00+00:00,0.0,0.0,0.0,0.0,0.0,0.0,0.0,0.0,-0.2368144154587947,-0.3117780824172594,-0.2793052412439976,-0.082385897706037,-0.2494937901255431,-0.321664557897566,True,-0.26932425449396796
2026-03-23 00:00:00+00:00,0.0,0.0,0.0,0.0,0.0,0.0,0.0,0.0,-0.2368144154587947,-0.3117780824172594,-0.2793052412439976,-0.082385897706037,-0.2494937901255431,-0.321664557897566,True,-0.26932425449396796
2026-03-24 00:00:00+00:00,0.0,0.0,0.0,0.0,0.0,0.0,0.0,0.0,-0.2368144154587947,-0.3117780824172594,-0.2793052412439976,-0.082385897706037,-0.2494937901255431,-0.321664557897566,True,-0.26932425449396796
2026-03-25 00:00:00+00:00,0.0,0.0,0.0,0.0,0.0,0.0,0.0,0.0,-0.2368144154587947,-0.3117780824172594,-0.2793052412439976,-0.082385897706037,-0.2494937901255431,-0.321664557897566,True,-0.26932425449396796
2026-03-26 00:00:00+00:00,0.0,0.0,0.0,0.0,0.0,0.0,0.0,0.0,-0.2368144154587947,-0.3117780824172594,-0.2793052412439976,-0.082385897706037,-0.2494937901255431,-0.321664557897566,True,-0.26932425449396796
2026-03-27 00:00:00+00:00,0.0,0.0,0.0,0.0,0.0,0.0,0.0,0.0,-0.2368144154587947,-0.3117780824172594,-0.2793052412439976,-0.082385897706037,-0.2494937901255431,-0.321664557897566,True,-0.26932425449396796
2026-03-28 00:00:00+00:00,0.0,0.0,0.0,0.0,0.0,0.0,0.0,0.0,-0.2368144154587947,-0.3117780824172594,-0.2793052412439976,-0.082385897706037,-0.2494937901255431,-0.321664557897566,True,-0.26932425449396796
2026-03-29 00:00:00+00:00,0.0,0.0,0.0,0.0,0.0,0.0,0.0,0.0,-0.2368144154587947,-0.3117780824172594,-0.2793052412439976,-0.082385897706037,-0.2494937901255431,-0.321664557897566,True,-0.26932425449396796
2026-03-30 00:00:00+00:00,0.0,0.0,0.0,0.0,0.0,0.0,0.0,0.0,-0.2368144154587947,-0.3117780824172594,-0.2793052412439976,-0.082385897706037,-0.2494937901255431,-0.321664557897566,True,-0.26932425449396796
2026-03-31 00:00:00+00:00,0.0,0.0,0.0,0.0,0.0,0.0,0.0,0.0,-0.2368144154587947,-0.3117780824172594,-0.2793052412439976,-0.082385897706037,-0.2494937901255431,-0.321664557897566,True,-0.26932425449396796
2026-04-01 00:00:00+00:00,0.0,0.0,0.0,0.0,0.0,0.0,0.0,0.0,-0.2368144154587947,-0.3117780824172594,-0.2793052412439976,-0.082385897706037,-0.2494937901255431,-0.321664557897566,True,-0.26932425449396796
2026-04-02 00:00:00+00:00,0.0,0.0,0.0,0.0,0.0,0.0,0.0,0.0,-0.2368144154587947,-0.3117780824172594,-0.2793052412439976,-0.082385897706037,-0.2494937901255431,-0.321664557897566,True,-0.26932425449396796
2026-04-03 00:00:00+00:00,0.0,0.0,0.0,0.0,0.0,0.0,0.0,0.0,-0.2368144154587947,-0.3117780824172594,-0.2793052412439976,-0.082385897706037,-0.2494937901255431,-0.321664557897566,True,-0.26932425449396796
2026-04-04 00:00:00+00:00,0.0,0.0,0.0,0.0,0.0,0.0,0.0,0.0,-0.2368144154587947,-0.3117780824172594,-0.2793052412439976,-0.082385897706037,-0.2494937901255431,-0.321664557897566,True,-0.26932425449396796
2026-04-05 00:00:00+00:00,0.0,0.0,0.0,0.0,0.0,0.0,0.0,0.0,-0.2368144154587947,-0.3117780824172594,-0.2793052412439976,-0.082385897706037,-0.2494937901255431,-0.321664557897566,True,-0.26932425449396796
2026-04-06 00:00:00+00:00,0.0,0.0,0.0,0.0,0.0,0.0,0.0,0.0,-0.2368144154587947,-0.3117780824172594,-0.2793052412439976,-0.082385897706037,-0.2494937901255431,-0.321664557897566,True,-0.26932425449396796
2026-04-07 00:00:00+00:00,0.0,0.0,0.0,0.0,0.0,0.0,0.0,0.0,-0.2368144154587947,-0.3117780824172594,-0.2793052412439976,-0.082385897706037,-0.2494937901255431,-0.321664557897566,True,-0.26932425449396796
2026-04-08 00:00:00+00:00,0.0,0.0,0.0,0.0,0.0,0.0,0.0,0.0,-0.2368144154587947,-0.3117780824172594,-0.2793052412439976,-0.082385897706037,-0.2494937901255431,-0.321664557897566,True,-0.26932425449396796
2026-04-09 00:00:00+00:00,0.0,0.0,0.0,0.0,0.0,0.0,0.0,0.0,-0.2368144154587947,-0.3117780824172594,-0.2793052412439976,-0.082385897706037,-0.2494937901255431,-0.321664557897566,True,-0.26932425449396796
2026-04-10 00:00:00+00:00,0.0,0.0,0.0,0.0,0.0,0.0,0.0,0.0,-0.2368144154587947,-0.3117780824172594,-0.2793052412439976,-0.082385897706037,-0.2494937901255431,-0.321664557897566,True,-0.26932425449396796
2026-04-11 00:00:00+00:00,0.0,0.0,0.0,0.0,0.0,0.0,0.0,0.0,-0.2368144154587947,-0.3117780824172594,-0.2793052412439976,-0.082385897706037,-0.2494937901255431,-0.321664557897566,True,-0.26932425449396796
2026-04-12 00:00:00+00:00,0.0,0.0,0.0,0.0,0.0,0.0,0.0,0.0,-0.2368144154587947,-0.3117780824172594,-0.2793052412439976,-0.082385897706037,-0.2494937901255431,-0.321664557897566,True,-0.26932425449396796
2026-04-13 00:00:00+00:00,0.0,0.0,0.0,0.0,0.0,0.0,0.0,0.0,-0.2368144154587947,-0.3117780824172594,-0.2793052412439976,-0.082385897706037,-0.2494937901255431,-0.321664557897566,True,-0.26932425449396796
2026-04-14 00:00:00+00:00,0.0,0.0,0.0,0.0,0.0,0.0,0.0,0.0,-0.2368144154587947,-0.3117780824172594,-0.2793052412439976,-0.082385897706037,-0.2494937901255431,-0.321664557897566,True,-0.26932425449396796
2026-04-15 00:00:00+00:00,0.0,0.0,0.0,0.0,0.0,0.0,0.0,0.0,-0.2368144154587947,-0.3117780824172594,-0.2793052412439976,-0.082385897706037,-0.2494937901255431,-0.321664557897566,True,-0.26932425449396796
2026-04-16 00:00:00+00:00,0.0,0.0,0.0,0.0,0.0,0.0,0.0,0.0,-0.2368144154587947,-0.3117780824172594,-0.2793052412439976,-0.082385897706037,-0.2494937901255431,-0.321664557897566,True,-0.26932425449396796
2026-04-17 00:00:00+00:00,0.0,0.0,0.0,0.0,0.0,0.0,0.0,0.0,-0.2368144154587947,-0.3117780824172594,-0.2793052412439976,-0.082385897706037,-0.2494937901255431,-0.321664557897566,True,-0.26932425449396796
2026-04-18 00:00:00+00:00,0.0,0.0,0.0,0.0,0.0,0.0,0.0,0.0,-0.2368144154587947,-0.3117780824172594,-0.2793052412439976,-0.082385897706037,-0.2494937901255431,-0.321664557897566,True,-0.26932425449396796
2026-04-19 00:00:00+00:00,0.0,0.0,0.0,0.0,0.0,0.0,0.0,0.0,-0.2368144154587947,-0.3117780824172594,-0.2793052412439976,-0.082385897706037,-0.2494937901255431,-0.321664557897566,True,-0.26932425449396796
2026-04-20 00:00:00+00:00,0.0,0.0,0.0,0.0,0.0,0.0,0.0,0.0,-0.2368144154587947,-0.3117780824172594,-0.2793052412439976,-0.082385897706037,-0.2494937901255431,-0.321664557897566,True,-0.26932425449396796
2026-04-21 00:00:00+00:00,0.0,0.0,0.0,0.0,0.0,0.0,0.0,0.0,-0.2368144154587947,-0.3117780824172594,-0.2793052412439976,-0.082385897706037,-0.2494937901255431,-0.321664557897566,True,-0.26932425449396796
2026-04-22 00:00:00+00:00,0.0,0.0,0.0,0.0,0.0,0.0,0.0,0.0,-0.2368144154587947,-0.3117780824172594,-0.2793052412439976,-0.082385897706037,-0.2494937901255431,-0.321664557897566,True,-0.26932425449396796
2026-04-23 00:00:00+00:00,0.0,0.0,0.0,0.0,0.0,0.0,0.0,0.0,-0.2368144154587947,-0.3117780824172594,-0.2793052412439976,-0.082385897706037,-0.2494937901255431,-0.321664557897566,True,-0.26932425449396796
2026-04-24 00:00:00+00:00,0.0,0.0,0.0,0.0,0.0,0.0,0.0,0.0,-0.2368144154587947,-0.3117780824172594,-0.2793052412439976,-0.082385897706037,-0.2494937901255431,-0.321664557897566,True,-0.26932425449396796
2026-04-25 00:00:00+00:00,0.0,0.0,0.0,0.0,0.0,0.0,0.0,0.0,-0.2368144154587947,-0.3117780824172594,-0.2793052412439976,-0.082385897706037,-0.2494937901255431,-0.321664557897566,True,-0.26932425449396796
2026-04-26 00:00:00+00:00,1.0,1.0,1.0,2.0,0.0,0.0,0.0,1.0,0.2330271670460012,0.6537725428661474,1.3434351273058398,-0.0789889923718238,-0.2494937901255431,3.848472299029357,True,1.277335225316605
2026-04-27 00:00:00+00:00,0.0,0.0,0.0,0.0,0.0,0.0,0.0,0.0,-0.2368144154587947,-0.3117780824172594,-0.2793052412439976,-0.082385897706037,-0.2494937901255431,-0.321664557897566,True,-0.26932425449396796
2026-04-28 00:00:00+00:00,3.0,2.0,1.0,132.66666666666666,0.0,0.0,0.0,0.5,1.1727103320555934,1.6193231681495543,1.3434351273058398,0.1429421561301008,-0.2494937901255431,1.7634038705658954,True,0.8955401374986486
2026-04-29 00:00:00+00:00,0.0,0.0,0.0,0.0,0.0,0.0,0.0,0.0,-0.2368144154587947,-0.3117780824172594,-0.2793052412439976,-0.082385897706037,-0.2494937901255431,-0.321664557897566,True,-0.26932425449396796
2026-04-30 00:00:00+00:00,0.0,0.0,0.0,0.0,0.0,0.0,0.0,0.0,-0.2368144154587947,-0.3117780824172594,-0.2793052412439976,-0.082385897706037,-0.2494937901255431,-0.321664557897566,True,-0.26932425449396796
2026-05-01 00:00:00+00:00,0.0,0.0,0.0,0.0,0.0,0.0,0.0,0.0,-0.2368144154587947,-0.3117780824172594,-0.2793052412439976,-0.082385897706037,-0.2494937901255431,-0.321664557897566,True,-0.26932425449396796
2026-05-02 00:00:00+00:00,0.0,0.0,0.0,0.0,0.0,0.0,0.0,0.0,-0.2368144154587947,-0.3117780824172594,-0.2793052412439976,-0.082385897706037,-0.2494937901255431,-0.321664557897566,True,-0.26932425449396796
2026-05-03 00:00:00+00:00,0.0,0.0,0.0,0.0,0.0,0.0,0.0,0.0,-0.2368144154587947,-0.3117780824172594,-0.2793052412439976,-0.082385897706037,-0.2494937901255431,-0.321664557897566,True,-0.26932425449396796
2026-05-04 00:00:00+00:00,0.0,0.0,0.0,0.0,0.0,0.0,0.0,0.0,-0.2368144154587947,-0.3117780824172594,-0.2793052412439976,-0.082385897706037,-0.2494937901255431,-0.321664557897566,True,-0.26932425449396796
2026-05-05 00:00:00+00:00,0.0,0.0,0.0,0.0,0.0,0.0,0.0,0.0,-0.2368144154587947,-0.3117780824172594,-0.2793052412439976,-0.082385897706037,-0.2494937901255431,-0.321664557897566,True,-0.26932425449396796
2026-05-06 00:00:00+00:00,0.0,0.0,0.0,0.0,0.0,0.0,0.0,0.0,-0.2368144154587947,-0.3117780824172594,-0.2793052412439976,-0.082385897706037,-0.2494937901255431,-0.321664557897566,True,-0.26932425449396796
2026-05-07 00:00:00+00:00,0.0,0.0,0.0,0.0,0.0,0.0,0.0,0.0,-0.2368144154587947,-0.3117780824172594,-0.2793052412439976,-0.082385897706037,-0.2494937901255431,-0.321664557897566,True,-0.26932425449396796
2026-05-08 00:00:00+00:00,0.0,0.0,0.0,0.0,0.0,0.0,0.0,0.0,-0.2368144154587947,-0.3117780824172594,-0.2793052412439976,-0.082385897706037,-0.2494937901255431,-0.321664557897566,True,-0.26932425449396796
2026-05-09 00:00:00+00:00,0.0,0.0,0.0,0.0,0.0,0.0,0.0,0.0,-0.2368144154587947,-0.3117780824172594,-0.2793052412439976,-0.082385897706037,-0.2494937901255431,-0.321664557897566,True,-0.26932425449396796
2026-05-10 00:00:00+00:00,0.0,0.0,0.0,0.0,0.0,0.0,0.0,0.0,-0.2368144154587947,-0.3117780824172594,-0.2793052412439976,-0.082385897706037,-0.2494937901255431,-0.321664557897566,True,-0.26932425449396796
2026-05-11 00:00:00+00:00,0.0,0.0,0.0,0.0,0.0,0.0,0.0,0.0,-0.2368144154587947,-0.3117780824172594,-0.2793052412439976,-0.082385897706037,-0.2494937901255431,-0.321664557897566,True,-0.26932425449396796
2026-05-12 00:00:00+00:00,0.0,0.0,0.0,0.0,0.0,0.0,0.0,0.0,-0.2368144154587947,-0.3117780824172594,-0.2793052412439976,-0.082385897706037,-0.2494937901255431,-0.321664557897566,True,-0.26932425449396796
2026-05-13 00:00:00+00:00,0.0,0.0,0.0,0.0,0.0,0.0,0.0,0.0,-0.2368144154587947,-0.3117780824172594,-0.2793052412439976,-0.082385897706037,-0.2494937901255431,-0.321664557897566,True,-0.26932425449396796
2026-05-14 00:00:00+00:00,0.0,0.0,0.0,0.0,0.0,0.0,0.0,0.0,-0.2368144154587947,-0.3117780824172594,-0.2793052412439976,-0.082385897706037,-0.2494937901255431,-0.321664557897566,True,-0.26932425449396796
2026-05-15 00:00:00+00:00,0.0,0.0,0.0,0.0,0.0,0.0,0.0,0.0,-0.2368144154587947,-0.3117780824172594,-0.2793052412439976,-0.082385897706037,-0.2494937901255431,-0.321664557897566,True,-0.26932425449396796
2026-05-16 00:00:00+00:00,0.0,0.0,0.0,0.0,0.0,0.0,0.0,0.0,-0.2368144154587947,-0.3117780824172594,-0.2793052412439976,-0.082385897706037,-0.2494937901255431,-0.321664557897566,True,-0.26932425449396796
2026-05-17 00:00:00+00:00,0.0,0.0,0.0,0.0,0.0,0.0,0.0,0.0,-0.2368144154587947,-0.3117780824172594,-0.2793052412439976,-0.082385897706037,-0.2494937901255431,-0.321664557897566,True,-0.26932425449396796
2026-05-18 00:00:00+00:00,0.0,0.0,0.0,0.0,0.0,0.0,0.0,0.0,-0.2368144154587947,-0.3117780824172594,-0.2793052412439976,-0.082385897706037,-0.2494937901255431,-0.321664557897566,True,-0.26932425449396796
2026-05-19 00:00:00+00:00,0.0,0.0,0.0,0.0,0.0,0.0,0.0,0.0,-0.2368144154587947,-0.3117780824172594,-0.2793052412439976,-0.082385897706037,-0.2494937901255431,-0.321664557897566,True,-0.26932425449396796
2026-05-20 00:00:00+00:00,0.0,0.0,0.0,0.0,0.0,0.0,0.0,0.0,-0.2368144154587947,-0.3117780824172594,-0.2793052412439976,-0.082385897706037,-0.2494937901255431,-0.321664557897566,True,-0.26932425449396796
2026-05-21 00:00:00+00:00,0.0,0.0,0.0,0.0,0.0,0.0,0.0,0.0,-0.2368144154587947,-0.3117780824172594,-0.2793052412439976,-0.082385897706037,-0.2494937901255431,-0.321664557897566,True,-0.26932425449396796
2026-05-22 00:00:00+00:00,0.0,0.0,0.0,0.0,0.0,0.0,0.0,0.0,-0.2368144154587947,-0.3117780824172594,-0.2793052412439976,-0.082385897706037,-0.2494937901255431,-0.321664557897566,True,-0.26932425449396796
2026-05-23 00:00:00+00:00,0.0,0.0,0.0,0.0,0.0,0.0,0.0,0.0,-0.2368144154587947,-0.3117780824172594,-0.2793052412439976,-0.082385897706037,-0.2494937901255431,-0.321664557897566,True,-0.26932425449396796
2026-05-24 00:00:00+00:00,0.0,0.0,0.0,0.0,0.0,0.0,0.0,0.0,-0.2368144154587947,-0.3117780824172594,-0.2793052412439976,-0.082385897706037,-0.2494937901255431,-0.321664557897566,True,-0.26932425449396796
2026-05-25 00:00:00+00:00,1.0,1.0,1.0,3.0,0.0,0.0,0.0,1.0,0.2330271670460012,0.6537725428661474,1.3434351273058398,-0.0772905397047173,-0.2494937901255431,3.848472299029357,True,1.277335225316605
2026-05-26 00:00:00+00:00,0.0,0.0,0.0,0.0,0.0,0.0,0.0,0.0,-0.2368144154587947,-0.3117780824172594,-0.2793052412439976,-0.082385897706037,-0.2494937901255431,-0.321664557897566,True,-0.26932425449396796
2026-05-27 00:00:00+00:00,0.0,0.0,0.0,0.0,0.0,0.0,0.0,0.0,-0.2368144154587947,-0.3117780824172594,-0.2793052412439976,-0.082385897706037,-0.2494937901255431,-0.321664557897566,True,-0.26932425449396796
2026-05-28 00:00:00+00:00,0.0,0.0,0.0,0.0,0.0,0.0,0.0,0.0,-0.2368144154587947,-0.3117780824172594,-0.2793052412439976,-0.082385897706037,-0.2494937901255431,-0.321664557897566,True,-0.26932425449396796
2026-05-29 00:00:00+00:00,1.0,1.0,1.0,0.0,0.0,1.0,0.0,1.0,0.2330271670460012,0.6537725428661474,1.3434351273058398,-0.082385897706037,-0.2494937901255431,3.848472299029357,True,1.277335225316605
2026-05-30 00:00:00+00:00,0.0,0.0,0.0,0.0,0.0,0.0,0.0,0.0,-0.2368144154587947,-0.3117780824172594,-0.2793052412439976,-0.082385897706037,-0.2494937901255431,-0.321664557897566,True,-0.26932425449396796
2026-05-31 00:00:00+00:00,0.0,0.0,0.0,0.0,0.0,0.0,0.0,0.0,-0.2368144154587947,-0.3117780824172594,-0.2793052412439976,-0.082385897706037,-0.2494937901255431,-0.321664557897566,True,-0.26932425449396796
2026-06-01 00:00:00+00:00,0.0,0.0,0.0,0.0,0.0,0.0,0.0,0.0,-0.2368144154587947,-0.3117780824172594,-0.2793052412439976,-0.082385897706037,-0.2494937901255431,-0.321664557897566,True,-0.26932425449396796
2026-06-02 00:00:00+00:00,0.0,0.0,0.0,0.0,0.0,0.0,0.0,0.0,-0.2368144154587947,-0.3117780824172594,-0.2793052412439976,-0.082385897706037,-0.2494937901255431,-0.321664557897566,True,-0.26932425449396796
2026-06-03 00:00:00+00:00,0.0,0.0,0.0,0.0,0.0,0.0,0.0,0.0,-0.2368144154587947,-0.3117780824172594,-0.2793052412439976,-0.082385897706037,-0.2494937901255431,-0.321664557897566,True,-0.26932425449396796
2026-06-04 00:00:00+00:00,0.0,0.0,0.0,0.0,0.0,0.0,0.0,0.0,-0.2368144154587947,-0.3117780824172594,-0.2793052412439976,-0.082385897706037,-0.2494937901255431,-0.321664557897566,True,-0.26932425449396796
2026-06-05 00:00:00+00:00,0.0,0.0,0.0,0.0,0.0,0.0,0.0,0.0,-0.2368144154587947,-0.3117780824172594,-0.2793052412439976,-0.082385897706037,-0.2494937901255431,-0.321664557897566,True,-0.26932425449396796
2026-06-06 00:00:00+00:00,0.0,0.0,0.0,0.0,0.0,0.0,0.0,0.0,-0.2368144154587947,-0.3117780824172594,-0.2793052412439976,-0.082385897706037,-0.2494937901255431,-0.321664557897566,True,-0.26932425449396796
2026-06-07 00:00:00+00:00,1.0,1.0,0.0,28.0,0.0,0.0,0.0,0.0,0.2330271670460012,0.6537725428661474,-0.2793052412439976,-0.0348292230270531,-0.2494937901255431,-0.321664557897566,True,-0.11271039365903596
2026-06-08 00:00:00+00:00,1.0,1.0,0.0,28.0,1.0,0.0,0.0,0.0,0.2330271670460012,0.6537725428661474,-0.2793052412439976,-0.0348292230270531,7.684810874375585,-0.321664557897566,True,2.53205782784134
2026-06-09 00:00:00+00:00,0.0,0.0,0.0,0.0,0.0,0.0,0.0,0.0,-0.2368144154587947,-0.3117780824172594,-0.2793052412439976,-0.082385897706037,-0.2494937901255431,-0.321664557897566,True,-0.26932425449396796
2026-06-10 00:00:00+00:00,2.0,2.0,1.0,10.5,0.0,0.0,0.0,0.5,0.7028687495507973,1.6193231681495543,1.3434351273058398,-0.064552144701418,-0.2494937901255431,1.7634038705658954,True,0.7389262766637166
2026-06-11 00:00:00+00:00,1.0,1.0,0.0,16.0,1.0,0.0,0.0,0.0,0.2330271670460012,0.6537725428661474,-0.2793052412439976,-0.0552106550323319,7.684810874375585,-0.321664557897566,True,2.53205782784134
